sort_order;draw_order;region;subregion;record_id;country;targeted_groups;perpetrators;alert_status;stages;active_stage_count;highest_stage;stage_input_check;case_type;latest_report_date;notes;notes_review_status;profile_url;latest_report_url;notes_source_url;marker_longitude;marker_latitude;geometry_role;geometry_priority;geometry_overlay_on;geometry_type;crs;geometry_source;geometry_source_feature;geometry_note;geometry_sha256;validation_issue;geometry_wkt
1;1;Africa;Central Africa;uganda;Uganda;"Political Opposition

Civilians 

Women and Children

LGBTQ+ People";"President Yoweri Museveni

Uganda People's Defense Force 

Local Defense Units (LDUs)";Warning;6;1;6;OK;current;2026-01-01;Ugandan President Yoweri Museveni has ruled Uganda since 1986. In January 2026, the country held elections largely considered to be manipulated. Repression by the Ugandan police and security forces continue to target minority ethnic groups and political opponents, including former presidential candidate Bobi Wine. Under the 2023 Anti-Homosexuality Act, LGBTQ+ individuals face heightened violence from both the police and members of the public.;Profile details checked;https://www.genocidewatch.com/country-pages/uganda;https://d0dbb2cb-698c-4513-aa47-eba3a335e06f.filesusr.com/ugd/b82de0_2b8febd8433e47c8b92d6b0590e49484.pdf;https://www.genocidewatch.com/country-pages/uganda;;;base_country;0;;Polygon;EPSG:4326;Existing Ten Stages corrected GeoJSON;NAME=Uganda;Topology-simplified embedded fallback used only when the live GitHub CSV cannot be loaded.;fab2338e0e7ecd21497a740f8736a5b4fa5d7cf4ffba020e26d6916172b15d91;;POLYGON ((30.47179 -1.06684, 30.35275 -1.06076, 30.14718 -1.34508, 29.8979 -1.46962, 29.83609 -1.32948, 29.57792 -1.38839, 29.556 -0.91948, 29.71181 0.09958, 29.94048 0.49832, 29.92828 0.78502, 30.14512 0.90315, 30.23886 1.136, 30.47827 1.23863, 30.68172 1.50035, 31.02584 1.77824, 31.24283 2.05117, 31.17756 2.30291, 30.87179 2.33206, 30.70767 2.46228, 30.85484 2.89321, 30.74508 3.0363, 30.91003 3.39341, 30.83954 3.4902, 31.14149 3.78512, 31.50545 3.65986, 31.78098 3.81581, 31.94366 3.59125, 32.17455 3.5209, 32.3718 3.73107, 32.75643 3.76902, 33.01724 3.87718, 33.19542 3.75706, 33.53261 3.77429, 33.97708 4.21969, 34.16518 3.77083, 34.43969 3.66774, 34.38398 3.38835, 34.57466 2.94613, 34.73011 2.85285, 34.92358 2.47732, 34.97867 1.67595, 34.77899 1.38855, 34.79791 1.23192, 34.50748 1.10252, 34.38801 0.81582, 34.14957 0.60363, 34.08798 0.36737, 33.89357 0.10981, 33.95351 -0.15436, 33.90421 -1.00257, 30.82838 -1.00257, 30.47179 -1.06684))
2;2;Africa;Central Africa;burundi;Burundi;"Government critics and opponents

Tutsis 

Civilians from all groups";"Government

Imbonerakure Hutu militias";Warning;5,6,8;3;8;OK;current;2022-10-01;In 2015, late President Pierre Nkurunziza won a third presidential term that critics considered unconstitutional, triggering mass protests, a failed coup d'état, and deadly post-electoral violence. Most refugees have still not returned since the 2015 crisis. The ruling party has also allegedly used rhetoric suggesting the Tutsi minority pose a threat to the Hutu majority. Since the death of Nkurunziza and the succcession of current President Évariste Ndayishimiye to power, the Burundian authorities have continued to subject citizens and political opponents to human rights abuses. Burundi also has a complex history of massacres and genocides - in 1972 against Hutus and in 1993 against Tutsis.;Profile details checked;https://www.genocidewatch.com/country-pages/burundi;https://d0dbb2cb-698c-4513-aa47-eba3a335e06f.filesusr.com/ugd/09ea84_de839bc27dc6476fbed3ab2da58af294.pdf;https://www.genocidewatch.com/country-pages/burundi;;;base_country;0;;Polygon;EPSG:4326;Existing Ten Stages corrected GeoJSON;NAME=Burundi;Topology-simplified embedded fallback used only when the live GitHub CSV cannot be loaded.;e1b19ba1cec6ddb765a6b32294fe056c14dace0981e10c60e2401810112e80f0;;POLYGON ((30.5546 -2.40063, 30.4158 -2.85166, 30.82549 -2.97858, 30.79975 -3.27458, 30.46892 -3.51301, 30.14977 -4.08683, 29.73284 -4.46334, 29.40418 -4.4498, 29.33948 -4.09324, 29.21504 -3.89986, 29.23463 -3.04658, 29.01537 -2.72071, 29.12973 -2.597, 29.33969 -2.82644, 29.69755 -2.80825, 29.90327 -2.64909, 29.93169 -2.31691, 30.13912 -2.43081, 30.37859 -2.30306, 30.5546 -2.40063))
3;3;Africa;Central Africa;rwanda;Rwanda;"Government critics,
Tutsis";"RPF Government

Hutu extremists and genocide deniers in Rwanda and the diaspora";Watch;3,6,10;3;10;OK;historical;2025-04-14;"Although Rwanda has undergone an overall successful peacebuilding process since the 1994 genocide of the Tutsi minority, there are still signs of continued discrimination, polarization and denial between the Tutsi and the Hutu majority. Survivors of the genocide, including victims of sexual violence, also remain traumatized. Genocide denial remains a problem at home and abroad.

However, the goverment uses claims it is tackling denialism to severely repress its critics and freedom of expression and has even outlawed references to ethnic difference. These limits on free speech are hiding ethnic tensions that could escalate into renewed violence.";Profile details checked;https://www.genocidewatch.com/country-pages/rwanda;https://d0dbb2cb-698c-4513-aa47-eba3a335e06f.filesusr.com/ugd/929b9e_0bfc3270438c423db31ffed0e291bb67.pdf;https://www.genocidewatch.com/country-pages/rwanda;;;base_country;0;;Polygon;EPSG:4326;Existing Ten Stages corrected GeoJSON;NAME=Rwanda;Topology-simplified embedded fallback used only when the live GitHub CSV cannot be loaded.;656f745dfe4ecbad43f1196544cbc83ee63e3523cc9c329472a8a5338a067932;;POLYGON ((29.01537 -2.72071, 28.85884 -2.4182, 29.15055 -2.15041, 29.14931 -1.79932, 29.3585 -1.50993, 29.57792 -1.38839, 29.83609 -1.32948, 29.8979 -1.46962, 30.14718 -1.34508, 30.35275 -1.06076, 30.47179 -1.06684, 30.55532 -1.31842, 30.83102 -1.59417, 30.79696 -1.92934, 30.88781 -2.08251, 30.83438 -2.34533, 30.5546 -2.40063, 30.37859 -2.30306, 30.13912 -2.43081, 29.93169 -2.31691, 29.90327 -2.64909, 29.69755 -2.80825, 29.33969 -2.82644, 29.12973 -2.597, 29.01537 -2.72071))
4;4;Africa;Central Africa;dem-rep-congo;Dem. Rep. Congo;"Congolese civilians

Inhabitants of western regions of the DRC- mainly North Kivu, South Kivu, and Goma";"March 23 Movement (M23)

Democratic Forces for the Liberation of Rwanda (FDLR)

Rwandan and Congolese military forces";Emergency;7,8,9;3;9;OK;current;2025-02-01;The First Congo War began two years after the 1994 Genocide Against the Tutsi in Rwanda, when Hutu extremists, who fled into the Democratic Republic of the Congo, formed anti-Tutsi militias. Congolese Tutsi militias, along with Rwandan troops, organized against the Hutu militias and invaded the DRC. Violence between Rwanda and the DRC reignited in 1998 with the start of the Second Congo War. For the last two decades, conflict has continued in the country – exacerbated by international demand for rare minerals – between the Tutsi-led March 23 Movement (M23), the Hutu-led Democratic Forces for the Liberation of Rwanda (FDLR), and other militias supported by regional powers. M23 resurfaced in 2022 and captured the citiesof Goma, Bukavu, and Uvira in 2025, killing upwards of 8,500 people and displacing hundreds of thousands. It is estimated that six million people have died and seven million have been displaced since 1996.;Profile details checked;https://www.genocidewatch.com/country-pages/democratic-republic-of-the-congo;https://d0dbb2cb-698c-4513-aa47-eba3a335e06f.filesusr.com/ugd/2f3638_bfaafb3a2f6946a8aaeb571dd3aecf6e.pdf;https://www.genocidewatch.com/country-pages/democratic-republic-of-the-congo;;;base_country;0;;MultiPolygon;EPSG:4326;Existing Ten Stages corrected GeoJSON;NAME=Dem. Rep. Congo;Topology-simplified embedded fallback used only when the live GitHub CSV cannot be loaded.;ecb3777700911da308a5f02734daa42626eea596d55c7f63a74cdce175f7dac2;;MULTIPOLYGON (((18.62639 3.47687, 18.6453 3.98245, 18.53709 4.30607, 18.72106 4.37736, 19.08331 4.90934, 19.40898 5.13039, 19.71955 5.13597, 20.33894 4.77191, 20.60311 4.40973, 20.87152 4.45337, 21.21093 4.29157, 21.72294 4.29514, 22.42264 4.13479, 22.54615 4.23718, 22.89837 4.82358, 23.38837 4.58727, 23.56655 4.72444, 23.94834 4.81769, 24.48722 5.1008, 24.78942 4.91986, 25.30763 5.03228, 25.36365 5.31056, 25.58126 5.37492, 25.8261 5.1947, 26.12996 5.25888, 26.46265 5.05964, 26.86707 5.03755, 27.11636 5.2003, 27.4413 5.07073, 27.76686 4.73545, 27.77244 4.59582, 28.01403 4.55003, 28.04974 4.41914, 28.40414 4.27783, 28.75543 4.55399, 29.1735 4.348, 29.30393 4.38715, 29.44924 4.65706, 29.79671 4.55603, 29.7762 4.40562, 30.20589 3.95038, 30.52525 3.86754, 30.54302 3.61291, 30.74694 3.67487, 30.83954 3.4902, 30.91003 3.39341, 30.74508 3.0363, 30.85484 2.89321, 30.70767 2.46228, 30.87179 2.33206, 31.17756 2.30291, 31.24283 2.05117, 31.02584 1.77824, 30.68172 1.50035, 30.47827 1.23863, 30.23886 1.136, 30.14512 0.90315, 29.92828 0.78502, 29.94048 0.49832, 29.71181 0.09958, 29.556 -0.91948, 29.57792 -1.38839, 29.3585 -1.50993, 29.14931 -1.79932, 29.15055 -2.15041, 28.85884 -2.4182, 29.01537 -2.72071, 29.23463 -3.04658, 29.21504 -3.89986, 29.33948 -4.09324, 29.40418 -4.4498, 29.32103 -4.83634, 29.59352 -5.62033, 29.47611 -6.00211, 29.52552 -6.2731, 29.73863 -6.65241, 30.09086 -6.89002, 30.3696 -7.31025, 30.44163 -7.59633, 30.75211 -8.19412, 28.91527 -8.47287, 28.8931 -8.76577, 28.59906 -9.09639, 28.3723 -9.23509, 28.51596 -9.37834, 28.67807 -9.80384, 28.62386 -9.95102, 28.63492 -10.51946, 28.43959 -11.34825, 28.35701 -11.44695, 28.50785 -11.87276, 28.94467 -12.20608, 29.03035 -12.37619, 29.49968 -12.45309, 29.47425 -12.24266, 29.79961 -12.15946, 29.79764 -13.42424, 29.62608 -13.42983, 29.5744 -13.22539, 29.16895 -13.43386, 28.99397 -13.39593, 28.90343 -13.1623, 28.33975 -12.45051, 27.63819 -12.29362, 27.42073 -11.92196, 27.23418 -11.8091, 27.18013 -11.56963, 27.01027 -11.60983, 26.96733 -11.87039, 26.69706 -12.01746, 26.41459 -11.91183, 25.99405 -11.9048, 25.35197 -11.64611, 25.2788 -11.19994, 24.71253 -11.32603, 24.4465 -11.46359, 24.28547 -11.38122, 24.3818 -11.12056, 24.12424 -11.04325, 23.96746 -10.87231, 23.83372 -11.02847, 23.49482 -10.96429, 23.01434 -11.10247, 22.53757 -11.03715, 22.23764 -11.24954, 22.1655 -10.85236, 22.30968 -10.76978, 22.3134 -10.36856, 22.15992 -9.93149, 21.8541 -9.61781, 21.85988 -8.84638, 21.93595 -8.41303, 21.7585 -8.01512, 21.8541 -7.586, 21.78495 -7.28338, 20.52054 -7.28638, 20.61149 -6.91596, 20.2943 -7.00195, 19.52184 -7.00195, 19.51315 -7.47944, 19.35564 -7.57411, 19.35554 -8.00199, 18.1766 -7.9992, 17.54428 -8.08478, 17.0825 -7.34229, 16.9961 -7.29795, 16.92696 -6.88857, 16.7681 -6.70832, 16.72676 -6.18918, 16.59736 -5.9247, 16.31573 -5.85463, 14.70373 -5.8814, 13.18385 -5.85646, 12.82244 -5.82977, 12.4495 -6.05193, 12.21054 -5.76344, 12.50898 -5.72626, 12.53069 -5.16268, 12.44439 -5.05509, 12.8332 -4.72266, 13.0737 -4.63532, 13.07153 -4.60163, 13.11236 -4.57693, 13.1724 -4.67615, 13.274 -4.75583, 13.33457 -4.77754, 13.39265 -4.88533, 13.68059 -4.72472, 13.72178 -4.56101, 13.71496 -4.45301, 13.72653 -4.4467, 13.78999 -4.42459, 13.87629 -4.49166, 13.95494 -4.49187, 14.02109 -4.41539, 14.36856 -4.27845, 14.46974 -4.42934, 14.41259 -4.5145, 14.34996 -4.5669, 14.4069 -4.67604, 14.4007 -4.88626, 14.51987 -4.84131, 14.56214 -4.85588, 14.63449 -4.90363, 14.70218 -4.88957, 15.09792 -4.49993, 15.20396 -4.33901, 15.49035 -4.1752, 15.52115 -4.0768, 15.56683 -4.03805, 15.8 -3.97883, 15.88299 -3.94534, 16.11553 -3.54423, 16.22746 -3.28988, 16.17703 -2.88246, 16.2256 -2.63524, 16.19232 -2.39515, 16.18736 -2.20457, 16.6231 -1.69917, 16.83973 -1.26251, 17.02866 -1.09445, 17.29768 -1.02107, 17.74954 -0.52343, 17.71626 -0.24624, 17.75709 -0.00946, 17.93992 0.36127, 17.86664 1.01663, 18.07138 1.55146, 18.06611 1.85898, 18.08172 1.94241, 18.07242 2.16002, 18.24615 2.51892, 18.39322 2.71369, 18.52841 3.06478, 18.61305 3.12818, 18.64241 3.32383, 18.62639 3.47687)), ((12.99459 -5.86824, 12.80737 -5.95397, 12.82816 -5.87179, 12.99459 -5.86824)))
5;5;Africa;Central Africa;republic-of-the-congo-congo-brazzaville;Republic of the Congo / Congo-Brazzaville;"Pool region residents

Baka/Bayaka ""Pygmies""

Government critics";"Government

State security forces";Warning;6,8;2;8;OK;current;;"For almost four decades, President Denis Sassou Nguesso has maintained power in Congo-Brazaville through undemocratic means. He briefly lost power in the country's first multi-party elections in 1992, but he regained power in 1997 following a deadly civil war. After attacks occured during the 2016 elections, President Nguesso blamed an former militia from the civil war, the ""Ninjas."" His government reacted by launching a war in the Pool region, where Ninja fighters were based. It targeted civilians who had no relations with the Ninjas and used scorched-earth tactics by destroying entire villages. The war triggered a major humanitarian crisis. Additionally, Baka and Bayaka ""Pygmies,"" who are indigenous hunter-gatherer groups, face severe marginalization and persecution. Notably, non-consensual international conservationist efforts have led in part to the destruction of their culture and livelihoods, with forest rangers abusing them and preventing them from using their lands.";Profile details checked;https://www.genocidewatch.com/de/country-pages/republic-of-the-congo-%28congo-brazzaville%29;;https://www.genocidewatch.com/de/country-pages/republic-of-the-congo-%28congo-brazzaville%29;;;base_country;0;;Polygon;EPSG:4326;Natural Earth v5.1.1 — ne_50m_admin_0_countries;NAME=Congo;Topology-simplified embedded fallback used only when the live GitHub CSV cannot be loaded.;7bd0bf5ac37bb6906d6d7ef17bad11c8674ab6733a8fba2b5d585685fb0c0d64;;POLYGON ((11.130176 -3.916309, 11.288281 -3.641113, 11.504297 -3.520313, 11.849121 -3.69668, 11.93418 -3.318555, 11.689063 -3.126953, 11.760156 -2.983105, 11.537793 -2.836719, 11.605469 -2.342578, 12.064453 -2.412598, 12.446387 -2.32998, 12.432129 -1.928906, 12.59043 -1.826855, 12.793555 -1.931836, 12.991992 -2.313379, 13.464941 -2.39541, 13.733789 -2.138477, 13.886914 -2.46543, 14.087402 -2.466895, 14.162891 -2.217578, 14.383984 -1.890039, 14.455566 -1.413184, 14.410645 -0.97207, 14.480566 -0.618359, 14.069434 -0.270117, 13.860059 -0.20332, 13.88457 0.19082, 14.0875 0.536572, 14.324219 0.624219, 14.434473 0.811475, 14.180859 1.370215, 13.851367 1.41875, 13.274121 1.241016, 13.162695 1.648096, 13.293555 2.161572, 14.484082 2.154736, 14.578906 2.199121, 14.669141 2.13208, 14.713281 2.117139, 14.72832 2.122412, 14.762891 2.075195, 14.875 2.080469, 14.892773 2.069336, 14.902441 2.012305, 15.006445 2.01377, 15.099609 2.002344, 15.160059 2.035596, 15.203516 2.024463, 15.282422 1.981738, 15.33877 1.944727, 15.600293 1.950391, 15.741602 1.91499, 15.881641 1.816602, 16.059375 1.676221, 16.136133 1.724219, 16.069629 2.02168, 16.080078 2.106787, 16.176563 2.204785, 16.183398 2.270068, 16.45957 2.896533, 16.496289 3.208838, 16.57041 3.463086, 16.67334 3.535205, 17.002539 3.556689, 17.224707 3.598437, 17.437988 3.684619, 17.491602 3.687305, 17.537695 3.661621, 17.880371 3.553857, 18.111328 3.551074, 18.160938 3.499805, 18.318164 3.580811, 18.474414 3.622998, 18.553809 3.510205, 18.610352 3.478418, 18.622168 3.304053, 18.490918 2.924414, 18.211621 2.414941, 18.072168 2.013281, 18.057813 1.534863, 17.902441 1.118066, 17.887695 0.234131, 17.724121 -0.277539, 17.752832 -0.549023, 17.278809 -0.999609, 16.879883 -1.225879, 16.540723 -1.840137, 16.215332 -2.177832, 16.217383 -3.030273, 16.146777 -3.46416, 15.872461 -3.934277, 15.600098 -4.030957, 15.10625 -4.461035, 14.70791 -4.881738, 14.410742 -4.83125, 14.358301 -4.299414, 13.940918 -4.484668, 13.71709 -4.454492, 13.685352 -4.688672, 13.414941 -4.837402, 13.219629 -4.705859, 13.136621 -4.604297, 13.072754 -4.634766, 12.971387 -4.551758, 12.881055 -4.445117, 12.501465 -4.5875, 12.38457 -4.619141, 12.204297 -4.778613, 12.018359 -5.004297, 11.777539 -4.56582, 11.130176 -3.916309))
6;6;Africa;Central Africa;central-african-rep;Central African Rep.;"Muslims

Fulani (Mbororo) Muslims

Christians

Civilians in mining areas

Women and girls";"Christian Anti-Balaka militias
The Wagner Group
Séléka rebel factions
Coalition des Patriotes pour le Changement (CPC) and its affiliates
CAR Government, its security forces and foreign mercenaries allies";Emergency;5,6,8,9;4;9;OK;current;2022-12-01;"After years of marginalization, the predominantly Muslim Séléka rebels seized power in 2013, sparking the rise of anti-Balaka militias claiming to defend Christian communities. Both sides have committed widespread human rights abuses; however, Muslim civilians have been disproportionately targeted, with an estimated 80% driven from the country. Within the Muslim population, Fulani (Mbororo) Muslims have faced particular targeting, often viewed as “foreigners” and insurgents.

Since the December 2020 elections, former rivals from the Séléka and anti-Balaka factions have formed unlikely alliances under coalitions such as the Coalition des Patriotes pour le Changement (CPC) to oppose the current government. These armed groups, along with Russian Wagner mercenaries supporting the government, have been implicated in massacres, sexual violence, and other crimes against humanity.";Profile details checked;https://www.genocidewatch.com/country-pages/central-african-republic;https://d0dbb2cb-698c-4513-aa47-eba3a335e06f.filesusr.com/ugd/1fc0cd_79c57cf637134528a23a5bec64703f7f.pdf;https://www.genocidewatch.com/country-pages/central-african-republic;;;base_country;0;;Polygon;EPSG:4326;Existing Ten Stages corrected GeoJSON;NAME=Central African Rep.;Topology-simplified embedded fallback used only when the live GitHub CSV cannot be loaded.;978bfdd4dc711ed942ab693561eb8b4c47ae73cb2d0dae3e264d712e7b35d841;;POLYGON ((22.86106 10.91915, 23.00555 10.68682, 23.29122 10.43973, 23.62401 9.90777, 23.67404 9.69034, 23.63218 9.27757, 23.47426 9.17068, 23.56014 8.99645, 23.48232 8.78339, 24.17033 8.68933, 24.24372 8.57018, 24.13137 8.34306, 24.83211 8.16573, 25.27942 7.65948, 25.16521 7.5799, 25.36003 7.33557, 26.02609 6.99668, 26.08097 6.84235, 26.37801 6.65329, 26.28964 6.38721, 26.48105 6.10495, 27.1238 5.76874, 27.26074 5.55026, 27.30131 5.20519, 27.4413 5.07073, 27.11636 5.2003, 26.86707 5.03755, 26.46265 5.05964, 26.12996 5.25888, 25.8261 5.1947, 25.58126 5.37492, 25.36365 5.31056, 25.30763 5.03228, 24.78942 4.91986, 24.48722 5.1008, 23.94834 4.81769, 23.56655 4.72444, 23.38837 4.58727, 22.89837 4.82358, 22.54615 4.23718, 22.42264 4.13479, 21.72294 4.29514, 21.21093 4.29157, 20.87152 4.45337, 20.60311 4.40973, 20.33894 4.77191, 19.71955 5.13597, 19.40898 5.13039, 19.08331 4.90934, 18.72106 4.37736, 18.53709 4.30607, 18.6453 3.98245, 18.62639 3.47687, 18.58246 3.47739, 18.47208 3.63205, 18.15985 3.48031, 18.11644 3.55201, 17.84215 3.54015, 17.55048 3.64815, 17.45891 3.70828, 16.96861 3.53348, 16.68635 3.54221, 16.63943 3.5286, 16.5677 3.46439, 16.44833 2.91347, 16.47913 2.83631, 16.19666 2.23645, 16.09031 2.51049, 16.09238 2.86329, 15.78563 3.10798, 15.1713 3.75897, 15.02599 4.02609, 15.00056 4.40319, 14.71727 4.62202, 14.59728 5.41148, 14.58477 5.92341, 14.3977 6.01917, 14.71903 6.25786, 14.93245 6.71029, 15.04221 6.79078, 15.22391 7.24752, 15.48105 7.52326, 15.7939 7.458, 16.37081 7.6725, 16.54868 7.87001, 16.76862 7.55024, 17.1163 7.68687, 17.25086 7.82283, 17.67978 7.9852, 18.58928 8.04788, 19.12413 8.67508, 18.86968 8.86411, 19.10057 9.01526, 19.88946 9.04637, 20.1096 9.15117, 20.43517 9.13813, 20.54183 9.32163, 20.82615 9.41808, 21.01735 9.74359, 21.3395 9.95991, 21.75105 10.41182, 21.72263 10.63672, 22.17635 10.81621, 22.46047 11.00083, 22.86106 10.91915))
7;7;Africa;Central Africa;south-sudan;South Sudan;Civilians (especially ethnic Dinka and Nuer), women and girls, children (including child soldiers and sexual slavery victims);South Sudan People’s Defense Forces (SSPDF), Sudan People’s Liberation Army-In Opposition (SPLA-IO), ethnic Dinka and Nuer militias;Emergency;9;1;9;OK;current;2024-07-14;Since South Sudan's civil war began in 2013, Dinka government forces and Nuer militias have tortured, raped, and killed hundreds of thousands civilians based on ethnicity. Conflict in the country has resulted in 2.4 million refugees and 2.3 million internally displaced. Today, an estimated 9.4 million people require humanitarian assisstance and 7.1 million civilians face acute food insecurity. Growing insecurity due to the ongoing civil war has resulted in a steady increase in mass rape and gender-based violence. Renewed violence threatens the country's fragile peace deal.;Profile details checked;https://www.genocidewatch.com/country-pages/south-sudan;https://d0dbb2cb-698c-4513-aa47-eba3a335e06f.filesusr.com/ugd/d84bd5_54a28ac4ae614011a5e8579c40bfa992.pdf;https://www.genocidewatch.com/country-pages/south-sudan;;;base_country;0;;Polygon;EPSG:4326;Existing Ten Stages corrected GeoJSON;NAME=South Sudan;Topology-simplified embedded fallback used only when the live GitHub CSV cannot be loaded.;20b23182b0196ec3021388ab209930da0389a86d0a632d253d65cbd28efdd0bb;;POLYGON ((35.92084 4.61933, 35.61064 4.62001, 35.57084 4.90431, 35.4116 5.03038, 34.66628 4.76498, 34.38119 4.62016, 33.97708 4.21969, 33.53261 3.77429, 33.19542 3.75706, 33.01724 3.87718, 32.75643 3.76902, 32.3718 3.73107, 32.17455 3.5209, 31.94366 3.59125, 31.78098 3.81581, 31.50545 3.65986, 31.14149 3.78512, 30.83954 3.4902, 30.74694 3.67487, 30.54302 3.61291, 30.52525 3.86754, 30.20589 3.95038, 29.7762 4.40562, 29.79671 4.55603, 29.44924 4.65706, 29.30393 4.38715, 29.1735 4.348, 28.75543 4.55399, 28.40414 4.27783, 28.04974 4.41914, 28.01403 4.55003, 27.77244 4.59582, 27.76686 4.73545, 27.4413 5.07073, 27.30131 5.20519, 27.26074 5.55026, 27.1238 5.76874, 26.48105 6.10495, 26.28964 6.38721, 26.37801 6.65329, 26.08097 6.84235, 26.02609 6.99668, 25.36003 7.33557, 25.16521 7.5799, 25.27942 7.65948, 24.83211 8.16573, 24.13137 8.34306, 24.24372 8.57018, 24.17033 8.68933, 24.55838 8.88675, 24.68018 9.37336, 24.78524 9.49751, 24.79268 9.79837, 24.97628 9.96735, 25.08408 10.29322, 25.84305 10.41781, 25.90093 10.19106, 26.17947 9.95898, 26.55686 9.52045, 26.69432 9.47694, 27.08039 9.60683, 27.89507 9.59541, 28.04511 9.33141, 28.84384 9.32454, 29.00947 9.60324, 29.48309 9.76168, 29.61543 10.05815, 30.01298 10.27049, 30.48458 9.97203, 30.74926 9.73576, 31.23482 9.79232, 31.66482 10.21424, 31.94289 10.65555, 32.41407 11.05085, 32.34524 11.70911, 32.08221 11.99981, 32.74666 12.00273, 32.73178 12.21615, 33.20922 12.21037, 33.08292 11.58457, 33.18209 10.84324, 33.9021 10.19204, 33.96912 9.83834, 33.90086 9.45529, 34.0707 9.45459, 34.11185 8.62655, 33.97077 8.44538, 33.69554 8.37288, 33.6001 8.46395, 33.17408 8.40448, 33.20829 8.25368, 32.9898 7.91724, 33.05129 7.80113, 33.71606 7.65716, 34.00653 7.40994, 34.03113 7.25537, 34.29758 6.96857, 34.50366 6.89002, 34.73352 6.63761, 34.98436 5.84101, 35.32077 5.34872, 35.43022 5.42722, 35.80911 5.30911, 35.78451 4.76418, 35.92084 4.61933))
8;8;Africa;Central Africa;sudan;Sudan;Masalit and other non-Arab ethnic groups, civilians, women and girls in Darfur and Kordofan regions;Rapid Support Forces (RSF), Sudanese Armed Forces (SAF);Emergency;7,8,9;3;9;OK;current;2026-07-01;Ethnic tensions between Arab and non-Arab African tribes have long existed in Sudan, and genocide against non-Arab Sudanese has been ongoing since 1983. The RSF and Arab militias are attacking villages and IDP camps, killing and displacing primarily non-Arab civilians. Genocidal violence has continued despite the ongoing peace process between the Sudanese government and non-Arab rebel groups.;Profile details checked;https://www.genocidewatch.com/country-pages/sudan;https://d0dbb2cb-698c-4513-aa47-eba3a335e06f.filesusr.com/ugd/c55129_9922895225e6415182df20d19d247f35.pdf;https://www.genocidewatch.com/country-pages/sudan;;;base_country;0;;MultiPolygon;EPSG:4326;Existing Ten Stages corrected GeoJSON;NAME=Sudan;Topology-simplified embedded fallback used only when the live GitHub CSV cannot be loaded.;c2ad9c661c517cd1bc0bf881aabe60c1ae8ef7287096a69ea809373c3cd6ec40;;MULTIPOLYGON (((22.86106 10.91915, 22.95646 11.2088, 22.91481 11.3961, 22.62811 11.50984, 22.53705 11.68089, 22.6124 12.0728, 22.37283 12.46312, 22.44569 12.61107, 22.20488 12.74336, 21.93595 12.63954, 21.80945 12.79366, 21.93513 13.05915, 22.26761 13.33456, 22.07372 13.77136, 22.24353 13.97543, 22.53147 14.12263, 22.36352 14.54353, 22.66635 14.68174, 22.7389 14.97981, 22.96566 15.2239, 22.92566 15.56393, 23.09464 15.70426, 23.5927 15.74901, 23.98441 15.72116, 23.98131 19.49612, 23.98131 19.99542, 24.98052 20.00206, 24.98124 21.99535, 31.24841 21.99437, 31.40406 22.22376, 31.43548 21.99535, 33.18114 21.99541, 33.56088 21.70912, 33.99912 21.76735, 34.08418 21.99545, 36.88364 21.99571, 36.88787 21.65013, 37.11362 21.27806, 37.08668 21.05711, 37.22804 20.56501, 37.17514 20.34919, 37.23829 19.65526, 37.33351 19.15965, 37.55104 18.70995, 37.67472 18.74095, 38.12186 18.4133, 38.07612 18.34812, 38.54282 18.11839, 38.60157 18.00483, 38.20969 17.52229, 38.01538 17.53996, 37.50679 17.31848, 37.40343 17.02992, 37.00046 17.0726, 36.98496 16.7657, 36.87726 16.52731, 36.94403 16.25286, 36.67097 15.72312, 36.62787 15.44562, 36.42365 15.11151, 36.52638 14.26352, 36.3821 13.57103, 36.23358 13.36164, 36.09943 12.69566, 35.72839 12.67437, 35.61687 12.57515, 35.21556 11.89659, 35.04823 11.77138, 35.07314 11.54896, 34.94715 11.27487, 34.95066 10.86918, 34.83852 10.72914, 34.58707 10.87929, 34.27949 10.56551, 34.32486 10.26865, 34.09821 9.67972, 34.0707 9.45459, 33.90086 9.45529, 33.96912 9.83834, 33.9021 10.19204, 33.18209 10.84324, 33.08292 11.58457, 33.20922 12.21037, 32.73178 12.21615, 32.74666 12.00273, 32.08221 11.99981, 32.34524 11.70911, 32.41407 11.05085, 31.94289 10.65555, 31.66482 10.21424, 31.23482 9.79232, 30.74926 9.73576, 30.48458 9.97203, 30.01298 10.27049, 29.61543 10.05815, 29.48309 9.76168, 29.00947 9.60324, 28.84384 9.32454, 28.04511 9.33141, 27.89507 9.59541, 27.08039 9.60683, 26.69432 9.47694, 26.55686 9.52045, 26.17947 9.95898, 25.90093 10.19106, 25.84305 10.41781, 25.08408 10.29322, 24.97628 9.96735, 24.79268 9.79837, 24.78524 9.49751, 24.68018 9.37336, 24.55838 8.88675, 24.17033 8.68933, 23.48232 8.78339, 23.56014 8.99645, 23.47426 9.17068, 23.63218 9.27757, 23.67404 9.69034, 23.62401 9.90777, 23.29122 10.43973, 23.00555 10.68682, 22.86106 10.91915)), ((37.28354 20.83275, 37.27182 20.7661, 37.25082 20.83466, 37.28354 20.83275)))
9;9;Africa;Central Africa;chad;Chad;"Arab herders 

Non-Arab farmers (Ouaddai, Sila, Salamat provinces) 

Lake Chad Basin civilians 

Southerners";"Arab herders 
Non-Arab farmers (Ouaddai, Sila, Salamat provinces)
Boko Haram 
The Islamic State in West Africa Province (ISWAP)
Chadian security forces";Warning;5,6;2;6;OK;current;2021-07-01;"Following the death of President Idriss Déby on 20 April 2021, security forces have forcefully suppressed pro-democracy protesters and civil society organizations. Since 2019, Boko Haram and the ISWAP increasingly target civilians in the Lake Chad Basin. Chadian security forces also commit growing abuses against civilians in the Lake Chad region in the framework of counter-terrorism operations, and continuously oppress Southern populations.

Deadly inter-communal conflicts between mainly non-Arab farmers and majoritarly Arab herders from the North are on the rise in the Eastern Ouaddai and Sila regions and the Southern Salamat Province.";Profile details checked;https://www.genocidewatch.com/country-pages/chad-;https://d0dbb2cb-698c-4513-aa47-eba3a335e06f.filesusr.com/ugd/28e65b_31ba7e8fbdc44c42ad5073a9b45d859a.pdf;https://www.genocidewatch.com/country-pages/chad-;;;base_country;0;;Polygon;EPSG:4326;Existing Ten Stages corrected GeoJSON;NAME=Chad;Topology-simplified embedded fallback used only when the live GitHub CSV cannot be loaded.;3f01f4cc184326fdce4b857eeb06dfed86003769d4bfff24fd66d9d01e405d84;;POLYGON ((14.06491 13.07799, 13.60731 13.7041, 13.44918 14.38013, 13.76436 14.71908, 13.83391 15.0196, 14.36897 15.74963, 15.47195 16.91675, 15.73602 19.90354, 15.95399 20.37457, 15.5442 20.79899, 15.60931 20.95066, 15.1804 21.50727, 15.17202 21.99339, 14.97991 22.99566, 15.9851 23.44472, 23.98131 19.49612, 23.98441 15.72116, 23.5927 15.74901, 23.09464 15.70426, 22.92566 15.56393, 22.96566 15.2239, 22.7389 14.97981, 22.66635 14.68174, 22.36352 14.54353, 22.53147 14.12263, 22.24353 13.97543, 22.07372 13.77136, 22.26761 13.33456, 21.93513 13.05915, 21.80945 12.79366, 21.93595 12.63954, 22.20488 12.74336, 22.44569 12.61107, 22.37283 12.46312, 22.6124 12.0728, 22.53705 11.68089, 22.62811 11.50984, 22.91481 11.3961, 22.95646 11.2088, 22.86106 10.91915, 22.46047 11.00083, 22.17635 10.81621, 21.72263 10.63672, 21.75105 10.41182, 21.3395 9.95991, 21.01735 9.74359, 20.82615 9.41808, 20.54183 9.32163, 20.43517 9.13813, 20.1096 9.15117, 19.88946 9.04637, 19.10057 9.01526, 18.86968 8.86411, 19.12413 8.67508, 18.58928 8.04788, 17.67978 7.9852, 17.25086 7.82283, 17.1163 7.68687, 16.76862 7.55024, 16.54868 7.87001, 16.37081 7.6725, 15.7939 7.458, 15.48105 7.52326, 15.5629 7.79245, 15.44074 7.83942, 15.1837 8.47915, 15.03126 8.65875, 14.34954 9.16836, 13.9476 9.63776, 14.1817 9.97818, 14.73246 9.92381, 15.68124 9.99128, 15.30142 10.31175, 15.06588 10.79311, 15.02123 11.18255, 15.13564 11.53082, 15.04945 12.08459, 14.9031 12.14587, 14.81918 12.63882, 14.58488 12.74635, 14.41817 13.08114, 14.06491 13.07799))
10;10;Africa;East Africa;eritrea;Eritrea;Ethnic Tigrayans, Jehovah’s Witnesses, unrecognized religious groups, political dissidents, journalists, students forced into military conscription;Eritrean government, Eritrean army, President Isaias Afwerki;Watch;3,5,6;3;6;OK;current;2025-11-01;Eritrea is among the most oppressed and censored countries in the world due to decrees that grant President Isaias Afwerki total power to target civil rights and silence media. In late 2020, the Ethiopian military invaded the Tigray region of Ethiopia with the tacit consent of the Ethiopian government, as both countries see the Tigrayan Peoples Liberation Front (TPLF) as a common enemy. Eritrean soldiers have targeted ethnic Tigrayans with pillage, mass rape, and genocidal massacres.;Profile details checked;https://www.genocidewatch.com/country-pages/eritrea;https://d0dbb2cb-698c-4513-aa47-eba3a335e06f.filesusr.com/ugd/2f3638_d22135b2549e4abc8bfd60139dbab4ac.pdf;https://www.genocidewatch.com/country-pages/eritrea;;;base_country;0;;MultiPolygon;EPSG:4326;Existing Ten Stages corrected GeoJSON;NAME=Eritrea;Topology-simplified embedded fallback used only when the live GitHub CSV cannot be loaded.;aa35c2c6e6ce06c3fd5accf9893b7c89dc1fafa1c6b3cacca1e9c49a4b5d3d31;;MULTIPOLYGON (((42.37946 12.46591, 42.1373 12.77333, 41.94662 12.87617, 41.7118 13.24793, 41.19204 13.61586, 40.8332 14.10596, 40.10456 14.46597, 39.91119 14.42341, 39.51503 14.56782, 39.20818 14.44018, 39.07547 14.6374, 38.86608 14.49366, 38.42683 14.41718, 38.22932 14.67973, 38.0067 14.7244, 37.89146 14.87953, 37.56497 14.11668, 37.29377 14.45744, 37.0727 14.2853, 36.74807 14.33207, 36.52638 14.26352, 36.42365 15.11151, 36.62787 15.44562, 36.67097 15.72312, 36.94403 16.25286, 36.87726 16.52731, 36.98496 16.7657, 37.00046 17.0726, 37.40343 17.02992, 37.50679 17.31848, 38.01538 17.53996, 38.20969 17.52229, 38.60157 18.00483, 38.92905 17.39712, 39.16334 16.62816, 39.23561 16.10871, 39.42701 15.82038, 39.45753 15.5246, 39.58717 15.5314, 39.71827 15.2639, 39.87525 15.5041, 40.07244 15.35073, 40.02662 15.23721, 40.28679 14.91348, 40.52703 14.99702, 40.76645 14.6953, 41.1561 14.64159, 41.67652 13.94025, 41.98097 13.8378, 42.28842 13.57461, 42.37941 13.22264, 42.52068 13.2355, 42.77394 12.86213, 43.11769 12.70791, 42.90036 12.61639, 42.67825 12.36002, 42.37946 12.46591)), ((40.39389 15.57233, 39.93043 15.73957, 40.02622 15.88264, 40.39389 15.57233)), ((40.09669 15.98102, 39.99 16.01773, 40.04322 16.10309, 40.09669 15.98102)))
11;11;Africa;East Africa;ethiopia;Ethiopia;"Tigrayans

Amhara

Oromos

Somali Refugees";"Ethiopian Military Forces

Eritrean Military Forces

Tigray People’s Liberation Front (TPLF)

Oromo Liberation Army (OLA)

Fano Militia";Warning;3,5,10;3;10;OK;current;2026-04-01;There has been no accountability in the aftermath of the Tigrayan Genocide during Ethiopia's 2020-2022 civil war. Today, amidst rising tensions between Ethiopia and Eritrea, many fear a violent escalation. Furthermore, persecution of Tigrayans continues with arbitrary detentions and restrictions on movement. State-sanctioned violence against people in the Amhara and Oromo regions, alongside active conflict with the OLA and the Fano Militia, pose additional threats to civilians.;Profile details checked;https://www.genocidewatch.com/country-pages/ethiopia;https://d0dbb2cb-698c-4513-aa47-eba3a335e06f.filesusr.com/ugd/c55129_bfbfb1f65ed940fa9d539da7f192d563.pdf;https://www.genocidewatch.com/country-pages/ethiopia;;;base_country;0;;Polygon;EPSG:4326;Existing Ten Stages corrected GeoJSON;NAME=Ethiopia;Topology-simplified embedded fallback used only when the live GitHub CSV cannot be loaded.;b47476fe0f4951644609986073fbf10ea294c8e295822ba3f0834e8cce457c55;;POLYGON ((34.0707 9.45459, 34.09821 9.67972, 34.32486 10.26865, 34.27949 10.56551, 34.58707 10.87929, 34.83852 10.72914, 34.95066 10.86918, 34.94715 11.27487, 35.07314 11.54896, 35.04823 11.77138, 35.21556 11.89659, 35.61687 12.57515, 35.72839 12.67437, 36.09943 12.69566, 36.23358 13.36164, 36.3821 13.57103, 36.52638 14.26352, 36.74807 14.33207, 37.0727 14.2853, 37.29377 14.45744, 37.56497 14.11668, 37.89146 14.87953, 38.0067 14.7244, 38.22932 14.67973, 38.42683 14.41718, 38.86608 14.49366, 39.07547 14.6374, 39.20818 14.44018, 39.51503 14.56782, 39.91119 14.42341, 40.10456 14.46597, 40.8332 14.10596, 41.19204 13.61586, 41.7118 13.24793, 41.94662 12.87617, 42.1373 12.77333, 42.37946 12.46591, 41.74911 11.53795, 41.76131 10.9962, 41.95416 10.94127, 42.61562 11.08966, 42.92372 10.99879, 42.64725 10.63222, 42.83628 10.20809, 43.41903 9.41302, 43.6215 9.3369, 44.02386 8.98553, 45.51441 8.49654, 46.97923 7.99657, 47.97917 7.99657, 46.42392 6.49674, 45.93599 5.99669, 44.94153 4.91148, 43.96897 4.95396, 43.52848 4.84157, 43.11926 4.6477, 42.78977 4.28561, 42.13534 4.20008, 41.88502 3.97723, 41.11452 3.96234, 40.76374 4.28493, 39.84845 3.86728, 39.53633 3.40501, 38.49691 3.62394, 38.10189 3.61265, 37.97673 3.72644, 36.84409 4.43224, 36.04134 4.44368, 35.92084 4.61933, 35.78451 4.76418, 35.80911 5.30911, 35.43022 5.42722, 35.32077 5.34872, 34.98436 5.84101, 34.73352 6.63761, 34.50366 6.89002, 34.29758 6.96857, 34.03113 7.25537, 34.00653 7.40994, 33.71606 7.65716, 33.05129 7.80113, 32.9898 7.91724, 33.20829 8.25368, 33.17408 8.40448, 33.6001 8.46395, 33.69554 8.37288, 33.97077 8.44538, 34.11185 8.62655, 34.0707 9.45459))
12;12;Africa;East Africa;kenya;Kenya;Nomadic pastoralists (Somalis and Maasai), Hunter-gatherers, Muslims, Other minorities and indigenous groups;Government, State security forces;Watch;1,2,3,4;4;4;OK;current;2025-08-04;Democratic safeguards have begun to erode in Kenya. The progressive Constitution of 2010 faces serious challenges in the form of executive overreach by President Ruto, who has also largely failed to address a growing affordability crisis. These circumstances, coupled with escalating state violence and a controversial finance bill, caused Kenyans to take to the streets in mid-2024. The state repressed these protests harshly, killing dozens of protesters. Violence against women, girls, and LGBTQ+ persons remains prolific. Meanwhile, the dismantling of USAID has put extreme pressure on Kenya's extensive refugee system, causing conditions within the encampments to deteriorate further.;Profile details checked;https://www.genocidewatch.com/country-pages/kenya;https://d0dbb2cb-698c-4513-aa47-eba3a335e06f.filesusr.com/ugd/b82de0_8b1ff3eef83d426da464a8b14f7af88d.pdf;https://www.genocidewatch.com/country-pages/kenya;;;base_country;0;;MultiPolygon;EPSG:4326;Existing Ten Stages corrected GeoJSON;NAME=Kenya;Topology-simplified embedded fallback used only when the live GitHub CSV cannot be loaded.;ee2def4466eb07b266207182b6a9ff266b4603eda9c0b49cf8a51763905cb1c2;;MULTIPOLYGON (((35.92084 4.61933, 36.04134 4.44368, 36.84409 4.43224, 37.97673 3.72644, 38.10189 3.61265, 38.49691 3.62394, 39.53633 3.40501, 39.84845 3.86728, 40.76374 4.28493, 41.11452 3.96234, 41.88502 3.97723, 41.34273 3.20115, 40.97975 2.84189, 40.96849 -0.00274, 40.97975 -0.8708, 41.52287 -1.57277, 41.53509 -1.6963, 41.28273 -1.96852, 40.8851 -2.01483, 40.92482 -2.21722, 40.6159 -2.5525, 40.38982 -2.56032, 40.17498 -2.76263, 40.22511 -2.99375, 39.97145 -3.37607, 39.78639 -3.91717, 39.40626 -4.61517, 39.1906 -4.6775, 37.59908 -3.51343, 37.70005 -3.31437, 37.64486 -3.04596, 34.05253 -1.0404, 33.90421 -1.00257, 33.95351 -0.15436, 33.89357 0.10981, 34.08798 0.36737, 34.14957 0.60363, 34.38801 0.81582, 34.50748 1.10252, 34.79791 1.23192, 34.77899 1.38855, 34.97867 1.67595, 34.92358 2.47732, 34.73011 2.85285, 34.57466 2.94613, 34.38398 3.38835, 34.43969 3.66774, 34.16518 3.77083, 33.97708 4.21969, 34.38119 4.62016, 34.66628 4.76498, 35.4116 5.03038, 35.57084 4.90431, 35.61064 4.62001, 35.92084 4.61933)), ((41.06568 -2.03631, 41.15528 -2.11207, 40.98618 -2.16595, 41.06568 -2.03631)))
13;13;Africa;East Africa;somalia;Somalia;"Somali Civilians

Journalists

Refugees and IDPs";"Al-Shabaab and Allies

Somali Security Forces

Clan Militias";Emergency;5,6,8,9;4;9;OK;current;2026-04-14;Somalia is in the midst of a conflict between the Somali Federal Government and the terrorist group Al-Shabaab. Al-Shabaab is responsible for mass attacks as well as blocking humanitarian aid, even as Somalia is on the verge of famine. Civilians, including journalists and women in internally-displaced persons camps, face persecution and violence.;Profile details checked;https://www.genocidewatch.com/country-pages/somalia;https://d0dbb2cb-698c-4513-aa47-eba3a335e06f.filesusr.com/ugd/476ea7_6a415f3362f3472fa35e290fda435880.pdf;https://www.genocidewatch.com/country-pages/somalia;;;base_country;0;;Polygon;EPSG:4326;Existing Ten Stages corrected GeoJSON;NAME=Somalia;Topology-simplified embedded fallback used only when the live GitHub CSV cannot be loaded.;5c6fd12f501d6bf9998c70987ffe91927aaf8fadf2052be35388196a82f65cb3;;POLYGON ((47.97917 7.99657, 48.93911 9.45123, 48.93911 11.24913, 49.23959 11.30028, 49.57683 11.46003, 49.85125 11.46491, 50.26832 11.5893, 50.57594 11.92097, 50.79786 11.98912, 51.2927 11.83311, 51.12086 11.50532, 51.08595 11.18797, 51.17612 10.56281, 51.39517 10.47902, 50.92739 10.32784, 50.80616 9.62446, 50.84034 9.45612, 50.6045 9.03791, 50.42205 8.85712, 50.29021 8.48676, 50.05828 8.13032, 49.84205 7.96271, 49.81935 7.73994, 49.36704 7.0257, 49.07472 6.41527, 49.03614 6.14423, 48.64674 5.48005, 48.2024 4.90892, 47.9485 4.4571, 47.48927 3.93635, 46.62574 3.02391, 46.02703 2.43814, 44.55006 1.55907, 43.78191 0.92162, 43.46762 0.62055, 42.0809 -0.86289, 41.53509 -1.6963, 41.52287 -1.57277, 40.97975 -0.8708, 40.96849 -0.00274, 40.97975 2.84189, 41.34273 3.20115, 41.88502 3.97723, 42.13534 4.20008, 42.78977 4.28561, 43.11926 4.6477, 43.52848 4.84157, 43.96897 4.95396, 44.94153 4.91148, 45.93599 5.99669, 46.42392 6.49674, 47.97917 7.99657))
14;14;Africa;East Africa;tanzania;Tanzania;"Maasai

Barabaig pastoralists

Other Indigenous Groups

Women and Girls

LGBTQIA+ People";"The Government

State Police and Security Forces";Warning;3,4,5;3;5;OK;current;2024-03-14;In 2025, Tanzania’s reputation for stability was tarnished as the nation’s presidential elections devolved into a prolonged period of political violence. Rather than an isolated incident, the demonstrations and subsequent repression are indicative of Tanzania’s intensifying authoritarian slide. Since 2021, President Samia Suluhu Hassan has cracked down on political dissent, indigenous rights, and has failed to protect women, as well as LGBTQ+ individuals, from escalating gender-based violence.;Profile details checked;https://www.genocidewatch.com/country-pages/tanzania;https://d0dbb2cb-698c-4513-aa47-eba3a335e06f.filesusr.com/https%3A/d0dbb2cb-698c-4513-aa47-eba3a335e06f.usrfiles.com/ugd/b82de0_04a226439b3b44088c74e75a5d0a7c3f.pdf;https://www.genocidewatch.com/country-pages/tanzania;;;base_country;0;;MultiPolygon;EPSG:4326;Existing Ten Stages corrected GeoJSON;NAME=Tanzania;Topology-simplified embedded fallback used only when the live GitHub CSV cannot be loaded.;7d72f333aa072aea9c9c76a33474fbaaf947a294959f8c0155db456e6827f8d6;;MULTIPOLYGON (((30.75211 -8.19412, 30.44163 -7.59633, 30.3696 -7.31025, 30.09086 -6.89002, 29.73863 -6.65241, 29.52552 -6.2731, 29.47611 -6.00211, 29.59352 -5.62033, 29.32103 -4.83634, 29.40418 -4.4498, 29.73284 -4.46334, 30.14977 -4.08683, 30.46892 -3.51301, 30.79975 -3.27458, 30.82549 -2.97858, 30.4158 -2.85166, 30.5546 -2.40063, 30.83438 -2.34533, 30.88781 -2.08251, 30.79696 -1.92934, 30.83102 -1.59417, 30.55532 -1.31842, 30.47179 -1.06684, 30.82838 -1.00257, 33.90421 -1.00257, 34.05253 -1.0404, 37.64486 -3.04596, 37.70005 -3.31437, 37.59908 -3.51343, 39.1906 -4.6775, 39.13868 -5.1032, 38.98129 -5.41741, 38.77801 -6.03069, 38.85222 -6.34873, 39.46453 -6.85768, 39.54754 -7.11826, 39.32781 -7.30926, 39.27475 -7.59645, 39.45436 -8.01043, 39.28004 -8.30926, 39.35434 -8.71396, 39.52068 -8.92303, 39.49855 -9.1242, 39.64381 -9.18906, 39.6159 -9.4249, 39.8073 -9.85223, 39.7142 -9.95208, 40.13266 -10.16969, 40.11842 -10.25693, 40.44939 -10.34539, 40.43686 -10.47479, 40.00813 -10.81112, 39.48269 -10.99922, 39.28662 -11.15415, 38.89626 -11.16769, 38.49225 -11.41346, 38.25661 -11.27714, 37.87524 -11.3191, 37.78367 -11.55888, 37.42782 -11.72259, 36.82011 -11.57356, 36.56297 -11.73127, 36.19968 -11.70151, 36.16806 -11.57872, 35.82637 -11.41346, 35.57626 -11.60518, 34.96461 -11.57356, 34.96069 -11.49852, 34.88658 -11.37543, 34.84369 -11.34628, 34.80049 -11.33192, 34.77217 -11.34442, 34.62107 -11.11973, 34.5973 -11.03664, 34.59792 -10.99096, 34.67502 -10.75242, 34.57942 -10.52649, 34.5695 -10.4314, 34.58531 -10.30066, 34.53642 -10.043, 34.4833 -9.94616, 34.31794 -9.7192, 34.01273 -9.47746, 33.96075 -9.5249, 33.95486 -9.6606, 33.91186 -9.71796, 33.73461 -9.58412, 33.48052 -9.62442, 33.40424 -9.60489, 33.375 -9.54908, 33.30027 -9.49224, 32.51805 -9.25825, 32.38302 -9.13391, 31.98056 -9.0719, 31.93663 -8.93258, 31.67267 -8.91305, 31.35331 -8.58717, 30.95954 -8.55048, 30.75211 -8.19412)), ((39.50847 -6.46282, 39.17701 -6.15789, 39.31349 -5.71844, 39.50847 -6.46282)), ((39.68409 -4.89031, 39.8143 -4.96868, 39.79607 -5.40683, 39.68409 -4.89031)), ((39.8934 -7.75408, 39.82325 -7.914, 39.58717 -7.94549, 39.8934 -7.75408)), ((39.74204 -7.99483, 39.80149 -8.00659, 39.71944 -8.09257, 39.74204 -7.99483)), ((39.65218 -5.45094, 39.6329 -5.47775, 39.56903 -5.4062, 39.65218 -5.45094)), ((39.2261 -5.76917, 39.23786 -5.85605, 39.21447 -5.85811, 39.2261 -5.76917)))
15;15;Africa;East Africa;seychelles;Seychelles;"Political opposition members and supporters

Journalists and media workers

Civil society activists and government critics";"State institutions

Political eltes";Watch;1,3;2;3;OK;current;2026-04-30;Seychelles is a small, high-income island state in the Indian Ocean with a history of one-party rule and centralized governance. Since its transition to multiparty democracy in 1993 and the peaceful transfer of power in 2020, the country has made important democratic gains. While it remains at low risk for mass atrocities and lacks significant ethnic or religious divisions, concerns persist around political polarization, corruption, media freedoms, and concentrated political power. Strengthening democratic institutions, judicial independence, and inclusive governance will be critical to maintaining stability and preventing future risks.;Profile details checked;https://www.genocidewatch.com/de/country-pages/seychelles;https://d0dbb2cb-698c-4513-aa47-eba3a335e06f.filesusr.com/ugd/0df67a_fb869dd9257846e782248b0a747a821f.pdf;https://www.genocidewatch.com/de/country-pages/seychelles;;;base_country;0;;Polygon;EPSG:4326;Natural Earth v5.1.1 — ne_50m_admin_0_countries;NAME=Seychelles;Topology-simplified embedded fallback used only when the live GitHub CSV cannot be loaded.;bdfcc25973b9755b15b2a0ca2608da89cd5ddd6ba0de17e2736880bc5e6f8126;;POLYGON ((55.542969 -4.785547, 55.383398 -4.609277, 55.455762 -4.558789, 55.542969 -4.785547))
16;16;Africa;West Africa;guinea;Guinea;Protestors, Government Opposition;Government, Security;Watch;6;1;6;OK;current;2021-03-01;Since gaining independence from France in 1958, Guinea has experienced decades of political instability, authoritarian rule, and episodic state-led mass violence that continues to this day. In 2008, a military junta seized control of the country in a bloodless coup. The junta cracked down on civil society and all forms of political dissent, culminating in the September 2009 massacre of more than 150 civilians and the mass rape of protesters by security forces.;Profile details checked;https://www.genocidewatch.com/country-pages/guinea;https://d0dbb2cb-698c-4513-aa47-eba3a335e06f.filesusr.com/ugd/09ea84_7ae29fc580b74d2f8a84c2b5926f2b48.pdf;https://www.genocidewatch.com/country-pages/guinea;;;base_country;0;;Polygon;EPSG:4326;Existing Ten Stages corrected GeoJSON;NAME=Guinea;Topology-simplified embedded fallback used only when the live GitHub CSV cannot be loaded.;a528742e87303a813e25427bec4db815469be4593663784025c310604958fde0;;POLYGON ((-15.02099 10.96747, -14.68677 11.51072, -14.27874 11.66508, -13.72993 11.70983, -13.72394 12.00278, -13.97253 12.15156, -13.71182 12.26752, -13.72828 12.67339, -13.33277 12.63964, -13.29293 12.65272, -13.07646 12.63592, -13.05933 12.60347, -13.06421 12.56616, -13.08271 12.51567, -13.05199 12.47226, -12.98104 12.46699, -12.94949 12.53593, -12.91313 12.53634, -12.46675 12.38446, -12.40552 12.35646, -12.36092 12.30561, -11.7578 12.38333, -11.60154 12.42524, -11.51539 12.43165, -11.38842 12.4039, -11.50779 12.19161, -11.19117 12.01441, -10.90979 12.20013, -10.71136 11.89039, -10.51163 12.11807, -10.26694 12.21781, -9.72299 12.02542, -9.62817 12.17016, -9.3085 12.34504, -9.32152 12.4966, -8.99384 12.38751, -8.9263 12.06428, -8.797 11.91323, -8.84723 11.65795, -8.37532 11.36765, -8.61541 11.13405, -8.31114 11.0008, -8.29554 10.53745, -7.9646 10.25894, -7.98966 10.16199, -8.17384 9.94187, -8.16159 9.57564, -8.07043 9.39754, -7.86538 9.40992, -7.92956 9.18388, -7.74678 9.07645, -7.91675 9.01235, -7.95892 8.782, -7.69159 8.60614, -7.66245 8.37486, -7.82383 8.47786, -8.24887 8.45357, -8.26598 8.24598, -8.0217 8.11772, -8.22898 7.5443, -8.48545 7.55799, -8.68657 7.69436, -8.85783 7.27305, -9.12541 7.19021, -9.23434 7.38131, -9.46621 7.43345, -9.35351 7.62243, -9.49913 8.34347, -9.80681 8.50625, -10.41406 8.47018, -10.725 8.31986, -10.48186 8.67247, -10.59178 9.03906, -10.74634 9.08381, -10.67513 9.30646, -11.0101 9.74274, -11.27267 9.99601, -11.9101 9.99252, -12.14135 9.87488, -12.50833 9.86038, -12.7016 9.42023, -12.95791 9.27243, -13.11591 9.04395, -13.32217 9.08308, -13.34577 9.34317, -13.58845 9.56908, -13.59431 9.77424, -13.84284 9.86079, -14.35237 10.22622, -14.46264 10.22517, -14.61522 10.69131, -14.79284 10.74502, -14.80871 10.9396, -15.02099 10.96747))
17;17;Africa;West Africa;guinea-bissau;Guinea-Bissau;"Anti-corruption advocates,
Human rights leaders";Corrupt military government, Drug cartels;Watch;5;1;5;OK;current;2023-02-01;Guinea-Bissau is a narco-state, according to the UN. It is an entrepot for drug shipments from South America to Europe. Its military and police are corrupt. Anti-corruption campaigners are murdered.;Profile details checked;https://www.genocidewatch.com/country-pages/guinea-bissau;https://www.genocidewatch.com/_files/ugd/df1038_c4f14c28532a4dfca8992b0924b30695.pdf;https://www.genocidewatch.com/country-pages/guinea-bissau;;;base_country;0;;MultiPolygon;EPSG:4326;Existing Ten Stages corrected GeoJSON;NAME=Guinea-Bissau;Topology-simplified embedded fallback used only when the live GitHub CSV cannot be loaded.;770656442e5d781eac2845f92a13c52a7f3855a4376f53ac2be092bdfbc88253;;MULTIPOLYGON (((-15.02099 10.96747, -14.68677 11.51072, -14.27874 11.66508, -13.72993 11.70983, -13.72394 12.00278, -13.97253 12.15156, -13.71182 12.26752, -13.72828 12.67339, -15.19511 12.67943, -15.67705 12.43929, -16.23288 12.45288, -16.4123 12.36173, -16.33178 12.00462, -16.13427 11.88886, -15.86388 12.02949, -15.95897 11.73481, -15.35851 11.9632, -15.55138 11.73314, -15.34313 11.60493, -15.22647 11.75511, -15.0725 11.59553, -15.4735 11.49445, -15.40954 11.1896, -15.23013 10.99482, -15.02099 10.96747)), ((-16.07616 11.03612, -16.21312 11.05557, -16.07999 11.20624, -16.07616 11.03612)), ((-15.95226 11.60676, -15.89802 11.45352, -16.08361 11.46776, -15.95226 11.60676)), ((-16.16552 11.87124, -15.99486 11.89912, -16.02941 11.76919, -16.16552 11.87124)), ((-16.27554 11.49551, -16.41942 11.48823, -16.24804 11.58381, -16.27554 11.49551)), ((-15.65844 11.30268, -15.7342 11.17914, -15.77514 11.23379, -15.65844 11.30268)), ((-16.17296 11.22077, -16.28283 11.23066, -16.15876 11.29645, -16.17296 11.22077)), ((-15.9464 11.20026, -15.87755 11.07364, -15.98103 11.06623, -15.9464 11.20026)), ((-15.4735 11.63227, -15.56631 11.51048, -15.63028 11.529, -15.4735 11.63227)), ((-16.01708 11.06867, -16.057 11.16356, -15.98119 11.2071, -16.01708 11.06867)), ((-16.30211 11.45352, -16.16417 11.49608, -16.22248 11.44009, -16.30211 11.45352)), ((-15.82584 11.29267, -15.83755 11.21402, -15.89647 11.24872, -15.82584 11.29267)), ((-15.65758 11.45799, -15.7351 11.44986, -15.66527 11.50873, -15.65758 11.45799)))
18;18;Africa;West Africa;senegal;Senegal;"LGBTQ people
Casamance separatists and communities associated with the independence movement
Political opposition supporters";"Senegalese government
Senegalese police and security forces
Politicians promoting anti-LGBTQ violence
Anti-LGBTQ groups and individuals
Movement of Democratic Forces of Casamance (MFDC)";Watch;1,3,6;3;6;OK;current;;;No details found;https://www.genocidewatch.com/single-post/senegal-country-report;https://download-files.wixmp.com/ugd/df1038_8a5c59e994e04236acfed4656e2ca844.pdf?token=eyJhbGciOiJIUzI1NiIsInR5cCI6IkpXVCJ9.eyJvYmoiOltbeyJwYXRoIjoiL3VnZC9kZjEwMzhfOGE1YzU5ZTk5NGUwNDIzNmFjZmVkNDY1NmUyY2E4NDQucGRmIn1dXSwiZGlzIjp7ImZpbGVuYW1lIjoiU2VuZWdhbCBDb3VudHJ5IFJlcG9ydC5wZGYiLCJ0eXBlIjoiYXR0YWNobWVudCJ9LCJhdWQiOlsidXJuOnNlcnZpY2U6ZmlsZS5kb3dubG9hZCJdLCJleHAiOjE3ODU5OTA3MTIsImp0aSI6ImQ5MjVjNzg0LTc0Y2MtNGVlMS05ZGUwLWY1ZGY5MDQyZTliOSIsImlhdCI6MTc4NTk1NDcxMiwiaXNzIjoidXJuOmFwcDplNjY2MzBlNzE0ZjA0OTBhYWVhMWYxNDliM2I2OWUzMiIsInN1YiI6InVybjphcHA6ZTY2NjMwZTcxNGYwNDkwYWFlYTFmMTQ5YjNiNjllMzIifQ.YUod22teNQVREYpoG0Qb8SJATtNaeRbk4G6HeoyJ_M4;;;;base_country;0;;Polygon;EPSG:4326;Natural Earth v5.1.1 — ne_50m_admin_0_countries;NAME=Senegal;Topology-simplified embedded fallback used only when the live GitHub CSV cannot be loaded.;53ad498a6c16d80a634d4c3f420616ae3fa47591987e1a20a15b60725c177ce2;;POLYGON ((-12.280615 14.809033, -12.186523 14.648145, -12.228418 14.458594, -12.019189 14.206494, -11.98418 13.788086, -12.044141 13.733887, -12.054199 13.633057, -11.877783 13.364551, -11.831689 13.31582, -11.803369 13.327295, -11.758252 13.394531, -11.674463 13.382373, -11.634961 13.369873, -11.581348 13.290039, -11.548779 13.170264, -11.444141 13.028223, -11.433936 12.991602, -11.390381 12.941992, -11.417432 12.831885, -11.448779 12.531934, -11.382422 12.479248, -11.389404 12.404395, -12.042383 12.398047, -12.291211 12.328027, -12.797314 12.451904, -13.079834 12.536279, -13.08291 12.633545, -13.729248 12.673926, -15.196094 12.679932, -15.574805 12.490381, -16.144189 12.457422, -16.711816 12.354834, -16.760303 12.525781, -16.455029 12.624805, -16.597656 12.715283, -16.743896 12.585449, -16.76333 13.06416, -16.648779 13.15415, -15.834277 13.156445, -15.814404 13.325146, -15.28623 13.395996, -15.151123 13.556494, -14.438574 13.268896, -14.246777 13.23584, -13.84751 13.335303, -13.977393 13.543457, -14.325537 13.488574, -15.10835 13.812109, -15.426855 13.727002, -15.509668 13.58623, -16.562305 13.587305, -16.973828 14.403223, -17.168066 14.640625, -17.535645 14.755127, -17.147168 14.922021, -16.843408 15.293994, -16.570752 15.734424, -16.502051 15.917334, -16.480078 16.097217, -16.239014 16.531299, -16.113281 16.540137, -16.074023 16.510449, -15.958984 16.492139, -15.768213 16.485107, -15.620801 16.506592, -15.37998 16.581982, -15.210547 16.582617, -15.112646 16.644922, -15.021924 16.647461, -14.990625 16.676904, -14.928613 16.653516, -14.53374 16.655957, -14.300098 16.580273, -14.085645 16.418848, -13.975049 16.311133, -13.968164 16.257227, -13.868457 16.148145, -13.714941 16.168799, -13.684668 16.126904, -13.623535 16.118311, -13.555518 16.144043, -13.409668 16.05918, -13.347559 15.973486, -13.297021 15.853857, -13.258008 15.700391, -13.206445 15.616895, -13.079297 15.510449, -12.994336 15.504883, -12.930859 15.453027, -12.858496 15.242529, -12.813184 15.223535, -12.770312 15.18667, -12.735254 15.13125, -12.543555 15.039014, -12.280615 14.809033))
19;19;Africa;West Africa;cote-d-ivoire;Côte d'Ivoire;"Muslim, northern ""immigrant"" communities, Government critics";"Self-styled ""True Ivoirien"" groups, State police and security forces";Warning;6;1;6;OK;current;2020-10-01;"In 2010 and 2011, post-election violence erupted when the incumbent president, Laurent Gbagbo, refused to accept the victory of his opponent, Muslim politician Alassane Ouattara. This took place in a political climate in which politicians had been constructing and exploiting the xenophobic concept of ""ivoirité"" aiming to exclude Muslim, northern ""immigrant"" communities since the 1990s. While President Ouattara has since overseen an overall successful peacebuilding process, he has also cracked down on government critics, and politics remains highly polarized.";Profile details checked;https://www.genocidewatch.com/country-pages/cote-d-ivoire;https://d0dbb2cb-698c-4513-aa47-eba3a335e06f.filesusr.com/ugd/b8876a_51597102bcc942f2be6f57212467c1f3.pdf;https://www.genocidewatch.com/country-pages/cote-d-ivoire;;;base_country;0;;MultiPolygon;EPSG:4326;Existing Ten Stages corrected GeoJSON;NAME=Côte d'Ivoire;Topology-simplified embedded fallback used only when the live GitHub CSV cannot be loaded.;7cdd87df1b52f1077417305f1295aa0ea853d10f783309975f07d4d157ae4a21;;MULTIPOLYGON (((-7.98966 10.16199, -7.66441 10.43714, -7.46618 10.42949, -7.34696 10.2479, -6.95939 10.1855, -6.97314 10.33229, -6.70034 10.34167, -6.66917 10.65416, -6.42149 10.55659, -6.24584 10.72074, -6.24331 10.28901, -6.01593 10.18987, -5.80628 10.41347, -5.52258 10.42549, -5.21758 10.31994, -4.97452 10.05554, -4.96607 9.90102, -4.68108 9.68207, -4.50396 9.74202, -4.32255 9.6089, -4.25309 9.75005, -3.66166 9.94893, -3.20256 9.90823, -2.76368 9.39188, -2.68921 9.48872, -2.65981 9.2729, -2.77484 9.05498, -2.61945 8.92362, -2.50633 8.20927, -2.84 7.82025, -3.04593 7.07125, -3.22494 6.8494, -3.26251 6.61714, -2.9695 5.62144, -2.78182 5.57889, -2.75701 5.17987, -2.97777 5.11498, -3.20507 5.21865, -3.31216 5.11994, -4.0609 5.29955, -4.32144 5.31098, -4.80382 5.20441, -4.06045 5.28335, -3.99576 5.23168, -5.49568 5.09528, -5.85131 5.02997, -6.91417 4.65571, -7.45678 4.34406, -7.57377 4.37539, -7.57816 5.05473, -7.48892 5.14067, -7.38412 5.56896, -7.44654 5.84595, -7.79965 5.97447, -7.91437 6.27174, -8.17058 6.27401, -8.46751 6.48707, -8.61872 6.49283, -8.35176 6.75535, -8.30262 7.1376, -8.48545 7.55799, -8.22898 7.5443, -8.0217 8.11772, -8.26598 8.24598, -8.24887 8.45357, -7.82383 8.47786, -7.66245 8.37486, -7.69159 8.60614, -7.95892 8.782, -7.91675 9.01235, -7.74678 9.07645, -7.92956 9.18388, -7.86538 9.40992, -8.07043 9.39754, -8.16159 9.57564, -8.17384 9.94187, -7.98966 10.16199)), ((-3.11962 5.09134, -3.26207 5.11099, -3.23412 5.16348, -3.11962 5.09134)))
20;20;Africa;West Africa;burkina-faso;Burkina Faso;Anti-Islamists, Government Opponents, Fulani Tribe Members, Chrisitians;he Group for Support of Muslims (JNIM), The Islamic State in the Greater Sahara (ISGS), Ansar al-Islam, Security Forces;Emergency;8;1;8;OK;current;2025-04-01;Since 2016, three armed Islamist groups, the Group for Support of Muslims (JNIM), the Islamic State in the Greater Sahara (ISGS), and Ansarul Islam, have reigned terror upon civilians in Burkina Faso. The violent insurgency has destabilized the country and produced one of the most alarming humanitarian crises on the continent. Since the insurgency began, civilian deaths have risen astronomically, up more than 650%. In the past 18 months alone, militants have killed more than 2,000 civilians, forced the internal displacement of 920,000 people, and necessitated humanitarian assistance for more than two million Burkinabés;Profile details checked;https://www.genocidewatch.com/de/copy-of-country-pages/burkina-faso;https://www.genocidewatch.com/single-post/genocide-alert-burkina-faso;https://www.genocidewatch.com/de/copy-of-country-pages/burkina-faso;;;base_country;0;;Polygon;EPSG:4326;Existing Ten Stages corrected GeoJSON;NAME=Burkina Faso;Topology-simplified embedded fallback used only when the live GitHub CSV cannot be loaded.;18804c8a5b8454e614bb24aa069623b254859010b14f71255d465f30e56a6a81;;POLYGON ((2.39017 11.89654, 2.29105 11.67479, 2.01076 11.4269, 1.60159 11.38869, 1.43963 11.47377, 1.11862 11.04824, 0.96328 10.97414, 0.48662 11.00321, -0.30168 11.16294, -0.63476 10.90797, -0.696 10.99403, -2.75071 10.98584, -2.92232 10.72121, -2.68921 9.48872, -2.76368 9.39188, -3.20256 9.90823, -3.66166 9.94893, -4.25309 9.75005, -4.32255 9.6089, -4.50396 9.74202, -4.68108 9.68207, -4.96607 9.90102, -4.97452 10.05554, -5.21758 10.31994, -5.52258 10.42549, -5.43142 10.84469, -5.50733 11.05695, -5.32233 11.13555, -5.21831 11.4222, -5.27954 11.73903, -5.16782 11.94366, -4.80681 11.99627, -4.56047 12.14949, -4.38689 12.53019, -4.48525 12.71468, -4.21188 12.81919, -4.35107 13.11832, -3.97161 13.46995, -3.46159 13.16576, -3.24863 13.29278, -3.26706 13.71704, -2.89524 13.65165, -2.84086 14.04299, -2.46168 14.28091, -2.15188 14.15614, -2.02341 14.19864, -1.96703 14.48374, -1.69692 14.49612, -1.35027 14.71497, -1.04332 14.81791, -0.7529 15.06973, -0.2367 15.06562, 0.21847 14.91098, 0.15294 14.54671, 0.38879 14.25161, 0.33916 14.12578, 0.62066 13.67997, 0.95098 13.5832, 1.16761 13.31343, 0.98354 13.36841, 0.97175 13.06732, 1.53585 12.6475, 1.82607 12.60419, 2.10905 12.70563, 2.24496 12.42415, 2.07091 12.3069, 2.39017 11.89654))
21;21;Africa;West Africa;mali;Mali;"Non-Fulani civilians  (Dogon, Tuareg)

Fulani civilians";"Malian security forces 
JNIM 
JNIM-affiliated Katiba Macina 
ISGS 
Self-defense ethnic militias";Emergency;9;1;9;OK;current;2020-08-01;Mali plunged into crisis in 2012, when Tuareg rebels launched an insurgency in the north of the country. The resulting instability enabled the growth of Islamic groups which rapidly expanded into Central Mali. Since 2015, the Al-Qaeda-affiliated Jama’at Nusrat al-Islam wal-Muslimin (JNIM), the JNIM-affiliated and majoritarly Fulani Katiba Macina, and the Islamic State in the Greater Sahara (ISGS) are the main Jihadist groups active in the country. From 2019, violence against civilians along ethnic and inter-communal lines has escalated in Central Mali. Malian security forces, self-defence ethnic militias, and Islamic militant groups all participate in the spiraling of genocidal violence.;Profile details checked;https://www.genocidewatch.com/country-pages/mali;https://d0dbb2cb-698c-4513-aa47-eba3a335e06f.filesusr.com/ugd/28e65b_296998ced376474dad025d6f9f465cd1.pdf;https://www.genocidewatch.com/country-pages/mali;;;base_country;0;;Polygon;EPSG:4326;Existing Ten Stages corrected GeoJSON;NAME=Mali;Topology-simplified embedded fallback used only when the live GitHub CSV cannot be loaded.;c6bc8118886d493b8b0599e01825069a142dc9fe02ab5f1a691451778a9219d2;;POLYGON ((-12.26413 14.77494, -12.0704 14.7344, -11.82038 14.89997, -11.84565 15.17907, -11.72706 15.54117, -11.40956 15.6022, -10.91517 15.1029, -10.73637 15.42263, -10.30875 15.43521, -9.8356 15.3711, -9.34922 15.49564, -5.51095 15.4942, -5.35329 16.31198, -5.62335 16.52783, -5.94912 19.49553, -6.59311 24.99413, -4.82161 24.99506, -4.51602 24.80399, 1.14652 21.10171, 1.16854 20.73346, 1.64396 20.52268, 1.89139 20.23179, 2.18243 20.2785, 2.4004 20.05655, 2.946 19.94165, 3.21679 19.79406, 3.25099 19.36546, 3.10268 19.15356, 3.30836 18.98168, 4.22861 19.14224, 4.23564 16.99586, 4.18396 16.41605, 4.06056 16.29833, 3.87122 15.7148, 3.52653 15.49595, 3.5071 15.35397, 3.07302 15.4272, 3.00016 15.33912, 1.33153 15.28362, 0.97372 14.99126, 0.67007 14.93974, 0.22126 14.99593, 0.21847 14.91098, -0.2367 15.06562, -0.7529 15.06973, -1.04332 14.81791, -1.35027 14.71497, -1.69692 14.49612, -1.96703 14.48374, -2.02341 14.19864, -2.15188 14.15614, -2.46168 14.28091, -2.84086 14.04299, -2.89524 13.65165, -3.26706 13.71704, -3.24863 13.29278, -3.46159 13.16576, -3.97161 13.46995, -4.35107 13.11832, -4.21188 12.81919, -4.48525 12.71468, -4.38689 12.53019, -4.56047 12.14949, -4.80681 11.99627, -5.16782 11.94366, -5.27954 11.73903, -5.21831 11.4222, -5.32233 11.13555, -5.50733 11.05695, -5.43142 10.84469, -5.52258 10.42549, -5.80628 10.41347, -6.01593 10.18987, -6.24331 10.28901, -6.24584 10.72074, -6.42149 10.55659, -6.66917 10.65416, -6.70034 10.34167, -6.97314 10.33229, -6.95939 10.1855, -7.34696 10.2479, -7.46618 10.42949, -7.66441 10.43714, -7.98966 10.16199, -7.9646 10.25894, -8.29554 10.53745, -8.31114 11.0008, -8.61541 11.13405, -8.37532 11.36765, -8.84723 11.65795, -8.797 11.91323, -8.9263 12.06428, -8.99384 12.38751, -9.32152 12.4966, -9.3085 12.34504, -9.62817 12.17016, -9.72299 12.02542, -10.26694 12.21781, -10.51163 12.11807, -10.71136 11.89039, -10.90979 12.20013, -11.19117 12.01441, -11.50779 12.19161, -11.38842 12.4039, -11.37778 12.48022, -11.43209 12.82935, -11.38444 12.93311, -11.6498 13.38412, -11.75651 13.3998, -11.76659 13.38316, -11.77512 13.34335, -11.82814 13.30728, -11.89759 13.37117, -11.88348 13.45355, -12.09763 13.70441, -12.01231 13.75118, -11.97882 13.78482, -11.99758 14.16616, -12.03448 14.25027, -12.22173 14.39124, -12.16595 14.62518, -12.26413 14.77494))
22;22;Africa;West Africa;niger;Niger;Djerma civilians, Fulani civilians, supporters of President Bazoum, political opposition;ISGS (Islamic State in the Greater Sahara), Fulani jihadist militias, Djerma ethnic militias, Nigerien military, military junta;Watch;6,8;2;8;OK;current;2024-01-14;Niger remains one of the poorest countries in the world.? Poverty has led to internal insecurity, including?armed banditry. Jihadists gained a foothold by providing some anti-bandit protection. But Fulani jihadist terrorism against the Djerma has included numerous genocidal massacres.;Profile details checked;https://www.genocidewatch.com/country-pages/niger;;https://www.genocidewatch.com/country-pages/niger;;;base_country;0;;Polygon;EPSG:4326;Existing Ten Stages corrected GeoJSON;NAME=Niger;Topology-simplified embedded fallback used only when the live GitHub CSV cannot be loaded.;80e2f1c65404b3f98ea68c738e8050e993b64ebb333c7fa1b4512b439f177b91;;POLYGON ((3.5964 11.69577, 2.8443 12.39924, 2.36123 12.21889, 2.39017 11.89654, 2.07091 12.3069, 2.24496 12.42415, 2.10905 12.70563, 1.82607 12.60419, 1.53585 12.6475, 0.97175 13.06732, 0.98354 13.36841, 1.16761 13.31343, 0.95098 13.5832, 0.62066 13.67997, 0.33916 14.12578, 0.38879 14.25161, 0.15294 14.54671, 0.21847 14.91098, 0.22126 14.99593, 0.67007 14.93974, 0.97372 14.99126, 1.33153 15.28362, 3.00016 15.33912, 3.07302 15.4272, 3.5071 15.35397, 3.52653 15.49595, 3.87122 15.7148, 4.06056 16.29833, 4.18396 16.41605, 4.23564 16.99586, 4.22861 19.14224, 5.74934 19.4337, 5.83761 19.47863, 7.48273 20.87258, 11.96886 23.51735, 13.48226 23.17967, 14.23172 22.61795, 14.97991 22.99566, 15.17202 21.99339, 15.1804 21.50727, 15.60931 20.95066, 15.5442 20.79899, 15.95399 20.37457, 15.73602 19.90354, 15.47195 16.91675, 14.36897 15.74963, 13.83391 15.0196, 13.76436 14.71908, 13.44918 14.38013, 13.60731 13.7041, 13.35999 13.71441, 13.22811 13.54804, 13.02926 13.53917, 12.56107 13.24276, 12.47271 13.06416, 12.05764 13.11677, 11.44 13.36443, 10.67499 13.3751, 10.16153 13.2672, 9.93012 13.14597, 9.64073 12.82253, 9.26939 12.80979, 8.67935 12.92358, 8.07752 13.31002, 7.75558 13.32715, 7.39198 13.11253, 6.90664 13.00686, 6.36894 13.62628, 6.12038 13.65408, 5.55432 13.87342, 5.27351 13.75252, 4.85689 13.7741, 4.50673 13.69467, 4.12577 13.47298, 4.08877 12.99624, 3.92909 12.75039, 3.6457 12.52854, 3.5964 11.69577))
23;23;Africa;West Africa;nigeria;Nigeria;Christians, Moderate Muslims, LGBTQIA+ People;"Boko Haram,
ISWAP,
Fulani Jihadists";Emergency;9,10;2;10;OK;current;2021-07-14;"Nigeria has three separate genocidal events taking place. Boko Haram has been kidnapping and attacking civilians, mainly in the Northeast, to pursue their mission of eliminating Western education and creating a fundamentalist Islamic state. Islamic State West Africa Province (ISWAP) is a splinter group of Boko Haram with a similar ideology but is distinct from Boko Haram; conflicts between the two groups recently killed Abubakar Shekau, the former leader of Boko Haram. Additionally, Fulani Jihadist herders have been killing Christian farmers in the middle belt. The death penalty is also in place, though not currently enforced, for homosexuality in Northern Nigeria, while LGBTQIA+ people face persecution throughout the country.";Profile details checked;https://www.genocidewatch.com/country-pages/nigeria;https://www.genocidewatch.com/_files/ugd/2f3638_0ce56a8107684d59ac3ff02705f07e91.docx?dn=Nigeria%2520Genocide%2520Emergency%25202024.docx;https://www.genocidewatch.com/country-pages/nigeria;;;base_country;0;;MultiPolygon;EPSG:4326;Existing Ten Stages corrected GeoJSON;NAME=Nigeria;Topology-simplified embedded fallback used only when the live GitHub CSV cannot be loaded.;c9efba859bc8e82b50e5d3b582fef1bc4248813a47d68b3c2aad011cb1b06333;;MULTIPOLYGON (((3.5964 11.69577, 3.6457 12.52854, 3.92909 12.75039, 4.08877 12.99624, 4.12577 13.47298, 4.50673 13.69467, 4.85689 13.7741, 5.27351 13.75252, 5.55432 13.87342, 6.12038 13.65408, 6.36894 13.62628, 6.90664 13.00686, 7.39198 13.11253, 7.75558 13.32715, 8.07752 13.31002, 8.67935 12.92358, 9.26939 12.80979, 9.64073 12.82253, 9.93012 13.14597, 10.16153 13.2672, 10.67499 13.3751, 11.44 13.36443, 12.05764 13.11677, 12.47271 13.06416, 12.56107 13.24276, 13.02926 13.53917, 13.22811 13.54804, 13.35999 13.71441, 13.60731 13.7041, 14.06491 13.07799, 14.17984 12.3856, 14.51439 12.32354, 14.66994 12.16742, 14.54653 11.71861, 14.59377 11.49643, 14.16547 11.23833, 13.98233 11.27626, 13.56628 10.67901, 13.43492 10.15341, 13.24796 10.07941, 13.19545 9.54221, 12.86204 9.38289, 12.80571 8.8315, 12.22704 8.38631, 12.19779 7.97517, 12.02498 7.59659, 11.73663 7.26328, 11.88132 7.10205, 11.56175 6.87607, 11.50977 6.61231, 11.31949 6.43728, 11.09708 6.44912, 11.05594 6.70037, 10.83188 6.94521, 10.60254 7.05807, 10.49598 6.87467, 10.23842 6.871, 10.11946 6.99441, 9.76982 6.77372, 9.60301 6.51518, 8.85587 5.8475, 8.8937 5.62175, 8.79893 5.15963, 8.59511 4.81531, 8.59417 4.81529, 8.56861 4.82319, 8.51832 4.70405, 8.23024 4.93366, 8.35646 4.62556, 8.27906 4.54682, 7.72291 4.5117, 7.1364 4.66181, 7.17823 4.50145, 7.02369 4.39814, 6.18873 4.28099, 5.9463 4.33519, 5.5949 4.63646, 5.47543 4.84748, 5.34018 5.34394, 4.88592 6.00654, 4.40553 6.35887, 3.87029 6.43163, 2.70384 6.36835, 2.71511 6.97983, 2.77578 7.03053, 2.67222 7.8896, 2.73495 8.2119, 2.72286 8.77231, 2.76916 9.05705, 3.09131 9.12642, 3.12863 9.42958, 3.5131 9.84661, 3.65562 10.17478, 3.57242 10.2857, 3.83742 10.5999, 3.72208 11.11235, 3.48333 11.3923, 3.5964 11.69577)), ((7.30779 4.42451, 7.13803 4.39704, 7.22145 4.50666, 7.30779 4.42451)), ((7.57 4.45942, 7.35816 4.43928, 7.40455 4.49803, 7.57 4.45942)))
24;24;Africa;West Africa;cameroon;Cameroon;Anglophone Civilians in Western Cameroon by National Army and Separatist militias, Civilians in Northern Cameroon by Boko Haram;Boko Haram, Francophone Goverment;Emergency;6,8,9;3;9;OK;current;2023-08-01;Since late 2016, government security forces have been engaged in violent conflict with armed separatist groups in the anglophone region of Cameroon. This violent clash has killed at least 4,000 civilians. Simultaneously, since 2014 Boko Haram has been expanding its quest to eliminate western education and create an Islamic state in Cameroon’s far north region. At least 80 civilians have been killed as a result of Boko Harams actions from December 2020 to April 2021.;Profile details checked;https://www.genocidewatch.com/country-pages/cameroon;https://www.genocidewatch.com/_files/ugd/df1038_1838e4a594144f3cb121922eadff1258.pdf;https://www.genocidewatch.com/country-pages/cameroon;;;base_country;0;;Polygon;EPSG:4326;Existing Ten Stages corrected GeoJSON;NAME=Cameroon;Topology-simplified embedded fallback used only when the live GitHub CSV cannot be loaded.;0c8ec3b5295c0bea50bc558af4a2b61edbdcb33ef7a06c8c62235e697dbc5aea;;POLYGON ((8.59417 4.81529, 8.59511 4.81531, 8.79893 5.15963, 8.8937 5.62175, 8.85587 5.8475, 9.60301 6.51518, 9.76982 6.77372, 10.11946 6.99441, 10.23842 6.871, 10.49598 6.87467, 10.60254 7.05807, 10.83188 6.94521, 11.05594 6.70037, 11.09708 6.44912, 11.31949 6.43728, 11.50977 6.61231, 11.56175 6.87607, 11.88132 7.10205, 11.73663 7.26328, 12.02498 7.59659, 12.19779 7.97517, 12.22704 8.38631, 12.80571 8.8315, 12.86204 9.38289, 13.19545 9.54221, 13.24796 10.07941, 13.43492 10.15341, 13.56628 10.67901, 13.98233 11.27626, 14.16547 11.23833, 14.59377 11.49643, 14.54653 11.71861, 14.66994 12.16742, 14.51439 12.32354, 14.17984 12.3856, 14.06491 13.07799, 14.41817 13.08114, 14.58488 12.74635, 14.81918 12.63882, 14.9031 12.14587, 15.04945 12.08459, 15.13564 11.53082, 15.02123 11.18255, 15.06588 10.79311, 15.30142 10.31175, 15.68124 9.99128, 14.73246 9.92381, 14.1817 9.97818, 13.9476 9.63776, 14.34954 9.16836, 15.03126 8.65875, 15.1837 8.47915, 15.44074 7.83942, 15.5629 7.79245, 15.48105 7.52326, 15.22391 7.24752, 15.04221 6.79078, 14.93245 6.71029, 14.71903 6.25786, 14.3977 6.01917, 14.58477 5.92341, 14.59728 5.41148, 14.71727 4.62202, 15.00056 4.40319, 15.02599 4.02609, 15.1713 3.75897, 15.78563 3.10798, 16.09238 2.86329, 16.09031 2.51049, 16.19666 2.23645, 16.06375 2.01587, 16.14509 1.71432, 16.06985 1.65455, 16.022 1.72279, 15.75741 1.91299, 15.48291 1.97585, 15.34917 1.92329, 15.23373 2.0313, 15.15166 2.04099, 15.09162 1.98443, 14.89245 2.00639, 14.8878 2.07225, 14.857 2.11594, 14.76161 2.07018, 14.7614 2.09959, 14.72089 2.1276, 14.72048 2.09959, 14.58787 2.20173, 14.56214 2.20881, 14.53806 2.16338, 14.43295 2.13212, 13.29457 2.16106, 13.24289 2.27149, 12.7499 2.23671, 12.33401 2.30958, 11.35164 2.30058, 11.32208 2.16576, 9.991 2.16561, 9.81085 2.26488, 9.87778 2.88142, 9.95802 3.08222, 9.78094 3.43675, 9.6421 3.53905, 9.61891 3.96035, 9.31373 3.93085, 8.9712 4.10078, 8.93572 4.55329, 8.51026 4.52704, 8.59417 4.81529))
25;25;Africa;North Africa;egypt;Egypt;Muslim Brotherhood, Coptic Christians, Bedouins;"Terrorist groups,
Egyptian Governmen";Emergency;8;1;8;OK;current;2020-12-01;"The Coptic Christians are  targeted by Islamist terrorist organizations and many of their rights to worship are restricted by the Egyptian government. While the Egyptian government recognizes the right to freedom of religion, there are many restrictions on building churches and other practices. 

The Muslim Brotherhood serves as a major threat to the current Egyptian government. It was classified as a terrorist group in 2013 due to its opposition against Al-Sisi, Egypt's President. The government held mass trials for members of the Muslim Brotherhood, giving death sentences to those found guilty.

The Egyptian government instituted a resettlement plan to encourage citizens to move to the Sinai Desert, the homeland to the Bedouins, a traditionally nomadic minority. These resettlement plans would restrict their movement.";Profile details checked;https://www.genocidewatch.com/country-pages/egypt;https://d0dbb2cb-698c-4513-aa47-eba3a335e06f.filesusr.com/ugd/041a6e_34ca1b7e10e943b69326df555ef03b80.pdf;https://www.genocidewatch.com/country-pages/egypt;;;base_country;0;;MultiPolygon;EPSG:4326;Existing Ten Stages corrected GeoJSON;NAME=Egypt;Topology-simplified embedded fallback used only when the live GitHub CSV cannot be loaded.;8a9f5f435093f2b006823010f697875c257887bc2b9df510e14f668bc876750c;;MULTIPOLYGON (((33.98959 26.72028, 33.95509 26.79003, 33.9756 26.79003, 33.98959 26.72028)), ((34.88673 29.49006, 34.73658 29.30512, 34.63347 28.7707, 34.40691 28.30801, 34.42742 27.98306, 34.27174 27.81245, 34.07846 27.80069, 33.71599 28.07526, 33.56471 28.29711, 33.23764 28.56611, 33.13649 29.03461, 32.72145 29.46747, 32.57049 29.95576, 32.33766 29.59992, 32.59148 29.34951, 32.6255 28.97272, 32.86891 28.57892, 33.51254 27.95905, 33.49635 27.64663, 34.00359 26.84894, 33.94581 26.81778, 34.01401 26.61164, 34.33872 26.00178, 34.54656 25.72504, 35.23545 24.40013, 35.71748 23.99335, 35.51393 23.97712, 35.48943 23.49702, 35.62109 23.13929, 35.88596 22.73569, 36.19776 22.65168, 36.43982 22.35644, 36.89538 22.06613, 36.88364 21.99571, 34.08418 21.99545, 33.18114 21.99541, 31.43548 21.99535, 31.40406 22.22376, 31.24841 21.99437, 24.98124 21.99535, 24.98124 29.18137, 24.81164 29.89089, 24.68834 30.14416, 24.90766 30.49866, 24.99489 30.7851, 24.8595 31.14596, 24.86125 31.38036, 25.15089 31.65648, 25.40187 31.50316, 25.82407 31.61494, 26.96551 31.44965, 27.3423 31.36823, 27.89715 31.11441, 28.40496 31.08649, 29.02809 30.82705, 29.50327 30.95669, 30.06959 31.33348, 30.17945 31.27143, 30.36215 31.50873, 30.54265 31.39496, 30.98072 31.43651, 31.22096 31.5799, 31.52369 31.44965, 31.91798 31.52399, 31.76905 31.29877, 32.03712 31.21678, 32.09059 31.07966, 32.33139 31.27143, 32.60157 31.06098, 33.13331 31.04556, 33.64796 31.11725, 34.20027 31.31427, 34.24835 31.21145, 34.82436 29.7417, 34.88673 29.49006), (35.62109 23.13929, 35.42921 22.97833, 35.21209 22.78626, 35.62109 23.13929), (34.77756 22.49976, 34.82823 22.60689, 34.86195 22.68018, 34.77756 22.49976), (34.68209 22.29791, 34.42276 22.24921, 34.14748 22.19186, 34.68209 22.29791)), ((34.05128 27.44864, 33.91358 27.52375, 34.02849 27.50202, 34.05128 27.44864)), ((34.66179 27.93022, 34.73188 27.95714, 34.70469 27.90837, 34.66179 27.93022)), ((34.62045 27.92036, 34.49635 27.95515, 34.57488 27.97211, 34.62045 27.92036)), ((32.98308 31.08991, 32.98927 31.07343, 32.97511 31.08649, 32.98308 31.08991)), ((33.45436 31.15469, 33.35255 31.19489, 33.40602 31.18448, 33.45436 31.15469)), ((33.15309 31.23176, 33.07643 31.21874, 33.10475 31.2403, 33.15309 31.23176)))
26;26;Africa;North Africa;libya;Libya;Libyan civilians, Refugees, Religious minorities;Libyan Arab Armed Forces (LAAF), Militias allied with the Government of National Accord (GNA);Warning;3,5,6,8;4;8;OK;current;2024-01-01;"Instability has plagued Libya since the Arab Spring, allied invasion, and subsequent ousting of Muammar Qaddafi in 2011. Control of the country remains up in the air; although a ceasefire between the Libyan Armed Arab Forces and the Government of National Accord was signed in October 2020, the civil war is far from over. Both sides have committed war crimes and the country has seen an increase in hate speech in print, radio, and social media. 2,300 refugees are being held in detention centers, where they face extortion, torture, rape, beatings, forced labor, lack of sanitation and food, and human trafficking.";Profile details checked;https://www.genocidewatch.com/country-pages/libya;https://d0dbb2cb-698c-4513-aa47-eba3a335e06f.filesusr.com/ugd/425a5b_b72e84331a3f457da38ff74cb1ebed7f.pdf;https://www.genocidewatch.com/country-pages/libya;;;base_country;0;;Polygon;EPSG:4326;Existing Ten Stages corrected GeoJSON;NAME=Libya;Topology-simplified embedded fallback used only when the live GitHub CSV cannot be loaded.;92ea58fa440308db5ae5cb02066a29388ddffba61476d7e7c4232d2576b9e052;;POLYGON ((25.15089 31.65648, 24.86125 31.38036, 24.8595 31.14596, 24.99489 30.7851, 24.90766 30.49866, 24.68834 30.14416, 24.81164 29.89089, 24.98124 29.18137, 24.98124 21.99535, 24.98052 20.00206, 23.98131 19.99542, 23.98131 19.49612, 15.9851 23.44472, 14.97991 22.99566, 14.23172 22.61795, 13.48226 23.17967, 11.96886 23.51735, 11.56713 24.26684, 10.72067 24.5523, 10.3918 24.47998, 10.03203 24.85634, 9.9695 25.3954, 9.40116 26.11339, 9.4826 26.35255, 9.83576 26.50422, 9.91059 26.84312, 9.72135 27.29188, 9.93591 27.86672, 9.77695 28.26758, 9.85126 28.786, 9.82615 29.12853, 9.66771 29.60832, 9.28654 30.11713, 9.51971 30.22891, 9.74347 30.33133, 9.84579 30.34228, 9.87131 30.35515, 9.99565 30.49452, 10.10117 30.6417, 10.19222 30.73125, 10.25393 30.84179, 10.27015 30.91563, 10.24059 31.02116, 10.24483 31.07816, 10.1081 31.41183, 10.11688 31.49441, 10.19646 31.57859, 10.26395 31.6805, 10.31542 31.71584, 10.48254 31.7331, 10.59757 31.87351, 10.60595 31.95361, 10.68356 31.95702, 10.80562 32.03236, 10.87322 32.1367, 11.44403 32.36849, 11.5139 32.408, 11.56413 32.46549, 11.53736 32.54352, 11.44993 32.63796, 11.46378 32.79846, 11.45654 32.9021, 11.50605 33.13638, 11.84702 33.08283, 12.34832 32.83267, 12.72983 32.79857, 13.35174 32.90424, 13.57146 32.8028, 14.17555 32.71768, 14.46949 32.51903, 15.19597 32.3898, 15.37045 32.15908, 15.49041 31.66486, 15.76149 31.38813, 16.04461 31.27554, 16.72804 31.22382, 17.3659 31.08662, 18.1753 30.78608, 18.65317 30.42231, 19.05681 30.26618, 19.33855 30.29881, 19.74887 30.51093, 20.03647 30.81908, 20.14666 31.21678, 19.92066 31.71772, 20.07154 32.17642, 20.56267 32.55785, 21.09669 32.78107, 21.4546 32.81257, 21.60865 32.93073, 22.14959 32.94794, 22.51385 32.79096, 23.08644 32.64647, 23.09555 32.32355, 23.2435 32.22061, 23.66969 32.18325, 24.09067 32.00576, 24.67026 32.03242, 24.9817 31.96792, 25.15089 31.65648))
27;27;Africa;North Africa;algeria;Algeria;Kabyles (Amazigh ethnic minority);Algerian government;Watch;3,8;2;8;OK;current;2024-01-01;Algerian authorities have severely repressed the Amazigh community. Over 300 people have been arbitrarily arrested on political charges and have reported excessive use of force, brutal interrogation tactics, and extended solitary confinement. The Amazigh, a third of the population, face discrimination and harassment for their former association with the French during its occupation of Algeria.;Profile details checked;https://www.genocidewatch.com/country-pages/algeria;https://www.genocidewatch.com/_files/ugd/425a5b_f8c2c7a364d641228eedac254b20ef4f.pdf;https://www.genocidewatch.com/country-pages/algeria;;;base_country;0;;Polygon;EPSG:4326;Existing Ten Stages corrected GeoJSON;NAME=Algeria;Topology-simplified embedded fallback used only when the live GitHub CSV cannot be loaded.;6e1c513e1d5494e5e0a8aadb6c870bffd6e8c6ff7afe9aca397736fc978df7bd;;POLYGON ((-4.82161 24.99506, -5.51596 25.42326, -8.68239 27.28542, -8.68239 28.6659, -8.38349 28.90578, -7.61945 29.38942, -7.34961 29.38344, -7.14693 29.50924, -6.78351 29.44634, -6.69965 29.51623, -5.75616 29.61407, -5.5395 29.52322, -5.27393 29.88664, -4.87556 30.18017, -4.62397 30.285, -4.37237 30.50864, -3.64553 30.71132, -3.55467 30.95593, -3.81922 31.31886, -3.67348 31.38923, -3.65951 31.64782, -2.82784 31.79459, -2.93873 32.04864, -2.51615 32.1322, -1.24956 32.08166, -1.21798 32.39262, -1.0475 32.51701, -1.42335 32.7424, -1.49952 33.06021, -1.67423 33.23797, -1.61274 33.52147, -1.74074 33.6866, -1.67475 34.10596, -1.80963 34.37245, -1.70297 34.47968, -1.87112 34.59665, -1.76953 34.74134, -2.19379 35.0036, -2.22256 35.0893, -1.76114 35.12962, -1.26773 35.39033, -1.19034 35.56615, -0.82502 35.76854, -0.68261 35.71735, -0.34854 35.90705, -0.12389 35.78693, 0.12729 36.05077, 1.04477 36.48688, 2.63299 36.60513, 2.93312 36.80858, 3.4607 36.77509, 3.82748 36.91291, 4.78712 36.89541, 5.23585 36.65095, 5.46485 36.66523, 5.7588 36.8334, 6.19703 36.90233, 6.33872 37.06928, 6.90943 36.89305, 7.15699 36.9147, 7.38347 37.08299, 7.79859 36.9936, 7.90846 36.84955, 8.23316 36.95808, 8.49757 36.9042, 8.60251 36.93951, 8.64255 36.8485, 8.52008 36.79791, 8.4067 36.76799, 8.40794 36.64262, 8.16992 36.52583, 8.16785 36.49137, 8.34924 36.44878, 8.3544 36.35091, 8.30231 36.20234, 8.24723 35.90732, 8.24144 35.82774, 8.25767 35.75033, 8.32361 35.65219, 8.33673 35.50838, 8.29002 35.40259, 8.3174 35.28947, 8.4313 35.24173, 8.31368 35.10308, 8.25901 34.94066, 8.26655 34.75028, 8.23648 34.64765, 8.09406 34.53014, 7.83154 34.41439, 7.77428 34.26096, 7.63145 34.1991, 7.51745 34.09503, 7.50371 34.06797, 7.50061 33.99426, 7.47983 33.8939, 7.50546 33.78285, 7.69315 33.45411, 7.70969 33.27815, 7.75072 33.20766, 7.87195 33.18413, 8.08682 33.09429, 8.28288 32.83637, 8.29642 32.80441, 8.31957 32.5606, 8.35999 32.50101, 8.48267 32.43479, 9.01989 32.10486, 9.04501 32.07184, 9.51971 30.22891, 9.28654 30.11713, 9.66771 29.60832, 9.82615 29.12853, 9.85126 28.786, 9.77695 28.26758, 9.93591 27.86672, 9.72135 27.29188, 9.91059 26.84312, 9.83576 26.50422, 9.4826 26.35255, 9.40116 26.11339, 9.9695 25.3954, 10.03203 24.85634, 10.3918 24.47998, 10.72067 24.5523, 11.56713 24.26684, 11.96886 23.51735, 7.48273 20.87258, 5.83761 19.47863, 5.74934 19.4337, 4.22861 19.14224, 3.30836 18.98168, 3.10268 19.15356, 3.25099 19.36546, 3.21679 19.79406, 2.946 19.94165, 2.4004 20.05655, 2.18243 20.2785, 1.89139 20.23179, 1.64396 20.52268, 1.16854 20.73346, 1.14652 21.10171, -4.51602 24.80399, -4.82161 24.99506))
28;28;Africa;North Africa;tunisia;Tunisia;"Black Africans

Refugees, migrants, & asylum seekers

Opposition politicians & government critics";"Saied administration officials

Police & National Guard officers";Warning;1,3,4,6,8;5;8;OK;current;2023-11-30;Tunisia has become the primary country of transit for migrants and refugees from Sub-Saharan Africa and Syria, which a severe economic crisis has exacerbated. This surge in migration has triggered a racist backlash from the Tunisian government, with the Tunisian police and National Guard targeting migrants and refugees with beatings, arbitrary arrests, and expulsion. Tunisian residents of African origin have also been subject to mob attacks and arbitrary detention by police.;Profile details checked;https://www.genocidewatch.com/de/country-pages/tunisia;https://d0dbb2cb-698c-4513-aa47-eba3a335e06f.filesusr.com/ugd/1d291b_622c8b709c3141789ce74073b1934949.pdf;https://www.genocidewatch.com/de/country-pages/tunisia;;;base_country;0;;MultiPolygon;EPSG:4326;Natural Earth v5.1.1 — ne_50m_admin_0_countries;NAME=Tunisia;Topology-simplified embedded fallback used only when the live GitHub CSV cannot be loaded.;4e72a603a20e17ce618f446afaeee2224a99387c8c2bbecf29178d872a059010;;MULTIPOLYGON (((11.50459 33.181934, 11.467188 32.965723, 11.453906 32.642578, 11.50498 32.413672, 10.826367 32.080664, 10.306055 31.704834, 10.159863 31.545801, 10.114941 31.46377, 10.243359 31.032129, 10.216406 30.783203, 9.89502 30.387305, 9.51875 30.229395, 9.044043 32.072363, 8.333398 32.543604, 8.210938 32.926709, 7.731348 33.268506, 7.534375 33.71792, 7.495605 33.976514, 7.513867 34.080518, 7.748535 34.254492, 7.838281 34.410303, 8.123438 34.563916, 8.245605 34.734082, 8.394238 35.203857, 8.245703 35.870557, 8.34873 36.367969, 8.208789 36.495117, 8.60127 36.833936, 8.576563 36.937207, 8.823535 36.997607, 9.141992 37.194629, 9.687988 37.340381, 10.196387 37.205859, 10.18877 37.033887, 10.412305 36.731836, 10.571289 36.879443, 11.053906 37.07251, 11.12666 36.874072, 10.798145 36.493115, 10.525684 36.32334, 10.476562 36.175146, 10.59082 35.887256, 11.004297 35.633838, 11.120117 35.240283, 10.866211 34.884326, 10.534863 34.544727, 10.064844 34.211621, 10.158984 33.850049, 10.454297 33.6625, 10.713184 33.689014, 10.722754 33.514404, 10.958008 33.626318, 11.08457 33.562891, 11.202637 33.249219, 11.50459 33.181934)), ((11.278027 34.753809, 11.123633 34.681689, 11.254883 34.820312, 11.278027 34.753809)), ((10.857422 33.687158, 10.745215 33.888672, 11.037598 33.785059, 10.857422 33.687158)))
30;30;Africa;North Africa;mauritania;Mauritania;Black Mauritanians (Haratins and other black ethnic groups such as Halpulaar, Soninké, Wolof, Bambara);Mauritanian government, Bidhans (Arab-Berber elites), slave-owning class, state institutions;Warning;3,4,6,8;4;8;OK;current;2023-01-01;90,000 remain enslaved. The Arab elite (Bidhans) are their owners. Although slavery was outlawed and made a criminal offense in 2007, no slaveholders are prosecuted.;Profile details checked;https://www.genocidewatch.com/country-pages/mauritania;https://www.genocidewatch.com/_files/ugd/df1038_312fccabd5cd454ca9b8f276ef4259a8.pdf;https://www.genocidewatch.com/country-pages/mauritania;;;base_country;0;;MultiPolygon;EPSG:4326;Existing Ten Stages corrected GeoJSON;NAME=Mauritania;Topology-simplified embedded fallback used only when the live GitHub CSV cannot be loaded.;b65f242b9a8acdceccdd33d39243ad8167339bd5271b0c31d6ca147d3bcfc439;;MULTIPOLYGON (((-8.68239 27.28542, -5.51596 25.42326, -4.82161 24.99506, -6.59311 24.99413, -5.94912 19.49553, -5.62335 16.52783, -5.35329 16.31198, -5.51095 15.4942, -9.34922 15.49564, -9.8356 15.3711, -10.30875 15.43521, -10.73637 15.42263, -10.91517 15.1029, -11.40956 15.6022, -11.72706 15.54117, -11.84565 15.17907, -11.82038 14.89997, -12.0704 14.7344, -12.26413 14.77494, -12.47151 14.998, -12.63227 15.10544, -12.69031 15.09239, -12.85678 15.22199, -12.96432 15.50916, -13.08958 15.49704, -13.39458 16.05928, -13.48493 16.15498, -13.67593 16.10692, -13.85277 16.13349, -14.0156 16.35585, -14.34325 16.63666, -14.93094 16.64338, -14.9743 16.69139, -15.01337 16.66658, -15.01874 16.64612, -15.07889 16.66498, -15.11827 16.6426, -15.09321 16.60018, -15.60966 16.52132, -16.07403 16.50489, -16.10307 16.53956, -16.13227 16.55475, -16.3274 16.47455, -16.52733 15.97736, -16.45922 16.64395, -16.1726 17.26236, -16.02416 17.96015, -16.06941 18.48404, -16.20458 18.98273, -16.52184 19.39643, -16.23379 19.79365, -16.29796 19.92251, -16.1997 20.21516, -16.42955 20.64423, -16.66503 20.67056, -16.91759 21.15917, -17.08117 20.87475, -16.95883 21.33286, -13.01525 21.33343, -13.09333 22.49548, -13.1655 22.7527, -13.01525 23.018, -12.61943 23.27083, -12.01531 23.49518, -12.01531 25.9949, -8.70722 25.995, -8.68081 26.01314, -8.68239 27.28542)), ((-16.33682 19.8557, -16.43248 19.60126, -16.46398 19.68464, -16.33682 19.8557)), ((-16.32091 19.7285, -16.30163 19.7226, -16.39452 19.59992, -16.32091 19.7285)), ((-16.46959 19.72997, -16.48424 19.67772, -16.4969 19.70551, -16.46959 19.72997)), ((-16.4464 20.60733, -16.44811 20.57453, -16.47423 20.59418, -16.4464 20.60733)))
31;31;Africa;Southern Africa;angola;Angola;Cabindans, Indiginous groups, Religious minorities;Angolan government;Watch;3,6;2;6;OK;current;2021-08-01;"Since the Angola gained independence in 1975, a struggle for power remains prevalent between the People's Movement for the Liberation of Angola (MPLA) and the National Union for the Total Independence of Angola (UNITA).  In this conflict, the reigning MPLA has posed many attacks against protestors and threats to their power, including Cabindans. Civil liberties are also at risk as unregistered religious minorities are unable to assemble and practice. 

Recently, the Angolan government imposed restrictions during the COVID-19 pandemic, which security forces have implemented using excessive force and brutality.";Profile details checked;https://www.genocidewatch.com/country-pages/angola;https://www.genocidewatch.com/_files/ugd/d73fc0_b6f1cb08fe784a6c8c38134f58a8a634.pdf;https://www.genocidewatch.com/country-pages/angola;;;base_country;0;;MultiPolygon;EPSG:4326;Existing Ten Stages corrected GeoJSON;NAME=Angola;Topology-simplified embedded fallback used only when the live GitHub CSV cannot be loaded.;c008fb38e3a0e030d48a24a6b49c827ab784b9d4468fdb529716aea217309b11;;MULTIPOLYGON (((23.96746 -10.87231, 24.06109 -11.39496, 23.95991 -11.61717, 23.9596 -12.19667, 24.03081 -12.38508, 23.86565 -12.78971, 24.00063 -13.00148, 21.97988 -13.00148, 21.9838 -16.16589, 22.10814 -16.54395, 22.33365 -16.67366, 22.75585 -17.15487, 22.99863 -17.29378, 23.38165 -17.64114, 21.40555 -18.00929, 21.21662 -17.93064, 20.8062 -18.0314, 20.33615 -17.85488, 20.03426 -17.89591, 19.02057 -17.82232, 18.76199 -17.7477, 18.44573 -17.38927, 14.20743 -17.38803, 13.94275 -17.40819, 13.52132 -17.1219, 13.49466 -17.02402, 13.16631 -16.95106, 12.88715 -17.02981, 12.55456 -17.23559, 12.02891 -17.14898, 11.76612 -17.2527, 11.82195 -16.4791, 11.7518 -15.79909, 11.99204 -15.61728, 12.05641 -15.23309, 12.27272 -14.75058, 12.32879 -14.09222, 12.50245 -13.85524, 12.51271 -13.44207, 12.94483 -12.98235, 12.93946 -12.81666, 13.17856 -12.60174, 13.36402 -12.59271, 13.63982 -12.24871, 13.79461 -11.7702, 13.84653 -11.1137, 13.75294 -10.64617, 13.19858 -9.70867, 13.17066 -9.40252, 12.99635 -9.09385, 13.19801 -8.82317, 13.38014 -8.75506, 13.3694 -8.3235, 12.84996 -7.26592, 12.82879 -6.90455, 12.62043 -6.73482, 12.27506 -6.11477, 12.74254 -6.04936, 13.18385 -5.85646, 14.70373 -5.8814, 16.31573 -5.85463, 16.59736 -5.9247, 16.72676 -6.18918, 16.7681 -6.70832, 16.92696 -6.88857, 16.9961 -7.29795, 17.0825 -7.34229, 17.54428 -8.08478, 18.1766 -7.9992, 19.35554 -8.00199, 19.35564 -7.57411, 19.51315 -7.47944, 19.52184 -7.00195, 20.2943 -7.00195, 20.61149 -6.91596, 20.52054 -7.28638, 21.78495 -7.28338, 21.8541 -7.586, 21.7585 -8.01512, 21.93595 -8.41303, 21.85988 -8.84638, 21.8541 -9.61781, 22.15992 -9.93149, 22.3134 -10.36856, 22.30968 -10.76978, 22.1655 -10.85236, 22.23764 -11.24954, 22.53757 -11.03715, 23.01434 -11.10247, 23.49482 -10.96429, 23.83372 -11.02847, 23.96746 -10.87231)), ((12.21054 -5.76344, 12.50898 -5.72626, 12.53069 -5.16268, 12.44439 -5.05509, 12.8332 -4.72266, 13.0737 -4.63532, 13.02719 -4.61217, 12.85428 -4.40309, 12.37762 -4.61941, 12.20409 -4.76348, 12.00961 -5.01963, 12.23219 -5.47959, 12.21054 -5.76344)), ((11.72666 -16.65663, 11.67137 -16.52974, 11.71975 -16.50608, 11.72666 -16.65663)))
32;32;Africa;Southern Africa;namibia;Namibia;Herero people, Nama people;German colonial government, Schutztruppen under General Lothar von Trotha, German scientists (e.g., Eugen Fischer);Watch;10;1;10;OK;historical;;The German Empire in the early 20th century colonized Namibia calling the acquired territory German Southwest Africa. From 1904-1908, The German Imperial Army under General Lothar Von Trotha conducted a mass extermination campaign against the Herero and Nama people.;Profile details checked;https://www.genocidewatch.com/country-pages/namibia;https://d0dbb2cb-698c-4513-aa47-eba3a335e06f.filesusr.com/ugd/09ea84_a1ffa50314c14330a16042626a6ca3a9.pdf;https://www.genocidewatch.com/country-pages/namibia;;;base_country;0;;Polygon;EPSG:4326;Existing Ten Stages corrected GeoJSON;NAME=Namibia;Topology-simplified embedded fallback used only when the live GitHub CSV cannot be loaded.;4a699242279f5375e8fe20a7f4c49afca4f640d8ebaf138d07b73009ea61b2c3;;POLYGON ((16.48707 -28.57293, 16.34685 -28.55608, 15.68426 -27.94988, 15.29526 -27.32244, 15.23422 -26.96543, 15.08302 -26.69525, 15.12875 -26.45761, 14.96632 -26.33522, 14.97901 -26.05877, 14.84278 -25.7636, 14.78077 -24.8034, 14.6019 -24.56243, 14.47364 -24.15911, 14.51393 -23.89227, 14.49195 -23.30918, 14.41017 -22.9708, 14.53435 -22.85418, 14.50856 -22.54803, 14.38649 -22.27646, 13.95232 -21.78395, 13.83172 -21.45648, 13.38722 -20.81609, 13.15463 -20.15423, 12.7046 -19.41082, 12.56739 -19.10231, 12.28688 -18.69769, 12.03189 -18.50535, 11.84908 -18.14318, 11.71762 -17.54632, 11.76612 -17.2527, 12.02891 -17.14898, 12.55456 -17.23559, 12.88715 -17.02981, 13.16631 -16.95106, 13.49466 -17.02402, 13.52132 -17.1219, 13.94275 -17.40819, 14.20743 -17.38803, 18.44573 -17.38927, 18.76199 -17.7477, 19.02057 -17.82232, 20.03426 -17.89591, 20.33615 -17.85488, 20.8062 -18.0314, 21.21662 -17.93064, 21.40555 -18.00929, 23.38165 -17.64114, 24.22046 -17.4795, 24.95799 -17.55174, 25.25978 -17.79411, 24.95334 -17.78842, 24.50561 -18.06034, 24.42159 -17.95647, 24.18305 -18.02944, 23.59218 -18.4782, 23.31148 -18.0098, 22.98137 -18.02004, 21.47572 -18.2995, 20.97508 -18.31935, 20.9848 -21.96398, 20.97198 -22.00067, 19.97835 -22.00067, 19.98145 -24.75249, 19.9832 -28.39268, 19.56876 -28.53118, 19.28888 -28.871, 19.08166 -28.95937, 18.74566 -28.83989, 18.16647 -28.9019, 17.91325 -28.78129, 17.40362 -28.70429, 17.34574 -28.22763, 17.0978 -28.03116, 16.89295 -28.08263, 16.80386 -28.36612, 16.48707 -28.57293))
33;33;Africa;Southern Africa;zimbabwe;Zimbabwe;Ndebele people, political opposition, women and girls, LGBTQ+ individuals;ZANU-PF government, Fifth Brigade, President Emmerson Mnangagwa;Watch;3,10;2;10;OK;historical;2023-01-01;State security forces violently arrest, rape, and kill civilians protesting unfair elections, political oppression, fuel prices, food shortages, and COVID-19 restrictions. The Zimbabwean government also continues to deny the 1983-1987 Gukurahundi genocide, during which the Zimbabwe National Army killed more than 20,000 Matabele civilians;Profile details checked;https://www.genocidewatch.com/country-pages/zimbabwe;https://www.genocidewatch.com/_files/ugd/df1038_630718d1d3d843eb9714ad85f8c0eced.pdf;https://www.genocidewatch.com/country-pages/zimbabwe;;;base_country;0;;Polygon;EPSG:4326;Existing Ten Stages corrected GeoJSON;NAME=Zimbabwe;Topology-simplified embedded fallback used only when the live GitHub CSV cannot be loaded.;f83bb2ac1409c39e0f69e6ee2bed75ea2255f71547bdbbf37301a92ba7d9c1fa;;POLYGON ((25.25978 -17.79411, 25.68141 -17.81147, 25.97855 -17.99895, 26.20303 -17.88723, 26.71194 -18.06582, 27.04846 -17.94428, 27.15708 -17.7693, 27.57731 -17.36313, 27.7773 -17.00118, 28.28011 -16.70652, 28.73285 -16.55811, 28.85724 -16.3882, 28.86034 -16.04941, 29.40697 -15.71423, 29.83733 -15.61481, 30.39626 -15.636, 30.40257 -16.00124, 31.25998 -16.02347, 31.40457 -16.16227, 31.68611 -16.20723, 31.91028 -16.42892, 32.29046 -16.45176, 32.96851 -16.68162, 32.82878 -16.93514, 33.02246 -17.36147, 32.93688 -17.87503, 33.03497 -18.33289, 32.87074 -18.53577, 32.88521 -18.78784, 32.69142 -18.83425, 32.69106 -19.01429, 32.86226 -19.11806, 32.76335 -19.46398, 32.83105 -19.68515, 33.03279 -19.78417, 33.00727 -20.03201, 32.64646 -20.55797, 32.51314 -20.56458, 32.49722 -20.8981, 32.33981 -21.13406, 32.40854 -21.29033, 31.43382 -22.30205, 31.28892 -22.39734, 30.83789 -22.28231, 30.30077 -22.33698, 29.75889 -22.1309, 29.35007 -22.18671, 29.07076 -22.051, 29.03872 -21.79789, 28.6297 -21.65134, 28.03289 -21.57785, 27.67478 -21.09013, 27.69813 -20.50908, 27.26839 -20.49575, 27.21491 -20.11045, 26.73096 -19.93589, 26.13027 -19.50108, 25.95653 -19.12209, 25.94072 -18.92127, 25.76192 -18.63033, 25.5085 -18.39913, 25.22609 -17.93188, 25.25978 -17.79411))
34;34;Africa;Southern Africa;malawi;Malawi;"Regional Ethnic Minorities 

LGBTQ+ persons

Women and girls";State Actors;Watch;1,2,3,4;4;4;OK;current;2025-10-01;Although Malawi remains a stable and peaceful democracy, ethnic favoritism by political leaders has resulted in deep animosity between its three provinces. Elections in 2025 saw the return of former President Mutharika to Malawi's State House, who has further such favoritism in the past. Meanwhile, Malawi is suffering from a prolonged economic depression and nearly 80% of the country remains impoverished. The government remains hostile towards Malawi's significant LGBTQ+ community and has neglected much needed immigrant reform.;Profile details checked;https://www.genocidewatch.com/de/country-pages/malawi;https://d0dbb2cb-698c-4513-aa47-eba3a335e06f.filesusr.com/ugd/b82de0_82daacf9bec844279f2aac5cb6add916.pdf;https://www.genocidewatch.com/de/country-pages/malawi;;;base_country;0;;MultiPolygon;EPSG:4326;Natural Earth v5.1.1 — ne_50m_admin_0_countries;NAME=Malawi;Topology-simplified embedded fallback used only when the live GitHub CSV cannot be loaded.;c7499376f6a3f8d61b86edfcff72e0503b50d9ab112cadbb4ba68ede5505f176;;MULTIPOLYGON (((34.662109 -12.100781, 34.679883 -12.008887, 34.755957 -12.030762, 34.662109 -12.100781)), ((34.641602 -12.013672, 34.580469 -12.06582, 34.541602 -12.018652, 34.641602 -12.013672)), ((32.99209 -14.022168, 32.67207 -13.610352, 32.967578 -13.225, 33.021582 -12.630469, 33.397949 -12.489844, 33.252344 -12.112598, 33.300977 -11.888184, 33.226367 -11.534863, 33.379785 -11.15791, 33.261328 -10.893359, 33.659082 -10.590527, 33.528906 -10.234668, 33.311523 -10.037988, 33.350977 -9.862207, 33.195703 -9.626172, 32.995996 -9.622852, 32.919922 -9.407422, 33.420898 -9.608008, 33.943945 -9.672168, 33.995605 -9.49541, 34.320898 -9.731543, 34.524219 -10.030176, 34.66709 -10.79248, 34.597656 -11.0375, 34.959473 -11.578125, 34.618555 -11.620215, 34.524805 -11.887012, 34.36084 -12.210547, 34.46582 -12.590723, 34.563672 -13.360156, 34.611523 -13.437891, 35.013867 -13.643457, 35.488477 -14.201074, 35.847168 -14.670898, 35.892773 -14.891797, 35.839941 -15.034668, 35.805371 -15.265625, 35.791211 -15.958691, 35.708887 -16.095801, 35.599316 -16.125879, 35.358496 -16.160547, 35.291504 -16.247168, 35.167188 -16.560254, 35.229785 -16.639258, 35.281152 -16.807813, 35.29043 -17.096973, 35.094238 -16.973828, 35.015332 -16.819531, 34.933398 -16.760352, 34.758789 -16.56709, 34.612695 -16.431543, 34.528125 -16.319141, 34.441309 -16.274414, 34.375977 -16.02373, 34.246094 -15.829395, 34.358008 -15.705273, 34.434961 -15.477148, 34.54082 -15.297266, 34.557617 -15.015918, 34.505273 -14.598145, 34.375 -14.424805, 34.33252 -14.408594, 34.101855 -14.449316, 34.049414 -14.485254, 33.696094 -14.530273, 33.636426 -14.568164, 33.505273 -14.434082, 33.389941 -14.289453, 33.243555 -14.043066, 32.99209 -14.022168)))
35;35;Africa;Southern Africa;mozambique;Mozambique;Muslim Mwani civilians, children (as child soldiers), displaced civilians in Cabo Delgado;Al-Shabab insurgents (ISIS affiliate), Mozambican security forces (in counterinsurgency operations);Emergency;5,8;2;8;OK;current;2026-06-01;Mozambique is under attack from an Islamic State (ISIS) insurgency in the northern province of Cabo Delgado. The terrorists are locally known as Al-Shabab, but they have few connections to the Somali terrorists with the same name. The group has carried out beheadings, destroyed schools and hospitals, and abducted children.;Profile details checked;https://www.genocidewatch.com/country-pages/mozambique;https://d0dbb2cb-698c-4513-aa47-eba3a335e06f.filesusr.com/ugd/0df67a_b8edeeb45b954099a40112dc13c9733e.pdf;https://www.genocidewatch.com/country-pages/mozambique;;;base_country;0;;MultiPolygon;EPSG:4326;Existing Ten Stages corrected GeoJSON;NAME=Mozambique;Topology-simplified embedded fallback used only when the live GitHub CSV cannot be loaded.;97e1b473ea5a422e97d9a8d8151f3bab08d1a6e16a3797cf7e84e71b6056bf5b;;MULTIPOLYGON (((32.11388 -26.84001, 32.03988 -26.28367, 32.07058 -26.00978, 31.94924 -25.9581, 31.99162 -25.65022, 31.98655 -24.42311, 31.85581 -23.94655, 31.52147 -23.41557, 31.53635 -23.15698, 31.28892 -22.39734, 31.43382 -22.30205, 32.40854 -21.29033, 32.33981 -21.13406, 32.49722 -20.8981, 32.51314 -20.56458, 32.64646 -20.55797, 33.00727 -20.03201, 33.03279 -19.78417, 32.83105 -19.68515, 32.76335 -19.46398, 32.86226 -19.11806, 32.69106 -19.01429, 32.69142 -18.83425, 32.88521 -18.78784, 32.87074 -18.53577, 33.03497 -18.33289, 32.93688 -17.87503, 33.02246 -17.36147, 32.82878 -16.93514, 32.96851 -16.68162, 32.29046 -16.45176, 31.91028 -16.42892, 31.68611 -16.20723, 31.40457 -16.16227, 31.25998 -16.02347, 30.40257 -16.00124, 30.39626 -15.636, 30.36918 -15.37472, 30.21447 -14.98146, 30.81577 -14.76824, 31.41088 -14.63358, 31.65841 -14.51958, 33.20271 -14.01387, 33.28022 -14.06079, 33.29056 -14.15691, 33.64485 -14.60174, 33.7204 -14.48971, 34.05077 -14.49519, 34.10958 -14.44144, 34.34408 -14.38739, 34.5018 -14.5757, 34.58417 -14.98446, 34.56908 -15.27116, 34.41013 -15.48128, 34.40403 -15.64685, 34.34181 -15.73087, 34.24714 -15.79413, 34.23319 -15.88983, 34.44599 -16.29322, 34.52474 -16.30076, 34.65497 -16.48938, 35.00451 -16.81463, 35.09577 -16.81732, 35.0813 -17.12407, 35.29193 -17.12934, 35.27819 -16.70074, 35.13194 -16.53765, 35.25876 -16.27151, 35.37462 -16.14098, 35.69759 -16.10749, 35.77004 -16.05881, 35.84053 -15.4172, 35.78451 -15.1952, 35.9043 -14.88689, 35.85304 -14.66748, 35.45575 -14.13697, 35.08409 -13.70423, 34.89444 -13.53473, 34.57818 -13.39841, 34.54531 -13.32575, 34.49446 -12.68739, 34.35401 -12.19946, 34.56381 -11.8309, 34.60712 -11.59113, 34.96461 -11.57356, 35.57626 -11.60518, 35.82637 -11.41346, 36.16806 -11.57872, 36.19968 -11.70151, 36.56297 -11.73127, 36.82011 -11.57356, 37.42782 -11.72259, 37.78367 -11.55888, 37.87524 -11.3191, 38.25661 -11.27714, 38.49225 -11.41346, 38.89626 -11.16769, 39.28662 -11.15415, 39.48269 -10.99922, 40.00813 -10.81112, 40.43686 -10.47479, 40.62029 -10.84092, 40.42945 -11.64153, 40.53688 -11.99684, 40.4922 -12.2501, 40.5892 -12.95794, 40.5394 -13.63641, 40.6963 -14.18255, 40.65659 -14.44915, 40.84254 -14.46445, 40.83546 -14.80234, 40.60963 -15.16131, 40.58839 -15.47763, 40.16456 -15.91562, 39.99236 -16.22243, 39.78338 -16.30193, 39.69825 -16.53216, 39.12916 -16.86785, 39.09051 -16.98382, 38.59547 -17.09441, 37.90886 -17.35516, 37.08644 -17.86907, 36.88738 -18.18906, 36.4795 -18.57643, 36.41619 -18.775, 36.13307 -18.80413, 35.66228 -19.13299, 35.1268 -19.70501, 34.74334 -19.89007, 34.77687 -20.13502, 34.66456 -20.42848, 34.99334 -20.73016, 35.12013 -20.9664, 35.02491 -21.08489, 35.27101 -21.64414, 35.33579 -22.08913, 35.31153 -22.41302, 35.47739 -22.09149, 35.54225 -22.40993, 35.52076 -22.90765, 35.39479 -23.84189, 35.54322 -23.86321, 35.4935 -24.11053, 35.10646 -24.59791, 34.64894 -24.81276, 33.72918 -25.10508, 33.15309 -25.36582, 32.87273 -25.54388, 32.68702 -25.88592, 32.51661 -25.94997, 32.84246 -26.28867, 32.95444 -26.07887, 32.89308 -26.84612, 32.11388 -26.84001), (34.65621 -12.09724, 34.68897 -12.12453, 34.76235 -12.0403, 34.75419 -12.02014, 34.65621 -12.09724), (34.54407 -12.01136, 34.59606 -12.07192, 34.64122 -12.01787, 34.54407 -12.01136)), ((39.94358 -16.27927, 39.9033 -16.40981, 39.83235 -16.29977, 39.94358 -16.27927)), ((35.46957 -21.54909, 35.49073 -21.64186, 35.42661 -21.74896, 35.46957 -21.54909)), ((32.89536 -26.02842, 32.9826 -25.96901, 32.94939 -26.05397, 32.89536 -26.02842)))
36;36;Africa;Southern Africa;south-africa;South Africa;Immigrants (especially African migrants), white farmers;Economic Freedom Front, South African Police Service (SAPS), Metro Police, xenophobic mobs;Watch;6;1;6;OK;current;2021-04-01;South Africa still is a product of British colonial and apartheid policies instituted by the white supremacist government. Police brutality is rampant, with almost 400 deaths, 124 cases of rape, and 270 cases of torture in 2019 alone. Xenophobic attacks on African immigrants, as well as murders of white farmers, continue with impunity.;Profile details checked;https://www.genocidewatch.com/country-pages/south-africa;;https://www.genocidewatch.com/country-pages/south-africa;;;base_country;0;;MultiPolygon;EPSG:4326;Existing Ten Stages corrected GeoJSON;NAME=South Africa;Topology-simplified embedded fallback used only when the live GitHub CSV cannot be loaded.;007f484a8f2206c73920cb742f6a56238369b6e3a5ff0b175b93583b3d33e0a6;;MULTIPOLYGON (((19.98145 -24.75249, 20.36489 -25.0332, 20.612 -25.431, 20.84145 -26.13132, 20.62254 -26.42753, 20.69076 -26.89179, 20.85188 -26.80653, 21.12246 -26.86534, 21.68718 -26.85521, 21.78061 -26.67816, 22.0577 -26.6176, 22.25728 -26.34092, 22.54511 -26.20739, 22.71937 -25.98425, 22.84463 -25.48113, 23.007 -25.31081, 23.45927 -25.28218, 23.92477 -25.62924, 24.79862 -25.82922, 25.05173 -25.73786, 25.38649 -25.74354, 25.58725 -25.61952, 25.87675 -24.88603, 25.86837 -24.74815, 26.40436 -24.63281, 26.84971 -24.24813, 27.00417 -23.64584, 27.34999 -23.39149, 27.75363 -23.22075, 27.9375 -22.96382, 28.33856 -22.58462, 28.91253 -22.45367, 29.04782 -22.2203, 29.35007 -22.18671, 29.75889 -22.1309, 30.30077 -22.33698, 30.83789 -22.28231, 31.28892 -22.39734, 31.53635 -23.15698, 31.52147 -23.41557, 31.85581 -23.94655, 31.98655 -24.42311, 31.99162 -25.65022, 31.94924 -25.9581, 31.83457 -25.98208, 31.4269 -25.74365, 31.11984 -25.91005, 30.78291 -26.47239, 30.80244 -26.80891, 31.15704 -27.20557, 31.52653 -27.31089, 31.96826 -27.31626, 31.99007 -26.80829, 32.11388 -26.84001, 32.89308 -26.84612, 32.67652 -27.52068, 32.54396 -28.19012, 32.37941 -28.55283, 32.01205 -28.86647, 31.75213 -28.96624, 31.18686 -29.56032, 31.05828 -29.89593, 30.91993 -30.01849, 30.39234 -30.8471, 30.00994 -31.29225, 29.39186 -31.73553, 28.87037 -32.28704, 27.89715 -33.03997, 27.14308 -33.47942, 26.51515 -33.7553, 25.95525 -33.71087, 25.67905 -33.79518, 25.70436 -34.02068, 24.95289 -33.98512, 24.85792 -34.18694, 24.47853 -34.15781, 24.1631 -34.05478, 23.63551 -33.97967, 23.40838 -34.11004, 22.93605 -34.0827, 22.56398 -33.99725, 22.15284 -34.09368, 22.14772 -34.17832, 21.70265 -34.39056, 21.34897 -34.4192, 20.91342 -34.36045, 20.84108 -34.46502, 20.52442 -34.45428, 19.95346 -34.80869, 19.64243 -34.77207, 19.27768 -34.40651, 18.80828 -34.36468, 18.85816 -34.15032, 18.55502 -34.07383, 18.47006 -34.34743, 18.31625 -34.15748, 18.48878 -33.86297, 18.30738 -33.47926, 18.14617 -33.35589, 18.0232 -33.01434, 17.84392 -32.81463, 18.27312 -32.64756, 18.34938 -32.26035, 18.17286 -31.66326, 17.89373 -31.34482, 17.28199 -30.34775, 17.05633 -29.67645, 16.80877 -29.0783, 16.60035 -28.85752, 16.48707 -28.57293, 16.80386 -28.36612, 16.89295 -28.08263, 17.0978 -28.03116, 17.34574 -28.22763, 17.40362 -28.70429, 17.91325 -28.78129, 18.16647 -28.9019, 18.74566 -28.83989, 19.08166 -28.95937, 19.28888 -28.871, 19.56876 -28.53118, 19.9832 -28.39268, 19.98145 -24.75249), (28.6343 -28.57076, 28.15495 -28.70233, 28.01873 -28.85684, 27.74743 -28.90862, 27.41763 -29.39655, 27.01487 -29.62558, 27.31278 -30.1316, 27.74361 -30.6003, 28.07878 -30.6588, 28.21603 -30.2674, 28.36409 -30.15929, 28.86003 -30.06638, 29.15065 -29.91114, 29.1613 -29.66692, 29.43591 -29.34239, 29.20843 -29.06892, 28.6343 -28.57076)), ((37.66245 -46.82855, 37.89576 -46.88991, 37.61883 -46.95436, 37.66245 -46.82855)), ((37.86109 -46.63616, 37.94557 -46.59832, 37.97641 -46.64471, 37.86109 -46.63616)))
37;37;Middle East;Middle East;iraq;Iraq;Journalists, human rights defenders, Yazidis, ethnic and religious minorities (Christians, Assyrians, Turkmen, Shabak, Mandeans, Armenians, Kakai), women, LGBTQ+ individuals;Iraqi government, Iraqi security forces, Kurdistan Regional Government (KRG), Iranian-backed militias, ISIS, armed gangs;Emergency;3,4,5,6,8;5;8;OK;current;2022-07-01;Disunity coupled with communalist violence have laid fertile grounds for a nation in which most of the main ethnic and religious groups face genocidal processes. Currently, Shi'ites, Yazidis and Christians are reeling from genocide faced under ISIS while Sunni Muslims suffer forced disappearences  at the hands of Shi'ite militias. ISIS also enforced the death penalty for homosexuality until its official defeat in 2019. The persecution of LGBTQIA+ people and women in Iraq continues. Activist and journalist are at risk for violence from state security forces.;Profile details checked;https://www.genocidewatch.com/country-pages/iraq;https://d0dbb2cb-698c-4513-aa47-eba3a335e06f.filesusr.com/ugd/2c476f_d372bb9c97d248d4925467898a3fc159.pdf;https://www.genocidewatch.com/country-pages/iraq;;;base_country;0;;Polygon;EPSG:4326;Existing Ten Stages corrected GeoJSON;NAME=Iraq;Topology-simplified embedded fallback used only when the live GitHub CSV cannot be loaded.;8cb1fca64f4eb9e9238c5b47c085fc3476e63dde23761ff24f0ca04dc3ac9d56;;POLYGON ((44.76614 37.14192, 44.88075 37.02492, 44.83125 36.79192, 44.9962 36.74169, 44.99139 36.53374, 45.23887 36.403, 45.35959 35.97687, 45.45312 36.01165, 45.81419 35.80934, 46.28139 35.82831, 45.99588 35.65839, 45.96399 35.49417, 46.16925 35.21625, 45.9132 35.08732, 45.62737 34.72083, 45.69559 34.55024, 45.50066 34.59169, 45.41705 34.44436, 45.56102 34.2646, 45.38036 33.97356, 45.73455 33.58312, 45.88596 33.63092, 46.16719 33.16834, 46.09701 32.95432, 46.27343 32.95949, 46.71589 32.75601, 47.12103 32.46104, 47.34334 32.45869, 47.83132 31.76184, 47.67893 31.40785, 47.67293 30.9947, 48.01545 30.97625, 48.01359 30.46388, 48.39702 30.221, 48.53102 29.96133, 47.94801 29.99405, 47.67417 30.09822, 47.35823 30.09212, 47.11049 29.96091, 46.85345 29.44456, 46.53244 29.09574, 46.35746 29.06314, 44.69182 29.20184, 42.85871 30.49468, 42.0754 31.07986, 40.37028 31.93847, 39.14637 32.11814, 39.23578 32.35286, 39.04633 32.30849, 39.05718 32.4966, 38.77451 33.37169, 40.69047 34.3315, 40.98802 34.42852, 41.19566 34.76847, 41.19152 35.18214, 41.3635 35.65524, 41.24061 36.04302, 41.27699 36.35478, 41.41487 36.52738, 41.84378 36.61787, 42.35724 37.10998, 42.56126 37.14662, 42.72218 37.35891, 43.08371 37.36883, 43.4796 37.24336, 44.22317 37.25406, 44.30663 36.97723, 44.57824 37.16641, 44.76614 37.14192))
38;38;Middle East;Middle East;iran;Iran;Baha’is, women, ethnic minorities (Kurds, Ahwazi Arabs, Baluchis, Azerbaijani Turks), LGBTQIA+ individuals, religious minorities (Sunni Muslims, Christians, Jews, Gonabadi Dervishes);Iranian government, Islamic Revolutionary Guard Corps (IRGC), morality police, Guardian Council;Emergency;3,4,5,8,9,10;6;10;OK;current;2024-08-01;Since the 1979 Islamic Revolution, Iranian civilians have lived under a strict, repressive regime, and minorities have been targeted with severe human rights abuses. Shia Islam is the dominant religion in Iran, while the Baha'i and Sunni religious minorities face high levels of discrimination, dehumanization, and persecution. Additionally, in a context of hostile regional geopolitics and tensions over Iran's nuclear program, the Iranian leadership has even incited genocide against Israel. The LGBTQIA+ community is also among the Iran's most persecuted minorities, and the Islamic Republic has executed thousands of gay people since 1979. Unlikely its neighbors, Iran permits and subdisizes thousands of gender reassignment surgeries, though this policy does not aim to accept the transgender identity but rather erase homosexuality. The country's 2021 presidential elections were unfree and unfair, and human rights defenders face ongoing persecution. After the US severed diplomatic relations with Iran under President Trump, the future of Iran's approach to human rights, nuclear development, and international relations remains uncertain.;Profile details checked;https://www.genocidewatch.com/country-pages/iran;https://d0dbb2cb-698c-4513-aa47-eba3a335e06f.filesusr.com/ugd/d84bd5_33e1ddbea24b438f82b1b678975eaf37.pdf;https://www.genocidewatch.com/country-pages/iran;;;base_country;0;;MultiPolygon;EPSG:4326;Existing Ten Stages corrected GeoJSON;NAME=Iran;Topology-simplified embedded fallback used only when the live GitHub CSV cannot be loaded.;4ebe1d270de26ae011c99eaef5e8cc59a0bd3eb8f54a7dd20be35d57e91a640a;;MULTIPOLYGON (((44.80699 39.6399, 45.15273 39.21352, 45.4386 39.00424, 46.13587 38.8637, 46.51404 38.88218, 46.86616 39.16536, 47.84688 39.68528, 48.05203 39.65009, 48.33894 39.37894, 48.12459 39.2976, 48.3068 39.0454, 48.01297 38.82156, 48.41527 38.61811, 48.60786 38.39598, 48.87428 38.43407, 48.9402 37.92499, 49.1325 37.62336, 49.44174 37.49486, 50.14877 37.40388, 50.47885 37.03498, 51.08863 36.73701, 51.90903 36.58271, 53.49236 36.88788, 54.01433 36.82111, 53.91375 37.34276, 54.18659 37.32374, 54.78366 37.51745, 54.85663 37.76113, 55.42311 38.07589, 55.70867 38.11866, 56.29975 38.08023, 56.43648 38.25508, 56.739 38.2696, 57.03841 38.18728, 57.21835 38.26508, 57.3524 37.96753, 58.18118 37.77485, 58.37176 37.63037, 58.80109 37.69465, 59.35165 37.49384, 59.37036 37.31943, 59.57273 37.18339, 60.01921 37.0258, 60.34229 36.63714, 61.07548 36.64779, 61.22275 36.11754, 61.26968 35.6185, 61.10834 35.27795, 61.06545 34.81472, 60.94752 34.63799, 60.69968 34.5164, 60.89047 34.31891, 60.64367 34.30664, 60.48678 34.09428, 60.51179 33.63839, 60.87962 33.5487, 60.5676 33.15129, 60.57752 32.99434, 60.83032 32.24889, 60.77493 32.02719, 60.82174 31.49467, 61.66118 31.38191, 61.82633 31.03459, 61.7852 30.8314, 60.84438 29.85818, 61.27918 29.40663, 61.56651 28.87098, 61.89279 28.5426, 62.36279 28.41889, 62.57564 28.22903, 62.7393 28.25833, 62.8147 27.49496, 62.80064 27.22516, 63.16698 27.2587, 63.31963 27.11731, 63.1076 26.6376, 62.75356 26.64416, 62.29199 26.50123, 62.24341 26.35064, 61.85713 26.24238, 61.76009 25.8376, 61.66035 25.76918, 61.58823 25.20209, 61.41172 25.05941, 61.03061 25.20978, 60.63347 25.27497, 60.54965 25.44693, 59.90381 25.32986, 59.4539 25.46161, 59.02418 25.40323, 58.81373 25.56363, 58.41896 25.61201, 58.17042 25.54409, 57.96323 25.69318, 57.32618 25.777, 57.16456 26.09492, 57.02491 26.85098, 56.80885 27.13955, 56.35304 27.20161, 55.9393 27.02668, 55.68483 27.003, 55.48406 26.76752, 55.27084 26.79255, 54.80152 26.49824, 54.38941 26.60513, 54.30812 26.71499, 53.71608 26.70856, 53.41212 26.99356, 53.07203 27.09687, 52.57911 27.39277, 52.67897 27.42528, 52.42311 27.64663, 52.01124 27.83271, 51.58513 27.84931, 51.38027 27.99142, 51.14186 28.40078, 51.05885 28.73591, 50.813 28.9147, 50.93238 29.03148, 50.64381 29.14346, 50.65528 29.44912, 50.14487 29.93806, 50.07342 30.19575, 49.91456 30.20392, 49.60076 30.0301, 49.47983 30.15607, 49.24513 30.15648, 48.94858 30.40107, 49.20289 30.34663, 49.21119 30.50633, 48.98146 30.51561, 48.86232 30.34561, 48.93483 30.07974, 48.53102 29.96133, 48.39702 30.221, 48.01359 30.46388, 48.01545 30.97625, 47.67293 30.9947, 47.67893 31.40785, 47.83132 31.76184, 47.34334 32.45869, 47.12103 32.46104, 46.71589 32.75601, 46.27343 32.95949, 46.09701 32.95432, 46.16719 33.16834, 45.88596 33.63092, 45.73455 33.58312, 45.38036 33.97356, 45.56102 34.2646, 45.41705 34.44436, 45.50066 34.59169, 45.69559 34.55024, 45.62737 34.72083, 45.9132 35.08732, 46.16925 35.21625, 45.96399 35.49417, 45.99588 35.65839, 46.28139 35.82831, 45.81419 35.80934, 45.45312 36.01165, 45.35959 35.97687, 45.23887 36.403, 44.99139 36.53374, 44.9962 36.74169, 44.83125 36.79192, 44.88075 37.02492, 44.76614 37.14192, 44.80159 37.29269, 44.56594 37.44717, 44.59612 37.71638, 44.22147 37.96882, 44.45918 38.32242, 44.28952 38.38226, 44.275 38.84357, 44.1392 38.99395, 44.06137 39.40028, 44.40481 39.43439, 44.56573 39.76589, 44.80699 39.6399)), ((55.94703 26.69628, 55.87664 26.74291, 55.29835 26.54365, 55.3519 26.64745, 56.17319 27.00235, 55.94703 26.69628)), ((54.03688 26.48843, 53.90284 26.5362, 54.03305 26.55044, 54.03688 26.48843)), ((53.22283 26.79955, 53.17807 26.85688, 53.38201 26.80313, 53.22283 26.79955)), ((56.34116 26.87934, 56.40414 26.89305, 56.37916 26.83869, 56.34116 26.87934)), ((56.47299 27.10602, 56.49529 27.05231, 56.43458 27.05484, 56.47299 27.10602)), ((54.54737 26.29043, 54.4922 26.26557, 54.51645 26.3194, 54.54737 26.29043)), ((55.8943 26.67943, 55.90398 26.64525, 55.8532 26.62104, 55.8943 26.67943)), ((50.33465 29.25866, 50.32643 29.20893, 50.28327 29.26894, 50.33465 29.25866)), ((53.65122 26.68382, 53.64625 26.65717, 53.60922 26.6905, 53.65122 26.68382)), ((55.03264 25.85464, 55.01205 25.88162, 55.04371 25.89289, 55.03264 25.85464)), ((54.54656 25.9265, 54.54322 25.89305, 54.50978 25.91376, 54.54656 25.9265)))
39;39;Middle East;Middle East;israel;Israel;"Palestinians in the OPT; Palestinian citizens of Israel; Israeli war crime victims; LGBTQIA+ people; Residents of Lebanon";"Israeli government; Israeli Defence Force; Hamas";Emergency;8,9,10;3;10;OK;current;2026-07-11;Since the partition of Palestine in 1947 and the creation of Israel in 1948, Israelis and Palestinians have been in an ongoing state of conflict. Both populations have historical claims to the disputed territory, have experienced intergenerational trauma, and face some form of existential threat. On the one hand, Palestinians have faced discrimination, dispossession, persecution, and the erasure of their cultural heritage, and 5.7 million refugees cannot access their homelands after the exodus of Palestinians in 1948. In the Occupied Palestinian Territories (OPT), Israel has subjected Palestinians to military occupation in the West Bank and a blockade in Gaza. On the other hand, many Jewish people sought protection in Israel's creation following centuries of persecution and genocide in Europe. Hamas, a terrorist group whose charter expresses the aim to destroy Israel, now controls Gaza. Both Hamas and Israel have committed war crimes in recent conflicts, with Palestinians suffering overwhelmingly. However, Israelis and Palestinians have campaigned together for peaceful co-existence. LGBTQI+ people have also won hard-fought rights in Israel. However, they face ongoing persecution in the OPT and even the threat of death in Gaza.;Profile details checked;https://www.genocidewatch.com/country-pages/israel%2Fpalestine;https://www.genocidewatch.com/_files/ugd/b89303_82fd0f606538424bb5a3b5acf5bd2ca6.pdf;https://www.genocidewatch.com/country-pages/israel%2Fpalestine;;;base_country;0;;Polygon;EPSG:4326;Existing Ten Stages corrected GeoJSON;NAME=Israel;Topology-simplified embedded fallback used only when the live GitHub CSV cannot be loaded.;e7e7f219e43ae748d71d5521fa041a43cde090759cab6393544820394ff153f4;;POLYGON ((34.24835 31.21145, 34.55603 31.53983, 34.4812 31.58314, 34.71192 31.95161, 34.83766 32.28071, 34.94752 32.81415, 35.10524 33.08902, 35.48014 33.08739, 35.8211 33.40672, 35.76384 33.3344, 35.88807 32.94494, 35.75759 32.74435, 35.56272 32.64421, 35.56096 32.38472, 35.20863 32.54264, 35.06435 32.46314, 34.95822 32.18645, 35.03432 31.86111, 35.26494 31.82627, 34.97361 31.63037, 34.86715 31.39643, 35.16491 31.36227, 35.45854 31.49162, 35.43849 31.10374, 35.14 30.43019, 35.14528 30.1549, 34.88673 29.49006, 34.82436 29.7417, 34.24835 31.21145))
41;41;Middle East;Middle East;lebanon;Lebanon;Syrian and Palestinian refugees, LGBTQ+ individuals, women (especially migrant workers), victims of civil war atrocities;Lebanese government, security forces, political militias (e.g., Lebanese Forces), legal system under confessionalism;Warning;3,10;2;10;OK;current;2021-02-14;Lebanon has failed to attain justice for the victims of its deadly civil war that lasted from 1975-1990 and resulted in the disappearance of 17,000 and the loss of over 150,000 lives. Lebanon has been witnessing massive protests against corruption, government failure during the 2020 Bierut blasts and a collapsing economy. The security forces illegally detain and torture protestors. The LGBTQ community continues to face harassment and persecution by the security forces. Women, especially migrant women, suffer due to the discriminatory practices prevalent in the country.;Profile details checked;https://www.genocidewatch.com/country-pages/lebanon;;https://www.genocidewatch.com/country-pages/lebanon;;;base_country;0;;Polygon;EPSG:4326;Existing Ten Stages corrected GeoJSON;NAME=Lebanon;Topology-simplified embedded fallback used only when the live GitHub CSV cannot be loaded.;95c4b782fe46bbfd954500e077946ed2ad21a17a7273d0dcdf11334a89da0a3f;;POLYGON ((35.10524 33.08902, 35.27101 33.45751, 35.57838 33.91669, 35.62721 34.20112, 35.9699 34.64985, 36.39119 34.62249, 36.6041 34.1991, 35.92156 33.6403, 36.03845 33.58635, 35.8211 33.40672, 35.48014 33.08739, 35.10524 33.08902))
42;42;Middle East;Middle East;syria;Syria;"Kurds, Ezidis, Assyrians, Christians, Armenians in Syria and Iraq
Alert Status: Genocide Emergency";Turkish government, Turkish Armed Forces, Recep Tayyip Erdogan;Emergency;6,7,8,9;4;9;OK;current;2022-11-14;In November 2022, Turkey launched over 1500 airstrikes across northern Syria and Iraq targeting the Kurdish population and Kurdish towns. Turkey claimed the attacks were in reprisal for a terrorist attack in Istanbul. Ankara blamed two Kurdish parties: the PKK (Kurdistan Workers’ Party) and the PYD (Syria’s Democratic Union Party). Both parties deny any connection with the Syrian bomber. Turkey’s ‘reprisals’ in northern Syria and Iraq targeted Kurdish towns such as Kobani, Tel Rifat, and Sinjar, where many Kurdish refugees have fled. Turkey’s goal is to collectively punish all Kurds for an unrelated attack in Istanbul for which Turkey needs a scapegoat.;Profile details checked;https://www.genocidewatch.com/country-pages/syria;;https://www.genocidewatch.com/country-pages/syria;;;base_country;0;;Polygon;EPSG:4326;Existing Ten Stages corrected GeoJSON;NAME=Syria;Topology-simplified embedded fallback used only when the live GitHub CSV cannot be loaded.;142ec183a4d6e620aa681e70930f47b11677ae53752308d68288512f68c5a907;;POLYGON ((35.75759 32.74435, 35.88807 32.94494, 35.76384 33.3344, 35.8211 33.40672, 36.03845 33.58635, 35.92156 33.6403, 36.6041 34.1991, 36.39119 34.62249, 35.9699 34.64985, 35.86687 34.92422, 35.96241 35.19794, 35.91896 35.41767, 35.73707 35.56167, 35.91131 35.91775, 36.1385 35.81978, 36.35802 35.99398, 36.373 36.22761, 36.66425 36.229, 36.53547 36.494, 36.65857 36.82752, 36.9647 36.75383, 37.01452 36.64226, 37.44612 36.6342, 38.19005 36.90553, 38.52936 36.83372, 38.66413 36.71952, 39.2396 36.66128, 39.76525 36.74215, 40.70897 37.10048, 41.47977 37.07557, 42.00925 37.17561, 42.2112 37.32491, 42.35724 37.10998, 41.84378 36.61787, 41.41487 36.52738, 41.27699 36.35478, 41.24061 36.04302, 41.3635 35.65524, 41.19152 35.18214, 41.19566 34.76847, 40.98802 34.42852, 40.69047 34.3315, 38.77451 33.37169, 36.81939 32.31679, 36.37311 32.38642, 35.75759 32.74435))
43;43;Middle East;Middle East;turkey;Turkey;"Political opposition leaders

Human rights advocates

Kurdish civilians

Kurdish fighters in Northern Syria";"Turkish government and President Recep Tayyip Erdo?an

Pro-Erdo?an forces in the army and police";Emergency;1,3,5,6,8,10;6;10;OK;current;2025-07-14;Following a failed coup d’état in July 2016, repression of freedom of expression, disappearances, torture, and arbitrary arrests all drastically increased. Journalists and human rights defenders are regularly arrested under dubious charges of “membership in a terrorist organization.” Turkey committed war crimes during its October 2019 invasion of northeast Syria in which its forces targeted Kurdish civilians and fighters that had defeated ISIS in the region. Turkey continues to deny the Armenian, Assyrian, and Pontic Greek genocides perpetrated by the Ottoman Empire. In 2025, the regime engaged in a widespread political crackdown on opposition groups, media, and activists.;Profile details checked;https://www.genocidewatch.com/country-pages/turkey;https://d0dbb2cb-698c-4513-aa47-eba3a335e06f.filesusr.com/ugd/b74bf7_79a53a449ee4430089b21900abfafd76.pdf;https://www.genocidewatch.com/country-pages/turkey;;;base_country;0;;MultiPolygon;EPSG:4326;Existing Ten Stages corrected GeoJSON;NAME=Turkey;Topology-simplified embedded fallback used only when the live GitHub CSV cannot be loaded.;22214ffc4aabb8221a2275409d43e95ba61def4194ce2eec393c47eb28ec23f7;;MULTIPOLYGON (((43.44043 41.10659, 43.60486 40.96334, 43.72935 40.6771, 43.56362 40.46471, 43.66543 40.11016, 44.03243 40.00862, 44.46434 39.97229, 44.77456 39.7028, 44.80699 39.6399, 44.56573 39.76589, 44.40481 39.43439, 44.06137 39.40028, 44.1392 38.99395, 44.275 38.84357, 44.28952 38.38226, 44.45918 38.32242, 44.22147 37.96882, 44.59612 37.71638, 44.56594 37.44717, 44.80159 37.29269, 44.76614 37.14192, 44.57824 37.16641, 44.30663 36.97723, 44.22317 37.25406, 43.4796 37.24336, 43.08371 37.36883, 42.72218 37.35891, 42.56126 37.14662, 42.35724 37.10998, 42.2112 37.32491, 42.00925 37.17561, 41.47977 37.07557, 40.70897 37.10048, 39.76525 36.74215, 39.2396 36.66128, 38.66413 36.71952, 38.52936 36.83372, 38.19005 36.90553, 37.44612 36.6342, 37.01452 36.64226, 36.9647 36.75383, 36.65857 36.82752, 36.53547 36.494, 36.66425 36.229, 36.373 36.22761, 36.35802 35.99398, 36.1385 35.81978, 35.91131 35.91775, 35.97543 36.0185, 35.78875 36.32026, 36.18914 36.60399, 36.18898 36.80174, 36.02027 36.92634, 35.68409 36.76463, 35.63136 36.60716, 35.34799 36.54438, 34.77076 36.81607, 34.5547 36.76765, 34.07732 36.41389, 33.95899 36.21357, 33.8711 36.31489, 33.68531 36.14322, 33.13404 36.13178, 32.80372 36.02717, 32.36549 36.17796, 32.02605 36.54344, 31.34083 36.80858, 30.68653 36.89118, 30.56983 36.78132, 30.56983 36.52802, 30.4004 36.24811, 30.25457 36.30829, 29.67237 36.12336, 29.1447 36.34931, 28.93898 36.75129, 28.84254 36.63788, 28.60353 36.81607, 28.27312 36.852, 28.1115 36.60419, 28.04721 36.76333, 27.73609 36.76081, 27.67115 36.65778, 27.3628 36.68513, 27.62338 36.80174, 28.05543 36.80858, 28.02752 36.92593, 28.3047 37.05085, 27.26319 36.96336, 27.61598 37.27473, 27.43849 37.39081, 27.21192 37.35733, 27.20851 37.59687, 27.01149 37.66572, 27.24952 37.74433, 27.23911 37.98794, 26.86492 38.04035, 26.76026 38.21674, 26.58863 38.10822, 26.23463 38.27383, 26.47592 38.36689, 26.34864 38.62132, 26.50563 38.65266, 26.67311 38.3072, 26.93539 38.43488, 26.71909 38.72093, 26.88852 38.73404, 27.04127 38.94009, 26.60922 39.27521, 26.92595 39.48583, 26.8934 39.58438, 26.07423 39.47451, 26.1526 39.94261, 26.31105 40.01948, 26.40797 40.19367, 26.73561 40.40355, 27.3034 40.45844, 27.45232 40.32201, 27.78981 40.32046, 27.68426 40.50235, 28.03443 40.47443, 27.90398 40.39989, 29.15154 40.43407, 28.77418 40.52277, 28.98634 40.64476, 29.92921 40.75804, 29.35694 40.7624, 29.02809 40.98212, 29.23178 41.24071, 29.88461 41.14899, 30.27125 41.21117, 30.83326 41.0799, 31.23121 41.09199, 31.40358 41.31647, 32.13413 41.59943, 32.26336 41.72016, 33.32447 42.01903, 34.69418 41.94595, 34.94809 42.09878, 35.22478 41.76187, 35.53012 41.63426, 35.9568 41.73627, 36.13445 41.4619, 36.45102 41.24042, 36.61988 41.37507, 36.98487 41.2945, 37.03972 41.18155, 37.58058 41.03677, 37.68979 41.14037, 37.89576 40.98212, 38.3309 40.91787, 39.43019 41.11249, 39.59205 41.02509, 40.12599 40.92064, 40.69825 41.09813, 41.39039 41.37934, 41.52076 41.51423, 41.81298 41.42181, 41.94796 41.50558, 42.43785 41.43086, 42.56518 41.56713, 42.81995 41.57235, 43.23062 41.17263, 43.44043 41.10659)), ((26.04396 40.73847, 26.35909 40.96468, 26.3317 41.25412, 26.6366 41.37846, 26.59546 41.61245, 26.33336 41.71304, 26.31631 41.74376, 26.32003 41.76546, 26.33419 41.78954, 26.37553 41.81662, 26.52611 41.82424, 26.5598 41.90734, 26.54709 41.9269, 26.58947 41.95876, 26.62357 41.96904, 26.71757 41.95731, 26.9389 41.99622, 26.96717 42.0285, 27.23821 42.09792, 27.30529 42.07759, 27.37485 42.0087, 27.49432 41.94284, 27.54641 41.90116, 27.55075 41.92421, 27.6093 41.95349, 27.68707 41.9686, 27.81534 41.94679, 27.808 41.99348, 27.85223 41.99545, 28.01677 41.97256, 28.08334 41.64492, 28.38429 41.44746, 29.10922 41.2353, 28.98194 41.00165, 28.59523 40.97797, 28.23666 41.08515, 27.95924 40.97529, 27.52418 40.9892, 27.17774 40.63264, 26.68336 40.45547, 26.15748 40.05532, 26.20997 40.32193, 26.82895 40.602, 26.07691 40.6118, 26.04396 40.73847)), ((26.01222 40.14606, 25.66326 40.12617, 25.91334 40.24128, 26.01222 40.14606)), ((27.72779 40.64265, 27.60475 40.57681, 27.52638 40.63911, 27.72779 40.64265)), ((26.08302 39.83495, 26.07496 39.7849, 25.98601 39.84223, 26.08302 39.83495)), ((27.64568 40.44782, 27.57993 40.47655, 27.64047 40.49413, 27.64568 40.44782)))
44;44;Middle East;Middle East;qatar;Qatar;"Migrant workers

Women

Baha'is";"Qatari government

Employers of migrant workers";Watch;3;1;3;OK;current;2026-07-14;Qatar has faced international condemnation for ongoing human rights abuses. Demands for reform have focused on Qatar’s exploitative treatment of migrant workers through the kafala labor system, restrictions on public expression, threats of arbitrary arrest, and insufficient protection of women’s rights. Global attention has especially drawn to Qatar's patterns of exploitation of migrant workers after the nation's hosting of the 2022 FIFA World Cup, which led to over 6,500 worker deaths and thousands still awaiting proper compensation for injury and/or work.;Profile details checked;https://www.genocidewatch.com/country-pages/qatar;https://d0dbb2cb-698c-4513-aa47-eba3a335e06f.filesusr.com/ugd/293d42_5a2c6531d30140c78be6b22be91b5af1.pdf;https://www.genocidewatch.com/country-pages/qatar;;;base_country;0;;Polygon;EPSG:4326;Existing Ten Stages corrected GeoJSON;NAME=Qatar;Topology-simplified embedded fallback used only when the live GitHub CSV cannot be loaded.;d818bd8f02b7abaa7f85b5329d8e6b1a406c983c8296693d97b0ba37a667e31a;;POLYGON ((50.80787 24.74665, 50.75099 25.4947, 50.89869 25.53221, 50.9017 25.78954, 51.04737 26.05305, 51.25123 26.1601, 51.57748 25.88085, 51.47193 25.52139, 51.59002 25.28376, 51.58692 24.95344, 51.44361 24.67975, 51.21526 24.62585, 50.97888 24.56773, 50.80787 24.74665))
45;45;Middle East;Middle East;united-arab-emirates;United Arab Emirates;Migrant workers, women, LGBTQ+ people, refugees, journalists, activists.;Government authorities;Watch;3,5;2;5;OK;current;2026-05-01;Due to the systematic exclusion of migrant workers, women, LGBTQ+ people, and refugees from basic legal protections, and the denial of political rights to the approximately 90% of the population who are non-citizens, Genocide Watch considers UAE to be at Stage 3: Discrimination. Due to the UAE's alleged arming of the Rapid Support Forces (RSF) in Sudan in violation of UN arms embargoes, enabling a militia accused of committing genocide against the Masalit people of Darfur, and the operation of the State Security Agency as an organized apparatus of surveillance, arbitrary detention, and torture against perceived opponents, Genocide Watch considers the UAE to be at Stage 5: Organization.;Profile details checked;https://www.genocidewatch.com/de/copy-of-country-pages/united-arab-emirates;https://d0dbb2cb-698c-4513-aa47-eba3a335e06f.filesusr.com/ugd/b74bf7_6fe547a5f0964915afd9a322926556c5.pdf;https://www.genocidewatch.com/de/copy-of-country-pages/united-arab-emirates;;;base_country;0;;MultiPolygon;EPSG:4326;Natural Earth v5.1.1 — ne_50m_admin_0_countries;NAME=United Arab Emirates;Topology-simplified embedded fallback used only when the live GitHub CSV cannot be loaded.;53fb69edad4eb8e6acf225186d4afa03ab65e4c6892a6887ffc6d720ca50f92e;;MULTIPOLYGON (((56.363477 25.569385, 56.372852 25.018311, 56.063867 24.73877, 55.91582 24.971777, 55.795703 24.868115, 55.76084 24.242676, 55.985156 24.063379, 55.468457 23.941113, 55.508496 23.724609, 55.199902 23.034766, 55.18584 22.704102, 54.998242 22.634375, 52.555078 22.932812, 51.592578 24.078857, 51.572168 24.12832, 51.568359 24.286182, 51.767578 24.254395, 51.906055 23.985352, 52.250879 23.995215, 52.648242 24.154639, 53.893359 24.077051, 54.39707 24.278174, 54.746777 24.810449, 55.098145 25.041602, 55.522852 25.498145, 55.941211 25.793994, 56.16748 26.047461, 56.144629 25.690527, 56.363477 25.569385), (56.281836 25.235547, 56.234277 25.303809, 56.210547 25.213281, 56.281836 25.235547)), ((53.190918 24.290918, 53.445312 24.371191, 53.382617 24.280859, 53.190918 24.290918)), ((52.6 24.281299, 52.583594 24.352344, 52.657617 24.332617, 52.6 24.281299)), ((53.928125 24.143359, 53.634473 24.169775, 53.833789 24.258936, 53.928125 24.143359)), ((54.456641 24.42334, 54.334766 24.471045, 54.39834 24.506348, 54.456641 24.42334)))
46;46;Middle East;Middle East;saudi-arabia;Saudi Arabia;Yemeni civilians (especially in Houthi-controlled areas), Shi'a Muslims, religious minorities, political dissidents, human rights activists;Saudi government, Saudi-led coalition (including UAE), U.S. and U.K. arms suppliers (complicit);Warning;1,3,4,5,8,10;6;10;OK;current;2025-09-01;"Under Mohammed bin Salman’s rule, the Kingdom of Saudi Arabia has undertaken a series of modernization projects. These initiatives aim to counter the perception of the State as authoritarian. Despite making some progress on human rights issues, Saudi Arabia still ranks as one of the most authoritarian countries in the world, scoring 9 points out of 100 on Freedom House’s index.

Saudi Arabia’s 10-year-long military campaign against the Houthis in Yemen has caused the worst humanitarian crisis in modern history. Hundreds of thousands of people have been killed since the fighting began in March 2015. According to the United Nations (U.N.), 17 million people in Yemen face food insecurity, over half of the country’s population. On March 30, 2022, Saudi Arabia announced the cessation of hostilities and began seeking a diplomatic resolution. Even though Saudi Arabia has refrained from direct military action in the last three years, it has yet to take accountability for the deaths and destruction it inflicted.";Profile details checked;https://www.genocidewatch.com/country-pages/saudi-arabia;https://d0dbb2cb-698c-4513-aa47-eba3a335e06f.filesusr.com/ugd/b74bf7_c30b7570eeb14677ab43bbc7c5e6bb41.pdf;https://www.genocidewatch.com/country-pages/saudi-arabia;;;base_country;0;;MultiPolygon;EPSG:4326;Existing Ten Stages corrected GeoJSON;NAME=Saudi Arabia;Topology-simplified embedded fallback used only when the live GitHub CSV cannot be loaded.;14d2ad670d95b85229f1a93f4850fa0fe288be408d3cc01ca3a8a3f9d0b0a384;;MULTIPOLYGON (((50.80787 24.74665, 50.97888 24.56773, 51.21526 24.62585, 51.4437 24.55475, 51.28224 24.30296, 51.56935 24.25617, 51.59352 24.07832, 52.58307 22.93111, 55.1053 22.62095, 55.18684 22.70358, 55.63756 21.97897, 54.97838 19.99542, 51.97861 18.99564, 49.12881 18.6121, 48.16195 18.14892, 47.58901 17.46328, 47.42757 17.09183, 47.1909 16.95891, 46.97034 16.95685, 46.7101 17.27538, 46.32263 17.22407, 45.43038 17.31202, 45.16539 17.42839, 44.40414 17.41873, 43.75064 17.34566, 43.39103 17.51196, 43.16504 17.32592, 43.10872 16.92698, 43.20861 16.7734, 43.03627 16.5363, 42.78948 16.37096, 42.73732 16.67113, 42.5442 17.00434, 42.33912 17.17357, 42.30152 17.4536, 41.71925 17.90925, 41.47218 18.2792, 41.43816 18.46418, 41.21022 18.69794, 40.9559 19.34333, 40.94467 19.50568, 40.52263 19.97248, 40.06764 20.28653, 39.92319 20.26358, 39.64649 20.46157, 39.50603 20.74641, 39.29713 20.92398, 39.08074 21.31501, 39.17107 21.40412, 38.9496 21.92192, 39.08152 22.54679, 38.81422 22.98273, 38.60018 23.56825, 38.45265 23.784, 38.07914 24.07039, 37.67609 24.29124, 37.52272 24.26773, 37.14861 24.85102, 37.27996 24.9641, 37.23048 25.19367, 36.93629 25.64614, 36.66342 25.85566, 36.22983 26.62556, 35.81284 27.19107, 35.55958 27.45563, 35.21632 28.05439, 35.05193 28.11957, 34.64715 28.09911, 34.80377 28.52713, 34.77847 28.6645, 34.94939 29.35169, 36.01644 29.18995, 36.47708 29.49461, 36.75624 29.86552, 37.4702 29.99455, 37.63453 30.31278, 37.98107 30.49948, 36.95953 31.491, 38.96334 31.99438, 39.14637 32.11814, 40.37028 31.93847, 42.0754 31.07986, 42.85871 30.49468, 44.69182 29.20184, 46.35746 29.06314, 46.53244 29.09574, 47.43409 28.99459, 47.66813 28.5335, 48.43278 28.54048, 48.60646 28.12645, 48.87794 27.83682, 48.8733 27.61249, 49.23976 27.54511, 49.3226 27.20572, 49.94215 26.85834, 50.03061 26.49461, 50.19158 26.40355, 50.10133 25.98949, 50.1447 25.73334, 50.4629 25.44693, 50.54542 25.1186, 50.80787 24.74665)), ((42.18644 16.70553, 41.97553 16.66355, 41.95332 16.7331, 42.18644 16.70553)), ((41.83497 16.89175, 41.92848 16.9549, 41.93816 16.82136, 41.83497 16.89175)), ((36.89975 25.36103, 36.77613 25.48916, 36.87713 25.43696, 36.89975 25.36103)), ((36.66765 25.54975, 36.49773 25.62397, 36.52263 25.66218, 36.66765 25.54975)), ((49.62379 27.32445, 49.56544 27.2978, 49.50123 27.36054, 49.62379 27.32445)), ((36.54005 25.76048, 36.59783 25.75837, 36.59555 25.6966, 36.54005 25.76048)), ((36.77133 25.50707, 36.7256 25.56517, 36.78582 25.51602, 36.77133 25.50707)), ((37.03126 25.39875, 36.94654 25.44188, 37.02174 25.45279, 37.03126 25.39875)), ((36.90073 25.5493, 36.8982 25.59545, 36.92319 25.51944, 36.90073 25.5493)), ((36.84938 25.53303, 36.82895 25.56135, 36.85564 25.5683, 36.84938 25.53303)))
47;47;Middle East;Middle East;yemen;Yemen;"Yemeni Civilians

Migrants

LGBTQIA+ People";"Israel

Houthis

Yemeni Government

Saudi-led Coalition

Southern Transitional Council";Emergency;9,10;2;10;OK;current;2025-08-01;"The conflict between the Houthi rebel movement and the Yemeni government stems from longstanding political and economic grievances. The Houthis, lacking recognized statehood or formal political institutions, first appeared in the 1990s as a revivalist movement for the Zaydi sect of Islam, a minority faith in Yemen. Over the years, the group evolved into an armed political actor and developed close ties with Iran, situating itself within the broader “axis of resistance” opposing Western influence. Tensions with the Yemeni state escalated during the 2000s, as the Houthis launched repeated uprisings against President Ali Abdullah Saleh, demanding greater autonomy and resources for the northern regions. Their position solidified in 2014 when they captured Sana’a, citing the need for government reform and protesting steep fuel price increases.
Northern Yemen’s neglect of infrastructure, education, and healthcare fueled resentment against central authorities. Houthi grievances escalated during the Arab Spring, when protests in Sana’a against President Saleh turned violent. By 2013, Abdul Malik al-Houthi mobilized mass demonstrations against fuel subsidy cuts, channeling public anger into demands for regime change. Iranian backing further strengthened the group’s insurgency";Profile details checked;https://www.genocidewatch.com/country-pages/yemen;https://d0dbb2cb-698c-4513-aa47-eba3a335e06f.filesusr.com/ugd/b74bf7_ee7d27b6bf5f4bc3aa29c2ce0a368d8d.pdf;https://www.genocidewatch.com/country-pages/yemen;;;base_country;0;;MultiPolygon;EPSG:4326;Existing Ten Stages corrected GeoJSON;NAME=Yemen;Topology-simplified embedded fallback used only when the live GitHub CSV cannot be loaded.;430378ea89059ce138ac77b0892eaaa495ee50e299d8427a60a7bad7ca34ef6a;;MULTIPOLYGON (((51.97861 18.99564, 52.73015 17.29988, 52.80156 17.26742, 53.09034 16.6424, 52.59767 16.47671, 52.29274 16.26382, 52.15553 15.98387, 52.22836 15.61612, 52.04713 15.57001, 51.36785 15.22972, 50.55405 15.04857, 50.17954 14.84333, 49.57814 14.73729, 49.07797 14.50609, 49.00367 14.32477, 48.68149 14.04361, 48.18873 13.96914, 48.01686 14.05728, 47.66725 13.88719, 47.3982 13.65485, 46.70069 13.43032, 46.23455 13.43635, 45.66578 13.34199, 45.40301 13.07014, 45.11817 12.96174, 44.88136 12.72989, 44.54282 12.79731, 44.41554 12.67015, 43.9463 12.59805, 43.47316 12.84663, 43.24887 13.21271, 43.28094 13.72211, 43.09552 14.08396, 43.02866 14.53799, 42.69923 15.71743, 42.82 15.87495, 42.78948 16.37096, 43.03627 16.5363, 43.20861 16.7734, 43.10872 16.92698, 43.16504 17.32592, 43.39103 17.51196, 43.75064 17.34566, 44.40414 17.41873, 45.16539 17.42839, 45.43038 17.31202, 46.32263 17.22407, 46.7101 17.27538, 46.97034 16.95685, 47.1909 16.95891, 47.42757 17.09183, 47.58901 17.46328, 48.16195 18.14892, 49.12881 18.6121, 51.97861 18.99564)), ((54.47066 12.54357, 54.1405 12.35134, 53.57215 12.33461, 53.33424 12.51553, 53.39603 12.65647, 53.76289 12.6197, 54.1194 12.70112, 54.47066 12.54357)), ((52.38846 12.14887, 52.24023 12.15688, 52.09409 12.24177, 52.38846 12.14887)), ((42.76759 14.07152, 42.78858 13.9267, 42.69191 14.01317, 42.76759 14.07152)), ((42.6281 15.38646, 42.5822 15.26822, 42.55893 15.39297, 42.6281 15.38646)), ((42.71925 13.74262, 42.78256 13.77993, 42.74391 13.68842, 42.71925 13.74262)), ((53.08292 12.16479, 53.08638 12.13434, 52.98872 12.1722, 53.08292 12.16479)), ((43.42897 12.67377, 43.42888 12.63467, 43.39015 12.66633, 43.42897 12.67377)), ((53.24833 12.1213, 53.28688 12.12734, 53.31027 12.11144, 53.24833 12.1213)))
48;48;Asia;East Asia;china;China;Uyghurs, Other Turkic minorities in Xinjiang;Government officials/police;Emergency;3,8,9,10;4;10;OK;current;2025-01-01;"Xinjiang, China, serious human rights issues pertaining to its  millions of Uyghur Muslim population. Allegations include mass surveillance, forced assimilation, and arbitrary detentions. Religious and linguistic constraints, forced abortion and sterlization of women; forced labour camps guised as ""re-education camps"". As global attention heightens, calls for comprehensive investigations to address these alleged violations of human rights grow louder.";Profile details checked;https://www.genocidewatch.com/country-pages/china;https://d0dbb2cb-698c-4513-aa47-eba3a335e06f.filesusr.com/ugd/001731_c137d4d1bb95463ba5878b7776f00431.pdf;https://www.genocidewatch.com/country-pages/china;;;base_country;0;;MultiPolygon;EPSG:4326;Existing Ten Stages corrected GeoJSON;NAME=China;Topology-simplified embedded fallback used only when the live GitHub CSV cannot be loaded.;233f1ba35590c3ba92f5d187cb290f05969bfba8ed1a8e6d4520f96df4c08648;;MULTIPOLYGON (((77.80035 35.49541, 77.41277 35.46941, 76.77735 35.64611, 76.53717 35.90251, 76.16603 35.80624, 75.89431 36.09738, 76.01441 36.2304, 75.97658 36.46263, 75.79055 36.68784, 75.41052 36.74732, 75.3513 36.91578, 74.54235 37.02167, 74.38257 37.12657, 74.72146 37.29778, 74.89231 37.23111, 75.16412 37.40064, 74.89189 37.5992, 74.96517 37.76746, 74.79071 38.08145, 74.77634 38.51067, 74.3342 38.66699, 74.1091 38.66229, 74.0289 38.52724, 73.79739 38.60284, 73.6837 38.85494, 73.81599 38.99377, 73.60226 39.23577, 73.63264 39.44834, 73.92678 39.59288, 73.82302 39.80569, 74.00399 40.06081, 74.36986 40.10582, 74.70575 40.33129, 74.86213 40.32617, 74.83536 40.51164, 75.19389 40.44125, 75.58766 40.61194, 75.68182 40.2917, 76.24416 40.4412, 76.31351 40.34333, 76.62419 40.62755, 76.76682 40.94469, 77.00773 41.04421, 77.47489 40.98205, 78.07495 41.03951, 78.3599 41.37753, 79.30413 41.78755, 79.74751 41.87974, 79.84291 42.00183, 80.18191 42.02098, 80.21033 42.18952, 80.14005 42.62296, 80.22748 42.79098, 80.55449 42.89893, 80.36815 43.02846, 80.78786 43.12804, 80.64286 43.32622, 80.71273 43.45887, 80.3451 44.1031, 80.35585 44.65288, 80.47615 44.73541, 79.99174 44.79365, 79.85821 44.90372, 80.06171 45.01896, 80.85386 45.1265, 81.73928 45.33806, 81.95012 45.14448, 82.29459 45.2282, 82.58522 45.17683, 82.61571 45.43542, 82.29149 45.53319, 82.48895 45.9017, 82.56827 46.19651, 82.98551 46.94251, 83.01352 47.19459, 83.15036 47.21154, 83.90535 46.97396, 84.66354 46.98385, 84.7671 46.81807, 85.20511 47.03372, 85.49864 47.05183, 85.67036 47.38434, 85.51538 47.92028, 85.78368 48.40759, 86.19203 48.41823, 86.56508 48.52732, 86.7445 48.70354, 86.7275 48.99034, 86.88734 49.10682, 87.3238 49.08527, 87.81632 49.16584, 87.80589 48.80059, 88.06385 48.68261, 87.94283 48.59949, 88.56512 48.34299, 88.58077 48.21199, 89.04555 47.99299, 89.5418 48.03102, 89.7513 47.82432, 90.04461 47.87977, 90.3448 47.65864, 90.46872 47.30892, 90.82818 46.9823, 91.0475 46.56641, 90.89619 46.30203, 91.00243 46.02184, 90.71077 45.7522, 90.65114 45.49314, 90.87324 45.18618, 91.13504 45.19786, 91.66296 45.05952, 92.0094 45.07622, 92.47511 44.99746, 92.75272 45.03798, 93.52528 44.95126, 93.92742 44.67293, 94.195 44.65433, 94.33846 44.51212, 95.03681 44.25497, 95.37943 44.28712, 95.32755 44.00667, 95.51027 43.97913, 95.90849 43.21455, 96.29431 42.93327, 96.35064 42.74091, 97.19327 42.78726, 99.47448 42.5642, 100.01697 42.67652, 101.21871 42.52983, 101.6376 42.51544, 102.03416 42.18461, 103.07348 42.00452, 103.72099 41.75557, 104.50078 41.8706, 104.49799 41.66578, 105.01481 41.59614, 105.2009 41.74347, 105.86861 41.99348, 106.76783 42.28662, 108.17736 42.45431, 108.79685 42.39837, 109.48513 42.4493, 109.66734 42.54898, 110.40673 42.76861, 110.93372 43.28777, 111.59725 43.52339, 111.93335 43.69664, 111.83879 43.93879, 111.39644 44.3466, 111.73853 44.9663, 112.01149 45.08748, 112.44133 45.05239, 112.58603 44.92382, 113.10486 44.79437, 113.63506 44.74626, 114.05529 44.94057, 114.41889 45.20148, 114.53371 45.3855, 114.93885 45.37377, 115.63783 45.44436, 116.16989 45.7091, 116.2132 45.90816, 116.60356 46.30932, 116.80458 46.38291, 117.30171 46.35014, 117.3938 46.57137, 117.69621 46.51225, 118.23829 46.71539, 118.72007 46.67674, 118.81624 46.75818, 119.31693 46.61168, 119.68012 46.59163, 119.90418 46.70893, 119.89292 46.90551, 119.69996 47.15953, 119.2819 47.41486, 119.08346 47.66156, 118.76741 47.75616, 118.54225 47.96625, 118.18248 48.02821, 117.74168 47.97759, 117.36083 47.65087, 116.85326 47.87212, 116.24389 47.86289, 115.8527 47.70556, 115.56187 47.9332, 115.51453 48.1221, 115.80929 48.27395, 115.8004 48.53037, 116.68428 49.82326, 117.05759 49.67289, 117.75884 49.51274, 118.16863 49.67149, 118.64436 49.95457, 119.09168 49.98656, 119.31621 50.09265, 119.3529 50.34551, 119.14123 50.37662, 119.49666 50.73706, 119.51795 50.9048, 119.74828 51.08339, 120.1082 51.66519, 120.56631 51.90533, 120.77917 52.1176, 120.62616 52.34681, 120.72398 52.54217, 120.42994 52.63609, 120.05642 52.60051, 120.03296 52.76066, 120.28018 52.86592, 120.87425 53.28016, 121.20349 53.27675, 122.33783 53.49131, 122.85966 53.47395, 123.25256 53.56779, 123.61429 53.56335, 124.23271 53.38165, 124.4082 53.23569, 124.88042 53.17252, 125.12743 53.20655, 125.73354 52.98165, 126.06861 52.67989, 126.53117 52.15266, 126.44606 51.98254, 126.67514 51.58838, 126.90195 51.401, 126.93177 51.06378, 127.28735 50.75101, 127.33066 50.3282, 127.57839 50.22055, 127.50811 49.82233, 127.83088 49.59387, 128.09247 49.54158, 128.79692 49.57248, 128.75021 49.48453, 129.08786 49.35208, 129.50241 49.41078, 129.91344 49.03954, 130.24934 48.86451, 130.67433 48.87082, 130.53325 48.63579, 130.82212 48.33377, 130.68239 48.05035, 131.02335 47.68228, 131.41837 47.74262, 131.57743 47.66856, 132.52465 47.70753, 132.67462 47.95061, 133.09196 48.10678, 133.46372 48.08952, 133.72127 48.24476, 134.38635 48.38134, 134.70085 48.26153, 134.56722 48.04038, 134.77258 47.71073, 134.48464 47.43018, 134.15412 47.25789, 133.98803 46.62517, 133.84933 46.48029, 133.90245 46.25899, 133.68737 46.14184, 133.42517 45.58042, 133.14022 45.43542, 133.11542 45.12303, 132.95336 45.02438, 131.96965 45.23383, 131.81803 45.33279, 131.4195 44.95896, 130.93343 44.84171, 131.06583 44.68203, 131.26447 44.05421, 131.16691 43.52107, 131.28091 43.38022, 131.08547 43.0421, 131.10304 42.91043, 130.40716 42.73538, 130.58451 42.5689, 130.53077 42.53048, 130.24304 42.74336, 130.12149 42.98185, 129.85174 42.9619, 129.70333 42.44237, 129.34015 42.44547, 129.21116 42.21996, 128.90348 42.02627, 128.03459 41.99374, 128.303 41.58341, 128.14611 41.37634, 128.00142 41.47085, 127.63834 41.42988, 127.26906 41.50496, 126.9298 41.80104, 126.61788 41.66593, 126.5013 41.43437, 126.01534 40.90913, 125.76093 40.88567, 125.41325 40.63178, 124.89551 40.48363, 124.36997 40.09829, 124.11817 39.83316, 123.38673 39.78962, 123.00913 39.68049, 122.39633 39.41104, 121.85987 38.94465, 121.15309 38.72761, 121.11793 38.94343, 121.67408 39.08804, 121.59262 39.19221, 121.7798 39.37149, 121.54892 39.36188, 121.43605 39.50861, 121.2234 39.52863, 121.54737 39.67316, 121.5359 39.86176, 121.87379 39.9914, 122.30185 40.50235, 121.85108 40.83226, 121.17579 40.92231, 120.54566 40.40241, 120.43605 40.19448, 119.53559 39.89083, 119.33961 39.71556, 119.30508 39.43298, 119.01564 39.18976, 118.61936 39.16104, 118.34427 39.03071, 118.04538 39.21897, 117.75733 39.11445, 117.54355 38.62132, 117.71608 38.37851, 118.08481 38.13874, 118.54298 38.06835, 118.8401 38.15257, 119.25566 37.67187, 119.03713 37.72209, 118.97242 37.28067, 119.44117 37.12055, 119.7706 37.15184, 119.8589 37.36017, 120.30641 37.66519, 120.73805 37.83397, 121.37452 37.61054, 121.59164 37.42447, 122.12184 37.56273, 122.1832 37.41816, 122.68824 37.40982, 122.62892 37.19282, 122.31983 36.82294, 122.03964 36.98461, 120.75058 36.45917, 120.69679 36.14399, 120.35353 36.04084, 120.36158 36.19164, 120.11728 36.20966, 120.18898 35.94526, 119.90455 35.62458, 119.64796 35.58393, 119.42872 35.32148, 119.358 35.09711, 119.20729 35.04841, 119.19223 34.71821, 119.34669 34.78083, 119.64096 34.55052, 120.25709 34.31184, 120.48373 33.64997, 120.89576 33.01358, 120.86387 32.67106, 121.38941 32.38495, 121.44337 32.11433, 121.82195 31.95249, 121.81731 31.69095, 121.28642 31.89059, 120.97782 31.81437, 120.8108 32.02261, 120.49076 32.08245, 120.2671 31.94868, 119.99204 32.01586, 119.81837 32.31371, 119.69239 32.31977, 119.69044 32.23534, 119.78492 32.11433, 120.0064 31.9503, 120.22999 31.90888, 120.45541 32.02143, 120.75035 31.97834, 120.74838 31.80223, 121.1444 31.68466, 121.32032 31.50483, 121.72516 31.28157, 121.97738 30.91492, 121.4106 30.76739, 120.97776 30.54332, 120.7344 30.23221, 120.89281 30.1698, 121.1497 30.32575, 121.37738 30.32506, 121.67776 30.00064, 121.98304 29.82318, 121.56964 29.47457, 121.91578 29.64086, 121.94296 29.19587, 121.65246 29.18302, 121.58872 29.29149, 121.4017 29.10651, 121.62143 29.11327, 121.66993 28.82534, 121.51013 28.65706, 121.65634 28.3393, 121.39552 28.28408, 121.18409 28.38215, 120.96523 27.98714, 120.59657 27.57028, 120.51783 27.20161, 120.24366 27.13272, 120.2374 26.92723, 119.69614 26.7082, 119.87745 26.31338, 119.67359 26.2805, 119.45851 25.98249, 119.21583 26.10008, 119.09352 26.13959, 119.24684 25.96723, 119.34669 25.94038, 119.7024 25.98505, 119.57626 25.46284, 119.35629 25.60004, 119.10255 25.42031, 119.28883 25.18911, 118.98365 25.28303, 118.85768 25.09805, 118.99733 24.95344, 118.71608 24.84357, 118.64658 24.56843, 118.42807 24.63133, 118.219 24.54145, 118.16049 24.69343, 117.9961 24.44697, 118.12648 24.26203, 117.89365 24.02802, 117.75709 24.07026, 117.58237 23.88931, 117.29257 23.7895, 117.08423 23.55061, 116.90895 23.65461, 116.77322 23.34943, 116.52174 23.4112, 116.61151 23.23873, 116.49469 22.93935, 116.29849 22.96325, 115.82596 22.74664, 115.68247 22.88817, 115.52394 22.74177, 115.06548 22.79598, 114.88021 22.55911, 114.75415 22.58971, 114.78476 22.81586, 114.56332 22.73273, 114.51582 22.45264, 114.3956 22.61351, 113.89034 22.45271, 113.63071 23.0349, 113.35043 22.88972, 113.43955 22.73945, 113.59917 22.57518, 113.58765 22.23788, 113.30274 22.18329, 113.02862 21.96115, 112.82602 21.96613, 112.608 21.77509, 112.44321 21.82844, 112.24488 21.70653, 112.1727 21.81444, 111.77963 21.67544, 111.63046 21.52985, 111.08839 21.47264, 110.70484 21.34854, 110.2046 21.08222, 110.15675 20.84886, 110.36899 20.84886, 110.30079 20.65705, 110.53419 20.47826, 110.39999 20.30077, 109.91456 20.24848, 109.7732 20.82152, 109.66122 20.92756, 109.74147 21.47403, 109.49269 21.69855, 109.53077 21.49164, 109.13868 21.4016, 109.13575 21.60297, 108.86142 21.76, 108.75156 21.65013, 108.44874 21.86579, 108.51881 21.59553, 108.32154 21.70966, 108.01661 21.47036, 107.85546 21.60034, 107.83236 21.63935, 107.7779 21.65599, 107.74482 21.65754, 107.69025 21.62473, 107.6132 21.60561, 107.46102 21.59636, 107.44593 21.64695, 107.40996 21.6454, 107.34816 21.59935, 107.27266 21.71831, 107.17235 21.71506, 107.06585 21.79583, 107.0029 21.81056, 107.02115 21.89226, 106.97123 21.93582, 106.92038 21.91696, 106.86477 21.96807, 106.78152 21.97504, 106.72235 22.00698, 106.6746 21.96217, 106.6482 21.99551, 106.66789 22.04269, 106.66293 22.2233, 106.63967 22.29668, 106.55534 22.33197, 106.53653 22.36055, 106.52691 22.42778, 106.54588 22.47253, 106.56877 22.57459, 106.64634 22.5688, 106.7915 22.77213, 106.66747 22.86752, 106.61037 22.85287, 106.56696 22.90377, 106.48779 22.92542, 106.45798 22.88897, 106.31566 22.8538, 106.27659 22.85104, 106.23401 22.86385, 106.20239 22.947, 106.17004 22.96602, 106.13211 22.97501, 106.07759 22.98103, 105.99925 22.97537, 105.97398 22.93989, 105.94483 22.9277, 105.88664 22.92976, 105.85388 22.90465, 105.75471 23.00568, 105.69032 23.04397, 105.55157 23.05968, 105.53529 23.0941, 105.53483 23.13626, 105.43086 23.26781, 105.38952 23.27543, 105.28006 23.35878, 105.23593 23.31979, 105.21754 23.26535, 104.87006 23.16355, 104.86552 23.13347, 104.83591 23.09975, 104.79792 23.08557, 104.82361 22.92413, 104.72821 22.8391, 104.66274 22.81093, 104.62904 22.82078, 104.57923 22.80887, 104.55355 22.83605, 104.449 22.74518, 104.34017 22.68637, 104.24948 22.72833, 104.21326 22.82502, 104.07332 22.78267, 104.01394 22.69102, 103.95952 22.5071, 103.91705 22.53325, 103.64693 22.79905, 103.59004 22.76802, 103.55092 22.64079, 103.50364 22.58141, 103.47315 22.59165, 103.40173 22.73784, 103.30964 22.78794, 103.14175 22.60704, 103.13001 22.57795, 103.142 22.5378, 103.04418 22.48648, 102.98909 22.4376, 102.8937 22.48736, 102.85928 22.55051, 102.81339 22.6087, 102.51579 22.74518, 102.44272 22.76517, 102.39497 22.68053, 102.35626 22.65872, 102.37688 22.61557, 102.21803 22.41067, 102.01458 22.44607, 101.8426 22.38334, 101.78488 22.47222, 101.75506 22.49553, 101.74178 22.49604, 101.71315 22.49155, 101.66866 22.4623, 101.64509 22.42421, 101.6437 22.36468, 101.58799 22.27135, 101.54065 22.27146, 101.51575 22.24536, 101.51823 22.22821, 101.56153 22.17612, 101.56696 22.14935, 101.55502 22.1124, 101.56494 22.06951, 101.60039 22.0075, 101.75108 21.81614, 101.72855 21.71754, 101.80384 21.62592, 101.73475 21.5544, 101.72555 21.37539, 101.71558 21.33818, 101.7225 21.30423, 101.81227 21.25814, 101.80524 21.20449, 101.77356 21.20739, 101.7179 21.13447, 101.67016 21.17705, 101.59652 21.17339, 101.58396 21.22439, 101.5391 21.23886, 101.49513 21.24284, 101.38149 21.22248, 101.2753 21.17411, 101.24434 21.19287, 101.23478 21.36366, 101.20796 21.3835, 101.17143 21.4034, 101.18657 21.53533, 101.15902 21.55269, 101.11887 21.75981, 100.70396 21.51641, 100.18715 21.42789, 100.14632 21.64922, 99.95026 21.72116, 99.94241 22.04553, 99.14447 22.15353, 99.35779 22.49548, 99.30797 22.74518, 99.49308 23.05738, 99.21661 23.05738, 98.85901 23.17939, 98.85736 23.60435, 98.66367 23.79695, 98.66326 23.96955, 98.86573 24.14568, 98.58523 24.07572, 98.18153 24.11866, 97.63707 23.86356, 97.51646 23.94283, 97.70766 24.1253, 97.63986 24.43928, 97.51956 24.43078, 97.53609 24.74503, 97.77298 24.85469, 97.70332 24.96042, 97.82362 25.26161, 98.10836 25.38889, 98.14009 25.61146, 98.33263 25.56697, 98.50947 25.83806, 98.6924 25.87899, 98.54554 26.10564, 98.75555 26.62504, 98.67256 27.1756, 98.67928 27.57734, 98.41025 27.68425, 98.2947 27.53661, 98.10712 27.97307, 98.11869 28.14079, 97.54622 28.53847, 97.3235 28.21748, 97.11555 28.36656, 96.71692 28.43654, 96.30185 28.42071, 96.59801 28.70991, 96.45761 28.99459, 96.19532 28.94111, 96.31643 29.17186, 96.14197 29.36847, 95.74478 29.34043, 95.36741 29.0365, 94.77657 29.1667, 94.63043 29.31945, 94.27079 29.09793, 94.25018 28.93311, 93.99202 28.84465, 93.92779 28.68275, 93.44621 28.67189, 93.18629 28.432, 93.20782 28.34054, 92.65484 28.10583, 92.73639 27.98591, 92.57498 27.84781, 92.23957 27.86528, 91.86491 27.72999, 91.62834 27.85269, 91.62172 27.95072, 91.29017 28.09141, 91.09256 27.97168, 90.6839 28.08707, 90.47523 28.07234, 90.58773 28.2333, 90.22559 28.3584, 89.86292 28.29579, 89.56149 28.13464, 89.05095 27.60828, 88.89233 27.31554, 88.74102 27.54571, 88.85388 27.84368, 88.61049 28.10583, 88.11822 27.86088, 87.82588 27.90657, 87.72682 27.80776, 87.1558 27.8258, 87.03053 27.93809, 86.54415 28.09302, 86.43884 27.91086, 86.20304 28.00258, 85.98026 27.88517, 85.69294 28.33522, 85.61181 28.25114, 85.08021 28.31879, 85.16801 28.58319, 84.67776 28.60441, 84.23515 28.90002, 84.09913 29.247, 83.88344 29.28201, 83.51705 29.19171, 83.16209 29.62517, 82.83658 29.65979, 82.54181 29.92324, 82.14453 30.06943, 82.08877 30.33009, 81.59159 30.41427, 81.38752 30.37391, 81.32241 30.13377, 81.09777 30.01693, 80.99602 30.19697, 80.72306 30.39205, 80.17984 30.55948, 80.23141 30.72495, 79.8335 30.96152, 79.40159 31.02364, 79.23832 31.32966, 79.07021 31.46138, 78.92101 31.26969, 78.73848 31.33499, 78.81889 31.60737, 78.67089 31.77052, 78.74458 31.9642, 78.45798 32.22966, 78.38098 32.52804, 78.71326 32.63752, 78.91129 32.35474, 79.32047 32.59227, 79.4435 32.53477, 79.62067 32.72873, 79.41409 32.97205, 79.42008 33.27517, 79.09803 33.28765, 78.82426 33.46106, 78.73011 34.07926, 78.97619 34.21716, 78.92214 34.3723, 78.27319 34.65887, 78.00116 35.26891, 78.05563 35.45288, 77.80035 35.49541)), ((110.66969 19.38174, 110.42677 18.68089, 110.27084 18.66816, 109.99252 18.44306, 109.7461 18.3959, 109.56121 18.16934, 109.43995 18.28897, 109.16261 18.28783, 108.695 18.50483, 108.62745 18.83588, 108.62696 19.27497, 109.20493 19.71857, 109.30372 19.9217, 109.46502 19.83405, 109.719 20.01065, 109.99008 19.90595, 110.15699 20.06737, 110.56414 19.98452, 110.67791 20.16356, 110.93458 19.99506, 110.99659 19.68659, 110.66969 19.38174)), ((121.98009 31.5403, 121.85137 31.43918, 121.31446 31.65559, 121.26406 31.84108, 121.98009 31.5403)), ((122.29363 29.93378, 122.01051 30.00031, 121.97462 30.14802, 122.28956 30.06733, 122.29363 29.93378)), ((110.52076 20.97236, 110.26661 20.97264, 110.52638 21.0821, 110.52076 20.97236)), ((119.77833 25.52204, 119.78175 25.65917, 119.87452 25.55679, 119.77833 25.52204)), ((117.52666 23.74011, 117.32048 23.57402, 117.37273 23.76675, 117.52666 23.74011)), ((121.28535 28.10195, 121.15157 28.04123, 121.23059 28.21973, 121.28535 28.10195)), ((119.90138 32.08246, 119.792 32.12177, 119.83286 32.25214, 119.90138 32.08246)), ((112.79965 21.57909, 112.71559 21.68024, 112.77752 21.77265, 112.79965 21.57909)), ((113.54461 22.76878, 113.43295 22.91201, 113.57301 22.83006, 113.54461 22.76878)), ((118.51431 38.91945, 118.48819 39.05049, 118.55972 39.00313, 118.51431 38.91945)), ((121.42254 39.47451, 121.4336 39.38581, 121.26588 39.43358, 121.42254 39.47451)), ((111.99985 21.654, 111.82244 21.562, 111.8353 21.64395, 111.99985 21.654)), ((110.5652 21.11262, 110.41774 21.17845, 110.61695 21.19892, 110.5652 21.11262)), ((118.09254 24.55622, 118.18141 24.5351, 118.15382 24.43708, 118.09254 24.55622)), ((113.5595 22.735, 113.62801 22.59578, 113.47654 22.73127, 113.5595 22.735)), ((117.10894 23.48229, 117.12878 23.39937, 116.94299 23.43006, 117.10894 23.48229)), ((122.20232 30.24193, 122.07358 30.29141, 122.21144 30.34663, 122.20232 30.24193)), ((122.18686 29.67341, 122.12745 29.66901, 122.11476 29.78852, 122.18686 29.67341)), ((112.64536 21.71284, 112.6504 21.64045, 112.51824 21.61677, 112.64536 21.71284)), ((119.40122 25.99604, 119.25758 26.00145, 119.21778 26.05903, 119.40122 25.99604)), ((121.76637 31.32062, 121.59881 31.42914, 121.7256 31.40274, 121.76637 31.32062)), ((121.93531 29.06289, 121.86817 29.14741, 121.94321 29.16112, 121.93531 29.06289)), ((119.33497 25.43797, 119.2815 25.4829, 119.33172 25.57128, 119.33497 25.43797)), ((121.90919 30.04499, 121.8274 30.00422, 121.84767 30.08316, 121.90919 30.04499)), ((113.40577 22.00703, 113.30942 22.02412, 113.38266 22.08959, 113.40577 22.00703)), ((122.38282 29.86473, 122.32203 29.94843, 122.40675 29.9527, 122.38282 29.86473)), ((122.42311 30.41494, 122.28541 30.42206, 122.36915 30.477, 122.42311 30.41494)), ((113.36476 22.1579, 113.28907 22.06851, 113.27174 22.12002, 113.36476 22.1579)), ((121.86785 31.3662, 121.85108 31.29393, 121.7942 31.3688, 121.86785 31.3662)), ((110.62794 20.94864, 110.5892 20.88349, 110.54754 20.91771, 110.62794 20.94864)), ((119.54217 25.16535, 119.46119 25.20331, 119.47039 25.25218, 119.54217 25.16535)), ((119.64405 26.07844, 119.55397 26.09565, 119.59938 26.12812, 119.64405 26.07844)), ((122.31471 29.78368, 122.2317 29.83625, 122.31202 29.82905, 122.31471 29.78368)), ((122.68442 39.26219, 122.58619 39.258, 122.50506 39.29694, 122.68442 39.26219)), ((113.51889 22.12726, 113.53891 22.0821, 113.47023 22.07762, 113.51889 22.12726)), ((122.2776 30.23554, 122.32399 30.27216, 122.37501 30.26215, 122.2776 30.23554)), ((113.28566 21.91812, 113.22584 21.90082, 113.25766 21.9466, 113.28566 21.91812)), ((110.47136 20.64737, 110.44809 20.59626, 110.43702 20.66791, 110.47136 20.64737)), ((121.84205 29.09504, 121.78582 29.1197, 121.84392 29.14191, 121.84205 29.09504)), ((122.3213 39.16596, 122.4026 39.21381, 122.4026 39.15913, 122.3213 39.16596)), ((113.54514 22.93776, 113.54501 22.87996, 113.50996 22.92122, 113.54514 22.93776)), ((121.04021 27.95795, 121.11134 27.98379, 121.13917 27.95698, 121.04021 27.95795)), ((122.96803 39.54108, 123.04005 39.52973, 122.97975 39.49934, 122.96803 39.54108)), ((121.18849 27.86371, 121.17123 27.81879, 121.09799 27.81782, 121.18849 27.86371)), ((122.5311 30.70441, 122.42726 30.70392, 122.42994 30.74307, 122.5311 30.70441)), ((117.00929 23.555, 116.9878 23.52412, 116.93605 23.53555, 117.00929 23.555)), ((121.97413 29.89985, 121.9336 29.92133, 121.96648 29.95173, 121.97413 29.89985)), ((120.31853 26.94859, 120.35092 26.97118, 120.38567 26.93517, 120.31853 26.94859)), ((123.18067 39.09195, 123.19557 39.05207, 123.14519 39.04328, 123.18067 39.09195)), ((122.74195 39.23607, 122.69752 39.22126, 122.636 39.22801, 122.74195 39.23607)), ((113.62338 22.43987, 113.65787 22.43202, 113.61227 22.39796, 113.62338 22.43987)), ((114.3025 22.04487, 114.22242 22.02167, 114.29298 22.05781, 114.3025 22.04487)), ((109.09596 21.02204, 109.09986 21.0607, 109.1277 21.03217, 109.09596 21.02204)), ((121.074 27.47948, 121.10336 27.45188, 121.04611 27.4652, 121.074 27.47948)), ((120.75733 37.92267, 120.72633 37.90884, 120.72706 37.94766, 120.75733 37.92267)), ((113.77175 22.00034, 113.76448 21.96682, 113.73628 21.99716, 113.77175 22.00034)), ((120.72006 37.98094, 120.70916 37.96577, 120.6902 37.99063, 120.72006 37.98094)), ((120.62582 37.97256, 120.62289 37.9488, 120.6019 37.96931, 120.62582 37.97256)), ((120.80649 38.28823, 120.81983 38.31367, 120.83619 38.30427, 120.80649 38.28823)), ((120.77329 38.15974, 120.74659 38.16185, 120.74269 38.18757, 120.77329 38.15974)), ((111.19288 15.77823, 111.19939 15.78921, 111.20753 15.78217, 111.19288 15.77823)), ((120.90756 38.38516, 120.91782 38.39545, 120.92319 38.38325, 120.90756 38.38516)), ((112.32594 16.83324, 112.33058 16.83763, 112.33725 16.82844, 112.32594 16.83324)), ((112.73015 16.66022, 112.72877 16.66926, 112.73683 16.66022, 112.73015 16.66022)), ((111.59986 16.52749, 111.60572 16.53351, 111.60629 16.52424, 111.59986 16.52749)), ((112.33367 16.93325, 112.34108 16.92699, 112.33546 16.92381, 112.33367 16.93325)), ((111.76336 16.04344, 111.7531 16.04466, 111.7614 16.04865, 111.76336 16.04344)), ((111.68027 16.57815, 111.67888 16.58112, 111.68165 16.58019, 111.68027 16.57815)))
50;50;Asia;East Asia;north-korea;North Korea;Political dissidents, religious practitioners, defectors, forced laborers, women, prison camp detainees, North Korean refugees (post-repatriation);Kim regime, Korean People's Army, police and intelligence agencies, Ministry of State Security;Emergency;3,7,8,9,10;5;10;OK;current;2023-12-01;For over seven decades, the Democratic People’s Republic of Korea (DPRK) has been governed by three generations of the Kim dynasty. Under current Supreme Leader Kim Jong-un, North Korea continues to be an isolated totalitarian regime. The police and army brutally suppress any perceived threat to the communist regime. Political dissidents, religious practitioners, and defectors are regarded as enemies of the state.;Profile details checked;https://www.genocidewatch.com/country-pages/north-korea;https://d0dbb2cb-698c-4513-aa47-eba3a335e06f.filesusr.com/ugd/392c32_20437446ef984e848dfe2834443dfcd1.pdf;https://www.genocidewatch.com/country-pages/north-korea;;;base_country;0;;MultiPolygon;EPSG:4326;Existing Ten Stages corrected GeoJSON;NAME=North Korea;Topology-simplified embedded fallback used only when the live GitHub CSV cannot be loaded.;50eb90cff1dcd588c7a5b6e80e9381e9edcda285bddde64c0e8d3296297c6f63;;MULTIPOLYGON (((124.36997 40.09829, 124.89551 40.48363, 125.41325 40.63178, 125.76093 40.88567, 126.01534 40.90913, 126.5013 41.43437, 126.61788 41.66593, 126.9298 41.80104, 127.26906 41.50496, 127.63834 41.42988, 128.00142 41.47085, 128.14611 41.37634, 128.303 41.58341, 128.03459 41.99374, 128.90348 42.02627, 129.21116 42.21996, 129.34015 42.44547, 129.70333 42.44237, 129.85174 42.9619, 130.12149 42.98185, 130.24304 42.74336, 130.53077 42.53048, 130.69996 42.29511, 130.40745 42.32458, 130.07304 42.07846, 129.6488 41.5494, 129.80616 41.37604, 129.71656 40.83459, 129.2177 40.69635, 129.07756 40.47257, 128.61895 40.29733, 128.66456 40.20124, 127.52084 39.74698, 127.57455 39.59504, 127.37843 39.37885, 127.45224 39.16596, 127.76962 39.1092, 128.01466 38.85814, 128.36492 38.62434, 128.27478 38.5715, 128.28543 38.51985, 128.26807 38.45352, 128.17236 38.35595, 128.10849 38.3235, 128.03986 38.30428, 127.86685 38.30485, 127.80076 38.29392, 127.75373 38.32536, 127.15749 38.30722, 127.09046 38.28586, 127.02675 38.25446, 126.95373 38.20067, 126.91983 38.1346, 126.76191 37.979, 126.66579 37.93763, 126.66746 37.82781, 126.57618 37.77753, 126.39772 37.89175, 126.14918 37.82217, 125.59693 38.03221, 125.62013 37.76533, 125.33505 37.68627, 125.5101 37.89427, 125.32667 37.81297, 125.01319 37.90599, 125.11622 38.04194, 124.67709 38.11538, 124.88388 38.35529, 125.30836 38.70726, 125.13722 38.80353, 125.44492 39.31061, 125.28598 39.52119, 124.76039 39.74801, 124.64906 39.61212, 124.56406 39.81428, 124.32154 39.91267, 124.36997 40.09829)), ((124.93361 39.55054, 124.86166 39.50764, 124.88047 39.61245, 124.93361 39.55054)), ((124.90398 38.49437, 124.79444 38.53392, 124.8322 38.55305, 124.90398 38.49437)), ((125.33774 37.7687, 125.24684 37.69986, 125.27947 37.74942, 125.33774 37.7687)), ((124.67555 39.53852, 124.59588 39.53791, 124.69125 39.56965, 124.67555 39.53852)), ((125.14137 37.79951, 125.18849 37.81908, 125.15626 37.78669, 125.14137 37.79951)), ((124.69362 39.53508, 124.69776 39.50259, 124.68015 39.50773, 124.69362 39.53508)), ((125.03045 37.83617, 125.04461 37.82461, 125.02565 37.80829, 125.03045 37.83617)), ((124.22099 39.81897, 124.24279 39.80732, 124.21166 39.79516, 124.22099 39.81897)), ((124.59604 39.43024, 124.61256 39.45714, 124.61907 39.43301, 124.59604 39.43024)))
51;51;Asia;East Asia;south-korea;South Korea;"Journalists & media personnel

Women

North Korean defectors";South Korean government;Watch;3;1;3;OK;current;2026-03-11;Despite its strong record on democratic governance and human rights, South Korea has faced persistent challenges in freedom of expression, labor rights, gender equality, and LGBTQ+ rights. Its growing relationship with the Democratic People’s Republic of Korea (DPRK, or North Korea) is also of concern, including the South Korean government's shift away from calling for accountability for North Korean human rights violations. The risks to South Korea's democracy must be addressed.;Profile details checked;https://www.genocidewatch.com/country-pages/south-korea;https://d0dbb2cb-698c-4513-aa47-eba3a335e06f.filesusr.com/ugd/444029_9e13608e6a274f51adb430ea75f70154.pdf;https://www.genocidewatch.com/country-pages/south-korea;;;base_country;0;;MultiPolygon;EPSG:4326;Natural Earth v5.1.1 — ne_50m_admin_0_countries;NAME=South Korea;Topology-simplified embedded fallback used only when the live GitHub CSV cannot be loaded.;397fa503b2e2b8a2743d64bda1a928658769ceff4bc7b71b1e370447faf8515e;;MULTIPOLYGON (((126.666797 37.917188, 127.009668 38.240527, 127.294043 38.313281, 127.905273 38.300439, 128.168652 38.359326, 128.279297 38.523779, 128.374609 38.623437, 128.618848 38.176074, 129.051563 37.677637, 129.335156 37.274561, 129.473438 36.741895, 129.403516 36.052148, 129.572852 36.050537, 129.419141 35.497852, 129.21416 35.181836, 128.980078 35.101514, 128.510938 35.100977, 128.443945 34.870361, 128.03623 35.021973, 127.714844 34.954688, 127.632422 34.690234, 127.404297 34.823096, 127.479102 34.625244, 127.324609 34.463281, 127.173438 34.546143, 127.24707 34.755127, 126.897461 34.438867, 126.754785 34.511865, 126.531445 34.314258, 126.481738 34.493945, 126.264453 34.673242, 126.524512 34.6979, 126.291113 35.15415, 126.492773 35.50127, 126.488477 35.64707, 126.717383 35.768848, 126.693457 36.01416, 126.54043 36.166162, 126.487695 36.693799, 126.180859 36.691602, 126.217188 36.870947, 126.577734 37.01958, 126.958008 36.906152, 126.746387 37.193555, 126.563379 37.716504, 126.666797 37.917188)), ((128.64668 34.736865, 128.489258 34.865283, 128.721875 35.013574, 128.64668 34.736865)), ((128.054688 34.708057, 127.832227 34.874512, 128.037988 34.878613, 128.054688 34.708057)), ((126.169727 34.355176, 126.247461 34.56333, 126.379883 34.497949, 126.169727 34.355176)), ((126.520703 37.736816, 126.42334 37.623633, 126.411621 37.822656, 126.520703 37.736816)), ((126.769922 34.296436, 126.646094 34.351123, 126.7 34.395898, 126.769922 34.296436)), ((127.787793 34.584082, 127.737305 34.630908, 127.787109 34.682129, 127.787793 34.584082)), ((126.403809 36.427881, 126.318555 36.612549, 126.386621 36.571143, 126.403809 36.427881)), ((126.115234 34.714209, 126.00752 34.86748, 126.168555 34.829688, 126.115234 34.714209)), ((130.870605 37.44873, 130.838379 37.537207, 130.934277 37.529736, 130.870605 37.44873)), ((126.240234 33.214844, 126.337695 33.4604, 126.695508 33.549316, 126.901172 33.515137, 126.872852 33.341162, 126.240234 33.214844)))
52;52;Asia;East Asia;japan;Japan;"Chinese; Koreans; Philippinos";"Government of Japan; Imperial Japanese Army";Watch;10;1;10;OK;historical;;;No details found;https://www.genocidewatch.com/japan;https://www.genocidewatch.com/japan;;;;base_country;0;;MultiPolygon;EPSG:4326;Existing Ten Stages corrected GeoJSON;NAME=Japan;Topology-simplified embedded fallback used only when the live GitHub CSV cannot be loaded.;1dd290ba6dac1ca7fe297274c1a367295590daaa7866b8fad97117271f49d9e8;;MULTIPOLYGON (((133.20289 34.28889, 132.83619 34.3111, 132.56617 34.19196, 132.38347 34.36567, 132.2225 34.23896, 132.15008 33.83015, 131.74147 34.05622, 131.3899 34.03974, 131.27223 33.92683, 130.86158 34.11274, 130.95509 34.40347, 131.41432 34.42398, 131.59687 34.65959, 131.79038 34.6861, 132.40808 35.17505, 132.63868 35.29464, 132.63536 35.44095, 133.09126 35.60148, 133.41741 35.45654, 134.23777 35.54665, 134.53699 35.6722, 134.92701 35.64118, 135.22685 35.77232, 135.18818 35.56504, 135.55828 35.49177, 135.8105 35.52686, 136.09946 35.7757, 135.95729 35.97313, 136.13484 36.22455, 136.43019 36.43252, 136.76055 36.8706, 136.67447 37.17547, 136.74909 37.35792, 137.29571 37.53149, 137.23024 37.29214, 136.93043 37.22163, 136.87469 37.06965, 137.05397 37.07982, 136.98774 36.87102, 137.33334 36.76273, 137.42711 36.92201, 138.24489 37.18379, 138.55063 37.37792, 138.85768 37.82783, 139.30454 38.04194, 139.43238 38.16913, 139.59922 38.64825, 139.77384 38.81712, 140.04858 39.50467, 140.0276 39.82453, 139.7601 39.85806, 139.97804 40.12547, 140.02426 40.35502, 139.85678 40.59016, 140.29664 40.87377, 140.34228 41.26573, 140.59391 41.22018, 140.67302 40.89558, 140.88233 41.00782, 141.11135 40.87263, 141.27788 41.15533, 141.16123 41.27847, 140.81453 41.12846, 140.91357 41.54686, 141.2761 41.3532, 141.46058 41.43022, 141.39082 41.16101, 141.43739 40.67014, 141.74378 40.38392, 141.94955 39.99657, 142.06935 39.54047, 141.90528 39.33047, 141.84742 39.02196, 141.63836 38.98542, 141.46306 38.66136, 141.5254 38.26781, 141.33318 38.409, 141.09783 38.37153, 140.96681 38.17048, 140.93336 37.88923, 141.04184 37.37714, 140.9603 36.96621, 140.80437 36.88597, 140.56411 36.2831, 140.64603 36.01332, 140.87941 35.72053, 140.48347 35.56599, 140.3942 35.19659, 140.1346 35.12265, 139.9264 34.90736, 139.78215 35.31418, 140.0796 35.60358, 139.79906 35.54001, 139.61145 35.14197, 139.54418 35.30789, 139.14596 35.23523, 139.14088 34.87055, 138.8353 34.59589, 138.77139 34.64731, 138.80333 35.12191, 138.55408 35.09607, 138.21599 34.71228, 138.04724 34.65464, 137.42756 34.66775, 137.0161 34.57878, 137.32432 34.76684, 136.85597 34.73981, 136.87986 35.04384, 136.65919 34.98395, 136.54005 34.61571, 136.91603 34.43399, 136.90024 34.28254, 136.47169 34.23896, 136.21852 34.06761, 135.95987 33.59309, 135.76557 33.48155, 135.44483 33.55085, 135.40235 33.70112, 135.06545 33.88557, 135.18702 34.13593, 135.06104 34.26727, 135.41438 34.55813, 135.34127 34.70851, 134.9603 34.64362, 134.7444 34.76655, 134.38136 34.73981, 133.93629 34.45124, 133.69996 34.52595, 133.20289 34.28889)), ((145.62916 43.30976, 145.51889 43.16645, 145.3025 43.17349, 145.00017 42.98615, 144.74195 42.92422, 144.18312 42.97639, 143.63885 42.66108, 143.34897 42.31916, 143.22608 41.93228, 142.95973 42.10537, 142.45997 42.27131, 142.16775 42.45986, 141.72608 42.61717, 141.42774 42.5644, 140.98683 42.33983, 140.73365 42.56415, 140.38087 42.50507, 140.29176 42.25959, 140.54884 42.10554, 140.71355 42.13349, 141.18995 41.79092, 141.00636 41.71214, 140.70899 41.82441, 140.45289 41.68106, 140.20899 41.40111, 139.98365 41.56049, 140.14503 41.98265, 139.78745 42.24677, 139.87696 42.6634, 140.26075 42.76097, 140.52711 43.01545, 140.33806 43.21052, 140.48715 43.37238, 140.80991 43.19245, 141.16912 43.14086, 141.44011 43.36172, 141.33741 43.71284, 141.64064 43.93793, 141.65545 44.27692, 141.79176 44.59699, 141.72185 44.95515, 141.58644 45.16437, 141.69215 45.40229, 141.96046 45.51024, 142.53932 45.01846, 142.98146 44.58649, 143.40528 44.31745, 143.77662 44.18928, 143.72828 44.11347, 144.2151 44.11148, 144.43043 43.94257, 144.74049 43.91462, 145.20167 44.2058, 145.34986 44.21162, 145.07472 43.75373, 145.36166 43.30146, 145.62916 43.30976)), ((131.44728 31.8769, 131.33823 31.37263, 130.65772 31.00319, 130.79525 31.34443, 130.61305 31.68236, 130.52914 31.51325, 130.63982 31.18647, 130.2222 31.2463, 130.33619 31.62617, 130.17143 31.79014, 130.17986 32.09345, 130.431 32.25715, 130.6683 32.64875, 130.2414 33.18823, 130.10532 32.87592, 130.33942 32.85658, 130.36083 32.68796, 130.16599 32.59296, 130.17843 32.79292, 129.83438 32.69412, 129.6324 32.97911, 130.00315 32.84538, 129.94562 33.01576, 129.56414 33.21113, 129.59242 33.38112, 129.80747 33.34813, 129.85319 33.5525, 130.01686 33.44579, 130.15955 33.6296, 130.39087 33.60487, 130.48894 33.85537, 131.00715 33.96605, 131.06446 33.65327, 131.4177 33.58168, 131.52105 33.67637, 131.72954 33.58024, 131.51038 33.2734, 131.90262 33.26604, 131.80957 33.12765, 132.02547 32.9236, 131.68214 32.53506, 131.44728 31.8769)), ((134.75123 33.83491, 134.37617 33.63566, 134.19026 33.24833, 133.92521 33.49369, 133.60773 33.51582, 133.26938 33.34687, 133.01826 33.02402, 132.95548 32.81462, 132.62338 32.7995, 132.47227 32.93367, 132.38111 33.46605, 132.67661 33.71564, 132.76986 33.99627, 132.94238 34.14126, 133.0866 33.94931, 133.511 33.96524, 133.64112 34.18464, 133.94654 34.37617, 134.15301 34.38573, 134.43977 34.20835, 134.64687 34.23925, 134.59523 34.04597, 134.75123 33.83491)), ((128.24334 26.63329, 127.83888 26.42524, 127.82358 26.18675, 127.6517 26.08438, 127.73129 26.43989, 127.93751 26.53213, 128.22592 26.80097, 128.24334 26.63329)), ((138.4865 37.89175, 138.26515 37.79833, 138.31007 38.16812, 138.51417 38.32307, 138.4865 37.89175)), ((129.36573 28.1232, 129.14576 28.25617, 129.68775 28.50898, 129.36573 28.1232)), ((134.95825 34.27036, 134.65717 34.2882, 134.98133 34.6024, 134.95825 34.27036)), ((130.20338 32.33885, 129.99545 32.19066, 130.03297 32.52192, 130.20338 32.33885)), ((130.67457 30.37458, 130.43771 30.23897, 130.49895 30.46796, 130.67457 30.37458)), ((129.38815 34.36676, 129.27199 34.35622, 129.3233 34.64807, 129.46456 34.70081, 129.38815 34.36676)), ((131.06154 30.84059, 130.96218 30.37281, 130.8515 30.47014, 131.06154 30.84059)), ((128.89926 32.64252, 128.65263 32.59108, 128.64177 32.76138, 128.80849 32.79991, 128.89926 32.64252)), ((123.87306 24.25825, 123.68344 24.28531, 123.76987 24.41836, 123.87306 24.25825)), ((129.34258 34.29305, 129.17163 34.10681, 129.19853 34.31623, 129.34258 34.29305)), ((133.32602 36.15815, 133.18775 36.21613, 133.292 36.34247, 133.32602 36.15815)), ((129.02426 27.75658, 128.89454 27.72822, 128.94703 27.91413, 129.02426 27.75658)), ((124.24187 24.36371, 124.14031 24.34199, 124.31446 24.58731, 124.24187 24.36371)), ((130.45704 32.52558, 130.39283 32.39716, 130.2186 32.45596, 130.45704 32.52558)), ((129.09254 32.90661, 128.97942 32.94761, 129.12391 33.10917, 129.09254 32.90661)), ((129.56216 33.36639, 129.37602 33.16972, 129.44266 33.34807, 129.56216 33.36639)), ((141.33562 45.15778, 141.23536 45.10248, 141.13185 45.21027, 141.33562 45.15778)), ((134.36736 34.55427, 134.34693 34.43081, 134.17506 34.52009, 134.36736 34.55427)), ((125.45265 24.74494, 125.2588 24.73338, 125.28517 24.87735, 125.45265 24.74494)), ((132.21632 33.85537, 132.25359 33.9501, 132.38071 33.88642, 132.21632 33.85537)), ((129.78386 33.73819, 129.65713 33.74255, 129.68865 33.87115, 129.78386 33.73819)), ((139.54851 42.24335, 139.50896 42.10082, 139.41432 42.17251, 139.54851 42.24335)), ((139.45379 34.67894, 139.35935 34.7023, 139.35647 34.79723, 139.45379 34.67894)), ((129.78321 31.79963, 129.72934 31.64423, 129.65937 31.64193, 129.78321 31.79963)), ((141.07358 45.42471, 141.03566 45.29218, 141.0066 45.44042, 141.07358 45.42471)), ((128.70069 27.45482, 128.63071 27.37568, 128.53386 27.41527, 128.70069 27.45482)), ((139.87745 33.08759, 139.78761 33.05842, 139.76775 33.14989, 139.87745 33.08759)), ((129.35043 28.08649, 129.21811 28.10611, 129.18084 28.19025, 129.35043 28.08649)), ((132.45533 34.08812, 132.5193 34.17438, 132.56983 34.07587, 132.45533 34.08812)), ((126.81007 26.35187, 126.7824 26.30451, 126.69776 26.36905, 126.81007 26.35187)), ((130.18727 32.19636, 130.16733 32.11433, 130.1211 32.21263, 130.18727 32.19636)), ((132.96388 34.19188, 133.03004 34.29531, 133.03484 34.20734, 132.96388 34.19188)), ((133.08758 36.12702, 133.05584 36.06175, 132.99041 36.07705, 133.08758 36.12702)), ((130.03028 28.37348, 129.99545 28.29092, 129.91358 28.29711, 130.03028 28.37348)), ((139.4944 34.09276, 139.55633 34.11347, 139.50611 34.03587, 139.4944 34.09276)), ((136.9437 37.09736, 136.90528 37.14362, 137.04176 37.15974, 136.9437 37.09736)), ((129.92221 31.81981, 129.82057 31.84553, 129.84498 31.8806, 129.92221 31.81981)), ((133.09441 34.16039, 133.0171 34.11884, 133.05543 34.19355, 133.09441 34.16039)), ((128.90724 32.79401, 128.83522 32.78767, 128.86817 32.83784, 128.90724 32.79401)), ((130.26216 30.43502, 130.21247 30.42069, 130.20231 30.4819, 130.26216 30.43502)), ((129.89357 29.87474, 129.92042 29.81965, 129.83277 29.87308, 129.89357 29.87474)), ((132.90577 34.21308, 132.84645 34.24022, 132.90821 34.26288, 132.90577 34.21308)), ((129.02817 32.85566, 128.96803 32.87368, 128.98463 32.92919, 129.02817 32.85566)), ((125.20525 24.805, 125.15065 24.80435, 125.16358 24.85464, 125.20525 24.805)), ((145.3628 43.55488, 145.2024 43.61384, 145.28696 43.60102, 145.3628 43.55488)), ((130.44581 32.55256, 130.39877 32.59317, 130.45289 32.61099, 130.44581 32.55256)), ((142.18019 26.6188, 142.11134 26.72118, 142.16586 26.70132, 142.18019 26.6188)), ((133.12322 36.06293, 133.07911 36.02094, 133.08131 36.08015, 133.12322 36.06293)), ((132.34498 34.28197, 132.29591 34.24323, 132.29884 34.29222, 132.34498 34.28197)), ((139.30095 34.41791, 139.26783 34.3227, 139.26539 34.38862, 139.30095 34.41791)), ((141.33058 24.76911, 141.28956 24.72696, 141.29949 24.78587, 141.33058 24.76911)), ((131.27711 25.85838, 131.21209 25.82905, 131.23609 25.87206, 131.27711 25.85838)), ((129.13551 33.29987, 129.12729 33.2475, 129.07618 33.26878, 129.13551 33.29987)), ((123.00261 24.47431, 122.99838 24.43952, 122.93865 24.44424, 123.00261 24.47431)), ((128.94508 32.80435, 128.89576 32.85643, 128.94654 32.88019, 128.94508 32.80435)), ((142.24106 27.0843, 142.21852 27.04035, 142.18019 27.07807, 142.24106 27.0843)), ((128.44858 27.0207, 128.39625 27.04076, 128.42897 27.06647, 128.44858 27.0207)), ((132.64137 34.01406, 132.63445 33.96483, 132.58692 33.96967, 132.64137 34.01406)), ((132.75506 34.18911, 132.73732 34.1684, 132.68898 34.18989, 132.75506 34.18911)), ((130.26645 32.28705, 130.2107 32.25536, 130.21705 32.28693, 130.26645 32.28705)), ((139.62957 33.87173, 139.59425 33.85472, 139.60963 33.89639, 139.62957 33.87173)), ((143.94044 44.13915, 143.81373 44.1684, 143.85955 44.17276, 143.94044 44.13915)), ((129.71485 29.65453, 129.74594 29.66104, 129.72104 29.60615, 129.71485 29.65453)), ((132.2741 33.7722, 132.20444 33.78213, 132.20875 33.80012, 132.2741 33.7722)), ((128.00099 27.09174, 127.97576 27.03974, 127.93572 27.02509, 128.00099 27.09174)), ((134.03834 34.4833, 134.1045 34.49026, 134.08399 34.45982, 134.03834 34.4833)), ((127.80983 26.73542, 127.81121 26.70698, 127.75465 26.72858, 127.80983 26.73542)), ((129.57643 33.48835, 129.50668 33.4831, 129.54176 33.50731, 129.57643 33.48835)), ((129.93946 30.81342, 129.90398 30.83442, 129.93995 30.84894, 129.93946 30.81342)), ((127.37086 26.20319, 127.34539 26.15827, 127.3462 26.20637, 127.37086 26.20319)), ((129.94801 29.95856, 129.89975 29.97565, 129.92199 30.00473, 129.94801 29.95856)), ((133.04518 36.02001, 133.07911 35.99364, 133.02784 35.99364, 133.04518 36.02001)), ((133.72584 34.37141, 133.68849 34.36616, 133.70826 34.39728, 133.72584 34.37141)), ((132.57081 32.71727, 132.54965 32.70429, 132.54859 32.7508, 132.57081 32.71727)), ((135.20518 34.43049, 135.24097 34.45465, 135.25705 34.43578, 135.20518 34.43049)), ((131.28972 25.95136, 131.3213 25.9477, 131.30958 25.92276, 131.28972 25.95136)), ((139.37289 41.52216, 139.34555 41.49335, 139.34034 41.52383, 139.37289 41.52216)), ((141.28745 25.41771, 141.27475 25.45112, 141.29949 25.4348, 141.28745 25.41771)), ((127.22218 26.59894, 127.23683 26.57917, 127.20883 26.58198, 127.22218 26.59894)), ((136.79806 34.8764, 136.82595 34.84908, 136.80773 34.8392, 136.79806 34.8764)), ((129.59816 29.47236, 129.61541 29.45523, 129.59962 29.44335, 129.59816 29.47236)), ((142.18922 27.14549, 142.19093 27.18521, 142.20183 27.16275, 142.18922 27.14549)), ((136.91005 34.54011, 136.90317 34.52502, 136.84913 34.51504, 136.91005 34.54011)), ((136.90895 34.50236, 136.8832 34.47537, 136.8726 34.49114, 136.90895 34.50236)), ((129.52858 29.90892, 129.55445 29.89753, 129.53989 29.88988, 129.52858 29.90892)), ((123.54534 25.76179, 123.51149 25.75808, 123.53745 25.77326, 123.54534 25.76179)), ((153.96624 24.30866, 153.95346 24.29251, 153.94068 24.31147, 153.96624 24.30866)), ((140.32594 30.48517, 140.30649 30.47362, 140.30144 30.48627, 140.32594 30.48517)), ((141.45297 24.2224, 141.46998 24.22626, 141.46315 24.2121, 141.45297 24.2224)), ((128.24342 27.85725, 128.23227 27.85285, 128.22983 27.86896, 128.24342 27.85725)), ((142.19532 27.59911, 142.17945 27.61249, 142.19288 27.6162, 142.19532 27.59911)), ((139.75636 32.4523, 139.75709 32.47036, 139.77377 32.44099, 139.75636 32.4523)), ((133.09327 36.12336, 133.11362 36.11351, 133.09327 36.10977, 133.09327 36.12336)), ((153.98121 24.29536, 153.98365 24.28295, 153.97202 24.28482, 153.98121 24.29536)), ((140.86997 27.21825, 140.86793 27.23395, 140.87818 27.23261, 140.86997 27.21825)), ((142.08058 27.71695, 142.07862 27.72724, 142.08513 27.72606, 142.08058 27.71695)), ((142.10515 27.72704, 142.11166 27.72586, 142.10719 27.71674, 142.10515 27.72704)), ((129.42823 30.84642, 129.43385 30.84455, 129.42945 30.84089, 129.42823 30.84642)), ((123.60629 25.739, 123.60043 25.73937, 123.60279 25.74547, 123.60629 25.739)), ((140.04135 31.44648, 140.04314 31.44457, 140.04151 31.4431, 140.04135 31.44648)), ((140.04347 31.4431, 140.04444 31.44505, 140.04566 31.4433, 140.04347 31.4431)), ((123.67302 25.9287, 123.67205 25.92748, 123.67172 25.92975, 123.67302 25.9287)), ((139.29908 33.65009, 139.29615 33.65107, 139.29908 33.6507, 139.29908 33.65009)), ((144.44825 43.94221, 144.45509 43.94221, 144.44899 43.94204, 144.44825 43.94221)))
53;53;Asia;South-East Asia;cambodia;Cambodia;Cambodian citizens, Cambodian National Rescue Party (CNRP);Cambodian government, Cambodian People’s Party (CPP);Watch;3,4,5,8;4;8;OK;current;2024-07-01;The Cambodian People’s Party arbitrarily detains opposition activists and has banned the Cambodian National Rescue Party (CNRP), its main opposition. Prime Minister Hun Sen has used COVID-19 to suppress freedom of expression, association, and assembly. Cambodia’s anti-drug campaign tortures those sent to drug detention centers.;Profile details checked;https://www.genocidewatch.com/country-pages/cambodia;https://d0dbb2cb-698c-4513-aa47-eba3a335e06f.filesusr.com/ugd/001731_e084c3f77217466fb53e56be60a6a2ea.pdf;https://www.genocidewatch.com/country-pages/cambodia;;;base_country;0;;MultiPolygon;EPSG:4326;Existing Ten Stages corrected GeoJSON;NAME=Cambodia;Topology-simplified embedded fallback used only when the live GitHub CSV cannot be loaded.;8f5ae8d3836e38f73c743ad483daa3c5843c03ba695db4d0790b6a0f73a05060;;MULTIPOLYGON (((102.91358 11.6459, 102.9138 11.76554, 102.69996 12.13874, 102.76513 12.41635, 102.48638 12.66119, 102.49016 12.99608, 102.3282 13.27516, 102.33223 13.5646, 102.5132 13.56716, 103.085 14.29582, 103.67148 14.42956, 104.00138 14.34507, 104.46197 14.35711, 104.77167 14.43987, 104.97383 14.38065, 105.04731 14.21407, 105.18431 14.34574, 105.18426 14.31417, 105.19743 14.27029, 105.25691 14.18244, 105.33779 14.10999, 105.36409 14.10405, 105.42217 14.10787, 105.53318 14.16433, 105.74402 14.08694, 105.78711 14.01015, 105.89966 13.92261, 106.06916 13.91654, 106.14208 14.03501, 105.96917 14.33202, 105.97398 14.36584, 106.15412 14.36755, 106.18916 14.37889, 106.22078 14.47348, 106.23597 14.48436, 106.29675 14.44788, 106.32016 14.44449, 106.41922 14.46646, 106.44578 14.52909, 106.5125 14.59035, 106.55244 14.50695, 106.60536 14.46664, 106.70716 14.4293, 106.76669 14.34832, 106.793 14.32259, 106.83584 14.30706, 106.94611 14.32352, 107.03035 14.4361, 107.07856 14.40078, 107.10078 14.40762, 107.21121 14.49346, 107.28728 14.59852, 107.35157 14.56162, 107.41492 14.54343, 107.52039 14.70458, 107.50525 14.54103, 107.45575 14.43387, 107.38691 14.42191, 107.35901 14.36029, 107.31994 14.11984, 107.34474 14.08131, 107.34314 14.02062, 107.43073 13.98447, 107.44324 13.78348, 107.51429 13.69255, 107.59693 13.53507, 107.61052 13.40037, 107.60695 13.36975, 107.4604 13.02161, 107.4943 12.85875, 107.52236 12.82749, 107.54008 12.71669, 107.56509 12.60642, 107.55667 12.47268, 107.51429 12.34385, 107.39301 12.25284, 107.34381 12.31512, 107.3202 12.32922, 107.27617 12.3254, 107.21188 12.30571, 107.15251 12.27703, 106.97769 12.09725, 106.9163 12.06691, 106.74923 12.05234, 106.70158 11.97079, 106.63859 11.96113, 106.394 11.96981, 106.43875 11.86372, 106.39886 11.74631, 106.43503 11.67727, 106.01542 11.7705, 105.99211 11.74631, 105.93408 11.64286, 105.85791 11.66156, 105.80334 11.56622, 105.85321 11.54687, 105.87104 11.41328, 105.84344 11.30409, 105.92044 11.20332, 106.16032 11.05351, 106.18084 10.97026, 106.13143 10.96928, 106.12694 10.909, 106.17732 10.76686, 106.0179 10.81981, 105.93134 10.89636, 105.86101 10.83931, 105.82143 10.91967, 105.7529 11.01561, 105.47385 10.94091, 105.39789 10.95458, 105.35727 10.90797, 105.31789 10.83885, 105.07791 10.9469, 105.0114 10.88383, 105.01481 10.84921, 105.06623 10.74643, 105.06674 10.71395, 104.85441 10.53132, 104.8188 10.51719, 104.62553 10.53336, 104.55401 10.51833, 104.48373 10.41805, 104.45135 10.41966, 104.24985 10.57026, 103.94557 10.58812, 103.62387 10.50092, 103.50685 10.63544, 103.68873 10.74095, 103.67457 11.06367, 103.47446 11.13369, 103.35231 10.87189, 103.09555 10.93399, 103.13404 11.31615, 103.03028 11.54287, 102.91358 11.6459)), ((103.04868 11.33088, 102.99806 11.2602, 102.98146 11.40469, 103.04868 11.33088)), ((103.31756 10.7211, 103.27735 10.67267, 103.20191 10.74763, 103.31756 10.7211)), ((103.80486 10.4632, 103.76385 10.45653, 103.76043 10.51382, 103.80486 10.4632)), ((103.05079 11.46035, 103.03028 11.42617, 102.99586 11.51374, 103.05079 11.46035)), ((103.3235 10.54515, 103.28517 10.59907, 103.31951 10.61734, 103.3235 10.54515)))
54;54;Asia;South-East Asia;thailand;Thailand;Protestors, Refugees, Asylum-seekers, Migrants;Thai government;Watch;3;1;3;OK;current;;"Peaceful protesters and demonstrations continue to face repression as police use unnecessary and excessive force. Human rights groups based in Thailand experience harassment and are threatened with criminal proceedings for planning protests.

Refugees and migrants are forced into detention facilities that are subject to overcrowding and poor conditions, creating a greater risk of the spread of COVID-19.";Profile details checked;https://www.genocidewatch.com/country-pages/thailand;;https://www.genocidewatch.com/country-pages/thailand;;;base_country;0;;MultiPolygon;EPSG:4326;Existing Ten Stages corrected GeoJSON;NAME=Thailand;Topology-simplified embedded fallback used only when the live GitHub CSV cannot be loaded.;c473437d34a240e1c0020dda5723a9ab695679a549a1d816027d4917430e5b22;;MULTIPOLYGON (((102.91358 11.6459, 102.74969 12.04027, 102.29591 12.19001, 102.07195 12.48851, 101.83025 12.6728, 101.44288 12.62482, 100.83741 12.70791, 100.96339 13.47138, 100.55592 13.51089, 100.03883 13.40274, 99.96713 13.25902, 100.10434 13.05732, 99.96095 12.62539, 100.02003 12.19269, 99.85532 11.96841, 99.49415 11.11457, 99.51157 10.86636, 99.30242 10.63105, 99.24171 10.2145, 99.15992 10.12832, 99.18141 9.64326, 99.32358 9.39155, 99.25506 9.23249, 99.47478 9.201, 99.85353 9.29466, 99.95924 8.63764, 100.27149 8.31708, 100.4402 7.477, 100.30698 7.75788, 100.14291 7.70002, 100.18539 7.51423, 100.48603 7.1399, 100.58542 7.2244, 100.76515 6.98314, 100.99757 6.85668, 101.56625 6.83222, 101.77166 6.50072, 102.07309 6.25751, 102.06 6.0948, 101.80048 5.73991, 101.53466 5.90602, 101.10544 5.63764, 100.9672 5.78102, 101.07112 5.91985, 101.08166 6.24647, 100.82215 6.25988, 100.80561 6.4148, 100.38739 6.52208, 100.16684 6.69512, 100.12729 6.44229, 99.6858 6.87735, 99.74806 7.12604, 99.61411 7.13666, 99.50815 7.38496, 99.3366 7.38361, 99.26832 7.6164, 98.90528 8.04841, 98.74741 8.06826, 98.65545 8.37962, 98.44565 8.3251, 98.39129 8.13654, 98.19947 8.53437, 98.38201 9.07193, 98.32838 9.16437, 98.51417 9.65473, 98.51271 9.83686, 98.72047 10.22793, 98.74741 10.35053, 98.76672 10.68875, 99.21299 11.10826, 99.63002 11.81577, 99.46631 12.12603, 99.39376 12.58978, 99.21413 12.73465, 99.1021 13.17134, 99.19015 13.2295, 99.15253 13.71487, 98.94531 14.06914, 98.54771 14.37768, 98.24334 14.80512, 98.16499 15.1258, 98.39692 15.35573, 98.53355 15.32596, 98.54306 15.73537, 98.65871 16.11628, 98.83544 16.14455, 98.90335 16.36345, 98.68238 16.27348, 98.45666 16.72322, 98.43619 17.01157, 98.10061 17.30261, 97.67614 17.83033, 97.75406 17.96903, 97.3791 18.52078, 97.74569 18.57106, 97.65784 18.92572, 97.8108 19.11222, 97.76709 19.39753, 98.00831 19.63911, 98.02454 19.80298, 98.53262 19.67585, 99.00877 19.84592, 99.11749 20.11779, 99.29568 20.0625, 99.52584 20.19618, 99.42063 20.37555, 99.65193 20.30682, 99.94204 20.44402, 100.0993 20.3178, 100.10296 20.2636, 100.13464 20.2391, 100.16771 20.25362, 100.16709 20.29261, 100.27024 20.39183, 100.30652 20.39969, 100.3644 20.36896, 100.4216 20.25019, 100.46103 20.19071, 100.54867 20.15802, 100.54335 20.06658, 100.47426 19.86535, 100.38352 19.76386, 100.41886 19.63436, 100.46196 19.5371, 100.753 19.48243, 100.8746 19.61291, 100.97428 19.61348, 101.12466 19.56511, 101.2462 19.57028, 101.28393 18.98148, 101.2401 18.67364, 101.0303 18.42779, 101.08228 18.3642, 101.15541 18.32289, 101.13014 18.29116, 101.16517 18.05342, 101.00828 17.89524, 100.88566 17.59588, 100.90193 17.56193, 100.98152 17.54761, 101.04931 17.49573, 101.13231 17.46167, 101.24703 17.59216, 101.40185 17.73375, 101.56401 17.82031, 101.76576 18.04032, 101.9043 18.03712, 102.07127 18.2085, 102.0785 18.2138, 102.15354 18.2101, 102.30671 18.05146, 102.48204 17.97115, 102.56752 17.97084, 102.61232 17.91529, 102.66079 17.81287, 102.66761 17.85007, 102.93861 18.00893, 103.03793 17.99069, 103.07307 18.03552, 103.0648 18.09404, 103.09276 18.14119, 103.18521 18.25775, 103.27352 18.27607, 103.29042 18.30514, 103.24019 18.33599, 103.23399 18.35578, 103.26076 18.4002, 103.38664 18.44146, 104.00004 18.31844, 104.42229 17.6998, 104.71452 17.51526, 104.81642 17.37279, 104.81834 17.24024, 104.74532 17.0248, 104.75452 16.52891, 104.86893 16.43843, 104.90805 16.35337, 105.02638 16.25767, 105.04246 16.14144, 105.44796 15.76488, 105.52542 15.76348, 105.61291 15.72147, 105.651 15.6346, 105.64087 15.58331, 105.48625 15.3749, 105.56397 15.27253, 105.45194 15.09476, 105.52408 14.84253, 105.49576 14.65988, 105.51013 14.59358, 105.49545 14.53712, 105.41597 14.42816, 105.18431 14.34574, 105.04731 14.21407, 104.97383 14.38065, 104.77167 14.43987, 104.46197 14.35711, 104.00138 14.34507, 103.67148 14.42956, 103.085 14.29582, 102.5132 13.56716, 102.33223 13.5646, 102.3282 13.27516, 102.49016 12.99608, 102.48638 12.66119, 102.76513 12.41635, 102.69996 12.13874, 102.9138 11.76554, 102.91358 11.6459)), ((98.30909 7.76773, 98.28142 8.1918, 98.43849 8.06574, 98.30909 7.76773)), ((100.08009 9.54999, 99.94663 9.4182, 99.92628 9.56599, 100.08009 9.54999)), ((102.44313 11.98371, 102.29038 11.97484, 102.24952 12.15302, 102.44313 11.98371)), ((99.60027 6.58344, 99.65699 6.72382, 99.70444 6.55829, 99.60027 6.58344)), ((100.06723 9.77562, 100.0901 9.66527, 99.98764 9.71992, 100.06723 9.77562)), ((102.59832 11.56338, 102.53004 11.60493, 102.54982 11.75235, 102.59832 11.56338)), ((98.61036 8.03474, 98.61183 7.92609, 98.53102 8.08857, 98.61036 8.03474)), ((98.32276 9.09797, 98.25424 9.03681, 98.25082 9.15404, 98.32276 9.09797)), ((99.11744 7.47919, 99.05714 7.50406, 99.02068 7.63687, 99.11744 7.47919)), ((98.31088 8.97818, 98.27052 8.87718, 98.26092 9.01293, 98.31088 8.97818)), ((99.12428 7.65738, 99.11744 7.59589, 99.04461 7.6634, 99.12428 7.65738)), ((98.62086 8.08999, 98.57008 8.11888, 98.62403 8.1918, 98.62086 8.08999)), ((99.45387 7.239, 99.38331 7.19408, 99.38551 7.27558, 99.45387 7.239)), ((99.26026 6.56582, 99.174 6.53901, 99.19557 6.57123, 99.26026 6.56582)), ((97.84962 9.44212, 97.87184 9.47305, 97.89479 9.43871, 97.84962 9.44212)), ((97.87184 9.37958, 97.84002 9.40428, 97.86842 9.4204, 97.87184 9.37958)), ((98.41668 9.73347, 98.38494 9.72793, 98.41163 9.77456, 98.41668 9.73347)), ((99.69874 9.54222, 99.70346 9.52131, 99.66814 9.51919, 99.69874 9.54222)), ((99.68426 9.62002, 99.67807 9.61042, 99.6753 9.62446, 99.68426 9.62002)))
55;55;Asia;South-East Asia;myanmar;Myanmar;Rohingya Muslims, pro-democracy activists, ethnic minority groups, women and children, National League for Democracy (NLD) members;Tatmadaw (Myanmar military), Commander-in-Chief Min Aung Hlaing, Myanmar authorities;Emergency;3,8,9;3;9;OK;current;2026-01-01;Myanmar (Burma) has persecuted its Rohingya population since independence from Britain in 1948. This persecution culminated in genocide when the Burmese Army (the Tatmadaw) attacked and burned hundreds of Rohingya villages in Rakhine province, murdered thousands of Rohingya, and forced over a million Rohingya to flee their homes and seek refuge in Bangladesh. On February 1, 2021, the Tatmadaw seized control of the government, claiming without evidence that widespread fraud occurred in the November 2020 election. The Tatmadaw responded to the resulting peaceful protests with violence, killing more than 800 civilians and detaining more than 4,000 since the coup.;Profile details checked;https://www.genocidewatch.com/single-post/myanmar-genocide-emergency-2026;https://download-files.wixmp.com/ugd/df1038_84b7523a2ee2459e9c23dd7cfa6ed491.pdf?token=eyJhbGciOiJIUzI1NiIsInR5cCI6IkpXVCJ9.eyJvYmoiOltbeyJwYXRoIjoiL3VnZC9kZjEwMzhfODRiNzUyM2EyZWUyNDU5ZTljMjNkZDdjZmE2ZWQ0OTEucGRmIn1dXSwiZGlzIjp7ImZpbGVuYW1lIjoiTXlhbm1hciBHZW5vY2lkZSBFbWVyZ2VuY3kgMjAyNi5wZGYiLCJ0eXBlIjoiYXR0YWNobWVudCJ9LCJhdWQiOlsidXJuOnNlcnZpY2U6ZmlsZS5kb3dubG9hZCJdLCJleHAiOjE3ODU5NzYwNTgsImp0aSI6ImE0Y2Q1NzliLTA1MDktNDE5NS1iNzk4LTkxOWUyZDQ3MDk3NCIsImlhdCI6MTc4NTk0MDA1OCwiaXNzIjoidXJuOmFwcDplNjY2MzBlNzE0ZjA0OTBhYWVhMWYxNDliM2I2OWUzMiIsInN1YiI6InVybjphcHA6ZTY2NjMwZTcxNGYwNDkwYWFlYTFmMTQ5YjNiNjllMzIifQ.yZ4ePjeuD2CeeTuUehq1qOmoDTXR6uR6TTTeJMFd0SI;https://www.genocidewatch.com/single-post/myanmar-genocide-emergency-2026;;;base_country;0;;MultiPolygon;EPSG:4326;Existing Ten Stages corrected GeoJSON;NAME=Myanmar;Topology-simplified embedded fallback used only when the live GitHub CSV cannot be loaded.;7f10b046c653be17e26f082895ce06c63b728455e77e4383f0c3e80c921d449d;;MULTIPOLYGON (((92.57588 21.97757, 92.68378 22.15431, 92.97895 21.99535, 93.16592 22.38659, 93.07952 22.77272, 93.13822 23.00526, 93.3749 23.12973, 93.43236 23.64732, 93.30297 24.04114, 93.6124 24.00905, 94.09971 23.84263, 94.28999 24.31676, 94.70856 25.02589, 94.55012 25.24528, 94.608 25.39463, 95.0088 25.73714, 95.00064 25.92204, 95.15123 26.04994, 95.04064 26.47559, 95.20487 26.66757, 95.39266 26.69176, 96.14259 27.25751, 96.75888 27.34174, 96.8427 27.18852, 97.13477 27.12734, 96.90512 27.40841, 96.87019 27.61909, 97.22293 27.89972, 97.33352 27.89416, 97.3235 28.21748, 97.54622 28.53847, 98.11869 28.14079, 98.10712 27.97307, 98.2947 27.53661, 98.41025 27.68425, 98.67928 27.57734, 98.67256 27.1756, 98.75555 26.62504, 98.54554 26.10564, 98.6924 25.87899, 98.50947 25.83806, 98.33263 25.56697, 98.14009 25.61146, 98.10836 25.38889, 97.82362 25.26161, 97.70332 24.96042, 97.77298 24.85469, 97.53609 24.74503, 97.51956 24.43078, 97.63986 24.43928, 97.70766 24.1253, 97.51646 23.94283, 97.63707 23.86356, 98.18153 24.11866, 98.58523 24.07572, 98.86573 24.14568, 98.66326 23.96955, 98.66367 23.79695, 98.85736 23.60435, 98.85901 23.17939, 99.21661 23.05738, 99.49308 23.05738, 99.30797 22.74518, 99.35779 22.49548, 99.14447 22.15353, 99.94241 22.04553, 99.95026 21.72116, 100.14632 21.64922, 100.18715 21.42789, 100.70396 21.51641, 101.11887 21.75981, 101.15902 21.55269, 101.14316 21.51342, 101.00343 21.40598, 100.79197 21.29736, 100.63756 21.06967, 100.52924 20.96844, 100.5157 20.88648, 100.5342 20.87392, 100.62309 20.88855, 100.65213 20.87661, 100.5989 20.83346, 100.51338 20.807, 100.38367 20.8317, 100.32967 20.78602, 100.29019 20.77501, 100.21133 20.69739, 100.0993 20.3178, 99.94204 20.44402, 99.65193 20.30682, 99.42063 20.37555, 99.52584 20.19618, 99.29568 20.0625, 99.11749 20.11779, 99.00877 19.84592, 98.53262 19.67585, 98.02454 19.80298, 98.00831 19.63911, 97.76709 19.39753, 97.8108 19.11222, 97.65784 18.92572, 97.74569 18.57106, 97.3791 18.52078, 97.75406 17.96903, 97.67614 17.83033, 98.10061 17.30261, 98.43619 17.01157, 98.45666 16.72322, 98.68238 16.27348, 98.90335 16.36345, 98.83544 16.14455, 98.65871 16.11628, 98.54306 15.73537, 98.53355 15.32596, 98.39692 15.35573, 98.16499 15.1258, 98.24334 14.80512, 98.54771 14.37768, 98.94531 14.06914, 99.15253 13.71487, 99.19015 13.2295, 99.1021 13.17134, 99.21413 12.73465, 99.39376 12.58978, 99.46631 12.12603, 99.63002 11.81577, 99.21299 11.10826, 98.76672 10.68875, 98.74741 10.35053, 98.54314 9.98745, 98.45932 10.7154, 98.71241 10.92438, 98.65821 11.13198, 98.76808 11.76195, 98.60328 11.75361, 98.72023 11.9643, 98.6963 12.24177, 98.55201 12.27961, 98.6893 12.72809, 98.57846 13.18675, 98.2448 13.71406, 98.16041 13.69025, 97.9935 14.33051, 97.79477 14.88032, 97.80714 15.17495, 97.71225 15.88768, 97.58229 16.0091, 97.65284 16.53986, 97.37029 16.48355, 97.06861 17.25137, 96.90455 17.37531, 96.91017 17.06684, 96.80104 16.73737, 96.61594 16.518, 96.26596 16.59683, 96.28534 16.36599, 95.8899 16.24396, 95.43198 15.73363, 95.29713 15.90298, 94.84685 15.79059, 94.8694 16.04096, 94.7212 15.85668, 94.56235 15.96186, 94.67888 16.12128, 94.66521 16.25764, 94.51564 16.28726, 94.34002 15.99624, 94.21461 16.0148, 94.27312 16.53815, 94.46469 16.94965, 94.615 17.54556, 94.44744 17.97333, 94.417 18.31395, 94.15309 18.82103, 94.0381 18.85912, 94.05323 19.22138, 93.93043 18.85863, 93.67888 19.0196, 93.49781 19.31391, 93.83424 19.23819, 93.92994 19.29975, 93.98732 19.3867, 93.98439 19.46406, 93.60141 19.78343, 93.74537 19.91657, 93.44654 19.95136, 93.37485 20.08853, 93.12989 20.0751, 93.13453 19.83405, 92.97023 20.12946, 92.77215 20.20148, 92.89332 20.32954, 92.75099 20.49852, 92.73121 20.25918, 92.38111 20.70014, 92.26515 21.0611, 92.18365 21.3172, 92.32266 21.4619, 92.64285 21.29844, 92.57588 21.97757)), ((93.97071 19.41694, 93.80274 19.27668, 93.68816 19.55948, 93.97071 19.41694)), ((93.64527 18.67935, 93.48414 18.87499, 93.74244 18.8723, 93.64527 18.67935)), ((98.46534 12.48066, 98.30201 12.33796, 98.3156 12.68745, 98.46534 12.48066)), ((94.5796 16.01325, 94.38966 16.00092, 94.64283 16.24551, 94.5796 16.01325)), ((98.549 11.79157, 98.53533 11.52924, 98.39373 11.79401, 98.549 11.79157)), ((97.57136 16.22269, 97.45216 16.44941, 97.60629 16.48355, 97.57136 16.22269)), ((98.29184 11.7989, 98.28354 11.50943, 98.18702 11.44644, 98.29184 11.7989)), ((98.65821 11.94013, 98.47804 11.89094, 98.43092 12.10065, 98.65821 11.94013)), ((98.29566 10.73469, 98.23683 10.69733, 98.24049 10.83096, 98.29566 10.73469)), ((98.29412 10.01911, 98.12745 9.96011, 98.25441 10.06269, 98.29412 10.01911)), ((93.51197 19.74584, 93.40284 19.95307, 93.50522 19.87222, 93.51197 19.74584)), ((98.01051 12.31004, 97.93995 12.36628, 98.00701 12.4016, 98.01051 12.31004)), ((98.30201 12.91332, 98.24513 13.11872, 98.26881 13.19892, 98.30201 12.91332)), ((98.08229 12.15917, 98.03435 12.22126, 98.12379 12.25947, 98.08229 12.15917)), ((94.80372 15.79658, 94.72486 15.81196, 94.82325 15.94579, 94.80372 15.79658)), ((98.05738 11.65314, 97.99977 11.84178, 98.05226 11.77603, 98.05738 11.65314)), ((93.00856 19.88988, 92.90943 20.06509, 92.94646 20.0705, 93.00856 19.88988)), ((98.47706 10.9737, 98.53191 11.08381, 98.54314 10.96011, 98.47706 10.9737)), ((98.17156 10.14814, 98.24049 10.17235, 98.1858 10.04206, 98.17156 10.14814)), ((98.49366 10.8911, 98.54225 10.86005, 98.54151 10.79621, 98.49366 10.8911)), ((98.50856 12.41031, 98.47429 12.42499, 98.49985 12.51309, 98.50856 12.41031)), ((98.25685 12.5742, 98.28989 12.52631, 98.23024 12.51699, 98.25685 12.5742)), ((97.89633 10.91328, 97.95183 10.91909, 97.88356 10.84455, 97.89633 10.91328)), ((98.2951 11.23115, 98.24733 11.2145, 98.2317 11.27391, 98.2951 11.23115)), ((97.94353 10.44379, 97.91017 10.40192, 97.8934 10.47077, 97.94353 10.44379)), ((98.03761 9.79072, 98.00807 9.80744, 98.03028 9.8334, 98.03761 9.79072)), ((98.25416 11.85814, 98.25652 11.90253, 98.28907 11.88239, 98.25416 11.85814)), ((97.6644 11.90595, 97.67189 11.83771, 97.64357 11.88036, 97.6644 11.90595)), ((98.19272 10.48241, 98.202 10.52432, 98.23365 10.52936, 98.19272 10.48241)), ((98.26775 11.93391, 98.22706 11.95392, 98.26092 11.97114, 98.26775 11.93391)), ((93.39479 14.07636, 93.37485 14.06468, 93.38331 14.13837, 93.39479 14.07636)), ((97.82276 12.58747, 97.84571 12.59797, 97.84995 12.53726, 97.82276 12.58747)), ((97.93816 13.85179, 97.91774 13.7836, 97.91871 13.85326, 97.93816 13.85179)), ((97.83692 12.77245, 97.85279 12.80655, 97.86354 12.76683, 97.83692 12.77245)), ((93.67579 14.8592, 93.72438 14.9138, 93.70444 14.871, 93.67579 14.8592)), ((97.67164 15.54999, 97.6644 15.5041, 97.65089 15.59223, 97.67164 15.54999)), ((98.43287 10.9936, 98.45143 11.00194, 98.44028 10.96556, 98.43287 10.9936)), ((97.44435 11.80024, 97.4629 11.79979, 97.47967 11.77798, 97.44435 11.80024)))
56;56;Asia;South-East Asia;malaysia;Malaysia;Rohingya refugees, other undocumented migrants, LGBTQ+ individuals, ethnic minorities (Chinese, Indian, Orang Asli), political dissidents;Malaysian government, Malaysian police and immigration authorities, Sharia courts, populist political leaders;Warning;3,4,6,8;4;8;OK;current;2023-01-01;The Malaysian government's repression of free speech and public protests remains pervasive. Ethnic and racial minorities face discrimination in political and social life. Malaysia violates its international legal obligations by forcibly returning refugees to Myanmar where they are likely to experience persecution. The state runs 'rehabilitation' camps to 'convert' LGBTQ+ people and criminalizes same sex relationships.;Profile details checked;https://www.genocidewatch.com/country-pages/malaysia;https://d0dbb2cb-698c-4513-aa47-eba3a335e06f.filesusr.com/ugd/392c32_a1a0;https://www.genocidewatch.com/country-pages/malaysia;;;base_country;0;;MultiPolygon;EPSG:4326;Existing Ten Stages corrected GeoJSON;NAME=Malaysia;Topology-simplified embedded fallback used only when the live GitHub CSV cannot be loaded.;284cb9b58f8f0030d34b6660b84c1085ab3ad4a87b268586fce9e0f862ce39d5;;MULTIPOLYGON (((117.56715 4.15965, 117.21717 4.35343, 116.71167 4.36679, 116.39107 4.29467, 116.12576 4.37891, 116.02065 4.27085, 115.84412 4.38922, 115.64693 4.1691, 115.5383 3.89783, 115.60062 3.44121, 115.46409 3.03082, 115.24209 3.04162, 115.06691 2.8282, 115.05647 2.60863, 115.20613 2.50987, 114.77876 2.2472, 114.83199 1.90252, 114.50064 1.43604, 114.39822 1.50355, 113.90967 1.44247, 113.64953 1.23326, 113.08905 1.43133, 113.02342 1.53701, 112.47048 1.56766, 112.18006 1.44903, 112.10006 1.15492, 111.82308 1.00847, 111.19758 1.07523, 110.5539 0.85137, 110.26348 0.99431, 110.17036 1.17445, 109.84283 1.40327, 109.52844 1.88999, 109.64527 2.08324, 109.65463 1.937, 109.92774 1.69229, 110.52076 1.72297, 110.46559 1.62055, 110.83961 1.56599, 111.15455 1.36734, 111.00685 1.55508, 111.21127 2.07392, 111.24635 2.4361, 111.36549 2.34077, 111.44825 2.37238, 111.44028 2.68012, 111.66961 2.84309, 112.01352 2.88593, 113.00782 3.16169, 113.43426 3.75316, 113.73683 4.00129, 113.94679 4.27383, 113.99879 4.60114, 114.24556 4.48143, 114.28267 4.26491, 114.41992 4.26013, 114.58663 4.02144, 114.76688 4.13182, 114.8479 4.42374, 114.75179 4.73852, 115.0158 4.91641, 115.113 4.38237, 115.36074 4.32956, 115.27248 4.47466, 115.1989 4.95075, 115.35841 4.90278, 115.60524 5.2121, 115.35963 5.31965, 115.58522 5.61616, 115.84864 5.56, 116.05079 5.84227, 116.10597 6.12645, 116.50318 6.49518, 116.77735 7.02676, 116.82447 6.58173, 117.14381 7.00373, 117.30893 6.62881, 117.5337 6.62104, 117.74383 6.38988, 117.60035 6.19782, 117.77426 5.90803, 118.01686 6.06098, 118.12517 5.86392, 117.90846 5.78465, 118.13404 5.68964, 118.41066 5.79613, 118.94825 5.38858, 119.20484 5.44335, 119.2671 5.20108, 118.68149 4.94432, 118.35719 5.0388, 118.13649 4.88231, 118.33351 4.65156, 118.64527 4.44404, 118.54282 4.36001, 117.89226 4.25698, 117.67115 4.42601, 117.56715 4.15965)), ((102.07309 6.25751, 102.37989 6.13296, 102.49985 5.89741, 103.12029 5.38133, 103.44858 4.79507, 103.49415 4.33662, 103.33872 3.75821, 103.48219 3.51179, 103.43458 2.96182, 103.7671 2.62385, 104.19532 1.79873, 104.29469 1.44652, 104.10621 1.37519, 103.68141 1.4418, 103.51637 1.27045, 103.36736 1.5384, 102.80445 1.86009, 102.48902 2.09292, 102.188 2.21638, 101.78305 2.57587, 101.28639 2.84968, 101.37281 3.00235, 101.29762 3.2746, 101.04054 3.62198, 100.72071 3.86807, 100.77605 4.08649, 100.56544 4.31916, 100.63258 4.5329, 100.5774 4.85432, 100.36451 5.0843, 100.43002 5.30288, 100.344 5.66926, 100.34913 6.01268, 100.12729 6.44229, 100.16684 6.69512, 100.38739 6.52208, 100.80561 6.4148, 100.82215 6.25988, 101.08166 6.24647, 101.07112 5.91985, 100.9672 5.78102, 101.10544 5.63764, 101.53466 5.90602, 101.80048 5.73991, 102.06 6.0948, 102.07309 6.25751)), ((117.28321 7.30878, 117.07154 7.10248, 117.06414 7.27074, 117.28321 7.30878)), ((99.91627 6.33153, 99.72873 6.26148, 99.64523 6.43584, 99.85108 6.46564, 99.91627 6.33153)), ((111.41139 2.3911, 111.30812 2.45213, 111.31544 2.78449, 111.41139 2.3911)), ((100.34344 5.41763, 100.28875 5.26268, 100.19207 5.46296, 100.34344 5.41763)), ((117.70361 4.16341, 117.90704 4.15668, 117.73807 4.15724, 117.70361 4.16341)), ((117.5066 6.67349, 117.34693 6.65497, 117.44386 6.69855, 117.5066 6.67349)), ((104.22267 2.78559, 104.15748 2.71328, 104.18621 2.88532, 104.22267 2.78559)), ((118.57228 4.60114, 118.34645 4.66991, 118.47608 4.69379, 118.57228 4.60114)), ((117.00261 7.3557, 117.02036 7.29458, 116.88649 7.2294, 117.00261 7.3557)), ((115.25978 5.31538, 115.15919 5.25218, 115.24171 5.3874, 115.25978 5.31538)), ((118.74879 4.4855, 118.6692 4.43985, 118.64405 4.49531, 118.74879 4.4855)), ((99.83698 6.29423, 99.8056 6.17179, 99.76723 6.2238, 99.83698 6.29423)), ((101.3353 3.00902, 101.26808 2.96516, 101.30592 3.06395, 101.3353 3.00902)), ((118.2308 5.83194, 118.16554 5.82754, 118.19313 5.85468, 118.2308 5.83194)), ((101.26734 3.03531, 101.24383 3.02619, 101.26287 3.05634, 101.26734 3.03531)))
57;57;Asia;South-East Asia;vietnam;Vietnam;"Pro-democracy activists and protesters

Women and LGBTQ+ community members

Dega and Montgnard Teams

Chams";Vietnamese government and authorities;Watch;3,4,7,8;4;8;OK;current;2024-06-30;The Dega are a group of peoples that live in the Central Highlands region of Vietnam, Cambodia, and Laos. The Dega were known as Montagnards by French colonial authorities, a term meaning “mountain dwellers.” The Dega are divided into sub-groups, including the Jarai, Rhade, Bahnar, and Koho. They are culturally and linguistically distinct from the majority Kinh (Vietnamese) population. The Dega have a long history of conflict with and discrimination at the hands of the Vietnamese majority.;Profile details checked;https://www.genocidewatch.com/de/country-pages/vietnam;https://www.genocidewatch.com/de/_files/ugd/001731_02ace3b13dd14a9aa49834b683250f34.docx?dn=Country%2520Report%2520Vietnam2024%2520(1).docx;https://www.genocidewatch.com/de/country-pages/vietnam;;;base_country;0;;MultiPolygon;EPSG:4326;Natural Earth v5.1.1 — ne_50m_admin_0_countries;NAME=Vietnam;Topology-simplified embedded fallback used only when the live GitHub CSV cannot be loaded.;23de842e4a4e67c7d810e7bdc50368e1b754d41aadd8f9cca55b7e0b711c4c47;;MULTIPOLYGON (((104.083008 10.341113, 104.018457 10.029199, 103.849512 10.371094, 104.083008 10.341113)), ((107.519434 14.705078, 107.480371 14.979883, 107.653125 15.255225, 107.165918 15.80249, 107.396387 16.043018, 106.930664 16.353125, 106.832422 16.52627, 106.696094 16.458984, 106.546191 16.650732, 106.502246 16.954102, 106.269531 17.216797, 105.691406 17.737842, 105.458203 18.154297, 105.08584 18.450098, 105.146484 18.650977, 104.716504 18.803418, 103.896387 19.33999, 104.062891 19.482568, 104.032031 19.675146, 104.546289 19.610547, 104.92793 20.018115, 104.618848 20.374512, 104.367773 20.441406, 104.583203 20.64668, 104.052051 20.941211, 103.635059 20.69707, 103.104492 20.89165, 102.851172 21.265918, 102.949609 21.681348, 102.815918 21.807373, 102.695312 21.662109, 102.58252 21.904297, 102.127441 22.379199, 102.406445 22.708008, 102.470898 22.750928, 103.005371 22.452979, 103.136328 22.542236, 103.300586 22.764404, 103.470996 22.597412, 103.620215 22.782031, 103.915039 22.538232, 104.2125 22.809424, 104.371777 22.704053, 104.526855 22.804102, 104.687305 22.822217, 104.826563 23.100195, 104.864746 23.136377, 105.189063 23.281055, 105.350488 23.307666, 105.440137 23.235352, 105.494531 23.180859, 105.548145 23.072656, 105.842969 22.922803, 105.962305 22.937451, 106.000977 22.974756, 106.249414 22.869434, 106.541797 22.90835, 106.780273 22.778906, 106.582422 22.573242, 106.536328 22.39541, 106.654199 22.241455, 106.663574 21.978906, 106.729492 22.000342, 107.006445 21.893408, 107.061621 21.794189, 107.351172 21.608887, 107.802051 21.645166, 107.972656 21.507959, 107.409961 21.284814, 107.354297 21.055176, 107.164746 20.94873, 106.683398 21.000293, 106.753418 20.735059, 106.550781 20.526562, 106.517969 20.288867, 106.165723 19.992041, 105.984082 19.939062, 105.813965 19.587451, 105.791113 19.294189, 105.621777 18.966309, 105.888281 18.50249, 106.499023 17.946436, 106.478906 17.71958, 106.735742 17.367188, 107.119922 17.055518, 107.180371 16.897949, 107.549316 16.642578, 107.833789 16.322461, 108.029395 16.331104, 108.674219 15.483594, 108.821289 15.37793, 109.084863 14.716162, 109.087012 14.552588, 109.30332 13.856445, 109.24707 13.854736, 109.271875 13.279346, 109.423926 12.955957, 109.444922 12.599609, 109.335547 12.751904, 109.218945 12.645801, 109.198633 11.724854, 109.039648 11.592676, 108.986719 11.336377, 108.820801 11.31543, 108.27168 10.934277, 107.261523 10.398389, 107.006641 10.660547, 106.902051 10.382812, 106.727344 10.535645, 106.757422 10.295801, 106.464063 10.298291, 106.785254 10.116455, 106.595605 9.859863, 106.136426 10.22168, 106.507422 9.82124, 106.572461 9.641113, 106.378027 9.556104, 105.830957 10.000732, 106.1125 9.673584, 106.168359 9.396729, 105.500977 9.093213, 105.322266 8.801123, 105.114355 8.629199, 104.77041 8.597656, 104.818555 8.801855, 104.845215 9.606152, 104.903223 9.81626, 105.092578 9.900977, 105.027832 10.067432, 104.663477 10.169922, 104.466992 10.422363, 104.850586 10.534473, 105.061133 10.733789, 105.022266 10.886865, 105.314648 10.845166, 105.386523 10.940088, 105.755078 10.98999, 105.85332 10.863574, 106.163965 10.794922, 106.167969 11.012305, 105.856055 11.294287, 105.851465 11.63501, 105.926562 11.65293, 106.006055 11.758008, 106.399219 11.687012, 106.413867 11.948437, 106.930664 12.07749, 107.158984 12.277051, 107.393359 12.260498, 107.506445 12.364551, 107.543555 12.705908, 107.475391 13.030371, 107.605469 13.437793, 107.362109 14.019482, 107.331445 14.126611, 107.519434 14.705078)), ((106.567969 8.700928, 106.658594 8.766357, 106.652539 8.701123, 106.567969 8.700928)), ((107.083789 10.336572, 107.07793 10.3875, 107.194922 10.445703, 107.083789 10.336572)), ((106.854102 20.796387, 106.769434 20.864209, 106.795313 20.92793, 106.854102 20.796387)), ((107.602734 21.216797, 107.403516 21.093652, 107.47627 21.268945, 107.602734 21.216797)), ((107.521289 20.926611, 107.399219 20.903467, 107.55127 21.034033, 107.521289 20.926611)), ((106.990039 20.743066, 106.953418 20.867041, 107.063965 20.799756, 106.990039 20.743066)))
58;58;Asia;South-East Asia;laos;Laos;"Ethnic Minorities (Hmong, Khmu, indigenous hill tribes)

Religious Minorities (especially Christian Hmong

Political dissidents and human rights activists opposing the government";"The Lao People’s Democratic Republic government

The Lao military and security forces";Emergency;4,6,8;3;8;OK;current;2025-03-30;Since 1975, Laos has been ruled by a one-party communist government that suppresses dissent and restricts freedoms. Ethnic minorities like the Hmong and religious minorities, especially Christians, face systematic discrimination, forced displacement, and state violence. The government seizes ancestral lands, conducts military offensives, and restricts humanitarian access, raising serious concerns about ongoing persecution and risks of genocide.;Profile details checked;https://www.genocidewatch.com/de/country-pages/laos;https://d0dbb2cb-698c-4513-aa47-eba3a335e06f.filesusr.com/ugd/1fc0cd_bd0e731a33f148d69f25b18f85eaba54.pdf;https://www.genocidewatch.com/de/country-pages/laos;;;base_country;0;;Polygon;EPSG:4326;Natural Earth v5.1.1 — ne_50m_admin_0_countries;NAME=Laos;Topology-simplified embedded fallback used only when the live GitHub CSV cannot be loaded.;cc61b1fc374b26ebb5681dcb4193b491f229a14e082ff67b0a10404f0459faea;;POLYGON ((107.519434 14.705078, 107.480371 14.979883, 107.653125 15.255225, 107.165918 15.80249, 107.396387 16.043018, 106.930664 16.353125, 106.832422 16.52627, 106.696094 16.458984, 106.546191 16.650732, 106.502246 16.954102, 106.269531 17.216797, 105.691406 17.737842, 105.458203 18.154297, 105.08584 18.450098, 105.146484 18.650977, 104.716504 18.803418, 103.896387 19.33999, 104.062891 19.482568, 104.032031 19.675146, 104.546289 19.610547, 104.92793 20.018115, 104.618848 20.374512, 104.367773 20.441406, 104.583203 20.64668, 104.052051 20.941211, 103.635059 20.69707, 103.104492 20.89165, 102.851172 21.265918, 102.949609 21.681348, 102.815918 21.807373, 102.695312 21.662109, 102.58252 21.904297, 102.127441 22.379199, 101.671484 22.462305, 101.619922 22.327441, 101.524512 22.253662, 101.60293 21.989697, 101.736523 21.826514, 101.747266 21.605762, 101.724219 21.39502, 101.722949 21.314941, 101.800586 21.212598, 101.704785 21.150146, 101.542383 21.234277, 101.281445 21.184131, 101.138867 21.56748, 100.756641 21.312646, 100.522266 20.921924, 100.622949 20.85957, 100.326074 20.795703, 100.183887 20.589111, 100.114941 20.257666, 100.317969 20.385889, 100.519531 20.17793, 100.397656 19.756104, 100.625488 19.499854, 100.966504 19.610791, 101.211914 19.54834, 101.286328 18.977148, 101.060449 18.479004, 101.1375 18.286865, 101.113281 18.033545, 100.908496 17.583887, 101.105176 17.479541, 101.563672 17.820508, 101.774805 18.033398, 102.101465 18.210645, 102.598242 17.926758, 102.660645 17.817969, 103.051367 18.028516, 103.27959 18.30498, 103.487988 18.418164, 103.949609 18.318994, 104.428125 17.698975, 104.739648 17.46167, 104.816016 17.300293, 104.750586 16.647559, 104.819336 16.466064, 104.949902 16.339941, 105.047168 16.160254, 105.40625 15.987451, 105.398926 15.829883, 105.62207 15.699951, 105.513184 15.360889, 105.497363 14.590674, 105.183301 14.34624, 105.350195 14.10957, 105.531543 14.156152, 105.739746 14.084961, 105.904492 13.924512, 106.124707 14.049121, 105.978906 14.343018, 106.165234 14.372363, 106.225391 14.476221, 106.446973 14.515039, 106.501465 14.578223, 106.819922 14.314697, 107.109375 14.416699, 107.292676 14.592383, 107.519434 14.705078))
59;59;Asia;South-East Asia;indonesia;Indonesia;Indigenous Papuans, Christians, Ahmadiyah Muslims, Shia Muslims, other religious minorities;Indonesian government, Indonesian military and security forces, fundamentalist Islamist groups;Warning;1,2,3,4,5,6,8;7;8;OK;current;2026-05-01;Indonesian security forces are accused of extrajudicial killings, rape, and torture of ethnic West Papuans. Military operations in West Papua have displaced over 105,000 people. The Indonesian government discriminates against minority religious groups via the 1965 Blasphemy law and other regulations on religious practices. Islamist militants in Indonesia are also known to attack minority religious groups. There is continued social hostility and political rhetoric against minorities such as LGBTQ+.;Profile details checked;https://www.genocidewatch.com/country-pages/indonesia;https://d0dbb2cb-698c-4513-aa47-eba3a335e06f.filesusr.com/ugd/c93605_a9717c08379e4384886fd197846dcda5.pdf;https://www.genocidewatch.com/country-pages/indonesia;;;base_country;0;;MultiPolygon;EPSG:4326;Existing Ten Stages corrected GeoJSON;NAME=Indonesia;Topology-simplified embedded fallback used only when the live GitHub CSV cannot be loaded.;bea96e08fbe70b4555111bff39fe80ac9a3c00fcbbc8bdf40cb4288de881932d;;MULTIPOLYGON (((117.56715 4.15965, 117.37306 4.16975, 117.77719 3.79914, 117.74855 3.63695, 117.09051 3.64582, 117.22755 3.50519, 117.44654 3.43476, 117.35271 3.18281, 117.6172 3.08588, 117.54379 2.92894, 117.73634 2.9016, 117.82618 2.60741, 118.09148 2.26203, 117.94125 2.16315, 117.86256 1.88593, 118.12672 1.65469, 118.72926 1.25385, 119.00294 0.96247, 118.79819 0.80492, 118.56528 0.80402, 118.06918 0.92878, 117.81129 0.81175, 117.46998 0.10879, 117.53028 -0.03232, 117.44142 -0.52516, 117.59596 -0.42262, 117.615 -0.78607, 117.2815 -0.80918, 117.02369 -1.20289, 116.53924 -1.48122, 116.37957 -1.76531, 116.46315 -2.01995, 116.2894 -2.16937, 116.60328 -2.22422, 116.54005 -2.51287, 116.39308 -2.57399, 116.24383 -3.00905, 116.15065 -2.81634, 116.16334 -3.17295, 115.96795 -3.60882, 114.62477 -4.17051, 114.61109 -3.68385, 114.48829 -3.48838, 114.042 -3.35556, 113.6325 -3.4568, 113.62037 -3.18532, 113.35108 -3.27239, 113.03517 -2.92295, 113.02149 -3.16253, 112.61801 -3.42376, 112.30274 -3.3139, 111.90528 -3.57204, 111.82203 -3.5451, 111.83253 -3.06162, 111.73683 -2.81268, 111.58432 -3.00888, 111.29615 -2.93646, 111.0608 -3.06113, 110.66245 -3.08074, 110.50807 -2.87461, 110.26319 -3.00286, 110.15699 -2.62127, 110.22104 -2.53281, 110.07504 -1.92246, 109.90382 -1.8261, 110.06853 -1.43255, 109.9227 -1.10361, 109.73414 -0.95403, 109.2732 -0.85361, 109.344 -0.58375, 109.1233 -0.49969, 109.04623 -0.24586, 109.18849 -0.17734, 109.16098 0.03392, 109.30047 0.01048, 108.92091 0.34028, 108.85548 0.83222, 108.98032 0.99555, 108.93263 1.17805, 109.09596 1.56061, 109.34783 1.80956, 109.34099 1.93553, 109.64527 2.08324, 109.52844 1.88999, 109.84283 1.40327, 110.17036 1.17445, 110.26348 0.99431, 110.5539 0.85137, 111.19758 1.07523, 111.82308 1.00847, 112.10006 1.15492, 112.18006 1.44903, 112.47048 1.56766, 113.02342 1.53701, 113.08905 1.43133, 113.64953 1.23326, 113.90967 1.44247, 114.39822 1.50355, 114.50064 1.43604, 114.83199 1.90252, 114.77876 2.2472, 115.20613 2.50987, 115.05647 2.60863, 115.06691 2.8282, 115.24209 3.04162, 115.46409 3.03082, 115.60062 3.44121, 115.5383 3.89783, 115.64693 4.1691, 115.84412 4.38922, 116.02065 4.27085, 116.12576 4.37891, 116.39107 4.29467, 116.71167 4.36679, 117.21717 4.35343, 117.56715 4.15965)), ((100.81275 2.24982, 101.0503 2.29149, 101.29998 2.04662, 101.37761 1.77326, 101.59156 1.65469, 101.77858 1.64427, 102.11817 1.38654, 102.24008 0.98208, 102.55193 0.7381, 102.87713 0.72639, 103.07472 0.44233, 102.71567 0.25764, 102.90268 0.26777, 103.36215 0.53628, 103.76002 0.23949, 103.79151 -0.01255, 103.59205 -0.01067, 103.34555 -0.36004, 103.59051 -0.42457, 103.34555 -0.6959, 103.83912 -1.03281, 104.37721 -1.03167, 104.53736 -1.8541, 104.87615 -2.16473, 104.88331 -2.28493, 105.62379 -2.40179, 105.60841 -2.55234, 105.79176 -2.86207, 106.01564 -2.9695, 106.07301 -3.25555, 105.92905 -3.36541, 105.81959 -3.67254, 105.95248 -3.83375, 105.81275 -4.2387, 105.90626 -4.46933, 105.78256 -5.82855, 105.60206 -5.80983, 105.31072 -5.466, 105.11842 -5.78216, 104.62281 -5.49066, 104.53321 -5.55983, 104.71608 -5.92108, 104.2977 -5.64332, 103.69207 -4.95192, 103.3934 -4.81414, 102.92042 -4.49261, 102.31251 -3.99147, 102.22218 -3.64284, 101.63746 -3.25066, 101.327 -2.73919, 101.10483 -2.58709, 100.83155 -2.14129, 100.88722 -2.0372, 100.57057 -1.44256, 100.40602 -1.26442, 100.30144 -0.81634, 99.81381 -0.29461, 99.61085 0.09858, 99.13933 0.27375, 99.08985 0.62202, 98.75343 1.53563, 98.8191 1.68232, 98.53517 1.93647, 98.26922 2.03807, 97.65821 2.41157, 97.60271 2.8662, 97.42213 2.92837, 97.27076 3.21442, 96.76051 3.74868, 96.43035 3.82526, 96.19093 4.12596, 96.01002 4.22565, 95.42628 4.82734, 95.19899 5.29287, 95.19728 5.54637, 95.41285 5.64956, 95.88754 5.51215, 96.12623 5.28181, 96.65056 5.21625, 96.9734 5.27342, 97.26837 5.15507, 97.49684 5.2519, 97.90919 4.88959, 97.99684 4.54645, 98.27556 4.42536, 98.30567 4.08031, 98.67662 3.91455, 98.95753 3.67133, 99.75074 3.18049, 99.9795 2.94847, 99.95436 2.70384, 100.12582 2.5301, 100.20338 2.70987, 100.56105 2.15681, 100.85572 1.99921, 100.81275 2.24982)), ((140.97446 -2.60052, 140.9769 -6.33512, 140.84921 -6.70285, 140.97716 -6.89663, 140.97698 -9.10613, 140.85694 -9.04909, 140.5075 -8.63812, 139.93238 -8.10858, 139.3567 -8.1994, 139.22446 -8.0744, 138.9144 -8.29209, 138.92123 -8.07952, 139.09303 -7.55999, 138.68824 -7.19264, 139.15707 -7.2431, 138.76197 -7.11386, 138.57203 -6.94248, 138.93149 -6.84254, 138.46608 -6.40211, 138.27084 -5.88698, 138.07106 -5.72861, 138.07488 -5.41961, 137.82179 -5.36289, 137.70631 -5.22194, 137.219 -5.01336, 136.82211 -4.92832, 135.97047 -4.51963, 135.42954 -4.43043, 135.22779 -4.4612, 134.65805 -4.1334, 134.67579 -3.90838, 134.52524 -4.02646, 134.33351 -3.86883, 134.31528 -4.02028, 134.09181 -3.82399, 133.95899 -3.83758, 133.70802 -3.61012, 133.68312 -3.23252, 133.86394 -3.0805, 133.86052 -2.92295, 133.66822 -3.12217, 133.58619 -3.56658, 133.40886 -3.72243, 133.45558 -3.84694, 133.26938 -4.05202, 132.96941 -4.11199, 132.73097 -3.68231, 132.93181 -3.55413, 132.8117 -3.28167, 132.69215 -3.33815, 132.55307 -3.10703, 132.32569 -2.94655, 131.97788 -2.91465, 132.20191 -2.67645, 132.5857 -2.71746, 132.73658 -2.80999, 133.03354 -2.47942, 133.31235 -2.44305, 133.41098 -2.5665, 133.81691 -2.64902, 133.98658 -2.40618, 133.792 -2.26019, 133.29615 -2.2042, 132.69874 -2.30535, 132.56039 -2.18564, 132.34791 -2.27011, 132.07342 -2.10516, 131.81105 -1.52044, 131.20574 -1.52361, 130.9603 -1.44622, 131.25416 -1.08025, 131.24301 -0.81943, 131.88429 -0.6819, 132.09962 -0.4699, 132.43719 -0.3471, 132.70916 -0.36004, 133.1548 -0.532, 133.39161 -0.72324, 133.97722 -0.72324, 134.17213 -0.86386, 134.03614 -0.95778, 134.28199 -1.35019, 134.08709 -1.68279, 134.19337 -2.37908, 134.46388 -2.86207, 134.55633 -2.46478, 134.65805 -2.56276, 134.70135 -2.95867, 134.85133 -2.89983, 134.81853 -3.13633, 134.98471 -3.32969, 135.47047 -3.36305, 135.90992 -2.98577, 135.96461 -2.77581, 136.26637 -2.56032, 136.40382 -2.21966, 136.75864 -2.24871, 137.22633 -2.0744, 137.14283 -1.78704, 137.79444 -1.48414, 138.66521 -1.78916, 138.80323 -1.92083, 139.86476 -2.372, 140.1657 -2.32537, 140.74464 -2.49912, 140.69858 -2.60817, 140.97446 -2.60052)), ((119.792 -0.10678, 119.88819 0.07128, 119.78517 0.23949, 120.03224 0.5163, 120.06284 0.74287, 120.34645 0.85562, 120.56813 0.78213, 120.80323 1.06843, 120.90919 1.35366, 121.2649 1.22956, 121.45143 1.29755, 121.48072 1.12092, 122.45411 1.02066, 122.84889 0.81802, 122.96803 0.96259, 123.8318 0.83222, 124.31495 1.03775, 124.38941 1.1861, 124.59376 1.19587, 124.54835 1.35985, 124.85043 1.48969, 125.03443 1.73347, 125.2492 1.48469, 125.1443 1.42133, 124.89869 0.97305, 124.66383 0.80561, 124.32179 0.39887, 123.74578 0.31086, 123.23878 0.32453, 123.07423 0.5163, 122.32439 0.49706, 121.80047 0.42646, 121.69011 0.52383, 120.89243 0.42333, 120.67954 0.53059, 120.37525 0.47769, 120.12843 0.1811, 119.99562 -0.20924, 120.0892 -0.65732, 120.24391 -0.88763, 120.41245 -0.90496, 120.58237 -1.10524, 120.67595 -1.39471, 121.07325 -1.42132, 121.50066 -0.85931, 121.7142 -0.93548, 122.10532 -0.9262, 122.20769 -0.76474, 122.96022 -0.73056, 122.73463 -0.64837, 123.23951 -0.57049, 123.45436 -0.75823, 123.31121 -1.05145, 123.0608 -0.88055, 122.8117 -0.92409, 122.36883 -1.49277, 121.79859 -1.71795, 121.69215 -1.90814, 121.31186 -1.78289, 121.57455 -2.16253, 121.82293 -2.28729, 122.01564 -2.69354, 122.31251 -2.92685, 122.35792 -3.21754, 122.20053 -3.55657, 122.66725 -3.91888, 122.67506 -4.12274, 122.90707 -4.19598, 122.84205 -4.43808, 122.59913 -4.39674, 122.10776 -4.51995, 121.99171 -4.85573, 121.70436 -4.83522, 121.48463 -4.65643, 121.53631 -4.23056, 121.6277 -4.08709, 121.35426 -3.96844, 120.89381 -3.53916, 121.06674 -3.19378, 121.08041 -2.75905, 120.77605 -2.61492, 120.20346 -2.9577, 120.38787 -3.21461, 120.44654 -3.72869, 120.35353 -3.93084, 120.36232 -4.38698, 120.4441 -4.62664, 120.26433 -5.15, 120.45834 -5.62607, 120.32325 -5.50954, 119.91489 -5.56894, 119.80567 -5.69248, 119.57 -5.65594, 119.35279 -5.35565, 119.52516 -4.88307, 119.49122 -4.75408, 119.6268 -4.31455, 119.59344 -4.02646, 119.45672 -3.71453, 119.49757 -3.49529, 119.29762 -3.42791, 118.92677 -3.56609, 118.76417 -3.09092, 118.77166 -2.86207, 119.14145 -2.44199, 119.13404 -2.20355, 119.33644 -1.97015, 119.32838 -1.21445, 119.73365 -0.63388, 119.792 -0.10678)), ((109.36883 -7.71347, 109.01441 -7.7326, 108.87322 -7.61061, 108.32683 -7.81747, 107.68655 -7.66208, 107.41139 -7.49586, 106.52266 -7.41096, 106.38071 -7.24725, 106.53715 -6.98296, 106.28338 -6.98333, 105.95957 -6.81763, 105.48613 -6.86752, 105.45362 -6.80877, 105.82409 -6.43465, 105.88787 -6.07057, 106.05274 -5.88104, 106.49537 -6.03484, 106.9935 -6.07855, 107.04444 -5.91432, 107.35414 -5.97599, 107.47027 -6.14543, 107.81084 -6.18935, 108.09368 -6.32685, 108.36027 -6.2464, 108.53956 -6.48691, 108.60548 -6.76165, 109.3519 -6.87566, 109.53199 -6.83514, 109.89633 -6.91823, 110.47242 -6.94638, 110.67107 -6.49993, 110.92482 -6.40374, 111.15691 -6.69207, 111.49342 -6.62347, 112.06788 -6.89365, 112.60377 -6.90455, 112.70069 -7.25465, 112.82325 -7.26263, 112.76149 -7.53118, 113.29933 -7.78851, 113.52858 -7.70037, 113.80388 -7.72177, 114.01612 -7.6181, 114.4673 -7.83099, 114.35865 -8.40911, 114.59718 -8.77557, 114.30258 -8.61191, 113.97999 -8.62021, 113.81381 -8.50775, 113.19793 -8.27728, 112.6727 -8.44704, 112.34156 -8.3327, 111.792 -8.25652, 111.67335 -8.36785, 110.47674 -8.11191, 110.03419 -7.8847, 109.36883 -7.71347)), ((127.71372 0.27733, 127.52687 0.56061, 127.62452 0.83222, 127.50782 0.88622, 127.40594 1.22989, 127.5809 1.75178, 127.91725 2.17211, 128.04737 2.20384, 127.85174 1.82538, 128.03533 1.53799, 127.8943 1.15664, 127.63754 1.00072, 127.79566 0.79906, 128.19606 1.19644, 128.09205 1.25727, 128.45973 1.54499, 128.71949 1.57062, 128.70118 1.07087, 128.31544 0.90156, 128.31349 0.66816, 128.68434 0.54169, 128.69011 0.34699, 128.86118 0.24356, 127.96022 0.48281, 127.89243 -0.01719, 128.04274 -0.4153, 128.43328 -0.90879, 128.04884 -0.71282, 127.85133 -0.36549, 127.67237 -0.23016, 127.71372 0.27733)), ((130.87322 -3.57399, 130.84156 -3.865, 129.98316 -3.45973, 129.89047 -3.3331, 129.54493 -3.29778, 129.48561 -3.46347, 128.96079 -3.35556, 128.87745 -3.20257, 128.67758 -3.43231, 128.48414 -3.4625, 128.13575 -3.07537, 127.92604 -3.55348, 127.8423 -3.17327, 128.10369 -3.06699, 128.17547 -2.85703, 128.86524 -2.86207, 129.05291 -2.80446, 129.12184 -2.9577, 129.44353 -2.78493, 130.04664 -2.99212, 130.34498 -2.97763, 130.57846 -3.12282, 130.66668 -3.40358, 130.87322 -3.57399)), ((118.75733 -8.80202, 118.46502 -8.865, 118.39357 -8.67457, 118.15773 -8.86785, 117.7378 -8.90976, 117.33413 -9.05935, 117.00974 -9.10729, 116.76303 -9.01556, 116.83815 -8.50791, 117.19508 -8.3576, 117.43393 -8.48113, 117.55812 -8.40545, 117.80519 -8.71998, 118.28175 -8.64153, 117.70631 -8.22967, 117.89527 -8.09002, 118.11524 -8.11386, 118.30397 -8.36826, 118.44361 -8.25791, 118.98829 -8.30901, 119.04151 -8.62982, 118.75733 -8.80202)), ((123.01873 -8.33408, 122.80356 -8.43792, 122.80738 -8.61094, 122.40789 -8.74147, 122.11451 -8.73235, 121.79371 -8.88397, 121.39601 -8.79412, 121.34059 -8.91806, 120.92286 -8.9262, 120.59392 -8.79583, 120.13103 -8.77077, 119.91993 -8.87078, 119.80372 -8.59677, 120.2129 -8.29274, 120.97608 -8.3375, 121.50953 -8.60215, 122.00815 -8.4275, 122.28842 -8.63388, 122.9441 -8.21543, 122.74138 -8.23024, 122.86256 -8.06976, 123.01873 -8.33408)), ((124.56324 -9.17083, 124.94786 -9.07851, 125.05183 -9.035, 125.08681 -8.98622, 125.13942 -9.02477, 125.16236 -9.06063, 125.14252 -9.1891, 125.07395 -9.21132, 124.97447 -9.19189, 124.95793 -9.21194, 124.95411 -9.2415, 124.96016 -9.27602, 124.97282 -9.30465, 125.06162 -9.48577, 124.97071 -9.66237, 124.41847 -10.16383, 124.12241 -10.17254, 123.82635 -10.36395, 123.4686 -10.35622, 123.74855 -10.09775, 123.57618 -10.01393, 123.68881 -9.61142, 123.99147 -9.34808, 124.09029 -9.42154, 124.31007 -9.48872, 124.56324 -9.17083)), ((106.83326 -2.56658, 106.67482 -2.6998, 106.61305 -2.94256, 106.70729 -3.09417, 105.9865 -2.82122, 105.94435 -2.49879, 105.79575 -2.17181, 105.56577 -2.06699, 105.30641 -2.13502, 105.15431 -1.93597, 105.37566 -1.82187, 105.34986 -1.6487, 105.59409 -1.52557, 105.81275 -1.79266, 105.71998 -1.52418, 106.04558 -1.59401, 106.17457 -1.87908, 106.26417 -2.35133, 106.35401 -2.46299, 106.83326 -2.56658)), ((139.07553 -7.57627, 138.8838 -7.93255, 138.90414 -8.07586, 138.6609 -8.16904, 138.44418 -8.37908, 137.84913 -8.37754, 137.63819 -8.42588, 137.75904 -8.07342, 138.02809 -7.61004, 138.24415 -7.45648, 138.80454 -7.3742, 139.07553 -7.57627)), ((120.82667 -10.09124, 120.44996 -10.31032, 120.15561 -10.22096, 119.97633 -9.99245, 119.47731 -9.74863, 119.03736 -9.67588, 118.94158 -9.57049, 119.16871 -9.38551, 119.94597 -9.28826, 120.47828 -9.64105, 120.82667 -10.09124)), ((127.24342 -3.60605, 126.74219 -3.85938, 126.17356 -3.60253, 125.99174 -3.24819, 126.4214 -3.07049, 126.84002 -3.07366, 127.09352 -3.20078, 127.06275 -3.33441, 127.26881 -3.38592, 127.24342 -3.60605)), ((115.7142 -8.37518, 115.3226 -8.62379, 115.23552 -8.81976, 114.92701 -8.46746, 114.63901 -8.39861, 114.4524 -8.09515, 114.8576 -8.19313, 115.21551 -8.0595, 115.50245 -8.17262, 115.7142 -8.37518)), ((116.74317 -8.39178, 116.50044 -8.80269, 116.56537 -8.89558, 116.00213 -8.89886, 115.82864 -8.79179, 116.06027 -8.71391, 116.02794 -8.44501, 116.37623 -8.20184, 116.74317 -8.39178)), ((108.21062 -3.13584, 107.99399 -3.24245, 107.87045 -3.05169, 107.6314 -3.24086, 107.58107 -3.01067, 107.67026 -2.56146, 108.06658 -2.5945, 108.26726 -2.75742, 108.21062 -3.13584)), ((114.1248 -6.98161, 113.54898 -7.23378, 113.12794 -7.23105, 112.72641 -7.15879, 112.84197 -6.90887, 113.92368 -6.86484, 114.1248 -6.98161)), ((123.21315 -5.30169, 122.87623 -5.45843, 122.82765 -5.6762, 122.56715 -5.50693, 122.73219 -5.25302, 122.90895 -4.47454, 123.01954 -4.39023, 123.20444 -4.61175, 123.21974 -4.81666, 123.05209 -4.74033, 122.94793 -5.17213, 123.21315 -5.30169)), ((97.93922 0.98607, 97.88299 0.64297, 97.70411 0.57274, 97.61378 0.82355, 97.38885 0.95209, 97.25172 1.25922, 97.06365 1.41523, 97.34978 1.5454, 97.93922 0.98607)), ((134.60776 -6.36956, 134.33351 -6.22145, 134.2881 -5.92392, 134.49122 -5.44817, 134.75807 -5.67132, 134.62599 -5.93304, 134.77223 -6.08961, 134.60776 -6.36956)), ((99.25489 -1.77207, 98.88478 -1.67938, 98.59376 -1.19842, 98.65821 -0.96347, 98.88282 -0.91318, 99.25489 -1.77207)), ((131.64332 -7.59905, 131.31674 -8.018, 131.0857 -7.87176, 131.25473 -7.47226, 131.63754 -7.10906, 131.64332 -7.59905)), ((131.23797 -0.38926, 130.95167 -0.34645, 130.69557 -0.07952, 130.62924 -0.14072, 130.94825 -0.36688, 130.73308 -0.4415, 130.23243 -0.21282, 130.28061 -0.10499, 130.82472 -0.00384, 131.29737 -0.15927, 131.23797 -0.38926)), ((122.78061 -4.93906, 122.6434 -5.07879, 122.54347 -5.42881, 122.27963 -5.36972, 122.4026 -5.06178, 122.40496 -4.73789, 122.73552 -4.64373, 122.78061 -4.93906)), ((125.32163 -1.86435, 124.85328 -1.89691, 124.40602 -2.00408, 124.38494 -1.6679, 124.63282 -1.63112, 125.32163 -1.86435)), ((136.37566 -1.09368, 136.14283 -1.2234, 135.90602 -1.18939, 135.74098 -0.81902, 135.66082 -0.88714, 135.37037 -0.63592, 135.77752 -0.74871, 135.84742 -0.6959, 136.1963 -1.06658, 136.37566 -1.09368)), ((126.84002 -7.73943, 126.55934 -7.81992, 126.46616 -7.96657, 126.07496 -7.88388, 125.81202 -8.00758, 125.94793 -7.67832, 126.32838 -7.69573, 126.62696 -7.55999, 126.84002 -7.73943)), ((128.05152 -1.71453, 127.53273 -1.73138, 127.37867 -1.63226, 127.43531 -1.4122, 127.62452 -1.32952, 128.13461 -1.57285, 128.05152 -1.71453)), ((134.52149 -6.58685, 134.18507 -6.91863, 134.05502 -6.77516, 134.136 -6.17693, 134.52149 -6.58685)), ((136.87233 -1.81927, 136.2732 -1.90936, 135.42221 -1.61077, 136.19125 -1.6539, 136.7046 -1.73056, 136.87233 -1.81927)), ((123.52858 -1.43304, 123.11183 -1.55633, 123.16358 -1.31219, 122.87403 -1.58457, 122.89869 -1.18434, 123.20102 -1.15521, 123.23194 -1.39471, 123.40691 -1.2195, 123.52858 -1.43304)), ((128.68637 2.48395, 128.49024 2.05427, 128.28858 2.03962, 128.19711 2.26618, 128.56642 2.63361, 128.68637 2.48395)), ((125.1233 -8.35231, 124.41822 -8.46461, 124.45069 -8.14902, 125.09254 -8.16155, 125.1233 -8.35231)), ((116.30649 -3.90447, 116.09148 -4.06683, 116.01303 -3.65049, 116.12623 -3.31862, 116.26783 -3.21885, 116.30649 -3.90447)), ((130.25611 -2.04583, 129.92555 -2.00384, 129.71485 -1.88144, 130.35336 -1.68011, 130.43775 -1.85068, 130.25611 -2.04583)), ((127.8982 -0.76735, 127.74879 -0.88535, 127.30299 -0.51092, 127.31666 -0.33961, 127.51686 -0.30193, 127.68312 -0.46006, 127.60646 -0.62908, 127.8982 -0.76735)), ((96.48121 2.364, 95.69801 2.77875, 95.79151 2.94253, 96.09051 2.7578, 96.48121 2.364)), ((108.31764 3.68378, 107.98463 4.01203, 108.22486 4.24482, 108.39137 3.99702, 108.31764 3.68378)), ((130.9826 -1.34857, 130.7697 -1.24822, 130.64942 -0.98838, 130.89186 -0.88991, 131.07618 -0.9743, 130.9826 -1.34857)), ((102.55787 0.78026, 102.4065 0.87324, 102.76385 1.01118, 103.02174 0.84528, 102.55787 0.78026)), ((101.77556 1.94798, 101.57732 1.7093, 101.39381 1.93061, 101.44093 2.06493, 101.68165 2.10895, 101.77556 1.94798)), ((123.54347 -8.56927, 123.22731 -8.52606, 123.36964 -8.31666, 123.79819 -8.17995, 123.54347 -8.56927)), ((123.42042 -10.61907, 123.20916 -10.81308, 122.84181 -10.92108, 122.81251 -10.77842, 123.04916 -10.71136, 123.38649 -10.43304, 123.42042 -10.61907)), ((126.27215 -1.86728, 125.43214 -1.94964, 125.34693 -1.81097, 125.99342 -1.78582, 126.27215 -1.86728)), ((104.59986 0.83503, 104.45248 1.05817, 104.23194 1.09333, 104.58692 1.21992, 104.59986 0.83503)), ((102.4734 1.24201, 102.46485 0.96345, 102.23292 1.09951, 102.21746 1.40917, 102.4734 1.24201)), ((109.78028 -1.13161, 109.47869 -1.29852, 109.45232 -1.004, 109.7046 -0.98382, 109.78028 -1.13161)), ((102.50953 1.27729, 102.13453 1.45572, 102.00782 1.61538, 102.49049 1.48969, 102.50953 1.27729)), ((100.18946 -2.96657, 100.22731 -2.77264, 100.46754 -3.01531, 100.38071 -3.15252, 100.18946 -2.96657)), ((104.54135 -0.27125, 104.43727 -0.18108, 104.53736 0.02131, 104.76629 -0.18825, 104.54135 -0.27125)), ((103.08627 0.84101, 102.7907 1.03148, 102.80177 1.16328, 103.03712 1.04458, 103.08627 0.84101)), ((126.92213 4.28205, 126.7589 3.99301, 126.66476 4.03406, 126.73373 4.53587, 126.92213 4.28205)), ((121.96827 -5.46795, 121.80681 -5.25986, 121.96957 -5.06699, 122.06422 -5.18987, 121.96827 -5.46795)), ((104.59295 -0.44842, 104.35629 -0.66172, 104.25587 -0.47552, 104.46957 -0.33213, 104.59295 -0.44842)), ((124.16481 -8.52825, 124.01881 -8.42995, 124.25815 -8.18206, 124.16481 -8.52825)), ((128.33497 -3.62721, 127.98601 -3.77158, 128.03452 -3.58904, 128.28712 -3.50457, 128.33497 -3.62721)), ((123.20444 -3.99293, 123.0866 -4.23447, 122.95069 -4.04705, 123.20444 -3.99293)), ((138.89405 -8.40545, 138.55836 -8.36663, 138.83139 -8.18564, 138.89405 -8.40545)), ((120.55299 -6.11012, 120.48129 -6.47731, 120.44825 -5.84393, 120.55299 -6.11012)), ((129.77638 -8.05535, 129.58758 -7.83563, 129.84457 -7.8362, 129.77638 -8.05535)), ((100.2186 -2.73935, 100.01564 -2.83416, 99.98414 -2.48463, 100.2186 -2.73935)), ((133.11329 -5.59564, 132.84051 -5.98496, 133.11012 -5.31097, 133.11329 -5.59564)), ((126.08806 -2.44109, 125.96599 -2.40211, 125.86256 -2.0866, 126.08806 -2.44109)), ((99.85873 -2.35687, 99.60353 -2.26556, 99.594 -2.01483, 99.85873 -2.35687)), ((123.32114 -8.38494, 123.04103 -8.41082, 123.18824 -8.23496, 123.32114 -8.38494)), ((98.42205 -0.5866, 98.34213 -0.50628, 98.45118 -0.2584, 98.42205 -0.5866)), ((127.11736 -0.52516, 127.11036 -0.28769, 127.26881 -0.45631, 127.11736 -0.52516)), ((130.81935 -0.87029, 130.44068 -0.89316, 130.44842 -0.81862, 130.81935 -0.87029)), ((132.80543 -5.86248, 132.66969 -5.9, 132.73357 -5.65504, 132.80543 -5.86248)), ((125.66578 3.43879, 125.50506 3.48078, 125.51295 3.70791, 125.66578 3.43879)), ((103.75652 -0.34645, 103.46168 -0.36688, 103.62867 -0.23431, 103.75652 -0.34645)), ((115.2933 -7.00758, 115.27573 -6.83538, 115.46079 -6.84254, 115.2933 -7.00758)), ((102.29786 -5.47275, 102.09864 -5.33489, 102.39438 -5.37591, 102.29786 -5.47275)), ((121.85971 -10.6041, 121.69011 -10.56422, 121.92311 -10.42034, 121.85971 -10.6041)), ((104.14633 1.16047, 104.04916 0.9842, 103.9026 1.09052, 104.14633 1.16047)), ((134.33766 -6.33196, 134.14112 -6.15789, 134.22584 -6.02874, 134.33766 -6.33196)), ((128.11793 -8.17889, 128.04151 -8.25506, 127.77418 -8.10345, 128.11793 -8.17889)), ((134.51157 -6.5136, 134.35841 -6.37949, 134.60231 -6.40455, 134.51157 -6.5136)), ((131.16082 -8.15228, 130.89373 -8.25123, 131.03761 -8.08327, 131.16082 -8.15228)), ((119.37721 -8.72243, 119.41529 -8.44329, 119.57472 -8.50701, 119.37721 -8.72243)), ((117.66432 -8.14813, 117.56658 -8.36395, 117.49391 -8.1762, 117.66432 -8.14813)), ((98.54151 -0.38112, 98.29566 -0.00726, 98.4061 -0.00738, 98.54151 -0.38112)), ((98.71735 0.17512, 98.84459 0.08486, 98.53874 0.09034, 98.71735 0.17512)), ((134.95672 -1.12851, 134.80006 -1.02776, 134.87778 -0.93613, 134.95672 -1.12851)), ((103.51002 0.74287, 103.4157 0.65738, 103.40089 0.88007, 103.51002 0.74287)), ((103.28077 0.53803, 103.13673 0.57388, 103.21176 0.70816, 103.28077 0.53803)), ((123.61647 -1.62461, 123.48732 -1.69997, 123.52329 -1.48268, 123.61647 -1.62461)), ((121.85385 -0.40106, 121.87843 -0.51092, 121.67986 -0.46893, 121.85385 -0.40106)), ((117.25489 3.50707, 117.2684 3.59292, 117.5062 3.50214, 117.25489 3.50707)), ((117.68165 3.41551, 117.66733 3.27155, 117.54151 3.42845, 117.68165 3.41551)), ((127.31983 -0.79363, 127.15553 -0.77239, 127.21404 -0.61541, 127.31983 -0.79363)), ((123.16358 -8.47373, 122.88299 -8.58294, 122.99985 -8.44866, 123.16358 -8.47373)), ((117.90704 4.15668, 117.73807 4.15724, 117.70361 4.16341, 117.83855 4.04019, 117.90704 4.15668)), ((117.75001 4.08031, 117.66529 3.98306, 117.66114 4.14924, 117.75001 4.08031)), ((131.96559 -7.25465, 131.75701 -7.11004, 131.91847 -7.10361, 131.96559 -7.25465)), ((97.32179 2.03144, 97.20737 2.17552, 97.31983 2.17866, 97.32179 2.03144)), ((123.41342 -10.33261, 123.32 -10.26775, 123.40382 -10.15765, 123.41342 -10.33261)), ((106.89527 -3.01849, 106.72267 -2.96608, 106.81251 -2.89219, 106.89527 -3.01849)), ((120.75782 -7.07594, 120.67035 -7.15096, 120.62126 -6.99825, 120.75782 -7.07594)), ((105.81186 2.90449, 105.69557 2.88459, 105.73854 2.9881, 105.81186 2.90449)), ((116.43442 -3.40976, 116.39308 -3.63242, 116.32472 -3.53297, 116.43442 -3.40976)), ((119.72299 -8.62119, 119.69825 -8.80153, 119.60629 -8.76865, 119.72299 -8.62119)), ((128.63868 -7.2199, 128.53273 -7.15106, 128.69972 -7.10955, 128.63868 -7.2199)), ((130.64112 -0.52752, 130.46168 -0.52516, 130.62501 -0.4096, 130.64112 -0.52752)), ((122.02662 -0.40691, 121.87501 -0.39479, 121.92652 -0.31227, 122.02662 -0.40691)), ((108.94825 -1.63152, 108.83123 -1.66229, 108.90056 -1.53289, 108.94825 -1.63152)), ((112.70069 -5.72601, 112.70069 -5.84881, 112.58277 -5.7942, 112.70069 -5.72601)), ((128.56381 -3.59189, 128.39291 -3.64284, 128.41017 -3.54323, 128.56381 -3.59189)), ((129.55763 -0.15879, 129.51677 -0.20875, 129.30926 0.04804, 129.55763 -0.15879)), ((127.66603 -1.27191, 127.4607 -1.23577, 127.54721 -1.17108, 127.66603 -1.27191)), ((127.4878 -7.57928, 127.35768 -7.65569, 127.37273 -7.50612, 127.4878 -7.57928)), ((115.57309 -8.67197, 115.58888 -8.80731, 115.46827 -8.73187, 115.57309 -8.67197)), ((128.72804 -3.61492, 128.56788 -3.52801, 128.70574 -3.50254, 128.72804 -3.61492)), ((138.7815 -6.83896, 138.68198 -6.84775, 138.62696 -6.72015, 138.7815 -6.83896)), ((104.26629 0.85586, 104.18751 0.79926, 104.11256 0.95258, 104.26629 0.85586)), ((95.34181 5.89643, 95.33839 5.7792, 95.27296 5.80707, 95.34181 5.89643)), ((128.91635 -8.25465, 128.83448 -8.1998, 128.98536 -8.18572, 128.91635 -8.25465)), ((119.13152 -8.16627, 119.05152 -8.26141, 119.042 -8.14853, 119.13152 -8.16627)), ((131.18287 -7.41595, 131.08888 -7.49774, 131.02711 -7.41302, 131.18287 -7.41595)), ((134.73015 -6.60475, 134.66944 -6.77288, 134.62143 -6.747, 134.73015 -6.60475)), ((133.33139 -4.16522, 133.33448 -4.10906, 133.46664 -4.20469, 133.33139 -4.16522)), ((127.77849 -3.24424, 127.64332 -3.22438, 127.7614 -3.15154, 127.77849 -3.24424)), ((123.53972 -5.24554, 123.62379 -5.26653, 123.55926 -5.35133, 123.53972 -5.24554)), ((129.95444 -1.16269, 129.85922 -1.23317, 129.74391 -1.19988, 129.95444 -1.16269)), ((105.26417 -6.52793, 105.18295 -6.67156, 105.18849 -6.54762, 105.26417 -6.52793)), ((107.50473 -2.85467, 107.41015 -2.94757, 107.34129 -2.88686, 107.50473 -2.85467)), ((114.39186 -7.17889, 114.29282 -7.14315, 114.32225 -7.05003, 114.39186 -7.17889)), ((103.44483 1.00617, 103.31479 1.06159, 103.38982 1.13028, 103.44483 1.00617)), ((104.68873 0.07128, 104.60621 0.09178, 104.49024 0.24262, 104.68873 0.07128)), ((128.20729 -8.28191, 128.10377 -8.21185, 128.22193 -8.20892, 128.20729 -8.28191)), ((127.23463 -3.82106, 127.22697 -3.91706, 127.13793 -3.84685, 127.23463 -3.82106)), ((121.0569 -7.32106, 120.81625 -7.30242, 120.81568 -7.2575, 121.0569 -7.32106)), ((134.88592 -6.33636, 134.83766 -6.46006, 134.79412 -6.40195, 134.88592 -6.33636)), ((108.85572 3.00336, 108.88966 2.88801, 108.77589 2.88801, 108.85572 3.00336)), ((127.9944 -2.93906, 127.94728 -3.01849, 127.85401 -2.98943, 127.9944 -2.93906)), ((127.62452 -3.36175, 127.48048 -3.29339, 127.58302 -3.268, 127.62452 -3.36175)), ((125.45102 2.77839, 125.38258 2.64183, 125.36012 2.75332, 125.45102 2.77839)), ((127.76881 -8.21258, 127.60401 -8.2068, 127.68295 -8.15521, 127.76881 -8.21258)), ((109.04274 -7.76149, 108.79412 -7.71941, 108.82154 -7.67864, 109.04274 -7.76149)), ((134.42652 -2.0333, 134.35987 -2.15325, 134.33326 -2.08327, 134.42652 -2.0333)), ((135.33399 -1.48414, 135.10434 -1.51824, 135.10906 -1.47381, 135.33399 -1.48414)), ((117.89129 3.45563, 117.78549 3.53848, 117.84791 3.57543, 117.89129 3.45563)), ((127.37867 0.62303, 127.38494 0.75715, 127.4463 0.66718, 127.37867 0.62303)), ((127.4603 -0.03887, 127.39137 0.05305, 127.4402 0.12027, 127.4603 -0.03887)), ((134.65626 -6.55901, 134.62379 -6.4861, 134.71949 -6.48626, 134.65626 -6.55901)), ((134.2448 -1.79608, 134.17514 -1.94345, 134.16896 -1.82985, 134.2448 -1.79608)), ((123.15284 -1.82383, 123.06739 -1.8917, 123.10206 -1.74847, 123.15284 -1.82383)), ((98.59913 1.63198, 98.43995 1.64985, 98.47706 1.7036, 98.59913 1.63198)), ((106.28517 3.1791, 106.2107 3.12816, 106.20777 3.22533, 106.28517 3.1791)), ((131.11899 -7.61932, 131.10922 -7.68182, 130.9712 -7.70135, 131.11899 -7.61932)), ((124.07399 -5.98528, 123.96608 -5.91546, 123.97918 -5.86989, 124.07399 -5.98528)), ((126.71263 3.92071, 126.67792 3.81224, 126.66639 3.93055, 126.71263 3.92071)), ((123.86443 -1.98943, 123.7942 -1.99212, 123.78736 -1.87396, 123.86443 -1.98943)), ((126.74399 3.85339, 126.85606 3.7582, 126.81153 3.73186, 126.74399 3.85339)), ((127.31284 0.75715, 127.32488 0.86286, 127.37696 0.80777, 127.31284 0.75715)), ((103.81707 0.8417, 103.82106 0.76895, 103.73048 0.84756, 103.81707 0.8417)), ((132.81275 -5.67132, 132.75082 -5.5735, 132.81105 -5.5556, 132.81275 -5.67132)), ((103.94215 0.99608, 103.91139 0.93793, 103.84474 1.01268, 103.94215 0.99608)), ((122.07057 -0.39804, 122.0656 -0.29608, 122.14324 -0.36045, 122.07057 -0.39804)), ((104.20558 0.72606, 104.27735 0.78791, 104.2977 0.70816, 104.20558 0.72606)), ((115.8943 -7.16448, 115.83774 -7.1972, 115.74301 -7.15032, 115.8943 -7.16448)), ((127.39869 0.37958, 127.39625 0.28107, 127.33709 0.34878, 127.39869 0.37958)), ((123.11988 -3.62916, 123.06105 -3.5709, 123.14064 -3.53916, 123.11988 -3.62916)), ((113.40919 -8.48675, 113.28199 -8.48821, 113.28907 -8.43279, 113.40919 -8.48675)), ((127.22495 -8.10858, 127.15211 -8.09694, 127.17075 -8.02386, 127.22495 -8.10858)), ((125.2951 1.55166, 125.2671 1.4138, 125.25001 1.44864, 125.2951 1.55166)), ((104.49708 0.07128, 104.41139 0.0917, 104.42115 0.17276, 104.49708 0.07128)), ((130.93767 -7.55576, 130.84523 -7.54209, 130.98463 -7.51816, 130.93767 -7.55576)), ((123.37818 -1.71282, 123.30128 -1.78834, 123.2798 -1.74822, 123.37818 -1.71282)), ((122.36915 -0.26385, 122.38266 -0.33961, 122.32154 -0.25791, 122.36915 -0.26385)), ((109.11085 2.51606, 109.0267 2.48583, 108.98276 2.56061, 109.11085 2.51606)), ((131.4533 -4.05576, 131.36598 -3.96844, 131.41603 -3.95859, 131.4533 -4.05576)), ((133.60548 -2.46803, 133.52329 -2.48797, 133.50587 -2.42449, 133.60548 -2.46803)), ((131.59132 -6.76767, 131.52735 -6.78086, 131.56568 -6.69647, 131.59132 -6.76767)), ((117.52752 3.29084, 117.43393 3.279, 117.43336 3.33641, 117.52752 3.29084)), ((128.19361 2.36725, 128.16993 2.29743, 128.12525 2.33564, 128.19361 2.36725)), ((95.12696 5.70205, 95.06072 5.65624, 95.05828 5.75731, 95.12696 5.70205)), ((123.80144 -5.52272, 123.81471 -5.59564, 123.69117 -5.47275, 123.80144 -5.52272)), ((134.58367 -2.43841, 134.52149 -2.40667, 134.58131 -2.30788, 134.58367 -2.43841)), ((106.292 3.36815, 106.27906 3.23062, 106.23048 3.25796, 106.292 3.36815)), ((121.81821 -7.33359, 121.83481 -7.38828, 121.7518 -7.3943, 121.81821 -7.33359)), ((125.45623 2.36774, 125.42311 2.31712, 125.39682 2.39142, 125.45623 2.36774)), ((103.81861 0.88622, 103.8982 0.85334, 103.91139 0.78075, 103.81861 0.88622)), ((97.15113 2.05809, 97.10231 2.01606, 97.06902 2.08714, 97.15113 2.05809)), ((121.5691 -0.14479, 121.63315 -0.12469, 121.62452 -0.19842, 121.5691 -0.14479)), ((127.37875 -1.40545, 127.31666 -1.43629, 127.33025 -1.35377, 127.37875 -1.40545)), ((128.40349 -0.99529, 128.33033 -1.0202, 128.3235 -0.94134, 128.40349 -0.99529)), ((129.90235 -0.40846, 129.86443 -0.49863, 129.8545 -0.42653, 129.90235 -0.40846)), ((132.70289 -3.5193, 132.66635 -3.45338, 132.68116 -3.42344, 132.70289 -3.5193)), ((107.08375 -2.90984, 107.01708 -2.88021, 107.06463 -2.82252, 107.08375 -2.90984)), ((114.61883 -7.16725, 114.50017 -7.1583, 114.54103 -7.11858, 114.61883 -7.16725)), ((118.65431 2.18968, 118.57846 2.23688, 118.55641 2.3122, 118.65431 2.18968)), ((117.83155 3.79808, 117.7295 3.86807, 117.82911 3.84125, 117.83155 3.79808)), ((134.22828 -5.77337, 134.18051 -5.82733, 134.17774 -5.75449, 134.22828 -5.77337)), ((122.46469 -3.44085, 122.4336 -3.48528, 122.41782 -3.38454, 122.46469 -3.44085)), ((104.47999 -0.27125, 104.49252 -0.30877, 104.40496 -0.28338, 104.47999 -0.27125)), ((122.41017 -8.44394, 122.3768 -8.50172, 122.34392 -8.44842, 122.41017 -8.44394)), ((104.83277 -5.76002, 104.83839 -5.82041, 104.7767 -5.77158, 104.83277 -5.76002)), ((124.34889 -1.95957, 124.37029 -2.039, 124.30567 -1.9734, 124.34889 -1.95957)), ((108.01271 4.76813, 107.98121 4.68366, 107.9406 4.70864, 108.01271 4.76813)), ((121.73406 -8.29315, 121.7444 -8.33441, 121.67612 -8.30926, 121.73406 -8.29315)), ((127.81056 2.26386, 127.80519 2.21235, 127.75994 2.26992, 127.81056 2.26386)), ((122.2365 -0.27337, 122.14625 -0.24407, 122.18971 -0.20525, 122.2365 -0.27337)), ((104.62159 0.78742, 104.61354 0.76586, 104.52345 0.7884, 104.62159 0.78742)), ((128.81056 -3.67645, 128.76173 -3.69964, 128.74635 -3.65976, 128.81056 -3.67645)), ((115.85808 -4.77996, 115.77345 -4.81512, 115.85182 -4.73903, 115.85808 -4.77996)), ((131.38551 -4.14023, 131.30502 -4.11533, 131.28834 -4.06341, 131.38551 -4.14023)), ((131.63347 -4.43043, 131.68043 -4.52402, 131.6609 -4.53427, 131.63347 -4.43043)), ((131.27711 -7.37078, 131.21583 -7.35711, 131.26498 -7.29713, 131.27711 -7.37078)), ((121.63111 -10.61533, 121.53142 -10.63844, 121.56495 -10.60369, 121.63111 -10.61533)), ((125.17701 1.77875, 125.13722 1.74795, 125.13526 1.83096, 125.17701 1.77875)), ((132.00864 -5.31276, 132.00034 -5.37322, 131.96241 -5.34352, 132.00864 -5.31276)), ((95.19109 5.60847, 95.10914 5.62202, 95.15504 5.65668, 95.19109 5.60847)), ((96.66538 2.08788, 96.60963 2.08015, 96.61834 2.12686, 96.66538 2.08788)), ((122.3213 -3.5119, 122.35548 -3.55657, 122.2933 -3.58082, 122.3213 -3.5119)), ((107.56202 1.03718, 107.60157 1.00983, 107.55958 0.97016, 107.56202 1.03718)), ((107.80714 3.01488, 107.75611 2.97846, 107.75123 3.01203, 107.80714 3.01488)), ((103.47934 0.87885, 103.40707 0.91144, 103.45346 0.92056, 103.47934 0.87885)), ((103.52182 0.68985, 103.49789 0.62702, 103.47389 0.65347, 103.52182 0.68985)), ((104.4214 0.31794, 104.40512 0.29214, 104.35182 0.37124, 104.4214 0.31794)), ((103.51873 0.81843, 103.49049 0.82128, 103.42123 0.87324, 103.51873 0.81843)), ((103.08139 0.57929, 103.03663 0.65754, 103.06577 0.64924, 103.08139 0.57929)), ((132.31861 -5.5136, 132.38071 -5.53411, 132.33432 -5.57293, 132.31861 -5.5136)), ((129.9485 -4.51434, 129.94565 -4.55608, 129.87403 -4.54583, 129.9485 -4.51434)), ((109.13852 -1.31414, 109.10076 -1.30055, 109.16131 -1.25661, 109.13852 -1.31414)), ((106.2378 2.73286, 106.19899 2.80952, 106.22625 2.81704, 106.2378 2.73286)), ((125.40317 2.10277, 125.34913 2.07123, 125.35426 2.12987, 125.40317 2.10277)), ((103.1128 0.79295, 103.0923 0.72236, 103.07586 0.75283, 103.1128 0.79295)), ((103.66774 0.83967, 103.72
61;61;Asia;South-East Asia;timor-leste;Timor-Leste;"Women

LGBTQI+ persons

Religious minorities";Timor-Leste government;Watch;3;1;3;OK;current;2021-07-16;From 1975-1999, Indonesia occupied and committed genocide in Timor-Leste, with 100,000-200,000 individuals dying during this period. Indonesian officials have taken little to no accountability for the genocide and continue to resist ongoing investigations and trials. Though Timor-Leste experienced periods of increased violence following independence, the country has since stabilized. The current government has faced criticism for discriminating against religious minorities. Gender-based violence and domestic violence against women and LGBTQI+ individuals are widespread, and investigations into and accountability for such violence are inadequate.;Profile details checked;https://www.genocidewatch.com/de/copy-of-country-pages/timor-leste;;https://www.genocidewatch.com/de/copy-of-country-pages/timor-leste;;;base_country;0;;MultiPolygon;EPSG:4326;Natural Earth v5.1.1 — ne_50m_admin_0_countries;NAME=Timor-Leste;Topology-simplified embedded fallback used only when the live GitHub CSV cannot be loaded.;3088b8ae69b7b2e09e8e608ea90198aaa104e626ccea435a6dfad0cf52b7375e;;MULTIPOLYGON (((125.646094 -8.139941, 125.579492 -8.311816, 125.507129 -8.275098, 125.646094 -8.139941)), ((125.068164 -9.511914, 124.977539 -9.194922, 125.100391 -9.004004, 124.922266 -8.94248, 125.178027 -8.647852, 125.804297 -8.492188, 126.619727 -8.459473, 126.966406 -8.315723, 127.296094 -8.424512, 126.915234 -8.715234, 126.38252 -8.957617, 126.164258 -8.99668, 125.408008 -9.275781, 125.068164 -9.511914)), ((124.036328 -9.341602, 124.444434 -9.190332, 124.282324 -9.42793, 124.036328 -9.341602)))
62;62;Asia;South-East Asia;philippines;Philippines;Drug users, journalists, activists, farmers, Indigenous peoples in Mindanao, women (esp. WWII sexual slavery survivors);Philippine government under President Ferdinand Marcos Jr., police, military, Vice President Sara Duterte;Warning;5,6,8,10;4;10;OK;current;2023-10-01;"Since President Rodigro Duterte’s “War on Drugs” began in 2016, state forces and vigilante death squads have conducted an ongoing campaign of extrajudicial killings of at least 12,000 alleged ""drug dealers.” Perpetrators typically fake and plant evidence at the scene. Almost none of the perpetrators have been prosecuted for their crimes.

Government police and military personnel target, threaten, arbitrarily arrest, and kill human rights defenders, political opposition group leaders, leftist lawyers, indigenous peoples’ leaders, and environmental activists. Attacks on the free press include politically motivated legal action and sham prosecutions against journalists and left-leaning media companies.";Profile details checked;https://www.genocidewatch.com/country-pages/philippines;;https://www.genocidewatch.com/country-pages/philippines;;;base_country;0;;MultiPolygon;EPSG:4326;Existing Ten Stages corrected GeoJSON;NAME=Philippines;Topology-simplified embedded fallback used only when the live GitHub CSV cannot be loaded.;78a82b2df8d3128b8ccf725af19e65f9bb9d756d907c6666d7757a0506e7e73d;;MULTIPOLYGON (((122.30698 18.25129, 122.18002 18.12075, 122.15659 17.61929, 122.25115 17.36017, 122.3816 17.3474, 122.52906 17.09052, 122.23194 16.31904, 121.57781 15.93207, 121.62916 15.66112, 121.37916 15.30817, 121.72608 14.72016, 121.62916 14.70283, 121.73162 14.19505, 121.93629 13.99518, 122.23194 13.90644, 122.47096 14.34589, 122.85328 14.27855, 123.08424 13.97427, 123.10825 13.72211, 123.31495 13.82054, 123.21811 13.99274, 123.71168 13.93439, 123.97267 13.72932, 123.58815 13.72895, 123.52849 13.62678, 123.87094 13.14289, 124.08155 13.00951, 124.09523 12.55707, 123.98316 12.54678, 123.79363 12.83145, 123.31007 13.01236, 123.16879 13.4492, 122.53688 13.96113, 122.49757 13.65204, 122.69068 13.22866, 122.58815 13.17402, 122.31902 13.59223, 121.72486 13.96914, 121.48463 13.85179, 121.43002 13.65693, 121.03395 13.64183, 120.89503 13.90644, 120.6281 13.81086, 120.5735 14.17455, 120.97039 14.5019, 120.83009 14.76362, 120.54518 14.83686, 120.59791 14.5056, 120.40211 14.45576, 120.36736 14.62075, 120.07993 14.80394, 120.00514 15.26944, 119.88819 15.42902, 119.89861 15.85318, 119.77084 15.91498, 119.81251 16.3675, 120.09116 16.15347, 120.29908 16.0174, 120.31219 16.77778, 120.42726 16.9619, 120.44174 17.36799, 120.33383 17.55638, 120.61109 18.53856, 121.10678 18.64273, 121.59205 18.38471, 121.97462 18.28604, 122.22023 18.52241, 122.30698 18.25129)), ((126.61036 7.27704, 126.25457 6.76667, 126.20607 6.2993, 126.09506 6.51411, 126.07911 6.84252, 125.8069 7.35114, 125.65691 7.23705, 125.38893 6.7683, 125.39747 6.59846, 125.57358 6.51691, 125.70655 6.14973, 125.66733 5.95014, 125.38754 5.5738, 125.18116 5.79833, 125.27801 5.97923, 125.15528 6.10017, 125.0691 5.86172, 124.5962 5.99893, 124.24578 6.18651, 124.05494 6.43769, 124.02947 7.11514, 124.24676 7.40412, 124.0652 7.60273, 123.70395 7.80939, 123.44467 7.80134, 123.48569 7.66356, 123.17042 7.48603, 123.11793 7.74136, 122.99562 7.46727, 122.83725 7.45844, 122.81471 7.74335, 122.51149 7.69571, 122.34799 7.45254, 122.11866 6.89643, 121.93702 6.97895, 122.04689 7.30109, 122.12892 7.81501, 122.29225 8.00991, 122.92457 8.15013, 123.08204 8.51923, 123.52182 8.62254, 123.7588 8.60749, 123.8733 8.15327, 124.23227 8.21288, 124.40577 8.6079, 124.75318 8.50023, 124.78077 8.94912, 124.91529 8.99413, 125.11573 8.83055, 125.21852 9.08812, 125.52654 9.02619, 125.542 9.1892, 125.39869 9.68106, 125.45948 9.82294, 125.62013 9.62979, 125.93409 9.49234, 126.17897 9.093, 126.30006 8.7683, 126.11052 8.60712, 126.37013 8.54182, 126.36158 8.18716, 126.46306 8.22993, 126.4061 7.83324, 126.58286 7.71943, 126.61036 7.27704)), ((123.57553 10.82559, 123.15675 9.86762, 123.13543 9.61835, 123.32114 9.34317, 123.23015 9.10761, 123.03321 9.03531, 122.8694 9.32266, 122.59946 9.43268, 122.39519 9.83662, 122.47462 9.97435, 122.87892 10.11807, 122.8239 10.53286, 123.00261 10.91283, 123.21355 10.99641, 123.57553 10.82559)), ((125.24684 11.09219, 124.91147 11.5019, 125.05421 11.73823, 124.89243 11.76146, 124.67986 12.02973, 124.3908 12.22187, 124.27622 12.53327, 124.67921 12.51594, 125.16627 12.57811, 125.5005 12.2486, 125.452 11.96406, 125.56617 11.26813, 125.70737 11.17744, 125.24684 11.09219)), ((123.17482 11.46747, 123.13136 11.18268, 122.78004 10.95694, 122.58985 10.69872, 122.22657 10.64224, 121.94972 10.43317, 121.93702 10.7757, 122.0451 11.0174, 122.10719 11.65795, 121.85385 11.76944, 121.96372 11.93391, 122.38795 11.72744, 122.60418 11.51708, 122.72478 11.61176, 123.17482 11.46747)), ((119.72535 10.51862, 119.35597 10.32884, 119.1963 10.05634, 118.7505 9.88752, 118.77784 9.7342, 118.49789 9.31367, 118.13209 9.12665, 118.01368 8.8876, 117.5656 8.66108, 117.51287 8.50678, 117.19801 8.33478, 117.29151 8.64081, 117.65553 9.05793, 118.00318 9.2333, 118.53053 9.77424, 118.82228 10.19453, 119.27809 10.50821, 119.34498 10.72358, 119.2225 10.94172, 119.50196 11.42333, 119.56902 11.26166, 119.5193 10.83771, 119.72535 10.51862)), ((121.5464 12.64411, 121.24497 12.21442, 121.13168 12.24177, 120.79786 12.72944, 120.75831 13.00239, 120.35662 13.51838, 121.19711 13.4409, 121.54916 13.09064, 121.5464 12.64411)), ((125.22926 10.25434, 125.01043 10.38304, 125.03175 10.02025, 124.78045 10.15192, 124.77882 10.82144, 124.62233 11.00202, 124.40211 10.92984, 124.32911 11.55711, 124.62989 11.30443, 124.84571 11.43301, 124.98414 11.38133, 125.05307 10.96821, 125.00611 10.79735, 125.1941 10.60297, 125.22926 10.25434)), ((124.04005 10.48436, 123.64332 10.03897, 123.48829 9.56647, 123.3143 9.50764, 123.42254 10.0375, 123.7068 10.46198, 124.07472 11.26911, 124.04005 10.48436)), ((124.49985 9.7683, 124.2942 9.60676, 123.89234 9.63215, 123.80909 9.80268, 124.18458 10.14448, 124.58863 10.02387, 124.49985 9.7683)), ((124.05486 11.72557, 123.42416 12.20083, 123.18141 11.93085, 123.27345 12.42365, 123.2422 12.59536, 123.88233 12.2128, 124.05494 11.95441, 124.05486 11.72557)), ((124.41798 13.87295, 124.33334 13.57246, 124.17018 13.52977, 124.02605 13.66962, 124.20094 14.09223, 124.41798 13.87295)), ((122.33522 6.60334, 121.96225 6.40485, 121.81446 6.59292, 122.06666 6.74071, 122.33522 6.60334)), ((120.33953 12.00056, 119.98406 12.0257, 119.88502 12.3227, 120.33953 12.00056)), ((121.99317 13.20161, 121.81723 13.34195, 121.87306 13.56851, 122.11524 13.46499, 121.99317 13.20161)), ((121.42123 5.98713, 120.93409 5.88569, 121.04225 6.09711, 121.42123 5.98713)), ((125.71453 9.88085, 125.49708 10.10346, 125.6574 10.45645, 125.71453 9.88085)), ((122.13575 12.56078, 122.01905 12.15607, 121.92075 12.30288, 121.9909 12.57119, 122.13575 12.56078)), ((119.95411 5.07551, 119.81251 5.1225, 120.19858 5.3496, 119.95411 5.07551)), ((121.9402 14.64008, 121.84425 15.0454, 122.00514 15.03864, 121.9402 14.64008)), ((122.68686 10.50601, 122.48243 10.50336, 122.67018 10.76203, 122.68686 10.50601)), ((124.48634 11.48823, 124.34913 11.68008, 124.556 11.66022, 124.48634 11.48823)), ((122.61183 12.27652, 122.4319 12.40974, 122.64918 12.47321, 122.61183 12.27652)), ((126.17823 9.78783, 125.96599 9.85025, 126.08074 10.05565, 126.17823 9.78783)), ((123.18531 12.85847, 122.94451 13.11131, 123.03981 13.12808, 123.18531 12.85847)), ((120.05258 11.87124, 119.96697 11.66437, 119.85401 11.95441, 120.05258 11.87124)), ((120.01124 10.56525, 119.80649 10.44611, 119.84986 10.64476, 120.01124 10.56525)), ((123.72242 9.14912, 123.47462 9.19709, 123.61443 9.28925, 123.72242 9.14912)), ((117.00164 7.82368, 116.96168 8.062, 117.07586 8.06957, 117.00164 7.82368)), ((123.79477 12.34333, 123.58318 12.62393, 123.70484 12.62539, 123.79477 12.34333)), ((124.76295 9.07901, 124.64674 9.2189, 124.74635 9.23949, 124.76295 9.07901)), ((125.77687 6.89403, 125.67408 7.07022, 125.78191 7.1352, 125.77687 6.89403)), ((125.30616 9.93745, 125.14576 10.07071, 125.23927 10.10391, 125.30616 9.93745)), ((121.4983 19.25926, 121.34986 19.37031, 121.51661 19.39354, 121.4983 19.25926)), ((120.28305 13.70246, 120.0923 13.7945, 120.23764 13.80463, 120.28305 13.70246)), ((122.1727 14.05353, 121.96518 14.14297, 121.94508 14.23261, 122.1727 14.05353)), ((122.97169 7.38361, 122.81666 7.29491, 122.7942 7.38394, 122.97169 7.38361)), ((121.98365 18.97484, 121.86573 18.82193, 121.90235 19.00536, 121.98365 18.97484)), ((126.00148 9.67674, 125.92506 9.58954, 125.92726 9.73871, 126.00148 9.67674)), ((123.81495 11.14802, 123.73365 11.15428, 123.74578 11.29247, 123.81495 11.14802)), ((117.35532 8.30272, 117.28972 8.18431, 117.28443 8.32274, 117.35532 8.30272)), ((124.85621 11.60493, 124.83155 11.53632, 124.73268 11.72163, 124.85621 11.60493)), ((119.8672 11.51557, 119.8698 11.44062, 119.77084 11.40632, 119.8672 11.51557)), ((120.58815 6.38076, 120.58286 6.26146, 120.49464 6.24934, 120.58815 6.38076)), ((121.47779 18.8819, 121.31861 18.84321, 121.28004 18.88056, 121.47779 18.8819)), ((119.50099 4.79914, 119.45655 4.65571, 119.43539 4.90278, 119.50099 4.79914)), ((124.38998 10.6413, 124.28435 10.60383, 124.34099 10.71182, 124.38998 10.6413)), ((121.85174 20.71857, 121.79119 20.73005, 121.87485 20.82783, 121.85174 20.71857)), ((123.84132 9.6424, 123.80454 9.56029, 123.72722 9.59121, 123.84132 9.6424)), ((125.76938 10.70038, 125.68409 10.75275, 125.73146 10.80805, 125.76938 10.70038)), ((124.0254 13.22199, 123.91472 13.28994, 124.08448 13.2674, 124.0254 13.22199)), ((124.5088 10.64155, 124.40919 10.64826, 124.43556 10.71361, 124.5088 10.64155)), ((118.51873 6.97093, 118.43141 7.02709, 118.52459 7.04365, 118.51873 6.97093)), ((119.99293 16.23017, 119.92237 16.30378, 119.97316 16.35057, 119.99293 16.23017)), ((123.87355 13.22964, 123.8589 13.35383, 123.92213 13.32998, 123.87355 13.22964)), ((122.24155 14.74112, 122.10499 14.83784, 122.20387 14.83877, 122.24155 14.74112)), ((122.02654 20.4558, 121.92237 20.3933, 121.98024 20.47297, 122.02654 20.4558)), ((121.21095 19.1767, 121.25896 19.04572, 121.19679 19.0655, 121.21095 19.1767)), ((122.31129 12.53669, 122.27963 12.47451, 122.24822 12.57587, 122.31129 12.53669)), ((120.26791 11.81623, 120.2033 11.94758, 120.27638 11.96491, 120.26791 11.81623)), ((124.0656 13.21076, 124.13885 13.2342, 124.19679 13.17333, 124.0656 13.21076)), ((121.99773 19.56493, 121.96095 19.49177, 121.89682 19.55687, 121.99773 19.56493)), ((120.87306 5.57241, 120.8978 5.49852, 120.81983 5.54328, 120.87306 5.57241)), ((121.13103 12.16437, 121.03956 12.25153, 121.08815 12.26708, 121.13103 12.16437)), ((125.41871 5.42548, 125.41871 5.36848, 125.33424 5.38768, 125.41871 5.42548)), ((121.86842 5.99974, 121.77662 6.07738, 121.87094 6.03311, 121.86842 5.99974)), ((121.08717 10.82347, 121.02516 10.86445, 121.09327 10.91039, 121.08717 10.82347)), ((124.04384 10.32428, 123.97599 10.25539, 123.94781 10.30654, 124.04384 10.32428)), ((121.41668 12.03022, 121.36085 12.04316, 121.36769 12.11042, 121.41668 12.03022)), ((121.23463 5.8107, 121.16212 5.78758, 121.16285 5.84805, 121.23463 5.8107)), ((119.64796 11.01529, 119.57976 11.04597, 119.62037 11.08124, 119.64796 11.01529)), ((124.54038 10.06086, 124.52182 10.11205, 124.60621 10.14761, 124.54038 10.06086)), ((122.3978 14.68586, 122.31642 14.69892, 122.39698 14.73225, 122.3978 14.68586)), ((117.26393 8.30101, 117.18141 8.28799, 117.24285 8.34321, 117.26393 8.30101)), ((119.75213 5.03608, 119.79835 5.12104, 119.81251 5.06989, 119.75213 5.03608)), ((121.47413 11.86685, 121.49537 11.82783, 121.41261 11.84028, 121.47413 11.86685)), ((121.62892 6.65742, 121.6233 6.56753, 121.58253 6.63166, 121.62892 6.65742)), ((121.84164 20.34601, 121.8921 20.29735, 121.85084 20.27342, 121.84164 20.34601)), ((116.99586 8.10301, 117.04542 8.13581, 117.06837 8.09276, 116.99586 8.10301)), ((119.82106 4.86278, 119.79038 4.90595, 119.84262 4.90485, 119.82106 4.86278)), ((120.88266 5.68529, 120.80812 5.66429, 120.83302 5.70677, 120.88266 5.68529)), ((119.6277 11.17304, 119.58334 11.13882, 119.57553 11.17837, 119.6277 11.17304)), ((124.22804 12.07368, 124.17848 12.03962, 124.16538 12.07543, 124.22804 12.07368)), ((124.13746 12.43757, 124.16049 12.45604, 124.18198 12.40693, 124.13746 12.43757)), ((121.71778 12.8996, 121.68865 12.94717, 121.7317 12.92878, 121.71778 12.8996)), ((120.90431 5.7591, 120.92937 5.73322, 120.89088 5.70978, 120.90431 5.7591)), ((123.77166 13.40351, 123.84555 13.36782, 123.82309 13.35196, 123.77166 13.40351)), ((121.04347 13.56122, 121.07748 13.57225, 121.09425 13.53705, 121.04347 13.56122)), ((117.20574 8.1555, 117.16179 8.15672, 117.1548 8.18041, 117.20574 8.1555)), ((121.25717 9.62446, 121.21095 9.57587, 121.25001 9.63593, 121.25717 9.62446)), ((119.8309 4.82095, 119.85768 4.79857, 119.83399 4.79662, 119.8309 4.82095)), ((121.94744 21.11616, 121.95427 21.11839, 121.94907 21.10688, 121.94744 21.11616)), ((121.9367 21.06562, 121.9297 21.06452, 121.93483 21.07323, 121.9367 21.06562)), ((119.96925 8.88093, 119.96827 8.8841, 119.97193 8.88239, 119.96925 8.88093)), ((119.9673 8.88935, 119.96567 8.89142, 119.96762 8.89228, 119.9673 8.88935)), ((119.96485 8.885, 119.96323 8.88703, 119.96518 8.88793, 119.96485 8.885)), ((119.95973 8.8806, 119.96062 8.8771, 119.95834 8.87718, 119.95973 8.8806)))
64;64;Asia;Former Soviet Union;russia;Russia;Ukrainians, journalists, political dissidents, LGBTQ+ individuals, human rights defenders;Russian government, Russian Armed Forces, Wagner Group, Chechen security forces under Ramzan Kadyrov, Russian Parliament, Russian Supreme Court;Emergency;8,9,10;3;10;OK;current;2024-01-01;Russia has a long history of persecuting ethnic minorities and societal dissidents. On Feb. 24, 2022, following its illegal annexation of Crimea in 2014, Russia began a full-scale invasion of Ukraine. It is now committing genocide, war crimes, and crimes against humanity in Ukraine. Russia denies responsibility for the genocide in Ukraine. Russia uses the invasion of Ukraine to justify its suppression of Russian media and civil society groups. Russia continues to attack LGBTQ+ rights. Since 2017, Chechnya has initiated multiple campaigns aimed at detaining and torturing gay men.;Profile details checked;https://www.genocidewatch.com/country-pages/russia;https://d0dbb2cb-698c-4513-aa47-eba3a335e06f.filesusr.com/ugd/7813cd_a8ef4858eeed484da3083c1cf058dbba.pdf;https://www.genocidewatch.com/country-pages/russia;;;base_country;0;;MultiPolygon;EPSG:4326;Existing Ten Stages corrected GeoJSON;NAME=Russia;Topology-simplified embedded fallback used only when the live GitHub CSV cannot be loaded.;aeb94ad48f6786e7a1ec6a7b45fbff885be5ad112b05404f5db9161ae13b1e72;;MULTIPOLYGON (((28.14891 56.14241, 28.28983 56.04661, 28.62071 56.08299, 28.80897 55.93457, 29.03077 56.02418, 29.37741 55.95403, 29.46102 55.6873, 29.86947 55.83055, 30.46882 55.79352, 30.74219 55.59439, 30.88616 55.60048, 30.79427 55.28552, 31.00563 55.023, 30.77061 54.78601, 31.16795 54.62158, 31.32468 54.22925, 31.81385 54.05706, 31.74466 53.79486, 32.0836 53.80964, 32.46156 53.7068, 32.45293 53.5464, 32.71953 53.43948, 32.40555 53.19267, 32.08278 53.08195, 31.73856 53.19254, 31.41636 53.19998, 31.24706 53.01439, 31.50514 52.84889, 31.56735 52.31138, 31.76434 52.10057, 32.23331 52.08085, 32.35356 52.32159, 32.92686 52.24692, 33.19651 52.36895, 33.53168 52.28882, 33.80407 52.35461, 34.05573 52.17033, 34.09624 51.95182, 34.38574 51.81767, 34.12797 51.68075, 34.30016 51.36839, 34.18595 51.24891, 34.74809 51.16473, 35.09918 51.18318, 35.46887 50.66854, 35.44645 50.47604, 35.69687 50.34515, 36.10584 50.42111, 36.26903 50.28138, 36.59439 50.20443, 36.91406 50.3391, 37.43526 50.42493, 37.72765 50.0787, 38.0004 49.8998, 38.17393 50.06015, 38.9374 49.80347, 39.18276 49.85851, 39.32766 49.72632, 39.55751 49.72399, 39.80153 49.5422, 40.11551 49.59057, 40.04089 49.45548, 40.14166 49.24578, 39.91873 49.04781, 39.68112 49.02032, 39.95036 48.85278, 39.70293 48.74659, 39.99325 48.27323, 39.84308 48.11975, 39.75905 47.83295, 38.83094 47.84824, 38.73451 47.67714, 38.35294 47.6071, 38.20101 47.29063, 38.21664 47.10326, 39.26401 47.26081, 39.26189 47.00861, 39.07521 47.03266, 38.80372 46.89354, 38.40301 46.82095, 38.03679 46.62946, 37.73756 46.67634, 37.97096 46.3618, 38.12289 46.37751, 38.55681 46.11518, 38.24879 46.14155, 37.97185 46.04003, 37.82944 45.75316, 37.60792 45.66275, 37.73829 45.3107, 37.5193 45.36929, 37.11248 45.23933, 37.13941 45.33552, 36.83326 45.44302, 36.59474 45.20482, 37.28712 44.92817, 37.47828 44.67719, 37.87485 44.6894, 38.17774 44.40599, 38.59506 44.33194, 38.97828 44.14826, 39.98598 43.38899, 40.23313 43.57577, 40.65192 43.53897, 41.01179 43.37542, 41.38066 43.33477, 41.55057 43.22628, 42.07529 43.18527, 42.42287 43.22899, 43.00009 43.09866, 43.19434 42.92676, 43.80061 42.74646, 43.75111 42.59874, 43.93973 42.55221, 44.55829 42.7531, 44.78231 42.61665, 44.85936 42.75951, 45.1842 42.67484, 45.35597 42.51996, 45.69869 42.50759, 45.62138 42.22448, 45.94756 42.02291, 46.43089 41.89044, 46.7408 41.85125, 47.26841 41.3028, 47.87111 41.20818, 48.05353 41.46129, 48.37015 41.58015, 48.57895 41.84528, 47.86769 42.58466, 47.69809 42.86713, 47.46192 43.02082, 47.4909 43.46284, 47.44142 43.81928, 47.24594 44.21198, 46.70094 44.44619, 46.72202 44.65534, 47.20118 44.97004, 47.62615 45.70905, 48.17986 45.73969, 48.57342 45.97114, 48.79135 45.84089, 48.71412 46.12958, 49.04225 46.19623, 49.22713 46.32788, 48.45511 46.6608, 48.5567 46.76175, 48.76403 46.68284, 49.00629 46.76911, 48.69726 47.10098, 48.52508 47.41023, 48.04449 47.7697, 47.43533 47.83439, 47.35967 47.68334, 47.11948 47.81977, 47.07829 48.27535, 46.47931 48.41022, 46.75382 48.91407, 47.02863 49.20149, 46.77511 49.33255, 46.89991 49.82032, 47.30872 50.0448, 47.29477 50.27543, 47.55692 50.45258, 47.99323 50.1818, 48.23931 49.86476, 48.41759 49.81169, 48.88568 50.01989, 48.7013 50.3346, 48.67339 50.57955, 49.40844 50.84827, 49.42311 51.102, 49.77906 51.10218, 50.34895 51.3226, 50.5817 51.6353, 50.92545 51.67969, 51.37193 51.62959, 51.30424 51.47164, 51.7823 51.49285, 51.86916 51.67307, 52.33487 51.76371, 52.50582 51.47887, 52.94429 51.45288, 53.34634 51.50303, 53.61795 51.37214, 53.67386 51.21987, 53.93586 51.18561, 54.17657 50.9679, 54.47857 50.85349, 54.37976 50.61944, 54.67628 50.60255, 54.63825 51.02769, 55.04773 50.88423, 55.30539 50.66497, 55.65999 50.53004, 56.07888 50.72476, 56.1749 50.90868, 56.33571 50.89586, 56.508 51.06626, 57.16822 51.09378, 57.35271 50.88599, 57.68922 50.89674, 57.7688 51.11967, 58.14056 51.05665, 58.30841 51.15003, 58.59501 51.02337, 58.57144 50.86351, 58.92594 50.67815, 59.43764 50.63112, 59.52281 50.47465, 59.77468 50.53371, 60.02128 50.85405, 60.30043 50.68466, 60.71849 50.65267, 61.3721 50.78248, 61.51318 51.15951, 61.66366 51.2584, 61.4738 51.4258, 61.02328 51.48551, 60.9374 51.61117, 60.35511 51.67142, 60.47975 51.78426, 60.13807 51.88888, 60.50652 52.15165, 60.67219 52.14434, 61.03992 52.335, 60.67684 52.66358, 61.05842 52.92217, 61.47804 53.01235, 61.60557 52.94832, 62.09417 52.99248, 62.05066 53.12477, 61.20291 53.27644, 61.31608 53.54521, 61.00757 53.63575, 61.20198 53.81961, 61.1935 54.01825, 61.41768 54.05598, 61.60051 53.95025, 62.0026 54.01738, 63.08466 54.08564, 63.98036 54.30371, 64.91064 54.40273, 65.21295 54.34304, 65.21429 54.52789, 65.44978 54.62747, 65.97745 54.61171, 66.44652 54.71093, 67.62272 54.85386, 67.81734 54.95215, 68.16605 54.95613, 68.26238 55.19405, 68.6053 55.1956, 68.70059 55.3605, 68.9228 55.27637, 68.94316 55.43455, 69.18614 55.32577, 69.67387 55.33404, 70.19704 55.13348, 70.44116 55.28335, 70.82036 55.29415, 70.97715 55.07798, 71.00598 54.77423, 71.18034 54.72736, 71.19062 54.31818, 70.98004 54.32506, 71.1823 54.10156, 71.32059 54.20103, 71.70873 54.1322, 71.76247 54.24765, 72.07697 54.14832, 72.22188 54.33322, 72.45556 53.90534, 72.62423 54.13499, 72.95682 54.11752, 73.06275 53.97908, 73.51802 53.95604, 73.74065 54.05794, 73.69713 53.90085, 73.48526 53.87485, 73.22967 53.66241, 73.42408 53.43255, 73.93671 53.63952, 74.40913 53.47756, 74.45347 53.68499, 74.772 53.83088, 75.02791 53.80793, 75.64037 54.09887, 76.85239 54.46117, 76.6646 54.13406, 76.37439 54.14776, 76.5257 53.96131, 77.61276 53.44279, 77.8668 53.27233, 78.47648 52.63793, 79.04275 51.99251, 79.04296 51.99251, 79.46981 51.49259, 79.99008 50.78812, 80.43905 50.95813, 80.41342 51.16843, 80.68275 51.30201, 81.14717 51.13595, 81.05829 50.94707, 81.4008 50.95911, 81.46023 50.73034, 81.76346 50.78434, 82.47582 50.71401, 82.76454 50.90666, 83.43396 50.99265, 83.8205 50.86801, 84.19794 50.49315, 84.24998 50.25993, 84.97577 50.07519, 85.26309 49.58152, 85.59718 49.6193, 86.17725 49.46334, 86.6102 49.79551, 86.77587 49.695, 86.5918 49.58721, 86.82434 49.50923, 87.02454 49.24893, 87.3238 49.08527, 87.81632 49.16584, 88.14395 49.27074, 88.17475 49.44386, 88.63354 49.49124, 88.87063 49.436, 89.68231 49.70834, 89.62386 49.90269, 89.96942 49.96708, 90.05123 50.08418, 90.71759 50.28076, 91.01205 50.4253, 91.41574 50.46137, 91.74978 50.68409, 92.15885 50.6891, 92.30168 50.84336, 92.64978 50.67407, 92.96169 50.77788, 93.01141 50.62332, 94.23759 50.56524, 94.34435 50.24918, 94.62454 50.01519, 94.92158 50.04589, 95.0764 49.94553, 95.52061 49.88962, 95.86705 50.01498, 96.37286 49.88605, 96.9692 49.88667, 97.30169 49.72554, 98.10557 50.06387, 98.26246 50.28381, 98.29346 50.51862, 98.0233 50.64203, 97.99023 50.83561, 97.80636 51.00113, 98.05089 51.46642, 98.22039 51.47521, 98.33222 51.71832, 98.71111 51.84511, 98.8864 52.12855, 99.32389 51.93422, 99.67932 51.88867, 100.00597 51.73173, 100.5109 51.7269, 101.3878 51.45056, 102.05122 51.38361, 102.18387 51.3239, 102.14651 51.09763, 102.32763 50.54555, 102.58659 50.41527, 103.66807 50.1312, 104.12169 50.14826, 104.4058 50.30055, 105.32864 50.47645, 105.98488 50.39977, 106.24486 50.29026, 106.65652 50.32701, 106.97366 50.19637, 107.22491 49.99705, 107.94652 49.93349, 107.93949 49.66322, 108.53806 49.32743, 109.1606 49.34665, 110.18142 49.16196, 110.37117 49.24175, 110.73136 49.13767, 111.33845 49.36474, 112.03019 49.41187, 112.43224 49.52917, 112.73372 49.49279, 113.04367 49.5886, 113.21245 49.82202, 113.57966 50.01995, 114.28628 50.27688, 114.75375 50.23621, 115.3687 49.89541, 115.7509 49.88497, 116.21764 50.01385, 116.68428 49.82326, 117.05759 49.67289, 117.75884 49.51274, 118.16863 49.67149, 118.64436 49.95457, 119.09168 49.98656, 119.31621 50.09265, 119.3529 50.34551, 119.14123 50.37662, 119.49666 50.73706, 119.51795 50.9048, 119.74828 51.08339, 120.1082 51.66519, 120.56631 51.90533, 120.77917 52.1176, 120.62616 52.34681, 120.72398 52.54217, 120.42994 52.63609, 120.05642 52.60051, 120.03296 52.76066, 120.28018 52.86592, 120.87425 53.28016, 121.20349 53.27675, 122.33783 53.49131, 122.85966 53.47395, 123.25256 53.56779, 123.61429 53.56335, 124.23271 53.38165, 124.4082 53.23569, 124.88042 53.17252, 125.12743 53.20655, 125.73354 52.98165, 126.06861 52.67989, 126.53117 52.15266, 126.44606 51.98254, 126.67514 51.58838, 126.90195 51.401, 126.93177 51.06378, 127.28735 50.75101, 127.33066 50.3282, 127.57839 50.22055, 127.50811 49.82233, 127.83088 49.59387, 128.09247 49.54158, 128.79692 49.57248, 128.75021 49.48453, 129.08786 49.35208, 129.50241 49.41078, 129.91344 49.03954, 130.24934 48.86451, 130.67433 48.87082, 130.53325 48.63579, 130.82212 48.33377, 130.68239 48.05035, 131.02335 47.68228, 131.41837 47.74262, 131.57743 47.66856, 132.52465 47.70753, 132.67462 47.95061, 133.09196 48.10678, 133.46372 48.08952, 133.72127 48.24476, 134.38635 48.38134, 134.70085 48.26153, 134.56722 48.04038, 134.77258 47.71073, 134.48464 47.43018, 134.15412 47.25789, 133.98803 46.62517, 133.84933 46.48029, 133.90245 46.25899, 133.68737 46.14184, 133.42517 45.58042, 133.14022 45.43542, 133.11542 45.12303, 132.95336 45.02438, 131.96965 45.23383, 131.81803 45.33279, 131.4195 44.95896, 130.93343 44.84171, 131.06583 44.68203, 131.26447 44.05421, 131.16691 43.52107, 131.28091 43.38022, 131.08547 43.0421, 131.10304 42.91043, 130.40716 42.73538, 130.58451 42.5689, 130.53077 42.53048, 130.69996 42.29511, 130.86964 42.53547, 130.65667 42.66408, 131.20118 42.61402, 131.38624 42.91429, 131.73072 43.17414, 131.76425 43.29169, 131.99684 43.23871, 131.95224 43.07197, 132.30543 43.31904, 132.28932 42.88272, 132.5027 42.9243, 132.73976 42.90717, 132.81593 42.75642, 132.98976 42.82697, 133.15773 42.68842, 133.52442 42.82624, 133.92677 42.88272, 134.1937 43.07978, 135.1399 43.50837, 135.22682 43.6822, 135.48788 43.83271, 135.46363 43.94965, 135.88868 44.40152, 136.12257 44.47553, 136.36476 44.79255, 136.55348 44.89496, 136.82553 45.20409, 137.14454 45.37466, 137.67148 45.79462, 138.10035 46.22797, 138.53476 46.98664, 138.95899 47.31342, 139.39047 47.90424, 140.16505 48.44941, 140.26694 48.86237, 140.5608 49.57538, 140.41578 49.8627, 140.66066 50.05801, 140.52296 50.15107, 140.44288 50.54438, 140.54225 50.87714, 140.70818 51.07355, 140.70574 51.33478, 140.89601 51.42878, 140.90561 51.61542, 141.10922 51.67878, 141.42954 51.94196, 141.41432 52.22175, 141.11769 52.44896, 141.28061 52.57876, 141.19776 52.84882, 140.99383 52.92585, 140.86069 53.11848, 141.13185 52.98749, 141.43295 53.14887, 141.25123 53.31098, 140.71315 53.58161, 140.25196 53.89057, 140.24057 54.05695, 139.79705 54.29743, 139.37184 54.19587, 138.73854 54.31599, 138.76059 53.97525, 138.50213 53.54352, 138.2461 53.56635, 138.57993 53.82831, 138.57862 53.99934, 138.29819 53.75617, 137.91822 53.58662, 137.33513 53.52936, 137.77133 53.94355, 137.32008 54.04947, 137.68458 54.2766, 137.45143 54.31761, 137.06137 54.1457, 137.29086 54.03571, 137.10792 53.80793, 136.68474 53.8085, 136.88331 54.59138, 136.66245 54.68525, 136.53492 54.59553, 135.75017 54.57095, 135.65414 54.66596, 135.26515 54.72167, 135.21957 54.89412, 135.53426 55.08656, 135.86894 55.17389, 136.31902 55.48656, 137.57195 56.11652, 137.91407 56.35953, 138.22348 56.42416, 138.11484 56.5281, 138.66162 56.97794, 138.92248 57.05812, 139.19654 57.27265, 139.41846 57.29719, 139.78968 57.48273, 139.98154 57.68774, 140.49573 57.84477, 140.66676 58.19111, 140.90431 58.38276, 141.58373 58.61775, 141.94679 58.94302, 142.26238 59.12458, 143.15968 59.35391, 143.49362 59.31852, 143.90391 59.42271, 145.00076 59.36958, 145.95701 59.41672, 145.82496 59.24128, 146.05029 59.13887, 146.32296 59.17995, 146.31914 59.40169, 147.27149 59.3321, 147.546 59.23755, 147.91385 59.39047, 148.39373 59.3793, 148.43747 59.26232, 148.93452 59.23327, 148.98991 59.37538, 148.73571 59.36839, 148.8152 59.53449, 148.96844 59.45222, 149.20135 59.52489, 149.13291 59.64074, 149.59772 59.7582, 150.45681 59.61259, 150.53556 59.47897, 150.92584 59.44764, 150.93711 59.55587, 151.42463 59.59772, 151.76026 59.29926, 152.31183 59.22665, 151.76604 59.13363, 151.43773 59.17032, 151.08805 59.10202, 151.35909 58.85599, 152.0203 58.87504, 152.33937 59.05549, 152.55674 58.94998, 152.91605 58.91655, 153.0901 59.08309, 153.33728 59.08989, 153.36915 59.24128, 153.80201 59.17231, 154.04868 59.0528, 154.50157 59.21789, 155.1941 59.17577, 155.16676 59.37934, 154.9629 59.49608, 154.4183 59.54629, 154.26378 59.43688, 154.07504 59.50918, 154.25132 59.69913, 154.22077 59.86962, 154.4878 59.89631, 154.5637 60.0937, 154.9524 60.36742, 155.82984 60.72899, 156.09117 61.00157, 156.66292 61.21089, 156.67946 61.52402, 157.46451 61.78211, 158.08016 61.734, 158.26023 61.82593, 158.85304 61.82632, 158.92075 61.90302, 159.35987 61.89301, 159.51942 61.67465, 159.88074 61.70521, 160.34571 61.94473, 160.41396 61.76478, 160.28514 61.55411, 160.03499 61.45905, 159.77562 61.24221, 160.00014 61.10612, 159.82798 60.93214, 160.44421 61.03622, 160.1701 60.8249, 160.15439 60.57634, 160.66093 60.75262, 160.91515 60.89965, 161.98639 61.37262, 162.41725 61.67585, 162.80353 61.71099, 163.0447 61.51713, 163.34339 61.70569, 162.99084 61.78801, 163.19312 62.06662, 163.09149 62.22664, 163.36892 62.32767, 163.26705 62.52199, 163.90841 62.58437, 164.05513 62.6561, 164.59794 62.67307, 165.23056 62.39534, 164.53831 62.45111, 164.12719 62.26238, 164.04482 61.68343, 163.86606 61.64652, 163.77569 61.41321, 164.02882 61.34663, 163.4873 61.00166, 163.77426 60.91852, 163.34566 60.79929, 162.88898 60.75248, 162.75367 60.64594, 162.20623 60.53803, 161.93856 60.41679, 161.89721 60.20296, 161.53285 60.06762, 160.80494 59.60537, 160.49733 59.55248, 160.31031 59.34614, 159.86443 59.14057, 159.72779 58.88304, 159.02377 58.41478, 158.0569 57.99022, 157.72316 58.0246, 157.4699 57.80394, 156.98146 57.85712, 156.80104 57.77338, 157.00129 57.42551, 156.67547 57.04621, 156.04762 56.76509, 155.92433 56.58454, 155.65309 55.92133, 155.55118 55.2842, 155.72804 54.42683, 155.9358 53.86518, 156.1112 52.93542, 156.43919 52.21603, 156.53549 51.28925, 156.72187 51.19548, 156.7197 50.88645, 157.75919 51.54398, 158.28688 51.96752, 158.32496 52.13837, 158.5713 52.39167, 158.46209 52.46052, 158.64715 52.89936, 158.41505 52.99274, 158.55795 53.07001, 158.70867 52.89179, 159.00327 53.07685, 159.6325 53.25715, 160.0586 53.09736, 159.82504 53.5362, 159.90154 53.98188, 160.05299 54.17573, 160.74122 54.53522, 161.15089 54.59732, 161.31186 54.49014, 161.72381 54.50943, 162.15317 54.84992, 161.87477 55.0786, 161.74769 55.37595, 161.77708 55.60833, 162.1421 56.12906, 162.59254 56.26849, 162.40119 56.36976, 162.68294 56.48387, 162.9099 56.42569, 162.63802 56.22079, 163.05121 56.0054, 163.36607 56.18066, 163.22762 56.74246, 162.7835 56.76303, 162.85985 57.05144, 162.83312 57.38331, 163.07483 57.461, 163.32951 57.70894, 162.7116 57.96674, 162.5298 57.93651, 162.52179 57.75416, 162.02556 57.92878, 161.99323 58.08739, 162.16987 58.40592, 162.40529 58.65444, 163.07776 59.00759, 162.94711 59.15876, 163.26187 59.08083, 163.08058 59.27131, 163.31251 59.28754, 163.16871 59.51057, 163.39015 59.63154, 163.37818 59.81436, 163.69801 59.90404, 163.62867 60.04658, 164.16432 59.96345, 164.48854 60.11103, 164.80714 59.78962, 165.21209 59.99136, 165.12965 60.08417, 165.72145 60.26972, 166.05226 60.45384, 166.39283 60.48041, 166.1753 60.12031, 166.10955 59.82746, 166.28777 59.84455, 167.04811 60.32844, 168.09636 60.57148, 169.24781 60.56733, 169.70777 60.39948, 169.95582 60.05923, 170.26515 59.92036, 170.40065 59.96564, 170.50229 60.27253, 170.81072 60.51211, 171.17945 60.55891, 171.58473 60.80012, 172.00685 60.85521, 172.47608 61.05573, 172.38608 61.22744, 172.64674 61.19111, 172.93133 61.35155, 173.48113 61.55524, 173.54461 61.74909, 173.80494 61.64985, 174.01352 61.81733, 174.48976 61.81464, 175.23032 62.04393, 175.29884 62.1166, 176.27931 62.31708, 176.70899 62.49921, 177.23927 62.56977, 176.931 62.6944, 177.33253 62.80679, 177.30681 62.5821, 178.06105 62.54108, 178.93816 62.36603, 179.08953 62.28974, 179.14877 62.49604, 179.38364 62.52082, 179.60906 62.70563, 179.5407 62.84894, 179.24952 62.98469, 179.41782 63.11652, 179.29957 63.21459, 178.59547 63.41132, 178.71127 63.57001, 178.37233 63.52237, 178.37192 63.63068, 178.75929 63.62299, 178.65691 63.94916, 178.28256 64.35399, 178.00001 64.21035, 177.45362 64.42064, 177.36427 64.56322, 177.49187 64.76752, 176.98585 64.71113, 176.72739 64.57917, 176.02866 64.95881, 176.39715 64.85993, 176.84816 64.85008, 177.02565 64.77436, 177.2977 64.83845, 176.91472 65.0493, 177.43979 64.92512, 177.64259 64.74771, 178.21795 64.65827, 178.91179 64.7154, 179.47869 64.82274, 180 65.06619, 180 68.98105, 179.26149 69.27216, 178.36492 69.4868, 178.21217 69.44343, 177.35792 69.61717, 176.73455 69.67475, 176.31316 69.77709, 175.9262 69.77569, 175.52974 69.8563, 174.02613 69.88398, 173.46079 69.94855, 173.17937 69.84516, 172.79078 69.96271, 171.99448 69.99307, 170.61085 70.11628, 170.59178 69.76472, 170.23155 69.68859, 170.28635 69.57912, 170.58416 69.59955, 170.9131 69.30414, 171.0503 69.02774, 170.35108 68.82807, 169.6255 68.77725, 169.45387 68.84545, 169.30421 69.09772, 168.28826 69.24266, 168.24098 69.55829, 167.80201 69.77521, 166.93873 69.5021, 166.07521 69.52326, 165.67473 69.59598, 164.83426 69.5674, 164.43914 69.62075, 164.02703 69.77383, 163.77303 69.6944, 163.16505 69.72089, 162.76881 69.6542, 162.31788 69.66291, 161.4358 69.37987, 161.39926 69.22126, 161.57586 68.9326, 161.34702 68.7014, 161.04689 68.53441, 161.41538 68.982, 160.9629 69.10554, 161.02491 69.28368, 160.92555 69.64208, 160.31861 69.6542, 159.68898 69.89077, 160.10629 70.26374, 160.02491 70.41942, 159.68946 70.67097, 159.2378 70.82929, 158.52361 70.96882, 157.58579 71.07486, 155.93637 71.09935, 154.23878 70.96499, 153.66375 70.86103, 152.99024 70.83462, 152.21095 70.88056, 151.65748 70.99055, 152.10353 71.05012, 151.62257 71.29804, 151.03305 71.39399, 150.63014 71.28486, 150.63502 71.51496, 149.86801 71.46223, 149.9533 71.66987, 149.00522 71.70311, 149.36899 71.90379, 149.70948 71.77289, 150.06691 71.92194, 149.61134 72.14838, 148.40203 72.31094, 147.19557 72.3299, 146.1565 71.82071, 145.34376 71.66328, 144.95346 71.70173, 145.21599 71.84333, 145.80567 71.92902, 145.6211 72.08027, 145.75034 72.20962, 145.96803 72.0705, 146.07895 72.1704, 146.34693 72.12763, 145.99301 72.02973, 145.9725 71.85627, 146.49537 72.06599, 146.92921 72.31265, 145.0687 72.26435, 144.41554 72.17503, 144.94321 72.43818, 145.37176 72.34593, 145.68767 72.36396, 146.792 72.33072, 146.12469 72.46988, 145.40952 72.55589, 143.7072 72.66665, 142.54282 72.71784, 142.2317 72.70156, 141.55063 72.77432, 141.3899 72.84333, 140.59425 72.89289, 141.11085 72.58698, 140.57651 72.49632, 139.54176 72.49763, 139.13575 72.3041, 139.19158 72.16267, 139.56072 72.232, 140.14552 72.22492, 139.8742 72.17817, 139.5739 71.93293, 139.74342 71.84488, 139.73455 71.67219, 140.03321 71.47211, 139.44337 71.4951, 139.19223 71.41511, 139.0451 71.56904, 138.75603 71.64301, 138.03858 71.55874, 137.90512 71.41177, 138.06723 71.22492, 137.55983 71.2412, 137.4922 71.34683, 136.68922 71.53164, 135.98512 71.63483, 135.03297 71.53913, 134.48911 71.37686, 133.65008 71.43651, 133.15162 71.57917, 132.72967 71.76923, 132.79639 71.91092, 132.53932 71.88361, 132.10646 71.51752, 131.96608 71.25458, 131.54615 70.88711, 131.22633 70.75023, 130.87941 70.77391, 130.78907 70.97114, 130.61988 70.8664, 130.30063 70.94013, 130.08041 71.08344, 129.76271 71.14761, 129.3921 71.34683, 129.11695 71.61506, 128.83033 71.67914, 129.30543 71.76089, 129.28688 71.88349, 128.92661 71.73876, 128.19215 72.22834, 127.74708 72.32563, 127.8589 72.42914, 128.93409 72.07298, 129.52166 72.24942, 129.48902 72.35419, 129.11736 72.48151, 128.61134 72.48273, 127.96062 72.66205, 128.47918 72.72455, 129.19842 72.65518, 129.30787 72.71747, 128.12924 72.78608, 128.29078 72.90864, 128.92752 72.98016, 129.35962 72.94001, 129.44351 73.02894, 129.06617 73.12767, 128.84278 73.07477, 128.89259 73.21699, 128.23463 73.26537, 128.36492 73.35415, 127.96022 73.34732, 127.98756 73.47085, 127.45086 73.49071, 127.05047 73.54902, 126.93238 73.42988, 126.38885 73.41181, 126.22657 73.55459, 125.53199 73.43968, 125.65187 73.52546, 125.17937 73.55854, 125.21241 73.64891, 124.33619 73.80484, 123.97381 73.62702, 123.69125 73.60419, 123.59132 73.71699, 123.26645 73.56391, 123.25034 73.39297, 123.55348 73.2176, 123.33815 72.98111, 123.13795 72.91804, 122.61378 73.03095, 122.4367 72.97736, 122.95338 72.89155, 121.96372 72.96369, 121.38819 72.97606, 121.0547 72.93179, 119.78338 73.01801, 118.91765 73.11953, 118.46241 73.20942, 118.34645 73.40253, 118.48951 73.48444, 118.99757 73.49136, 118.45021 73.58877, 117.73512 73.5821, 116.60288 73.67479, 115.4131 73.71039, 114.67465 73.5926, 114.10914 73.59955, 113.49366 73.51065, 113.8436 73.34732, 113.56235 73.2534, 113.13136 73.44969, 113.4227 73.59064, 113.1115 73.89216, 112.82293 73.99844, 112.95948 73.80659, 112.37184 73.70531, 111.43556 73.81257, 111.15903 74.03734, 111.00782 73.91267, 110.58082 73.9914, 110.02149 74.01447, 109.5311 73.7753, 109.79957 73.70506, 110.28688 73.70576, 110.66375 73.78726, 110.89861 73.68586, 110.42262 73.6398, 109.85524 73.47142, 109.57635 73.45124, 109.19361 73.55166, 109.2212 73.38711, 108.39332 73.31733, 107.72234 73.16852, 107.0359 73.1822, 106.77556 73.14102, 106.35987 73.19428, 106.22381 72.97736, 107.10326 72.85641, 106.65713 72.83195, 106.00229 72.94697, 105.4826 72.76813, 105.11785 72.77513, 105.65065 72.91108, 106.23243 73.32282, 106.64796 73.30671, 107.13356 73.53018, 107.14682 73.61766, 108.06658 73.63532, 108.49171 73.77253, 108.9961 74.01557, 109.48146 74.07722, 109.89015 74.19701, 109.95118 74.33698, 110.96022 74.54849, 111.46583 74.69733, 111.74383 74.66315, 112.14682 74.87836, 112.87965 74.99291, 113.60524 75.28498, 113.72047 75.40986, 113.25489 75.57437, 113.29518 75.64496, 112.78883 75.58861, 112.82293 75.73884, 112.55909 75.8513, 113.69166 75.59349, 113.89015 75.85399, 113.55592 75.87596, 113.45973 76.14838, 113.25929 76.26642, 112.93214 76.25959, 113.28907 76.17084, 112.96217 76.06509, 112.60157 76.04121, 112.85768 76.1435, 112.61443 76.22236, 112.67091 76.3631, 112.23211 76.45059, 111.55543 76.68415, 111.13705 76.74681, 110.35857 76.75568, 110.06137 76.6916, 109.33253 76.75849, 108.28631 76.70527, 107.94606 76.73729, 107.84547 76.53482, 106.44874 76.50397, 107.46957 76.90644, 107.23797 77.00629, 106.82984 77.05467, 106.66481 77.00218, 106.292 77.06147, 105.94321 77.00007, 105.79705 77.11262, 104.87257 77.09073, 104.34571 77.13548, 105.19581 77.19868, 105.97731 77.42524, 105.87371 77.56859, 105.33424 77.541, 104.80763 77.6354, 104.75164 77.7062, 104.32399 77.66861, 104.02329 77.7331, 103.59254 77.63158, 103.25685 77.66376, 102.88901 77.54633, 102.15773 77.40229, 101.20704 77.09854, 101.20631 76.98603, 100.91928 76.9759, 100.86411 76.83804, 101.23463 76.76728, 100.90984 76.56395, 102.1963 76.40884, 101.05714 76.48615, 100.85108 76.54011, 99.50856 76.46874, 98.87477 76.52094, 99.06617 76.35309, 99.55584 76.279, 99.87778 76.09569, 99.85987 75.89948, 99.61264 75.78929, 99.75489 76.04902, 98.71274 76.20498, 98.81642 76.26704, 97.91774 76.12299, 98.21998 76.10253, 97.84254 75.99238, 97.25099 76.0434, 96.83058 75.91543, 96.46144 75.87189, 96.47983 76.01561, 95.57521 75.88898, 96.00489 75.99335, 95.87289 76.13813, 95.38982 76.16401, 94.73854 76.11563, 93.6858 76.13227, 93.99871 76.05414, 93.02491 76.07526, 92.88819 75.89647, 93.27735 75.98212, 93.54982 75.85301, 91.62086 75.69847, 91.29127 75.62897, 90.9061 75.66743, 89.95411 75.57762, 89.72267 75.45148, 89.13233 75.45283, 88.61166 75.34422, 88.31446 75.18085, 87.91188 75.10078, 87.02459 75.16421, 86.89861 75.08771, 87.73219 75.03864, 87.09718 74.86213, 86.95753 74.60883, 86.32146 74.70767, 86.22088 74.8072, 85.74041 74.63589, 86.49147 74.56696, 86.79591 74.42357, 87.26238 74.35468, 86.25392 74.4195, 86.28679 74.31293, 85.9367 74.36811, 86.02003 74.26252, 86.50563 74.25528, 86.80299 74.18403, 87.24008 73.86083, 87.61736 73.82355, 87.32716 73.75316, 87.16481 73.6114, 86.20362 73.55785, 85.88233 73.49624, 85.93393 73.32392, 86.25025 73.27733, 86.74187 73.10456, 85.91432 73.30744, 85.78679 73.48078, 87.01075 73.77871, 87.08009 73.87153, 86.78321 73.90225, 85.60426 73.82193, 85.42701 73.7119, 84.79322 73.76472, 83.48365 73.65546, 81.95688 73.66267, 80.8322 73.57176, 80.57447 73.58417, 80.61004 73.44888, 80.27272 73.30976, 80.32244 73.20262, 80.7505 73.03775, 80.84197 72.92211, 80.63209 72.73379, 80.83448 72.62051, 80.70411 72.54536, 81.20818 72.35493, 82.18214 72.2862, 82.18507 72.09349, 82.78696 71.90546, 83.36052 71.84064, 83.62818 71.61091, 83.14763 71.24482, 83.47608 70.91791, 83.77467 70.47663, 83.4839 70.33503, 82.95167 70.32514, 83.17677 70.08308, 82.88307 70.08902, 82.66407 70.26016, 83.01051 70.42658, 83.1338 70.88239, 82.87582 70.99677, 82.47869 70.805, 82.44532 70.60651, 82.15724 70.5716, 82.34889 70.2023, 82.08204 70.56538, 82.40838 70.79019, 82.20314 71.01626, 82.35279 71.09626, 82.29656 71.2873, 83.04786 71.41511, 83.05014 71.56159, 83.32049 71.68329, 82.86736 71.78644, 82.19435 71.70775, 81.73666 71.6999, 81.3423 71.76423, 81.24977 71.8592, 80.64723 72.03413, 80.83465 72.08332, 80.0101 72.20775, 79.39145 72.38557, 78.49757 72.40819, 78.12452 72.38459, 77.46453 72.06757, 77.93775 72.11811, 78.20362 72.00104, 78.10955 71.88044, 77.58465 71.83112, 76.94614 72.04426, 76.35377 71.99909, 75.99684 71.9079, 76.32545 71.55952, 77.67091 71.28612, 77.969 71.37372, 77.92848 71.25747, 78.27898 71.25894, 78.23756 71.10969, 78.49733 71.11506, 78.45525 70.89468, 78.00172 70.96361, 77.78273 71.14248, 76.01734 71.23701, 75.34262 71.33495, 75.22836 71.40453, 75.53289 71.5423, 75.26319 71.74348, 75.28679 71.95991, 75.7212 72.24958, 75.57203 72.46674, 75.702 72.54702, 75.31886 72.81916, 74.98316 72.87678, 74.74757 72.80829, 75.02638 72.65184, 75.07569 72.21015, 74.9284 72.09813, 74.33155 71.95572, 73.52589 71.82221, 73.48178 71.65274, 73.03745 71.44099, 73.55616 71.25511, 73.95216 70.83682, 74.31788 70.66779, 74.31617 70.52033, 73.73455 70.18089, 73.65992 69.85969, 73.51596 69.74641, 73.89959 69.41401, 73.7518 69.18354, 73.96127 69.08381, 74.24741 69.14191, 74.7728 69.08124, 75.10711 69.10395, 75.50856 69.26142, 76.042 69.23908, 76.75489 69.1247, 76.92905 69.00934, 77.68263 68.88581, 77.7151 68.62104, 78.17262 68.27436, 77.75082 68.22846, 77.53696 68.12861, 77.49415 67.75129, 78.11345 67.65697, 78.98048 67.61066, 78.04705 67.54352, 77.12029 67.76854, 77.30519 67.9101, 77.19256 67.98517, 77.35662 68.2329, 77.167 68.28181, 77.31593 68.53059, 76.66261 68.76264, 76.60906 68.96601, 76.37574 68.99396, 75.19068 68.87482, 74.45436 68.694, 74.33155 68.38557, 74.70143 68.18073, 74.82496 67.9405, 74.73032 67.68627, 74.09832 67.43187, 73.89959 67.29621, 73.87135 67.00633, 73.49236 66.82343, 73.0031 66.73945, 72.94239 66.65668, 72.49366 66.6188, 72.37623 66.34125, 71.99008 66.23078, 71.67872 66.32364, 71.14552 66.36563, 70.36264 66.33442, 69.11264 66.61884, 68.96502 66.80956, 69.8978 66.87165, 70.29518 66.63825, 70.68865 66.51537, 71.08351 66.63207, 71.57691 66.65876, 71.5149 66.87849, 71.72202 66.91527, 72.23129 67.16918, 72.05177 67.26752, 72.4026 67.32807, 72.40594 67.47997, 72.61166 67.62588, 73.15138 67.73188, 73.2046 67.86587, 73.09083 68.21426, 73.64438 68.5019, 73.53907 68.581, 72.85182 68.79776, 72.5774 68.94038, 72.48927 69.19916, 72.64772 69.29222, 72.50172 69.64671, 72.69166 69.83686, 72.49122 70.04776, 72.62159 70.16169, 72.43409 70.26569, 72.77133 70.42524, 72.68824 70.63443, 72.8274 70.88764, 72.67075 71.10895, 72.10572 71.29035, 71.83815 71.53242, 72.20932 71.61473, 72.35084 71.8642, 72.86492 72.27167, 72.83692 72.70991, 72.4961 72.78767, 71.56324 72.91596, 69.58823 72.87849, 69.77394 72.97329, 69.46534 72.97517, 68.98911 72.70588, 68.64373 72.03319, 68.47885 71.83617, 67.94728 71.52757, 67.30926 71.35122, 66.92701 71.29841, 66.64275 71.00886, 66.8895 71.07868, 66.60825 70.88068, 66.68873 70.76984, 67.13844 70.84178, 67.327 70.71695, 67.26629 70.41454, 67.09425 70.22089, 67.25172 70.02123, 66.8742 69.99592, 66.78679 69.60285, 67.10182 69.69278, 68.04021 69.48969, 68.01979 69.33515, 68.48715 68.97016, 69.09742 68.94107, 68.92351 68.63727, 68.57032 68.38288, 68.65089 68.31786, 68.2881 68.1883, 68.25864 68.33389, 67.05551 68.78144, 67.12908 68.83861, 65.71616 69.07978, 64.12761 69.55012, 63.41049 69.67129, 62.6312 69.74213, 61.40935 69.79125, 60.77027 69.84911, 60.65358 69.67276, 60.2326 69.66478, 60.13885 69.57787, 60.51922 69.3321, 60.58229 69.14964, 60.90268 69.12226, 60.90724 68.92739, 60.46664 68.72232, 59.77361 68.6682, 59.96388 68.46601, 59.67482 68.33617, 59.10955 68.40473, 59.05641 68.61953, 59.41554 68.76667, 58.89186 68.93423, 58.87875 69.00312, 57.97788 68.85297, 57.92954 68.75104, 57.60401 68.74242, 57.32984 68.56476, 56.69068 68.63076, 55.95265 68.654, 55.39291 68.56428, 54.9367 68.39842, 54.86402 68.18513, 54.4651 68.30419, 54.23976 68.21133, 53.23894 68.25349, 53.44044 68.3725, 53.9319 68.39102, 53.72047 68.65693, 54.02622 68.84545, 53.61183 68.91348, 54.35597 68.95897, 54.10377 69.00068, 53.43702 68.91816, 52.28875 68.61542, 52.73129 68.47419, 52.40203 68.33771, 52.13559 68.3793, 52.21705 68.58478, 50.95183 68.34073, 50.79558 68.3769, 50.43474 68.22053, 49.65463 67.98102, 49.13331 67.86262, 48.84278 67.86506, 48.77784 67.72736, 48.25571 67.68268, 47.82472 67.56029, 47.94793 67.44432, 47.69508 67.20474, 47.7256 67.00092, 46.58334 66.8155, 46.57846 66.87287, 46.04151 66.83092, 45.8532 66.88703, 45.59389 67.15824, 44.95169 67.32072, 45.02817 67.53193, 45.31463 67.59211, 45.35043 67.73041, 46.72202 67.84492, 46.53492 68.13255, 46.02931 68.32404, 45.94386 68.44623, 45.30637 68.54529, 43.98455 68.55134, 43.47729 68.66907, 43.32569 68.61367, 44.16017 68.33625, 44.2444 68.25568, 44.13185 67.8039, 43.79304 67.34339, 43.81533 67.17745, 44.28696 67.08784, 44.49928 66.92145, 44.36402 66.78229, 44.4878 66.67617, 44.12387 66.31513, 44.16717 65.88544, 43.83644 66.18578, 43.28834 66.09024, 43.66538 66.21768, 43.25221 66.43675, 42.54859 66.38508, 42.64479 66.45254, 42.20094 66.53217, 41.8576 66.29633, 41.34254 66.06289, 40.79591 65.99169, 40.2798 65.72997, 39.82691 65.607, 39.71209 65.40184, 40.3781 64.92251, 40.5171 64.54145, 40.18165 64.55866, 39.85035 64.67597, 39.56652 64.54527, 38.9222 64.73274, 38.04643 64.85367, 37.70597 65.01738, 37.00768 65.17298, 36.82 65.14714, 36.80744 64.95905, 36.43995 64.91706, 36.55976 64.71742, 36.74412 64.68105, 37.1215 64.39474, 37.33943 64.34044, 37.68706 64.43087, 38.00294 64.31696, 37.91424 64.2204, 38.08806 64.0349, 38.0018 63.95551, 37.29103 63.81818, 37.16944 63.89509, 36.29217 64.00971, 36.23525 64.12482, 35.8108 64.34203, 35.4105 64.28676, 34.7732 64.5563, 34.97759 64.61192, 34.79802 64.75633, 34.94207 64.85757, 34.7024 64.98041, 34.81609 65.0434, 34.44174 65.37084, 34.77662 65.59658, 34.68873 65.80972, 34.9004 65.706, 34.85239 65.90034, 34.49684 66.11616, 33.59881 66.33039, 33.7046 66.44383, 32.94093 66.52847, 33.18344 66.69245, 32.81202 66.73574, 32.54542 66.883, 32.55698 66.989, 32.26197 67.12499, 32.38258 67.15965, 32.80714 67.09077, 32.84327 66.97626, 33.48325 66.73041, 33.52369 66.83072, 33.83269 66.69554, 34.17482 66.68671, 34.43434 66.54727, 34.80356 66.61351, 35.38063 66.41787, 36.40626 66.29475, 36.88738 66.28522, 37.92709 66.08877, 38.55437 66.055, 39.3436 66.13471, 40.08497 66.28876, 40.44435 66.4055, 41.17807 66.80956, 41.36004 67.01362, 41.30779 67.23477, 41.1089 67.25381, 40.99928 67.46747, 41.01661 67.6979, 40.67075 67.81029, 40.50367 67.75023, 40.36248 67.9029, 40.00441 68.01984, 39.52076 68.076, 38.61158 68.38727, 38.43458 68.35586, 37.68051 68.71345, 35.96697 69.17683, 35.33033 69.27607, 35.26417 69.2154, 34.66179 69.2495, 34.42058 69.31098, 33.62045 69.3277, 33.57618 69.1992, 33.29656 69.22907, 33.52369 69.42829, 32.86183 69.36522, 33.08497 69.47606, 32.53688 69.50959, 32.386 69.58535, 32.01612 69.5642, 32.16969 69.65485, 32.87176 69.58251, 33.11899 69.66108, 32.91961 69.78002, 32.62469 69.78278, 32.05445 69.96377, 32.02906 69.78197, 31.75367 69.85407, 31.81056 69.68773, 31.45216 69.68891, 30.84095 69.80584, 30.85298 69.52744, 30.29436 69.62025, 29.90069 69.35825, 29.33452 69.27737, 29.24047 69.11506, 28.45623 68.90014, 28.80148 68.83549, 28.45995 68.54243, 28.66376 68.204, 29.29866 68.08179, 29.65119 67.82356, 30.00941 67.68584, 29.91624 67.50813, 29.51983 67.29817, 29.09991 66.99113, 29.08916 66.83755, 29.52448 66.49121, 29.90017 66.10806, 30.0985 65.65638, 29.70287 65.62938, 29.72013 65.32909, 29.8332 65.20501, 29.58815 64.99143, 29.78028 64.79558, 30.06254 64.78416, 30.18082 64.64277, 29.9658 64.57864, 30.03246 64.39695, 30.55848 64.2197, 30.50933 63.99139, 29.98078 63.74154, 30.48866 63.46212, 31.22567 63.19604, 31.56952 62.90593, 31.24376 62.50334, 30.63501 62.18401, 29.77914 61.59311, 29.20316 61.2459, 28.7976 61.09684, 27.80787 60.55305, 28.2
65;65;Asia;Former Soviet Union;ukraine;Ukraine;Ukrainian civilians, Ukrainian national group;Russian government, Russian Armed Forces, Vladimir Putin;Emergency;4,8,9,10;4;10;OK;current;2022-08-01;"Ukrainian history has several instances of genocide and mass killings. In the 1930s, Joseph Stalin deliberately starved the Ukrainian people in a genocidal famine known as the Holodomor. During the Second World War, the Nazis and their Ukrainian collaborators killed an estimated 1.5 million Jews, with 33,000 killed at the Babi Yar ravine outside Kyiv. Joseph Stalin also deported the entire population of Crimean Tatars from their homes to deportations camps in Central Asia. Many Crimean Tatar's were not allowed to return to their homes until the 1990s and many of their homes and land have been since given to ethnic Ukrainians and Russians. The Russian Federation, under President Vladimir Putin, illegally annexed the Crimea peninsula in 2014 and continues to support Russian separatists in the breakaway regions of Donbas and Lukhansk, frequently targeting ethnic Ukrainians. Groups such as Right-Sector, Azov,  Svoboda, and S-14; have openly expressed neo-nazi, anti-Semitic, and xenophobic ideology and have subsequently violently attacked minority communities.

On February 24th, 2022, Russia began a war of aggression against Ukraine. Since then, its invasion has been met with staunch resistance and Russian forces have been driven from the suburbs of Kyiv. However, the conflict has led to an increasing number of war crimes and attacks on civilian targets perpetrated by Russian soldiers. In Bucha and a number of other towns occupied by the Russian Army, investigators have uncovered mass graves. Reports of torture, forced deportation, and sexual violence are also common. As the conflict continues with no end in sight, more Ukrainians are falling victim to Russia’s genocidal campaign.";Profile details checked;https://www.genocidewatch.com/country-pages/ukraine;https://d0dbb2cb-698c-4513-aa47-eba3a335e06f.filesusr.com/ugd/b3be20_eea90f3cb7fd4c6ca73c59f7d2d89eb1.pdf;https://www.genocidewatch.com/country-pages/ukraine;;;base_country;0;;MultiPolygon;EPSG:4326;Existing Ten Stages corrected GeoJSON;NAME=Ukraine;Topology-simplified embedded fallback used only when the live GitHub CSV cannot be loaded.;8393b65efe121f0c25d80fdd9816f04a69025b7619747155281fa3187fe1c8fe;;MULTIPOLYGON (((22.13284 48.4048, 22.8776 47.94674, 23.11862 48.09154, 23.36005 47.99314, 23.78008 47.98751, 24.23101 47.89703, 24.56163 47.94054, 24.8966 47.71006, 25.26174 47.89858, 26.17306 47.99314, 26.30349 48.21205, 26.61789 48.25897, 26.84278 48.39374, 27.17579 48.3618, 27.50383 48.47237, 27.75177 48.45198, 28.07868 48.24491, 28.79925 48.11179, 28.95036 47.9348, 29.23602 47.87072, 29.11743 47.53333, 29.40955 47.27975, 29.55657 47.32404, 29.55869 46.94574, 29.92818 46.80975, 29.91609 46.51882, 30.08114 46.3742, 29.84777 46.34146, 29.71413 46.47117, 29.59859 46.36306, 29.45761 46.48471, 29.20068 46.35712, 29.16275 46.53809, 28.94581 46.45479, 28.95687 46.00138, 28.474 45.65794, 28.48093 45.50198, 28.1995 45.46177, 28.33024 45.32292, 28.77869 45.23109, 29.32212 45.44384, 29.65026 45.34612, 29.65903 45.21589, 29.73227 45.47573, 29.60515 45.48701, 29.64283 45.82722, 29.73373 45.61433, 29.99073 45.84707, 30.13844 45.81977, 30.49415 46.08047, 30.99138 46.60126, 32.0228 46.62914, 32.52475 46.59272, 32.36101 46.46686, 31.58155 46.54523, 32.00782 46.44896, 31.81674 46.34797, 32.26246 46.12824, 32.50343 46.07612, 33.12289 46.13589, 33.23512 46.22382, 33.77703 45.92963, 32.86817 45.63007, 32.52516 45.45816, 32.51287 45.34056, 32.89926 45.35423, 33.25961 45.15607, 33.56251 45.09394, 33.57154 44.62055, 33.37965 44.56452, 33.72096 44.39964, 33.95786 44.383, 34.32276 44.54352, 34.469 44.7298, 35.00571 44.83519, 35.63404 45.11469, 35.84799 44.99242, 36.44011 45.06745, 36.41798 45.22993, 36.58326 45.42739, 36.13746 45.46206, 35.98601 45.36274, 35.85768 45.46943, 35.695 45.33039, 35.3322 45.37124, 34.87436 45.92609, 34.81129 46.16625, 35.28452 46.4374, 35.38014 46.36848, 35.90162 46.65274, 37.33522 46.88247, 37.58074 47.0904, 38.21664 47.10326, 38.20101 47.29063, 38.35294 47.6071, 38.73451 47.67714, 38.83094 47.84824, 39.75905 47.83295, 39.84308 48.11975, 39.99325 48.27323, 39.70293 48.74659, 39.95036 48.85278, 39.68112 49.02032, 39.91873 49.04781, 40.14166 49.24578, 40.04089 49.45548, 40.11551 49.59057, 39.80153 49.5422, 39.55751 49.72399, 39.32766 49.72632, 39.18276 49.85851, 38.9374 49.80347, 38.17393 50.06015, 38.0004 49.8998, 37.72765 50.0787, 37.43526 50.42493, 36.91406 50.3391, 36.59439 50.20443, 36.26903 50.28138, 36.10584 50.42111, 35.69687 50.34515, 35.44645 50.47604, 35.46887 50.66854, 35.09918 51.18318, 34.74809 51.16473, 34.18595 51.24891, 34.30016 51.36839, 34.12797 51.68075, 34.38574 51.81767, 34.09624 51.95182, 34.05573 52.17033, 33.80407 52.35461, 33.53168 52.28882, 33.19651 52.36895, 32.92686 52.24692, 32.35356 52.32159, 32.23331 52.08085, 31.76434 52.10057, 31.25244 52.0445, 30.95933 52.07468, 30.51512 51.60367, 30.63832 51.33586, 30.53961 51.23517, 30.14863 51.48443, 29.61802 51.48564, 29.31995 51.36557, 29.12389 51.62504, 28.86364 51.55892, 28.72877 51.40126, 28.60392 51.55355, 28.34688 51.52515, 28.21004 51.65196, 28.07082 51.55763, 27.25403 51.59538, 27.17785 51.74708, 26.85477 51.74935, 26.40777 51.85061, 25.76792 51.92851, 25.1833 51.94975, 24.39079 51.88001, 23.98131 51.586, 23.74969 51.64447, 23.60624 51.5174, 23.63404 51.3393, 24.13086 50.83907, 23.96994 50.82517, 24.10771 50.54084, 23.98131 50.40478, 23.74752 50.38938, 23.10146 49.95711, 22.64092 49.52876, 22.70572 49.16883, 22.85528 48.99401, 22.53964 49.0722, 22.13284 48.4048)), ((31.73715 46.22077, 32.07081 46.18244, 31.61817 46.25922, 31.73715 46.22077)), ((33.04005 46.01215, 32.97869 46.05329, 32.78321 46.04633, 33.04005 46.01215)), ((29.80747 45.61433, 29.90805 45.66645, 30.07569 45.79243, 29.80747 45.61433)))
66;66;Asia;Former Soviet Union;belarus;Belarus;Journalists, Protestors, Political Opposition, LGBTQ+ Populations;Belarusian Government;Warning;6,8;2;8;OK;current;2025-11-01;Five years since mass protests swept Belarus in 2020, the Lukashenko government has deepened its repression and involvement in human rights violations. Belarusians are denied the ability to exercise basic rights, including freedom of expression, association, and peaceful assembly.;Profile details checked;https://www.genocidewatch.com/country-pages/belarus;https://d0dbb2cb-698c-4513-aa47-eba3a335e06f.filesusr.com/ugd/444029_f7385234265a4d288b629ff7bc6650cc.pdf;https://www.genocidewatch.com/country-pages/belarus;;;base_country;0;;Polygon;EPSG:4326;Existing Ten Stages corrected GeoJSON;NAME=Belarus;Topology-simplified embedded fallback used only when the live GitHub CSV cannot be loaded.;55c58b374c1f5139443e3e40479138b4dc4ea6a819d3ed8e8ec948be01ba4fab;;POLYGON ((23.60624 51.5174, 23.56035 51.75454, 23.63745 52.08447, 23.16564 52.28939, 23.3923 52.50964, 23.86896 52.67004, 23.89366 53.15195, 23.59094 53.61125, 23.48563 53.93929, 23.64262 53.89899, 24.20114 53.95247, 24.37787 53.88684, 24.7887 53.96968, 24.85598 54.14672, 25.07199 54.1322, 25.47207 54.29715, 25.54302 54.13696, 25.74001 54.14626, 25.53 54.34614, 25.74042 54.5685, 25.78269 54.86968, 26.13864 54.96895, 26.30948 55.14465, 26.57893 55.11855, 26.80072 55.27332, 26.4455 55.3375, 26.64011 55.69557, 26.98107 55.82688, 27.59271 55.79424, 27.91145 56.10025, 28.14891 56.14241, 28.28983 56.04661, 28.62071 56.08299, 28.80897 55.93457, 29.03077 56.02418, 29.37741 55.95403, 29.46102 55.6873, 29.86947 55.83055, 30.46882 55.79352, 30.74219 55.59439, 30.88616 55.60048, 30.79427 55.28552, 31.00563 55.023, 30.77061 54.78601, 31.16795 54.62158, 31.32468 54.22925, 31.81385 54.05706, 31.74466 53.79486, 32.0836 53.80964, 32.46156 53.7068, 32.45293 53.5464, 32.71953 53.43948, 32.40555 53.19267, 32.08278 53.08195, 31.73856 53.19254, 31.41636 53.19998, 31.24706 53.01439, 31.50514 52.84889, 31.56735 52.31138, 31.76434 52.10057, 31.25244 52.0445, 30.95933 52.07468, 30.51512 51.60367, 30.63832 51.33586, 30.53961 51.23517, 30.14863 51.48443, 29.61802 51.48564, 29.31995 51.36557, 29.12389 51.62504, 28.86364 51.55892, 28.72877 51.40126, 28.60392 51.55355, 28.34688 51.52515, 28.21004 51.65196, 28.07082 51.55763, 27.25403 51.59538, 27.17785 51.74708, 26.85477 51.74935, 26.40777 51.85061, 25.76792 51.92851, 25.1833 51.94975, 24.39079 51.88001, 23.98131 51.586, 23.74969 51.64447, 23.60624 51.5174))
68;68;Asia;Former Soviet Union;armenia;Armenia;Azerbaijanis;Armenia and Artsakh;Watch;6,10;2;10;OK;historical;;During the 1990's war over Nagorno-Karabakh, thousands of Azerbaijanis were violently expelled from Armenia and the Republic of Artsakh. In 1992, 300-500 Azerbaijani villagers were killed in the village of Khojaly -- an event both the Armenian and Artsakh government deny.;Profile details checked;https://www.genocidewatch.com/country-pages/armenia;https://d0dbb2cb-698c-4513-aa47-eba3a335e06f.filesusr.com/ugd/09ea84_d96a70c082674d63aa5bbd691606874e.pdf;https://www.genocidewatch.com/country-pages/armenia;;;base_country;0;;MultiPolygon;EPSG:4326;Existing Ten Stages corrected GeoJSON;NAME=Armenia;Topology-simplified embedded fallback used only when the live GitHub CSV cannot be loaded.;21b8131872e557a6eaab8484bf0942b044c7d1bf8dc3f32b4cb41a22af7035cc;;MULTIPOLYGON (((45.0024 41.29045, 45.06782 41.11093, 45.41912 41.01734, 45.59916 40.86267, 45.37364 40.6753, 45.52619 40.44105, 45.97924 40.22359, 45.87377 40.00976, 45.63957 40.02541, 46.20646 39.58792, 46.52727 39.53816, 46.37462 39.37884, 46.60261 39.21549, 46.41833 39.21192, 46.51404 38.88218, 46.13587 38.8637, 45.95883 39.27244, 45.767 39.35439, 45.78809 39.54896, 45.45746 39.48927, 45.16792 39.56554, 45.03351 39.77039, 44.77456 39.7028, 44.46434 39.97229, 44.03243 40.00862, 43.66543 40.11016, 43.56362 40.46471, 43.72935 40.6771, 43.60486 40.96334, 43.44043 41.10659, 43.72971 41.10669, 44.19098 41.23004, 44.55152 41.17702, 45.0024 41.29045), (44.9607 41.05992, 45.01573 41.02323, 45.01888 41.07491, 44.9607 41.05992), (45.22047 40.97905, 45.19185 40.99781, 45.18678 40.97083, 45.22047 40.97905)), ((45.51369 40.60197, 45.47927 40.65023, 45.56071 40.64765, 45.51369 40.60197)))
69;69;Asia;Former Soviet Union;azerbaijan;Azerbaijan;Armenians;Azerbaijani Government & Armed Forces, Turkic Ultranationalists;Warning;8,9,10;3;10;OK;current;;In September 2020, Azerbaijan had invaded the sovereign territory of Artsakh. After a long and costly war, Azerbaijan has occupied half of Artsakh's territory and displaced thousands of ethnic Armenians. Azerbaijan has begun to attack destroy Armenian culture in heritage Artsakh and often uses hate speech to demonize and degrade ethnic Armenians.;Profile details checked;https://www.genocidewatch.com/country-pages/azerbaijan;https://d0dbb2cb-698c-4513-aa47-eba3a335e06f.filesusr.com/ugd/09ea84_26e1e4aa71814cf4a78032503d8b55ec.pdf;https://www.genocidewatch.com/country-pages/azerbaijan;;;base_country;0;;MultiPolygon;EPSG:4326;Existing Ten Stages corrected GeoJSON;NAME=Azerbaijan;Topology-simplified embedded fallback used only when the live GitHub CSV cannot be loaded.;ec03c6a63d7eaee23010d10b0df5c8f91c43e771aa8c1b4b236ddf724bcd5d77;;MULTIPOLYGON (((45.0024 41.29045, 45.24962 41.4445, 45.4648 41.43019, 45.96916 41.16829, 46.21059 41.20017, 46.49678 41.04483, 46.6948 41.26978, 46.29674 41.51039, 46.18 41.65516, 46.43089 41.89044, 46.7408 41.85125, 47.26841 41.3028, 47.87111 41.20818, 48.05353 41.46129, 48.37015 41.58015, 48.57895 41.84528, 49.04249 41.41437, 49.19549 41.05728, 49.53883 40.78807, 49.58961 40.62519, 50.05201 40.5843, 50.36052 40.36518, 49.8934 40.36905, 49.44264 40.07844, 49.42359 39.70954, 49.29575 39.47671, 49.19386 39.01634, 48.96762 39.18382, 48.86793 38.86384, 48.87428 38.43407, 48.60786 38.39598, 48.41527 38.61811, 48.01297 38.82156, 48.3068 39.0454, 48.12459 39.2976, 48.33894 39.37894, 48.05203 39.65009, 47.84688 39.68528, 46.86616 39.16536, 46.51404 38.88218, 46.41833 39.21192, 46.60261 39.21549, 46.37462 39.37884, 46.52727 39.53816, 46.20646 39.58792, 45.63957 40.02541, 45.87377 40.00976, 45.97924 40.22359, 45.52619 40.44105, 45.37364 40.6753, 45.59916 40.86267, 45.41912 41.01734, 45.06782 41.11093, 45.0024 41.29045), (45.51369 40.60197, 45.47927 40.65023, 45.56071 40.64765, 45.51369 40.60197)), ((46.13587 38.8637, 45.4386 39.00424, 45.15273 39.21352, 44.80699 39.6399, 44.77456 39.7028, 45.03351 39.77039, 45.16792 39.56554, 45.45746 39.48927, 45.78809 39.54896, 45.767 39.35439, 45.95883 39.27244, 46.13587 38.8637)), ((44.9607 41.05992, 45.01573 41.02323, 45.01888 41.07491, 44.9607 41.05992)), ((50.35865 40.42422, 50.32643 40.48188, 50.39527 40.4204, 50.35865 40.42422)), ((50.61891 40.29999, 50.563 40.32486, 50.60694 40.33784, 50.61891 40.29999)), ((45.22047 40.97905, 45.19185 40.99781, 45.18678 40.97083, 45.22047 40.97905)))
71;71;Asia;Former Soviet Union;georgia;Georgia;Ethnic Georgians;Russian military, South Ossetian and Abkhazian forces, the Georgian government;Watch;3,5,8,10;4;10;OK;current;2022-10-01;Since Georgian independence from the USSR, Russia has supported the separatist regions of South Ossetia and Abkhazia in their autonomy from Georgia. Ethnic Georgians have faced forced expulsion and genocide in the region of Abkhazia and were the victims of war crimes during the 2008 Russo-Georgia War. Today, the Georgian government has effectively established a single-party state and consistently meets political protests with violence and repression.;Profile details checked;https://www.genocidewatch.com/country-pages/georgia;https://d0dbb2cb-698c-4513-aa47-eba3a335e06f.filesusr.com/ugd/b3be20_bdecb1b2882f401caf43b1a8a0b06a31.pdf;https://www.genocidewatch.com/country-pages/georgia;;;base_country;0;;Polygon;EPSG:4326;Existing Ten Stages corrected GeoJSON;NAME=Georgia;Topology-simplified embedded fallback used only when the live GitHub CSV cannot be loaded.;e4bfe5a4c57d221672b5c8c847ceb6f725938fe24651b92432c2e6955a27b25b;;POLYGON ((39.98598 43.38899, 40.23313 43.57577, 40.65192 43.53897, 41.01179 43.37542, 41.38066 43.33477, 41.55057 43.22628, 42.07529 43.18527, 42.42287 43.22899, 43.00009 43.09866, 43.19434 42.92676, 43.80061 42.74646, 43.75111 42.59874, 43.93973 42.55221, 44.55829 42.7531, 44.78231 42.61665, 44.85936 42.75951, 45.1842 42.67484, 45.35597 42.51996, 45.69869 42.50759, 45.62138 42.22448, 45.94756 42.02291, 46.43089 41.89044, 46.18 41.65516, 46.29674 41.51039, 46.6948 41.26978, 46.49678 41.04483, 46.21059 41.20017, 45.96916 41.16829, 45.4648 41.43019, 45.24962 41.4445, 45.0024 41.29045, 44.55152 41.17702, 44.19098 41.23004, 43.72971 41.10669, 43.44043 41.10659, 43.23062 41.17263, 42.81995 41.57235, 42.56518 41.56713, 42.43785 41.43086, 41.94796 41.50558, 41.81298 41.42181, 41.52076 41.51423, 41.77394 41.8216, 41.50017 42.64057, 41.15024 42.79564, 40.85597 43.06306, 40.33513 43.14086, 40.21909 43.31904, 39.98598 43.38899))
72;72;Asia;Former Soviet Union;kazakhstan;Kazakhstan;Ethnic minorities (e.g., Dungan community), political dissidents, striking workers;Kazakh government, Kazakh vigilante mobs, security forces under Nazarbayev regime;Watch;3,6,8;3;8;OK;current;2025-10-14;he Nazarbayev Regime is one of the most corrupt and oppressive regimes in the world. While Nursultan Nazarbayev officially left the Presidency in 2019, many believe he is still in control. Journalists,  political/civil opposition, and activists are frequently detained, oftentimes tortured, and executed. Ethnic minorities also face persecution as Kazakh nationalism begins to grow in the country.;Profile details checked;https://www.genocidewatch.com/country-pages/kazakhstan;https://d0dbb2cb-698c-4513-aa47-eba3a335e06f.filesusr.com/ugd/97db86_896d1fcf94da4461a3e34e9f324b874a.pdf;https://www.genocidewatch.com/country-pages/kazakhstan;;;base_country;0;;MultiPolygon;EPSG:4326;Existing Ten Stages corrected GeoJSON;NAME=Kazakhstan;Topology-simplified embedded fallback used only when the live GitHub CSV cannot be loaded.;14abd2d1ac6b7ad6d9f2ba734619074c9b4f5238dabdf7ebba3e12b30aa27e25;;MULTIPOLYGON (((87.3238 49.08527, 86.88734 49.10682, 86.7275 48.99034, 86.7445 48.70354, 86.56508 48.52732, 86.19203 48.41823, 85.78368 48.40759, 85.51538 47.92028, 85.67036 47.38434, 85.49864 47.05183, 85.20511 47.03372, 84.7671 46.81807, 84.66354 46.98385, 83.90535 46.97396, 83.15036 47.21154, 83.01352 47.19459, 82.98551 46.94251, 82.56827 46.19651, 82.48895 45.9017, 82.29149 45.53319, 82.61571 45.43542, 82.58522 45.17683, 82.29459 45.2282, 81.95012 45.14448, 81.73928 45.33806, 80.85386 45.1265, 80.06171 45.01896, 79.85821 44.90372, 79.99174 44.79365, 80.47615 44.73541, 80.35585 44.65288, 80.3451 44.1031, 80.71273 43.45887, 80.64286 43.32622, 80.78786 43.12804, 80.36815 43.02846, 80.55449 42.89893, 80.22748 42.79098, 80.14005 42.62296, 80.21033 42.18952, 79.91794 42.42444, 79.42567 42.46961, 79.14827 42.79098, 79.03087 42.75615, 78.49612 42.8756, 77.19511 42.91007, 76.95688 42.98851, 76.43206 42.88958, 75.7706 42.92565, 75.64616 42.8061, 75.17859 42.84966, 74.71392 42.99988, 74.17876 43.2617, 73.63409 43.06246, 73.49301 42.89495, 73.41002 42.58965, 73.50552 42.42093, 72.72582 42.65288, 71.84774 42.83405, 71.40461 42.79488, 71.00319 42.56353, 70.85266 42.30608, 70.94779 42.24815, 70.73427 42.1973, 70.61024 42.02741, 70.45542 42.09374, 69.9124 41.71286, 69.62457 41.66831, 69.03158 41.36699, 69.03918 41.22028, 68.57088 40.91352, 68.593 40.59949, 68.46174 40.58466, 67.99092 40.8111, 68.11737 41.06675, 67.93743 41.20038, 66.81528 41.14188, 66.68821 41.19919, 66.50414 41.99348, 66.01724 41.99762, 66.10127 42.99032, 65.79524 42.8772, 65.51691 43.29723, 65.27145 43.41702, 64.95653 43.69736, 64.42674 43.54703, 63.20801 43.62747, 62.02612 43.48063, 61.16167 44.16811, 61.0363 44.38282, 58.58219 45.54869, 57.47828 45.33692, 55.97584 44.99441, 55.97842 41.32172, 55.42952 41.29081, 54.95068 41.79556, 54.90707 41.93214, 54.19528 42.31806, 54.04717 42.3454, 53.41227 42.25817, 52.97871 42.12663, 52.43767 41.74888, 52.40203 42.09252, 52.59913 42.34471, 52.7129 42.73078, 52.1692 42.88703, 51.93279 42.83495, 51.65105 43.19139, 51.27573 43.15449, 51.31959 43.44253, 50.85279 44.03876, 50.84718 44.18928, 50.23015 44.39094, 50.29908 44.65534, 50.89487 44.62055, 51.03346 44.51581, 51.29916 44.55366, 51.20094 44.74091, 50.97071 44.84715, 50.95932 44.97883, 51.19654 45.06562, 51.39723 45.33259, 52.56666 45.4007, 52.90968 45.31269, 53.26734 45.3509, 52.73845 45.52558, 52.74562 45.63915, 53.0866 46.02049, 53.15675 46.27228, 53.07179 46.54475, 53.18816 46.718, 52.91993 46.95746, 52.4559 47.00117, 52.23894 46.80683, 51.76368 46.91572, 51.21258 47.12092, 50.41578 46.88239, 49.81739 46.54043, 49.313 46.56208, 49.22713 46.32788, 48.45511 46.6608, 48.5567 46.76175, 48.76403 46.68284, 49.00629 46.76911, 48.69726 47.10098, 48.52508 47.41023, 48.04449 47.7697, 47.43533 47.83439, 47.35967 47.68334, 47.11948 47.81977, 47.07829 48.27535, 46.47931 48.41022, 46.75382 48.91407, 47.02863 49.20149, 46.77511 49.33255, 46.89991 49.82032, 47.30872 50.0448, 47.29477 50.27543, 47.55692 50.45258, 47.99323 50.1818, 48.23931 49.86476, 48.41759 49.81169, 48.88568 50.01989, 48.7013 50.3346, 48.67339 50.57955, 49.40844 50.84827, 49.42311 51.102, 49.77906 51.10218, 50.34895 51.3226, 50.5817 51.6353, 50.92545 51.67969, 51.37193 51.62959, 51.30424 51.47164, 51.7823 51.49285, 51.86916 51.67307, 52.33487 51.76371, 52.50582 51.47887, 52.94429 51.45288, 53.34634 51.50303, 53.61795 51.37214, 53.67386 51.21987, 53.93586 51.18561, 54.17657 50.9679, 54.47857 50.85349, 54.37976 50.61944, 54.67628 50.60255, 54.63825 51.02769, 55.04773 50.88423, 55.30539 50.66497, 55.65999 50.53004, 56.07888 50.72476, 56.1749 50.90868, 56.33571 50.89586, 56.508 51.06626, 57.16822 51.09378, 57.35271 50.88599, 57.68922 50.89674, 57.7688 51.11967, 58.14056 51.05665, 58.30841 51.15003, 58.59501 51.02337, 58.57144 50.86351, 58.92594 50.67815, 59.43764 50.63112, 59.52281 50.47465, 59.77468 50.53371, 60.02128 50.85405, 60.30043 50.68466, 60.71849 50.65267, 61.3721 50.78248, 61.51318 51.15951, 61.66366 51.2584, 61.4738 51.4258, 61.02328 51.48551, 60.9374 51.61117, 60.35511 51.67142, 60.47975 51.78426, 60.13807 51.88888, 60.50652 52.15165, 60.67219 52.14434, 61.03992 52.335, 60.67684 52.66358, 61.05842 52.92217, 61.47804 53.01235, 61.60557 52.94832, 62.09417 52.99248, 62.05066 53.12477, 61.20291 53.27644, 61.31608 53.54521, 61.00757 53.63575, 61.20198 53.81961, 61.1935 54.01825, 61.41768 54.05598, 61.60051 53.95025, 62.0026 54.01738, 63.08466 54.08564, 63.98036 54.30371, 64.91064 54.40273, 65.21295 54.34304, 65.21429 54.52789, 65.44978 54.62747, 65.97745 54.61171, 66.44652 54.71093, 67.62272 54.85386, 67.81734 54.95215, 68.16605 54.95613, 68.26238 55.19405, 68.6053 55.1956, 68.70059 55.3605, 68.9228 55.27637, 68.94316 55.43455, 69.18614 55.32577, 69.67387 55.33404, 70.19704 55.13348, 70.44116 55.28335, 70.82036 55.29415, 70.97715 55.07798, 71.00598 54.77423, 71.18034 54.72736, 71.19062 54.31818, 70.98004 54.32506, 71.1823 54.10156, 71.32059 54.20103, 71.70873 54.1322, 71.76247 54.24765, 72.07697 54.14832, 72.22188 54.33322, 72.45556 53.90534, 72.62423 54.13499, 72.95682 54.11752, 73.06275 53.97908, 73.51802 53.95604, 73.74065 54.05794, 73.69713 53.90085, 73.48526 53.87485, 73.22967 53.66241, 73.42408 53.43255, 73.93671 53.63952, 74.40913 53.47756, 74.45347 53.68499, 74.772 53.83088, 75.02791 53.80793, 75.64037 54.09887, 76.85239 54.46117, 76.6646 54.13406, 76.37439 54.14776, 76.5257 53.96131, 77.61276 53.44279, 77.8668 53.27233, 78.47648 52.63793, 79.04275 51.99251, 79.04285 51.99251, 79.04296 51.99251, 79.46981 51.49259, 79.99008 50.78812, 80.43905 50.95813, 80.41342 51.16843, 80.68275 51.30201, 81.14717 51.13595, 81.05829 50.94707, 81.4008 50.95911, 81.46023 50.73034, 81.76346 50.78434, 82.47582 50.71401, 82.76454 50.90666, 83.43396 50.99265, 83.8205 50.86801, 84.19794 50.49315, 84.24998 50.25993, 84.97577 50.07519, 85.26309 49.58152, 85.59718 49.6193, 86.17725 49.46334, 86.6102 49.79551, 86.77587 49.695, 86.5918 49.58721, 86.82434 49.50923, 87.02454 49.24893, 87.3238 49.08527), (63.55739 45.58438, 63.86755 45.7477, 63.9553 46.06143, 63.86755 46.20896, 63.55739 46.37226, 63.01293 46.29666, 62.81253 46.06143, 62.81253 45.89518, 63.01293 45.66, 63.55739 45.58438)), ((52.70248 45.40522, 52.55201 45.47834, 52.65504 45.52139, 52.70248 45.40522)), ((49.78191 46.22419, 49.72096 46.33812, 49.8117 46.32648, 49.78191 46.22419)), ((50.06398 44.84414, 49.98618 44.968, 50.01783 44.96015, 50.06398 44.84414)), ((50.3484 45.08491, 50.32455 44.97321, 50.2566 44.98599, 50.3484 45.08491)), ((50.76075 44.86494, 50.69776 44.85786, 50.70802 44.95441, 50.76075 44.86494)))
73;73;Asia;Former Soviet Union;kyrgyzstan;Kyrgyzstan;"Women

Government critics

Tajiks

Uzbeks";"Kyrgyz government

Civil society";Watch;3,6;2;6;OK;current;2025-10-14;"Kyrgyzstan has seen three drastic revolutions in less than 20 years, all resulting in new forms of authoritarianism. Current President Sadyr Japarov has drastically increased his powers as president and reduced the influence of the legislative Supreme Council. 

Border demarcations are a major source of violence and discrimination for the country's ethnic Tajik and Uzbek minorities. Border conflicts occasionally flare up between Kyrgyzstan and neighboring Tajikistan as a result of Soviet-era border establishment issues. Women face discrimination in civil society and domestic violence in the home with little to no paths for recourse. ""Bride kidnapping"" (ala kachu) is a long-established custom in Kyrgyzstan and forced marriages are still arranged.";Profile details checked;https://www.genocidewatch.com/country-pages/kyrgyzstan;https://d0dbb2cb-698c-4513-aa47-eba3a335e06f.filesusr.com/ugd/97db86_1df2842ea4c242c1b6dc68c81653ecb0.pdf;https://www.genocidewatch.com/country-pages/kyrgyzstan;;;base_country;0;;Polygon;EPSG:4326;Existing Ten Stages corrected GeoJSON;NAME=Kyrgyzstan;Topology-simplified embedded fallback used only when the live GitHub CSV cannot be loaded.;ad34a67594feaf88b4f455152910948df52bf8cb9598cbce73ca985f36e5a6f0;;POLYGON ((80.21033 42.18952, 80.18191 42.02098, 79.84291 42.00183, 79.74751 41.87974, 79.30413 41.78755, 78.3599 41.37753, 78.07495 41.03951, 77.47489 40.98205, 77.00773 41.04421, 76.76682 40.94469, 76.62419 40.62755, 76.31351 40.34333, 76.24416 40.4412, 75.68182 40.2917, 75.58766 40.61194, 75.19389 40.44125, 74.83536 40.51164, 74.86213 40.32617, 74.70575 40.33129, 74.36986 40.10582, 74.00399 40.06081, 73.82302 39.80569, 73.92678 39.59288, 73.63264 39.44834, 73.13603 39.35346, 72.65048 39.39377, 72.31634 39.32882, 72.24027 39.18991, 72.04979 39.36886, 71.73291 39.2851, 71.74025 39.44834, 71.51287 39.45883, 71.45954 39.61211, 70.69809 39.41899, 70.45997 39.59955, 70.20603 39.5241, 69.66942 39.57779, 69.30035 39.51563, 69.2263 39.75101, 69.31399 39.98691, 69.96956 40.2116, 70.52549 40.03368, 70.95896 40.23837, 71.23956 40.32111, 71.67307 40.14789, 72.23593 40.45991, 72.35189 40.60197, 72.58578 40.50874, 72.78391 40.66966, 73.11805 40.78294, 73.00343 40.87017, 72.61947 40.88009, 72.47674 41.01181, 72.16513 40.99936, 72.16989 41.16865, 71.87161 41.19449, 71.75317 41.44729, 71.42146 41.16209, 71.18013 41.10814, 70.77044 41.23852, 70.63381 41.4675, 70.47723 41.40466, 70.16929 41.57834, 70.55009 41.82406, 71.2532 42.19755, 70.94779 42.24815, 70.85266 42.30608, 71.00319 42.56353, 71.40461 42.79488, 71.84774 42.83405, 72.72582 42.65288, 73.50552 42.42093, 73.41002 42.58965, 73.49301 42.89495, 73.63409 43.06246, 74.17876 43.2617, 74.71392 42.99988, 75.17859 42.84966, 75.64616 42.8061, 75.7706 42.92565, 76.43206 42.88958, 76.95688 42.98851, 77.19511 42.91007, 78.49612 42.8756, 79.03087 42.75615, 79.14827 42.79098, 79.42567 42.46961, 79.91794 42.42444, 80.21033 42.18952), (71.66553 39.9402, 71.7418 39.90077, 71.78976 39.97932, 71.66553 39.9402), (70.95296 40.07921, 71.11367 39.87447, 71.23728 40.0311, 70.95296 40.07921), (70.4826 39.86677, 70.58161 39.76657, 70.69892 39.85845, 70.4826 39.86677))
74;74;Asia;Former Soviet Union;tajikistan;Tajikistan;Pamirs (ethnic and religious minority in GBAO), political dissidents, civil society activists;Tajik government, security forces under President Emomali Rahmon;Warning;3,6,8;3;8;OK;current;2025-10-14;"Violent clashes along the contested border between Tajikistan and Kyrgyzstan were reported in April 2021. Tajik and Kyrgyz mobs attacked one another and destroyed each other's property. Tajik military reportedly used mortars and attack helicopters on Kyrgyz civilians. Tensions between Tajikistan and neighboring Kyrgyzstan erupted again along the contested border in September 2022, resulting in the deaths of over 100 civilians and the internal displacement of 140,000 others.

In May 2022 in the Gorno-Badakhshan Autonomous Region, which comprises nearly half the country’s land area, Tajik military forces killed at least 25 protesters from the Pamir minority, a group which has faced years of oppression and state violence from the regime of Emomali Rahmon.";Profile details checked;https://www.genocidewatch.com/country-pages/tajikistan;https://d0dbb2cb-698c-4513-aa47-eba3a335e06f.filesusr.com/ugd/97db86_f8955b7a19174f7da1c3e83df6ac29ca.pdf;https://www.genocidewatch.com/country-pages/tajikistan;;;base_country;0;;MultiPolygon;EPSG:4326;Existing Ten Stages corrected GeoJSON;NAME=Tajikistan;Topology-simplified embedded fallback used only when the live GitHub CSV cannot be loaded.;cce2bb6c680518748fd58e076e23c3263513211c3fe527011b7988687855a4eb;;MULTIPOLYGON (((70.95896 40.23837, 70.52549 40.03368, 69.96956 40.2116, 69.31399 39.98691, 69.2263 39.75101, 69.30035 39.51563, 69.66942 39.57779, 70.20603 39.5241, 70.45997 39.59955, 70.69809 39.41899, 71.45954 39.61211, 71.51287 39.45883, 71.74025 39.44834, 71.73291 39.2851, 72.04979 39.36886, 72.24027 39.18991, 72.31634 39.32882, 72.65048 39.39377, 73.13603 39.35346, 73.63264 39.44834, 73.60226 39.23577, 73.81599 38.99377, 73.6837 38.85494, 73.79739 38.60284, 74.0289 38.52724, 74.1091 38.66229, 74.3342 38.66699, 74.77634 38.51067, 74.79071 38.08145, 74.96517 37.76746, 74.89189 37.5992, 75.16412 37.40064, 74.89231 37.23111, 74.66038 37.39397, 74.22392 37.40335, 74.16326 37.33007, 73.61766 37.23318, 73.75346 37.42839, 73.27607 37.45947, 72.76096 37.1875, 72.65771 37.02883, 72.25981 36.96731, 71.83658 36.69916, 71.61106 36.70484, 71.43112 37.06699, 71.59773 37.89836, 71.25827 37.92647, 71.33438 38.28066, 70.97404 38.47367, 70.59577 38.33818, 70.4826 38.13736, 70.17213 37.94608, 70.28308 37.70483, 70.15787 37.54143, 69.89525 37.61817, 69.52865 37.58603, 69.37838 37.43741, 69.4452 37.23641, 69.24567 37.10389, 68.96543 37.32914, 68.66886 37.27829, 68.01112 36.93087, 67.78054 37.18887, 67.82922 37.52794, 68.24873 37.94895, 68.36066 38.17405, 68.05515 38.53631, 68.08564 38.99377, 67.69052 38.98961, 67.67859 39.10593, 67.35008 39.21983, 67.43648 39.4857, 67.76452 39.6226, 68.51745 39.54844, 68.61584 39.82811, 68.74834 39.82615, 68.93066 40.1468, 68.58112 40.16422, 69.01923 40.23207, 69.28526 40.19496, 69.19803 40.54585, 69.43584 40.80268, 69.66012 40.63871, 70.28039 40.87771, 70.4457 41.02592, 70.75618 40.69514, 70.35382 40.45614, 70.58182 40.22173, 70.95896 40.23837)), ((70.4826 39.86677, 70.58161 39.76657, 70.69892 39.85845, 70.4826 39.86677)), ((70.61665 40.99352, 70.62523 40.93869, 70.56146 40.9946, 70.61665 40.99352)))
75;75;Asia;Former Soviet Union;turkmenistan;Turkmenistan;"Non-Turkmen minorities, political dissidents, civil society leaders
Alert Status: Watch";Turkmen government;Warning;8;1;8;OK;current;2026-03-14;Turkmenistan is among the most repressive and authoritarian countries in the world. All basic human rights are illegal and any opposition to the government is violently repressed.;Profile details checked;https://www.genocidewatch.com/country-pages/turkmenistan;https://d0dbb2cb-698c-4513-aa47-eba3a335e06f.filesusr.com/ugd/97db86_198cd5d41d124cbb9bdd63ff5310ae14.pdf;https://www.genocidewatch.com/country-pages/turkmenistan;;;base_country;0;;MultiPolygon;EPSG:4326;Existing Ten Stages corrected GeoJSON;NAME=Turkmenistan;Topology-simplified embedded fallback used only when the live GitHub CSV cannot be loaded.;2959abd04d62e1d02ef2add91ec321bf00801c7fb23b3b13e9c85b1dad302a06;;MULTIPOLYGON (((61.26968 35.6185, 61.22275 36.11754, 61.07548 36.64779, 60.34229 36.63714, 60.01921 37.0258, 59.57273 37.18339, 59.37036 37.31943, 59.35165 37.49384, 58.80109 37.69465, 58.37176 37.63037, 58.18118 37.77485, 57.3524 37.96753, 57.21835 38.26508, 57.03841 38.18728, 56.739 38.2696, 56.43648 38.25508, 56.29975 38.08023, 55.70867 38.11866, 55.42311 38.07589, 54.85663 37.76113, 54.78366 37.51745, 54.18659 37.32374, 53.91375 37.34276, 53.82488 37.74486, 53.827 38.52546, 53.97755 38.90176, 53.68377 39.08344, 53.58131 39.33047, 53.09474 39.41987, 53.25408 39.52119, 53.57716 39.46784, 53.7116 39.5434, 53.41521 39.78205, 53.56707 39.94953, 53.29005 39.94208, 52.73845 40.05362, 52.73658 40.48456, 52.93133 40.97565, 53.10743 40.77391, 53.54168 40.76162, 53.58741 40.89159, 53.72104 40.62568, 54.33107 40.7202, 54.31251 40.9239, 54.47495 40.80988, 54.76002 40.96503, 54.71608 41.11518, 54.08937 41.4748, 53.90284 41.8933, 53.89666 42.07884, 53.68181 42.14395, 53.16383 42.10371, 52.82146 41.76488, 52.90382 41.68976, 52.81568 41.38874, 52.56219 41.51948, 52.43767 41.74888, 52.97871 42.12663, 53.41227 42.25817, 54.04717 42.3454, 54.19528 42.31806, 54.90707 41.93214, 54.95068 41.79556, 55.42952 41.29081, 55.97842 41.32172, 57.01019 41.25412, 57.1614 41.36797, 57.0196 41.46595, 56.95015 41.86605, 57.38226 42.16363, 57.85045 42.19143, 57.99773 42.49343, 58.22573 42.46658, 58.49413 42.30571, 58.13064 42.63885, 58.4932 42.64546, 58.61227 42.78085, 58.89442 42.54784, 59.122 42.538, 59.2452 42.36535, 59.47816 42.28564, 59.86635 42.30421, 60.0282 42.19952, 59.93177 41.94765, 60.24111 41.80807, 60.05828 41.71859, 60.16473 41.58496, 60.09424 41.38952, 60.41453 41.23526, 60.8603 41.25299, 61.28135 41.15728, 61.47008 41.29717, 61.87791 41.12498, 62.19184 40.49903, 62.35328 40.4304, 62.45281 40.00924, 62.59316 39.89023, 63.47755 39.40292, 63.70927 39.19089, 64.12061 38.96168, 64.33734 38.97096, 64.6349 38.74415, 64.97772 38.61227, 65.60414 38.23741, 65.87668 38.27296, 66.55416 38.02685, 66.51959 37.36418, 66.29443 37.33121, 65.76144 37.57838, 65.50141 37.24228, 65.06309 37.23323, 64.76016 37.09262, 64.77876 36.93847, 64.44457 36.24998, 63.92197 36.03372, 63.34293 35.85626, 63.12527 35.86024, 63.21441 35.69927, 63.08021 35.43706, 62.62107 35.22271, 62.45891 35.28188, 62.30202 35.14752, 62.03382 35.42399, 61.5387 35.45231, 61.26968 35.6185)), ((53.05397 39.0268, 53.09213 38.77879, 53.03842 38.91694, 53.05397 39.0268)), ((53.53972 39.53962, 53.49187 39.50861, 53.4629 39.5738, 53.53972 39.53962)))
76;76;Asia;Former Soviet Union;uzbekistan;Uzbekistan;Tajiks, Islamists, political opponents;Uzbek government, President Karimov’s administration, Uzbek security forces;Watch;3,8,10;3;10;OK;current;2026-05-14;"Since the death of President Islam Karimov in 2016 there has been much hope for reform of human rights in the country. Current President Shavkat Mirziyoyev has taken some steps towards improving human rights, but the system remains authoritarian. Issues surrounding freedom of assembly, freedom of expression and freedom of religion persist.

Restrictions are placed on religious practice and discrimination exists against non-Muslim minorities, some of whom are subject to fines or jail time for their activities. The state is particularly repressive of Shia Muslims and other Muslims that do not conform to the state-mandated version Islam. Discrimination and violence against LGBTQI+ people and women also exists.";Profile details checked;https://www.genocidewatch.com/country-pages/uzbekistan;;https://www.genocidewatch.com/country-pages/uzbekistan;;;base_country;0;;MultiPolygon;EPSG:4326;Existing Ten Stages corrected GeoJSON;NAME=Uzbekistan;Topology-simplified embedded fallback used only when the live GitHub CSV cannot be loaded.;b2ade13c1254a4f4309b8ed360181eacf8f8d2fd3c1210dc18c41a396fadc129;;MULTIPOLYGON (((70.95896 40.23837, 70.58182 40.22173, 70.35382 40.45614, 70.75618 40.69514, 70.4457 41.02592, 70.28039 40.87771, 69.66012 40.63871, 69.43584 40.80268, 69.19803 40.54585, 69.28526 40.19496, 69.01923 40.23207, 68.58112 40.16422, 68.93066 40.1468, 68.74834 39.82615, 68.61584 39.82811, 68.51745 39.54844, 67.76452 39.6226, 67.43648 39.4857, 67.35008 39.21983, 67.67859 39.10593, 67.69052 38.98961, 68.08564 38.99377, 68.05515 38.53631, 68.36066 38.17405, 68.24873 37.94895, 67.82922 37.52794, 67.78054 37.18887, 67.48237 37.27736, 67.23675 37.19241, 67.00591 37.38439, 66.51959 37.36418, 66.55416 38.02685, 65.87668 38.27296, 65.60414 38.23741, 64.97772 38.61227, 64.6349 38.74415, 64.33734 38.97096, 64.12061 38.96168, 63.70927 39.19089, 63.47755 39.40292, 62.59316 39.89023, 62.45281 40.00924, 62.35328 40.4304, 62.19184 40.49903, 61.87791 41.12498, 61.47008 41.29717, 61.28135 41.15728, 60.8603 41.25299, 60.41453 41.23526, 60.09424 41.38952, 60.16473 41.58496, 60.05828 41.71859, 60.24111 41.80807, 59.93177 41.94765, 60.0282 42.19952, 59.86635 42.30421, 59.47816 42.28564, 59.2452 42.36535, 59.122 42.538, 58.89442 42.54784, 58.61227 42.78085, 58.4932 42.64546, 58.13064 42.63885, 58.49413 42.30571, 58.22573 42.46658, 57.99773 42.49343, 57.85045 42.19143, 57.38226 42.16363, 56.95015 41.86605, 57.0196 41.46595, 57.1614 41.36797, 57.01019 41.25412, 55.97842 41.32172, 55.97584 44.99441, 57.47828 45.33692, 58.58219 45.54869, 61.0363 44.38282, 61.16167 44.16811, 62.02612 43.48063, 63.20801 43.62747, 64.42674 43.54703, 64.95653 43.69736, 65.27145 43.41702, 65.51691 43.29723, 65.79524 42.8772, 66.10127 42.99032, 66.01724 41.99762, 66.50414 41.99348, 66.68821 41.19919, 66.81528 41.14188, 67.93743 41.20038, 68.11737 41.06675, 67.99092 40.8111, 68.46174 40.58466, 68.593 40.59949, 68.57088 40.91352, 69.03918 41.22028, 69.03158 41.36699, 69.62457 41.66831, 69.9124 41.71286, 70.45542 42.09374, 70.61024 42.02741, 70.73427 42.1973, 70.94779 42.24815, 71.2532 42.19755, 70.55009 41.82406, 70.16929 41.57834, 70.47723 41.40466, 70.63381 41.4675, 70.77044 41.23852, 71.18013 41.10814, 71.42146 41.16209, 71.75317 41.44729, 71.87161 41.19449, 72.16989 41.16865, 72.16513 40.99936, 72.47674 41.01181, 72.61947 40.88009, 73.00343 40.87017, 73.11805 40.78294, 72.78391 40.66966, 72.58578 40.50874, 72.35189 40.60197, 72.23593 40.45991, 71.67307 40.14789, 71.23956 40.32111, 70.95896 40.23837), (70.61665 40.99352, 70.62523 40.93869, 70.56146 40.9946, 70.61665 40.99352)), ((70.95296 40.07921, 71.11367 39.87447, 71.23728 40.0311, 70.95296 40.07921)), ((71.66553 39.9402, 71.7418 39.90077, 71.78976 39.97932, 71.66553 39.9402)))
77;77;Asia;South Asia;afghanistan;Afghanistan;"Shi'ite Hazaras

Women

LGBTQ+ individuals

Journalists and civil rights activists

Former government employees";"The Taliban

Islamic State (ISKP)";Emergency;3,5,8;3;8;OK;current;2022-02-01;"The Taliban have dismantled protections for women and critics, carried out reprisals, and enabled severe persecution of Hazaras, LGBTQ+ people, activists and former officials; ISKP also targets Shia communities.";Profile details checked;https://www.genocidewatch.com/de/copy-of-country-pages/the-islamic-republic-of-afghanistan;https://d0dbb2cb-698c-4513-aa47-eba3a335e06f.filesusr.com/ugd/d0bbf9_57aacb43b9624e3ab8fc28d26fcdf3ca.pdf;https://www.genocidewatch.com/country-pages/afghanistan;;;base_country;0;;Polygon;EPSG:4326;Existing Ten Stages corrected GeoJSON;NAME=Afghanistan;Topology-simplified embedded fallback used only when the live GitHub CSV cannot be loaded.;2e90f389c1f17fe67dc9e9c01f93996ab1489008f187922e4089e9924a918522;;POLYGON ((74.54235 37.02167, 74.09432 36.83124, 73.64008 36.89664, 72.56521 36.8206, 72.21361 36.72644, 71.73632 36.39592, 71.62915 36.45953, 71.16592 36.04571, 71.34157 35.94726, 71.59349 35.54936, 71.52982 35.3009, 71.63369 35.20312, 71.45996 34.94267, 71.0806 34.67292, 70.97084 34.46888, 71.12205 34.35682, 71.06262 34.05425, 70.52198 33.9387, 70.00284 34.04379, 69.84109 33.94181, 70.10815 33.7273, 70.29445 33.31895, 69.88093 33.08925, 69.54752 33.07501, 69.42913 32.66736, 69.228 32.4213, 69.29885 31.93769, 69.00404 31.65109, 68.77728 31.61859, 68.67579 31.7747, 68.49802 31.72525, 68.15913 31.82591, 68.04657 31.6884, 67.56898 31.52986, 67.74944 31.32801, 67.3462 31.20776, 66.94328 31.31473, 66.69699 31.19582, 66.55003 30.97697, 66.36626 30.92287, 66.26798 30.60139, 66.32182 30.43737, 66.19563 29.83534, 65.03637 29.54016, 64.4777 29.57037, 64.08609 29.38661, 63.56861 29.49748, 62.47751 29.40782, 60.84438 29.85818, 61.7852 30.8314, 61.82633 31.03459, 61.66118 31.38191, 60.82174 31.49467, 60.77493 32.02719, 60.83032 32.24889, 60.57752 32.99434, 60.5676 33.15129, 60.87962 33.5487, 60.51179 33.63839, 60.48678 34.09428, 60.64367 34.30664, 60.89047 34.31891, 60.69968 34.5164, 60.94752 34.63799, 61.06545 34.81472, 61.10834 35.27795, 61.26968 35.6185, 61.5387 35.45231, 62.03382 35.42399, 62.30202 35.14752, 62.45891 35.28188, 62.62107 35.22271, 63.08021 35.43706, 63.21441 35.69927, 63.12527 35.86024, 63.34293 35.85626, 63.92197 36.03372, 64.44457 36.24998, 64.77876 36.93847, 64.76016 37.09262, 65.06309 37.23323, 65.50141 37.24228, 65.76144 37.57838, 66.29443 37.33121, 66.51959 37.36418, 67.00591 37.38439, 67.23675 37.19241, 67.48237 37.27736, 67.78054 37.18887, 68.01112 36.93087, 68.66886 37.27829, 68.96543 37.32914, 69.24567 37.10389, 69.4452 37.23641, 69.37838 37.43741, 69.52865 37.58603, 69.89525 37.61817, 70.15787 37.54143, 70.28308 37.70483, 70.17213 37.94608, 70.4826 38.13736, 70.59577 38.33818, 70.97404 38.47367, 71.33438 38.28066, 71.25827 37.92647, 71.59773 37.89836, 71.43112 37.06699, 71.61106 36.70484, 71.83658 36.69916, 72.25981 36.96731, 72.65771 37.02883, 72.76096 37.1875, 73.27607 37.45947, 73.75346 37.42839, 73.61766 37.23318, 74.16326 37.33007, 74.22392 37.40335, 74.66038 37.39397, 74.89231 37.23111, 74.72146 37.29778, 74.38257 37.12657, 74.54235 37.02167))
78;78;Asia;South Asia;bangladesh;Bangladesh;Jummas (Ethnic and indigenous peoples of the Chittagong Hill tracts), Dalits, Journalists and activists;Bangladesh government;Warning;3,5,8,10;4;10;OK;current;;"Bangladesh experienced genocide in 1971. While the Bangladesh International Crimes Tribunal continue to issue judgements the genocide still lacks recognition worldwide. Today, Bangladesh faces issues of government restrictions freedom of expression online, targeting critical voices. There also have been reports of torture, ill-treatment and enforced disappearances by law enforcement officials. Dalits face discrimination, vulnerability, and stigmatization.

Further, the Bangladesh government continues the persecution of ethnic and indigenous groups in the Chittagong Hills Tract.";Profile details checked;https://www.genocidewatch.com/country-pages/bangladesh;https://d0dbb2cb-698c-4513-aa47-eba3a335e06f.filesusr.com/ugd/ba3a54_6254f83b4c8742c0917b826a73324bed.pdf;https://www.genocidewatch.com/country-pages/bangladesh;;;base_country;0;;MultiPolygon;EPSG:4326;Existing Ten Stages corrected GeoJSON;NAME=Bangladesh;Topology-simplified embedded fallback used only when the live GitHub CSV cannot be loaded.;86fca38d778c4624670a926e983bf6294c39b280d1710a07739cf632cdaf361b;;MULTIPOLYGON (((92.57588 21.97757, 92.64285 21.29844, 92.32266 21.4619, 92.18365 21.3172, 92.26515 21.0611, 92.30104 20.76227, 92.0525 21.15477, 91.99 21.79483, 91.67604 22.53461, 91.45631 22.78482, 91.1819 22.72647, 91.24157 22.5754, 90.95493 22.57583, 90.62721 23.08666, 90.59913 23.39118, 90.2588 23.44457, 90.60662 23.24722, 90.45362 23.07233, 90.40642 22.76309, 90.61345 22.31489, 90.38746 22.10261, 90.27272 21.85741, 90.02442 21.86245, 90.08579 22.00023, 89.22926 21.64395, 89.10467 21.81586, 89.06039 22.12987, 89.06229 22.21157, 88.84277 22.96457, 88.9547 23.18381, 88.71002 23.24122, 88.76789 23.46728, 88.5401 23.64995, 88.71415 23.92516, 88.74981 24.22325, 88.13879 24.49525, 88.02179 24.6456, 88.20245 24.9453, 88.31361 24.8683, 88.43148 25.17304, 88.92416 25.16787, 88.77234 25.50196, 88.53029 25.5002, 88.0744 25.90814, 88.1638 26.14047, 88.46114 26.45389, 88.65627 26.41513, 88.80799 26.23344, 89.03971 26.24718, 89.35148 25.99686, 89.54909 25.96886, 89.65838 26.20786, 89.83439 25.93175, 89.79501 25.37416, 90.36464 25.14999, 90.82198 25.14229, 91.2357 25.20193, 91.47104 25.13392, 92.00175 25.18296, 92.45806 24.95328, 92.25218 24.90298, 92.10759 24.40598, 91.92186 24.34451, 91.8645 24.15059, 91.73293 24.23428, 91.55868 24.08967, 91.36303 24.09985, 91.21627 23.90839, 91.14082 23.6121, 91.3005 23.14231, 91.37213 23.26189, 91.58607 22.94447, 91.79556 23.0895, 91.74368 23.27233, 92.00351 23.64742, 92.15079 23.73165, 92.35687 23.28912, 92.35222 22.96033, 92.49588 22.69562, 92.57588 21.97757)), ((90.85502 22.43467, 90.83619 22.17817, 90.60776 22.07233, 90.688 22.37763, 90.65056 22.78742, 90.85502 22.43467)), ((91.18678 22.22776, 91.06329 22.08985, 91.0748 22.38859, 91.18678 22.22776)), ((91.9839 21.6092, 91.87713 21.48102, 91.84791 21.68879, 91.9839 21.6092)), ((90.52099 22.71177, 90.48683 22.87043, 90.5923 22.8819, 90.52099 22.71177)), ((91.46756 22.58631, 91.55518 22.40203, 91.44652 22.45324, 91.46756 22.58631)), ((90.66733 22.95303, 90.5241 22.95303, 90.58619 23.0349, 90.66733 22.95303)), ((90.49171 22.08015, 90.58619 22.13056, 90.55974 22.02375, 90.49171 22.08015)), ((90.48618 21.97679, 90.40235 21.90689, 90.42848 22.04804, 90.48618 21.97679)), ((91.88445 21.85029, 91.82399 21.74262, 91.83253 21.8767, 91.88445 21.85029)), ((89.1325 21.72163, 89.05152 21.7932, 89.07154 21.89033, 89.1325 21.72163)), ((90.60662 21.93879, 90.54078 21.87592, 90.52638 21.94359, 90.60662 21.93879)), ((90.50611 23.3142, 90.42661 23.37596, 90.5394 23.35, 90.50611 23.3142)), ((90.3943 22.00023, 90.34156 21.8603, 90.32252 21.91669, 90.3943 22.00023)), ((91.19999 22.51469, 91.15953 22.45067, 91.12356 22.48915, 91.19999 22.51469)), ((90.93719 22.23273, 90.97641 22.36335, 90.99008 22.2814, 90.93719 22.23273)), ((90.95672 22.19888, 90.94899 22.12165, 90.92026 22.16006, 90.95672 22.19888)), ((90.61964 22.42475, 90.6587 22.37954, 90.64039 22.36603, 90.61964 22.42475)), ((90.51564 23.05195, 90.46949 23.00764, 90.45574 23.06281, 90.51564 23.05195)), ((90.97641 22.18578, 90.98292 22.25918, 90.9948 22.21381, 90.97641 22.18578)), ((90.38111 22.0231, 90.33961 21.97232, 90.35865 22.02269, 90.38111 22.0231)), ((90.64747 22.42475, 90.65349 22.48347, 90.66733 22.43903, 90.64747 22.42475)))
79;79;Asia;South Asia;india;India;Muslims, Dalits, Christians, journalists, human rights defenders, political opposition (e.g., Congress party);Bharatiya Janata Party (BJP), Prime Minister Narendra Modi, Hindutva groups (e.g., Bajrang Dal), Indian police and security forces;Emergency;6,7,8,10;4;10;OK;current;2023-04-01;"India’s Prime Minister Narendra Modi’s Hindu nationalist Bharatiya Janata Party (BJP) has made Islamophobia a state-manufactured ideology, increasingly putting the Muslim and Dalit communities under state-sponsored attack. The latest legislative action against Muslims is “anti-conversion” laws, which perpetuate the Islamophobic conspiracy theory that Muslim men lure Hindu women into romantic relationships and then convince them to convert to Islam.

Military and police forces regularly arrest, beat, torture, and kill Muslim citizens, particularly those in Kashmir and Assam.";Profile details checked;https://www.genocidewatch.com/country-pages/india;https://d0dbb2cb-698c-4513-aa47-eba3a335e06f.filesusr.com/ugd/2c7d82_22f5ff0c99e34bc2800da6a24aed8d69.pdf;https://www.genocidewatch.com/country-pages/india;;;base_country;0;;MultiPolygon;EPSG:4326;Existing Ten Stages corrected GeoJSON;NAME=India;Topology-simplified embedded fallback used only when the live GitHub CSV cannot be loaded.;1923ef7fa915585e45cca90c6a45fd9b19c0bba91c0dfc73cbef7f14686160eb;;MULTIPOLYGON (((77.80035 35.49541, 78.05563 35.45288, 78.00116 35.26891, 78.27319 34.65887, 78.92214 34.3723, 78.97619 34.21716, 78.73011 34.07926, 78.82426 33.46106, 79.09803 33.28765, 79.42008 33.27517, 79.41409 32.97205, 79.62067 32.72873, 79.4435 32.53477, 79.32047 32.59227, 78.91129 32.35474, 78.71326 32.63752, 78.38098 32.52804, 78.45798 32.22966, 78.74458 31.9642, 78.67089 31.77052, 78.81889 31.60737, 78.73848 31.33499, 78.92101 31.26969, 79.07021 31.46138, 79.23832 31.32966, 79.40159 31.02364, 79.8335 30.96152, 80.23141 30.72495, 80.17984 30.55948, 80.72306 30.39205, 80.99602 30.19697, 80.88388 30.21041, 80.47615 29.80614, 80.21374 29.41689, 80.28009 29.31015, 80.03639 28.83703, 80.34975 28.62022, 80.64834 28.61975, 81.14634 28.37225, 81.30706 28.12381, 81.8832 27.84905, 82.05161 27.90517, 82.40193 27.67717, 82.65214 27.70415, 82.75214 27.49496, 83.13279 27.44422, 83.83409 27.43404, 84.0796 27.50954, 84.57704 27.32903, 84.64024 27.02838, 85.16202 26.85102, 85.28728 26.73697, 85.59858 26.85438, 85.82161 26.57171, 86.01137 26.65445, 86.28443 26.61202, 86.7136 26.41456, 87.04133 26.58019, 87.08329 26.43208, 87.32622 26.35333, 88.07419 26.45394, 88.16907 26.744, 87.97073 27.10274, 88.11822 27.86088, 88.61049 28.10583, 88.85388 27.84368, 88.74102 27.54571, 88.89233 27.31554, 88.73007 27.15095, 89.0965 26.82141, 89.34166 26.85433, 89.81729 26.6962, 90.38263 26.8918, 90.58778 26.78007, 91.52065 26.79759, 92.08392 26.93732, 91.99586 27.15803, 92.08485 27.30423, 91.97509 27.47243, 91.65738 27.47915, 91.62834 27.85269, 91.86491 27.72999, 92.23957 27.86528, 92.57498 27.84781, 92.73639 27.98591, 92.65484 28.10583, 93.20782 28.34054, 93.18629 28.432, 93.44621 28.67189, 93.92779 28.68275, 93.99202 28.84465, 94.25018 28.93311, 94.27079 29.09793, 94.63043 29.31945, 94.77657 29.1667, 95.36741 29.0365, 95.74478 29.34043, 96.14197 29.36847, 96.31643 29.17186, 96.19532 28.94111, 96.45761 28.99459, 96.59801 28.70991, 96.30185 28.42071, 96.71692 28.43654, 97.11555 28.36656, 97.3235 28.21748, 97.33352 27.89416, 97.22293 27.89972, 96.87019 27.61909, 96.90512 27.40841, 97.13477 27.12734, 96.8427 27.18852, 96.75888 27.34174, 96.14259 27.25751, 95.39266 26.69176, 95.20487 26.66757, 95.04064 26.47559, 95.15123 26.04994, 95.00064 25.92204, 95.0088 25.73714, 94.608 25.39463, 94.55012 25.24528, 94.70856 25.02589, 94.28999 24.31676, 94.09971 23.84263, 93.6124 24.00905, 93.30297 24.04114, 93.43236 23.64732, 93.3749 23.12973, 93.13822 23.00526, 93.07952 22.77272, 93.16592 22.38659, 92.97895 21.99535, 92.68378 22.15431, 92.57588 21.97757, 92.49588 22.69562, 92.35222 22.96033, 92.35687 23.28912, 92.15079 23.73165, 92.00351 23.64742, 91.74368 23.27233, 91.79556 23.0895, 91.58607 22.94447, 91.37213 23.26189, 91.3005 23.14231, 91.14082 23.6121, 91.21627 23.90839, 91.36303 24.09985, 91.55868 24.08967, 91.73293 24.23428, 91.8645 24.15059, 91.92186 24.34451, 92.10759 24.40598, 92.25218 24.90298, 92.45806 24.95328, 92.00175 25.18296, 91.47104 25.13392, 91.2357 25.20193, 90.82198 25.14229, 90.36464 25.14999, 89.79501 25.37416, 89.83439 25.93175, 89.65838 26.20786, 89.54909 25.96886, 89.35148 25.99686, 89.03971 26.24718, 88.80799 26.23344, 88.65627 26.41513, 88.46114 26.45389, 88.1638 26.14047, 88.0744 25.90814, 88.53029 25.5002, 88.77234 25.50196, 88.92416 25.16787, 88.43148 25.17304, 88.31361 24.8683, 88.20245 24.9453, 88.02179 24.6456, 88.13879 24.49525, 88.74981 24.22325, 88.71415 23.92516, 88.5401 23.64995, 88.76789 23.46728, 88.71002 23.24122, 88.9547 23.18381, 88.84277 22.96457, 89.06229 22.21157, 89.06039 22.12987, 89.00953 21.90461, 89.08522 21.67471, 88.68491 21.69721, 88.73072 22.03718, 88.6395 22.10952, 88.56463 21.76683, 88.57228 21.55793, 88.18092 21.68496, 88.16098 22.15656, 87.97047 21.83649, 87.70379 21.6555, 87.20094 21.55199, 86.83725 21.17471, 86.99488 20.67072, 86.77418 20.51195, 86.71746 20.28693, 86.49513 20.18407, 86.39723 19.98286, 86.07838 19.84357, 85.44988 19.66669, 85.57032 19.87564, 85.22096 19.73603, 85.33668 19.57518, 84.87208 19.21988, 84.42368 18.63646, 84.0774 18.27155, 83.61394 18.04515, 83.23894 17.59296, 82.47486 17.20596, 82.29933 17.03034, 82.30738 16.57978, 81.76295 16.32258, 81.41139 16.38251, 81.24855 16.32014, 81.15545 15.9855, 80.99887 15.84675, 80.55388 15.88085, 80.26319 15.67455, 80.09059 15.30488, 80.05454 15.01415, 80.19695 14.56501, 80.12818 14.25654, 80.22096 13.69697, 80.05299 13.61909, 80.34783 13.34907, 80.15602 12.47451, 79.86183 12.02204, 79.75196 11.57697, 79.83302 11.34199, 79.85133 10.28221, 79.39812 10.32465, 79.27906 10.03583, 78.9808 9.66718, 78.91326 9.47427, 79.03989 9.31468, 78.44988 9.1166, 78.23976 8.96556, 78.06275 8.3732, 77.51092 8.076, 77.3156 8.12775, 76.99586 8.36811, 76.5586 8.89069, 76.31178 9.49299, 76.24269 9.98745, 75.92205 10.76557, 75.83277 11.09785, 75.53077 11.69367, 75.1937 12.02228, 74.81756 12.86176, 74.58399 13.90388, 74.26319 14.70161, 74.09645 14.79336, 73.9131 15.07892, 73.89129 15.34321, 73.44703 16.06892, 73.3073 16.56318, 73.27573 17.0786, 73.12322 17.72333, 72.98097 18.08055, 72.85239 18.76992, 72.98829 18.9986, 72.79591 18.98493, 72.81804 19.17536, 72.65008 19.84199, 72.74822 20.28034, 72.87916 20.51244, 72.86492 20.89728, 72.60613 21.26659, 72.61964 21.48737, 72.92693 21.68496, 72.53207 21.71385, 72.62306 21.96662, 72.54217 22.15672, 72.84742 22.24042, 72.30649 22.22956, 72.1281 21.98355, 72.29566 21.65388, 72.10475 21.20506, 71.46225 20.88532, 70.98243 20.71015, 70.54151 20.80785, 70.05445 21.15316, 69.62973 21.61603, 69.19842 21.97972, 68.94459 22.29507, 69.20574 22.39867, 69.21209 22.27391, 69.61606 22.3559, 69.96209 22.53535, 70.17848 22.56196, 70.39877 22.9455, 69.83318 22.85847, 69.71583 22.74689, 69.23878 22.84195, 68.62257 23.19156, 68.42368 23.44579, 68.4275 23.63142, 68.1574 23.60082, 68.22079 23.65843, 68.18303 23.84211, 68.43156 23.96714, 68.72447 23.96518, 68.72591 24.28922, 69.56307 24.27676, 69.97204 24.16522, 70.1097 24.3049, 70.52095 24.42492, 70.75545 24.23144, 71.08277 24.41151, 70.95482 24.58452, 71.06386 24.68258, 70.85989 25.13945, 70.64662 25.43137, 70.63231 25.70138, 70.26458 25.6973, 70.06464 25.98033, 70.15807 26.53011, 69.81556 26.58029, 69.46509 26.80777, 69.57558 27.18842, 70.01689 27.60059, 70.09069 27.79355, 70.34194 28.01147, 70.63319 27.93163, 70.83157 27.70146, 71.31144 27.86171, 71.86086 27.95021, 71.89156 28.0971, 72.14994 28.35377, 72.38218 28.78401, 72.90152 29.02262, 73.23287 29.5366, 73.37033 29.92732, 73.94435 30.18829, 73.84235 30.35298, 74.05753 30.53137, 74.32976 30.89961, 74.65883 31.08379, 74.50639 31.17541, 74.61191 31.4402, 74.48944 31.71119, 74.82864 32.02544, 75.17415 32.08683, 75.35905 32.26168, 75.02367 32.46626, 74.72498 32.46081, 74.62958 32.58809, 74.68529 32.83123, 74.52096 32.74529, 74.3065 32.80991, 74.32201 32.97205, 74.00234 33.17769, 74.14155 33.54937, 73.9767 33.64839, 74.03458 33.82861, 74.27229 33.96214, 73.9458 34.00979, 73.9983 34.1968, 73.77486 34.37095, 73.91934 34.64254, 74.28583 34.76889, 75.34809 34.55722, 75.77711 34.50381, 76.0234 34.67716, 76.55319 34.72584, 76.92112 34.92071, 77.04897 35.11044, 77.80035 35.49541)), ((93.07944 13.25983, 92.93702 13.06708, 92.99057 12.51923, 92.89161 12.20083, 92.7575 12.07746, 92.79689 11.86514, 92.71697 11.49445, 92.56031 11.74136, 92.71778 12.36249, 92.86402 13.2355, 93.04249 13.57123, 93.07944 13.25983)), ((93.92872 7.01236, 93.83424 6.74555, 93.67644 7.18187, 93.81398 7.24185, 93.92872 7.01236)), ((92.59591 10.67836, 92.37806 10.54133, 92.37672 10.78402, 92.52759 10.89547, 92.59591 10.67836)), ((88.05055 21.70539, 88.14674 21.86986, 88.13006 21.62592, 88.05055 21.70539)), ((93.45981 7.91079, 93.30502 7.94994, 93.39137 8.01557, 93.45981 7.91079)), ((92.83385 9.20236, 92.79956 9.11015, 92.70851 9.20161, 92.83385 9.20236)), ((93.72853 7.3371, 93.594 7.31476, 93.69695 7.44505, 93.72853 7.3371)), ((93.49781 8.062, 93.44654 8.1645, 93.52345 8.22582, 93.49781 8.062)), ((92.69988 11.38443, 92.59352 11.37836, 92.63559 11.50804, 92.69988 11.38443)), ((92.73748 12.96174, 92.68279 12.79731, 92.68279 12.96174, 92.73748 12.96174)), ((93.06642 11.89912, 92.94703 11.98969, 93.01857 12.01581, 93.06642 11.89912)), ((88.65016 21.92744, 88.64633 21.78791, 88.58627 21.843, 88.65016 21.92744)), ((93.16733 8.20454, 93.10255 8.2215, 93.05958 8.29141, 93.16733 8.20454)), ((80.98854 15.77074, 80.94264 15.74103, 80.88836 15.84675, 80.98854 15.77074)), ((88.90797 21.53071, 88.83872 21.53193, 88.84132 21.614, 88.90797 21.53071)), ((88.0809 21.84935, 88.09425 21.93789, 88.12501 21.88866, 88.0809 21.84935)), ((93.10328 12.18008, 93.09425 12.09097, 93.05958 12.13874, 93.10328 12.18008)), ((93.57399 7.92487, 93.51149 7.99551, 93.5586 8.01362, 93.57399 7.92487)), ((92.27809 11.58381, 92.2732 11.53107, 92.2173 11.59809, 92.27809 11.58381)), ((93.60768 8.54804, 93.62818 8.48656, 93.60035 8.45034, 93.60768 8.54804)), ((93.05274 13.6402, 92.99057 13.66747, 93.03321 13.68024, 93.05274 13.6402)), ((73.04469 8.25243, 73.0241 8.25544, 73.06316 8.27949, 73.04469 8.25243)), ((72.1727 10.80923, 72.17905 10.8487, 72.20004 10.86445, 72.1727 10.80923)), ((72.78907 11.26166, 72.7754 11.18659, 72.77036 11.20364, 72.78907 11.26166)), ((94.28094 13.44355, 94.29078 13.42292, 94.26189 13.42927, 94.28094 13.44355)), ((73.64633 10.0847, 73.63258 10.05728, 73.63331 10.07787, 73.64633 10.0847)), ((93.87281 12.26887, 93.85377 12.26057, 93.86061 12.2812, 93.87281 12.26887)), ((72.64975 10.56684, 72.62745 10.55475, 72.64861 10.57396, 72.64975 10.56684)), ((73.01319 11.50218, 73.00563 11.47964, 73.00441 11.49649, 73.01319 11.50218)), ((72.75001 11.11909, 72.74497 11.10952, 72.73951 11.11396, 72.75001 11.11909)), ((72.71616 11.69416, 72.70094 11.68643, 72.70509 11.69233, 72.71616 11.69416)), ((73.6714 10.82974, 73.68442 10.82754, 73.67286 10.82469, 73.6714 10.82974)), ((73.66228 10.1446, 73.65789 10.13906, 73.65561 10.14476, 73.66228 10.1446)), ((72.54876 10.77932, 72.54119 10.77289, 72.54086 10.77652, 72.54876 10.77932)))
80;80;Asia;South Asia;nepal;Nepal;Dalits, women and girls, conflict-era victims, human rights defenders, survivors of caste and gender-based violence;Nepalese government, police forces, judiciary, caste-based and patriarchal social structures;Watch;3,4,8;3;8;OK;current;2024-02-01;"Although the civil war in Nepal ended in 2006, the transitional justice process has largely failed to secure accountability for conflict-era abuses. This atmosphere of impunity has extended to modern-day human rights violations.

Nepal is an ethnically, linguistically, and religiously diverse country, and minority groups are particularly vulnerable to ongoing abuses. Indigenous peoples have not been compensated for previous forced evictions, and face persecution for attempting to access their former lands. While caste-based discrimination is outlawed, Dalits remain marginalized, underrepresented, and disproportionately affected by violence. Nepal’s 2015 constitution contains provisions that discriminate against women, and there are high rates of gender-based violence and child marriage across the country.";Profile details checked;https://www.genocidewatch.com/country-pages/nepal;https://www.genocidewatch.com/_files/ugd/462c19_81f3a74b050c463e8242ce8b257e1e1e.docx?dn=Nepal%2520Country%2520Report%25202024%2520by%2520Sera%2520Mishra%2520(FINAL%2520DRAFT).docx;https://www.genocidewatch.com/country-pages/nepal;;;base_country;0;;Polygon;EPSG:4326;Existing Ten Stages corrected GeoJSON;NAME=Nepal;Topology-simplified embedded fallback used only when the live GitHub CSV cannot be loaded.;d1915cfacf69119cc924f4549606926001e1cb48d3884e86923f153b898287b4;;POLYGON ((80.99602 30.19697, 80.88388 30.21041, 80.47615 29.80614, 80.21374 29.41689, 80.28009 29.31015, 80.03639 28.83703, 80.34975 28.62022, 80.64834 28.61975, 81.14634 28.37225, 81.30706 28.12381, 81.8832 27.84905, 82.05161 27.90517, 82.40193 27.67717, 82.65214 27.70415, 82.75214 27.49496, 83.13279 27.44422, 83.83409 27.43404, 84.0796 27.50954, 84.57704 27.32903, 84.64024 27.02838, 85.16202 26.85102, 85.28728 26.73697, 85.59858 26.85438, 85.82161 26.57171, 86.01137 26.65445, 86.28443 26.61202, 86.7136 26.41456, 87.04133 26.58019, 87.08329 26.43208, 87.32622 26.35333, 88.07419 26.45394, 88.16907 26.744, 87.97073 27.10274, 88.11822 27.86088, 87.82588 27.90657, 87.72682 27.80776, 87.1558 27.8258, 87.03053 27.93809, 86.54415 28.09302, 86.43884 27.91086, 86.20304 28.00258, 85.98026 27.88517, 85.69294 28.33522, 85.61181 28.25114, 85.08021 28.31879, 85.16801 28.58319, 84.67776 28.60441, 84.23515 28.90002, 84.09913 29.247, 83.88344 29.28201, 83.51705 29.19171, 83.16209 29.62517, 82.83658 29.65979, 82.54181 29.92324, 82.14453 30.06943, 82.08877 30.33009, 81.59159 30.41427, 81.38752 30.37391, 81.32241 30.13377, 81.09777 30.01693, 80.99602 30.19697))
81;81;Asia;South Asia;pakistan;Pakistan;Religious minorities (Christians, Hindus, Buddhists), women, children, LGBTQI+ individuals, transgender people, journalists, political opposition;Pakistani government, intelligence services (ISI), police, law enforcement agencies;Watch;3,5,6,9;4;9;OK;current;2026-03-01;"Pakistan faces a deepening human rights crisis rooted in its colonial legacy, marked by military dominance, fragile democratic institutions, and widespread violence against vulnerable groups. Women are subjected to gender-based violence, including honor killings, forced marriage, and rape, while religious minorities face persecution under blasphemy laws.

Journalists, activists, and academics are silenced through censorship, arrests, and violence, as militant attacks and regional instability, particularly tensions with India and Afghanistan, further erode the protection of fundamental rights.";Profile details checked;https://www.genocidewatch.com/country-pages/pakistan;https://d0dbb2cb-698c-4513-aa47-eba3a335e06f.filesusr.com/ugd/b74bf7_5b636e38c1d5467fae55766a8f938ea6.pdf;https://www.genocidewatch.com/country-pages/pakistan;;;base_country;0;;MultiPolygon;EPSG:4326;Existing Ten Stages corrected GeoJSON;NAME=Pakistan;Topology-simplified embedded fallback used only when the live GitHub CSV cannot be loaded.;4eb4c5e1df5092b9b8c085b3ec06defe67f52451c90da91bc92aa6549ed82ee8;;MULTIPOLYGON (((76.77735 35.64611, 77.04897 35.11044, 76.92112 34.92071, 76.55319 34.72584, 76.0234 34.67716, 75.77711 34.50381, 75.34809 34.55722, 74.28583 34.76889, 73.91934 34.64254, 73.77486 34.37095, 73.9983 34.1968, 73.9458 34.00979, 74.27229 33.96214, 74.03458 33.82861, 73.9767 33.64839, 74.14155 33.54937, 74.00234 33.17769, 74.32201 32.97205, 74.3065 32.80991, 74.52096 32.74529, 74.68529 32.83123, 74.62958 32.58809, 74.72498 32.46081, 75.02367 32.46626, 75.35905 32.26168, 75.17415 32.08683, 74.82864 32.02544, 74.48944 31.71119, 74.61191 31.4402, 74.50639 31.17541, 74.65883 31.08379, 74.32976 30.89961, 74.05753 30.53137, 73.84235 30.35298, 73.94435 30.18829, 73.37033 29.92732, 73.23287 29.5366, 72.90152 29.02262, 72.38218 28.78401, 72.14994 28.35377, 71.89156 28.0971, 71.86086 27.95021, 71.31144 27.86171, 70.83157 27.70146, 70.63319 27.93163, 70.34194 28.01147, 70.09069 27.79355, 70.01689 27.60059, 69.57558 27.18842, 69.46509 26.80777, 69.81556 26.58029, 70.15807 26.53011, 70.06464 25.98033, 70.26458 25.6973, 70.63231 25.70138, 70.64662 25.43137, 70.85989 25.13945, 71.06386 24.68258, 70.95482 24.58452, 71.08277 24.41151, 70.75545 24.23144, 70.52095 24.42492, 70.1097 24.3049, 69.97204 24.16522, 69.56307 24.27676, 68.72591 24.28922, 68.72447 23.96518, 68.43156 23.96714, 68.18303 23.84211, 68.15748 23.69623, 67.86891 23.85049, 67.6316 23.80345, 67.50978 24.05207, 67.44068 24.07026, 67.35401 24.07087, 67.15699 24.66291, 67.25294 24.74038, 66.95769 24.84357, 66.6797 24.83055, 66.71754 25.23119, 66.43702 25.59772, 66.25815 25.61201, 66.4839 25.40054, 66.2518 25.47289, 65.67164 25.3474, 65.39536 25.39228, 65.15528 25.29609, 64.5184 25.27558, 63.80494 25.37499, 63.57252 25.36498, 63.5005 25.19367, 62.47718 25.25906, 62.34311 25.15546, 61.72006 25.03744, 61.77955 25.19107, 61.58823 25.20209, 61.66035 25.76918, 61.76009 25.8376, 61.85713 26.24238, 62.24341 26.35064, 62.29199 26.50123, 62.75356 26.64416, 63.1076 26.6376, 63.31963 27.11731, 63.16698 27.2587, 62.80064 27.22516, 62.8147 27.49496, 62.7393 28.25833, 62.57564 28.22903, 62.36279 28.41889, 61.89279 28.5426, 61.56651 28.87098, 61.27918 29.40663, 60.84438 29.85818, 62.47751 29.40782, 63.56861 29.49748, 64.08609 29.38661, 64.4777 29.57037, 65.03637 29.54016, 66.19563 29.83534, 66.32182 30.43737, 66.26798 30.60139, 66.36626 30.92287, 66.55003 30.97697, 66.69699 31.19582, 66.94328 31.31473, 67.3462 31.20776, 67.74944 31.32801, 67.56898 31.52986, 68.04657 31.6884, 68.15913 31.82591, 68.49802 31.72525, 68.67579 31.7747, 68.77728 31.61859, 69.00404 31.65109, 69.29885 31.93769, 69.228 32.4213, 69.42913 32.66736, 69.54752 33.07501, 69.88093 33.08925, 70.29445 33.31895, 70.10815 33.7273, 69.84109 33.94181, 70.00284 34.04379, 70.52198 33.9387, 71.06262 34.05425, 71.12205 34.35682, 70.97084 34.46888, 71.0806 34.67292, 71.45996 34.94267, 71.63369 35.20312, 71.52982 35.3009, 71.59349 35.54936, 71.34157 35.94726, 71.16592 36.04571, 71.62915 36.45953, 71.73632 36.39592, 72.21361 36.72644, 72.56521 36.8206, 73.64008 36.89664, 74.09432 36.83124, 74.54235 37.02167, 75.3513 36.91578, 75.41052 36.74732, 75.79055 36.68784, 75.97658 36.46263, 76.01441 36.2304, 75.89431 36.09738, 76.16603 35.80624, 76.53717 35.90251, 76.77735 35.64611)), ((67.39039 24.04926, 67.48536 24.04853, 67.42693 24.00751, 67.39039 24.04926)))
83;83;Asia;South Asia;sri-lanka;Sri Lanka;Tamil civilians, Tamil political prisoners, Muslim minority, journalists, activists;Sri Lankan government, Sri Lankan Army, Bodu Bala Sena (BBS);Watch;3,5,8,10;4;10;OK;historical;2021-09-14;Sri Lanka is still recovering from a 26-year civil war that ended in May 2009 with victory by the Sinhalese majority government over Tamil Tiger separatists. National reconciliation is marred by obstruction of accountability or justice for war crimes and crimes against humanity committed against Tamils during the civil war, and by continuing discrimination against Tamils and Muslims.;Profile details checked;https://www.genocidewatch.com/country-pages/sri-lanka;https://d0dbb2cb-698c-4513-aa47-eba3a335e06f.filesusr.com/ugd/09ea84_a5b42921a1224623b36a0fd4dcdfbbbd.pdf;https://www.genocidewatch.com/country-pages/sri-lanka;;;base_country;0;;MultiPolygon;EPSG:4326;Existing Ten Stages corrected GeoJSON;NAME=Sri Lanka;Topology-simplified embedded fallback used only when the live GitHub CSV cannot be loaded.;3a57ac13d4dc254d7dd8b277e3d7c055d05c7b1a5ed7ca682b61d977019ace67;;MULTIPOLYGON (((81.89031 7.01992, 81.68149 6.46214, 81.36207 6.22541, 80.59083 5.92373, 80.18523 6.04116, 80.03199 6.26634, 79.86305 6.8072, 79.73194 8.01313, 79.79347 8.07282, 79.95053 8.73981, 79.91554 8.93854, 80.11598 9.23383, 80.05299 9.39155, 80.36866 9.53022, 79.94703 9.69318, 80.12233 9.81892, 80.7444 9.35969, 81.36573 8.48216, 81.4485 8.128, 81.69679 7.753, 81.89031 7.01992)), ((79.84164 9.07722, 79.88575 8.97622, 79.79982 9.04898, 79.84164 9.07722)), ((79.89584 9.6175, 79.84067 9.69941, 79.9734 9.63378, 79.89584 9.6175)), ((81.82325 7.51138, 81.78736 7.49681, 81.78736 7.59345, 81.82325 7.51138)), ((79.68946 9.48359, 79.65577 9.54487, 79.71925 9.52436, 79.68946 9.48359)))
84;84;Oceania;Oceania;australia;Australia;Indigenous Australians (Aboriginal people and Torres Strait Islander people );Government;Watch;3,10;2;10;OK;historical;2022-10-01;"In 1788, the British began to colonize Australia, disrupting the lives and culture of the Aboriginal people. The colonizers brought disease--smallpox--with them and took the indigenous land and food sources. There was also a common practice of raping indigenous women and capturing many for slavery. Later, there was a large campaign for assimilation in which children were separated from their families. The Frontier Wars and Genocide was a movement to kill off the indigenous resistance.

Reports have stated that 40,000-65,000 indigenous people were killed for over a century. Some are even higher. Over the decades, the Aboriginal people faced racist policies--similar to Jim Crow-era laws and became impoverished. Reform began in the late sixties, but, today, indigenous groups are still fighting policies that disregard their cultural heritage and their history.";Profile details checked;https://www.genocidewatch.com/country-pages/australia;https://d0dbb2cb-698c-4513-aa47-eba3a335e06f.filesusr.com/ugd/1585f1_6e4f2161c5cf484ca2f9307a03257d5e.pdf;https://www.genocidewatch.com/country-pages/australia;;;base_country;0;;MultiPolygon;EPSG:4326;Existing Ten Stages corrected GeoJSON;NAME=Australia;Topology-simplified embedded fallback used only when the live GitHub CSV cannot be loaded.;262560c69b1cc14cb3f270fc2b5cd55203240cfb867581a81a4956f0b1c9a4d1;;MULTIPOLYGON (((131.5359 -31.60556, 131.1775 -31.47763, 130.83375 -31.60174, 130.15691 -31.57391, 128.99 -31.69052, 128.01734 -32.08424, 127.28875 -32.27337, 126.67774 -32.31658, 126.18572 -32.23252, 125.87 -32.33298, 125.53727 -32.54838, 125.00025 -32.73724, 124.70883 -32.9039, 124.35694 -32.95281, 124.11655 -33.12151, 123.95248 -33.56732, 123.52662 -33.93865, 123.14698 -34.00213, 123.08497 -33.87835, 122.31227 -33.9249, 122.07358 -34.00701, 122.01564 -33.82537, 121.813 -33.89511, 121.53289 -33.81951, 120.57228 -33.89153, 120.4227 -33.9699, 120.00221 -33.92604, 119.57203 -34.14202, 119.26059 -34.52215, 118.83985 -34.45257, 118.75733 -34.60345, 118.47983 -34.71705, 118.3851 -34.90838, 117.68434 -35.04632, 117.61964 -35.13787, 117.35955 -35.02418, 116.63787 -35.05023, 115.97853 -34.83563, 115.61232 -34.4459, 115.33473 -34.31422, 115.11883 -34.36338, 114.97104 -34.0827, 114.98854 -33.52109, 115.28273 -33.65065, 115.43409 -33.59547, 115.66684 -33.28769, 115.60092 -32.66172, 115.74871 -32.6373, 115.74366 -31.92783, 115.68035 -31.64861, 115.18092 -30.82724, 114.97486 -30.21404, 114.97877 -29.47991, 114.83204 -29.09205, 114.57748 -28.78509, 114.5311 -28.52239, 114.16603 -28.1067, 114.14389 -27.68776, 114.01254 -27.31536, 113.59058 -26.67565, 113.29778 -26.39729, 113.39664 -26.17658, 113.56551 -26.56508, 113.81243 -26.59942, 113.88477 -26.34267, 113.68414 -26.2216, 113.42078 -25.72822, 113.53289 -25.61826, 113.76061 -25.90479, 113.79539 -26.20671, 113.90958 -25.97637, 113.96998 -26.33172, 114.10378 -26.44788, 114.25856 -25.84189, 114.15528 -25.78973, 113.71306 -25.12493, 113.60434 -24.72829, 113.43946 -24.53281, 113.41456 -24.04941, 113.59946 -23.63397, 113.74985 -23.51165, 113.81153 -23.05136, 113.64666 -22.57773, 114.01149 -21.85996, 114.15919 -21.79192, 114.07748 -22.17547, 114.1797 -22.52174, 114.36704 -22.47829, 114.64674 -21.84336, 115.4546 -21.51377, 116.2186 -20.84287, 116.43474 -20.82236, 116.82032 -20.5499, 116.87965 -20.71307, 117.15406 -20.59637, 117.35377 -20.72772, 117.73634 -20.65846, 118.13559 -20.36207, 118.8318 -20.26198, 118.97462 -20.05039, 119.21241 -19.9612, 119.56666 -20.06878, 119.80226 -19.96575, 120.23829 -19.90683, 120.95436 -19.63372, 121.19353 -19.47243, 121.51938 -19.06959, 121.82374 -18.45184, 121.91033 -18.46445, 122.32399 -18.15057, 122.36069 -18.00018, 122.16977 -17.97829, 122.17205 -17.26116, 122.57057 -16.78851, 122.82097 -16.77972, 122.7588 -16.60442, 123.0066 -16.37444, 122.95981 -16.58034, 123.15089 -16.80771, 123.39967 -17.32928, 123.55397 -17.51898, 123.63966 -17.17278, 123.59498 -16.98512, 123.86085 -17.21038, 123.69313 -16.72991, 123.50994 -16.6539, 123.73268 -16.25897, 123.99285 -16.37786, 123.9109 -16.21746, 124.22267 -16.3956, 124.76873 -16.38535, 124.40154 -16.32928, 124.45427 -16.05267, 124.3899 -15.52256, 124.62965 -15.50498, 124.92888 -15.33815, 124.86305 -15.11443, 125.00017 -14.97039, 125.32879 -15.15276, 125.43084 -15.01971, 125.13746 -14.7575, 125.35646 -14.50433, 125.58383 -14.52654, 125.6058 -14.22926, 125.68434 -14.50677, 125.80519 -14.43792, 125.90943 -14.63942, 126.04127 -14.50872, 126.13445 -14.0949, 126.22657 -14.21299, 126.43214 -13.9699, 126.60353 -14.23008, 126.74741 -13.79176, 126.95289 -13.72357, 127.12973 -13.96771, 127.34425 -13.90447, 127.66603 -14.1784, 127.87428 -14.4699, 128.1753 -14.69842, 128.06707 -15.12518, 128.29664 -15.31618, 128.19581 -15.05682, 128.4441 -15.04616, 128.45981 -15.00164, 128.39576 -14.79599, 128.5324 -14.75286, 129.05104 -14.88014, 129.26303 -15.1076, 129.22145 -14.84352, 129.47657 -14.93377, 129.66196 -15.13836, 129.64552 -14.84059, 129.80055 -14.85996, 129.58522 -14.56634, 129.35808 -14.40879, 129.54713 -14.08538, 129.71754 -14.01556, 129.89129 -13.43768, 130.13396 -13.46103, 130.25245 -13.28476, 130.11866 -13.15618, 130.12989 -12.94052, 130.31861 -12.90602, 130.35434 -12.67205, 130.55909 -12.62477, 130.62037 -12.43694, 131.05177 -12.35377, 131.00017 -12.17132, 131.32789 -12.18532, 131.49293 -12.29778, 131.90463 -12.21982, 132.04566 -12.30739, 132.67905 -12.13681, 132.59303 -11.78444, 132.69557 -11.6535, 132.36988 -11.43499, 132.08473 -11.518, 131.92555 -11.3209, 131.76759 -11.3108, 131.98162 -11.13006, 132.20387 -11.41033, 132.18832 -11.13275, 132.34303 -11.122, 132.67416 -11.5084, 132.87289 -11.32789, 133.18507 -11.71705, 133.58985 -11.79811, 133.8025 -11.71494, 133.94313 -11.91367, 134.06837 -11.85442, 134.42897 -12.05755, 134.76857 -11.94769, 134.86109 -12.12656, 135.07016 -12.25994, 135.36627 -12.08761, 135.5879 -12.09857, 135.6006 -11.95672, 135.89723 -11.96258, 135.65007 -12.16458, 135.73194 -12.31146, 135.88893 -12.14625, 136.06023 -12.23219, 136.0232 -12.45566, 136.2527 -12.44109, 136.36394 -12.25644, 136.18002 -12.18776, 136.45071 -11.94233, 136.6906 -12.28281, 136.76092 -12.16448, 136.92782 -12.34898, 136.48976 -12.85076, 136.63694 -12.95494, 136.47804 -13.22763, 136.37159 -13.06536, 136.15862 -13.26288, 135.97754 -13.23196, 135.85475 -13.45599, 135.90138 -13.73886, 136.05348 -13.68816, 135.90943 -14.19525, 135.75913 -14.26539, 135.37827 -14.71233, 135.46957 -14.94801, 136.24008 -15.42409, 136.26791 -15.54502, 136.59474 -15.71087, 136.7046 -15.91522, 136.99187 -15.86419, 137.36118 -16.12217, 137.7461 -16.25213, 138.18426 -16.6972, 138.65724 -16.77972, 139.03728 -16.91562, 139.27418 -17.34832, 139.99952 -17.70615, 140.5075 -17.63633, 140.83326 -17.45078, 141.08351 -16.80023, 141.19947 -16.70306, 141.43116 -16.06178, 141.37875 -15.93792, 141.48707 -15.47894, 141.6657 -15.01141, 141.52166 -14.48382, 141.58399 -14.0761, 141.48504 -13.9485, 141.52703 -13.57138, 141.69337 -13.24131, 141.58546 -12.97747, 141.82325 -12.65407, 141.59474 -12.52606, 141.80104 -12.05511, 141.91961 -12.10605, 142.13185 -11.33815, 142.17457 -10.93011, 142.44858 -10.71453, 142.615 -10.74538, 142.86964 -11.39129, 142.87289 -11.85068, 143.20395 -11.98252, 143.07716 -12.32879, 143.43393 -12.61305, 143.36427 -12.86175, 143.49545 -12.92156, 143.59791 -13.52418, 143.53012 -13.75018, 143.68727 -14.01434, 143.78273 -14.40228, 143.94117 -14.51116, 144.47885 -14.15993, 144.67758 -14.55584, 144.886 -14.60963, 145.03053 -14.80592, 145.34571 -14.94256, 145.24733 -15.09498, 145.27377 -15.53574, 145.46241 -16.06048, 145.4004 -16.44329, 145.88233 -17.03973, 146.14772 -17.63258, 146.00367 -18.15643, 146.21372 -18.49212, 146.33937 -18.52703, 146.27662 -18.87428, 146.44654 -19.05975, 147.13396 -19.41082, 147.44483 -19.34157, 147.68426 -19.82806, 147.75082 -19.6915, 147.94947 -19.90781, 148.27858 -19.96575, 148.40211 -20.17392, 148.56007 -20.05267, 148.75668 -20.22967, 148.80828 -20.43336, 148.65528 -20.55543, 148.85385 -20.83221, 149.23121 -21.08978, 149.47828 -21.71844, 149.43539 -21.78973, 149.60857 -22.24432, 149.73129 -22.46933, 149.81275 -22.37811, 150.04672 -22.64528, 149.92351 -22.29827, 150.05356 -22.14153, 150.21559 -22.39479, 150.60914 -22.61053, 150.56764 -22.32317, 150.75978 -22.47047, 150.82643 -22.69793, 150.76441 -23.15887, 150.81422 -23.41131, 151.44825 -24.00905, 151.78045 -24.02256, 152.1504 -24.61907, 152.4048 -24.74871, 152.67709 -25.24188, 152.91383 -25.28769, 152.94288 -25.75319, 153.20558 -25.93499, 153.07748 -26.28086, 153.20623 -27.04608, 153.03826 -27.19345, 153.44557 -27.81048, 153.44947 -28.07317, 153.59108 -28.26849, 153.60597 -28.86745, 153.34034 -29.32269, 153.32163 -29.69752, 152.9878 -30.73463, 153.08627 -30.89471, 152.9345 -31.48281, 152.51008 -32.16188, 152.53989 -32.44209, 152.10939 -32.79412, 151.83403 -32.86497, 151.34075 -33.61747, 151.28142 -33.95233, 150.92492 -34.33042, 150.75945 -35.17889, 150.55397 -35.21356, 150.40935 -35.53851, 150.1526 -35.89373, 150.14234 -36.32, 149.90382 -36.9284, 150.05356 -37.27614, 149.98536 -37.49586, 149.77866 -37.55608, 149.47901 -37.7859, 148.30641 -37.82342, 147.91651 -37.91855, 147.58937 -38.08066, 146.87859 -38.6443, 146.18238 -38.75595, 146.28639 -38.90984, 146.44776 -38.7903, 146.42555 -39.13641, 146.09181 -38.81976, 145.92115 -38.90667, 145.80934 -38.65016, 145.57081 -38.66172, 145.37306 -38.53053, 145.5569 -38.38519, 145.47657 -38.24489, 145.29656 -38.2317, 144.94459 -38.51035, 144.80397 -38.37908, 145.11931 -38.15936, 144.98268 -37.89935, 144.82545 -37.89853, 144.52809 -38.10491, 144.65284 -38.28582, 144.40187 -38.3012, 144.0525 -38.48577, 143.53696 -38.85833, 142.81023 -38.57838, 142.39772 -38.36712, 142.22462 -38.40569, 141.76197 -38.26181, 141.65398 -38.39983, 140.95143 -38.05429, 140.71355 -38.07057, 140.35987 -37.88209, 140.24057 -37.66595, 139.98805 -37.48707, 139.74155 -37.18084, 139.67205 -36.95338, 139.86354 -36.76727, 139.85369 -36.62176, 139.56739 -36.07529, 139.04135 -35.6041, 139.13543 -35.4983, 139.24391 -35.69451, 139.3755 -35.46396, 139.26759 -35.33131, 138.96119 -35.41383, 138.99342 -35.54754, 138.20167 -35.67164, 138.12273 -35.55535, 138.42742 -35.35263, 138.49391 -34.7916, 138.07814 -34.12835, 137.6714 -35.18084, 137.40349 -35.1242, 137.1692 -35.24228, 136.83546 -35.24774, 137.03061 -34.89983, 137.44614 -34.91741, 137.51271 -34.61777, 137.45387 -34.164, 137.60206 -33.87664, 137.93749 -33.52784, 137.81044 -33.25998, 138.02516 -33.14853, 137.82179 -32.56829, 137.76979 -32.99082, 137.45216 -33.14007, 137.22486 -33.65325, 136.60743 -33.90293, 136.3694 -34.07342, 136.23219 -34.30869, 135.93678 -34.5346, 135.88299 -34.76849, 136.01246 -34.97967, 135.60401 -34.88014, 135.15317 -34.50221, 135.40577 -34.64446, 135.34645 -34.27557, 135.18979 -33.893, 134.84083 -33.63128, 134.81398 -33.3528, 134.66236 -33.22552, 134.27882 -33.16269, 134.07407 -32.71396, 134.29762 -32.67848, 134.14829 -32.45696, 133.85369 -32.52972, 133.94996 -32.38942, 133.64918 -32.10166, 133.41179 -32.21136, 133.1478 -32.19671, 132.79802 -31.95631, 132.23373 -32.03297, 131.5359 -31.60556)), ((147.96404 -43.22243, 147.79249 -43.24407, 147.62062 -43.02313, 147.86069 -43.04608, 147.84034 -42.90203, 147.50392 -42.85426, 147.3602 -42.92523, 147.25758 -43.25433, 147.09978 -43.29941, 146.85572 -43.63958, 146.55844 -43.52516, 146.02418 -43.5525, 145.91717 -43.1959, 145.8318 -43.29258, 145.68824 -43.04974, 145.51026 -42.95843, 145.26547 -42.60426, 145.18873 -42.19573, 145.42449 -42.3707, 145.20655 -41.96657, 144.92604 -41.70908, 144.6058 -40.99651, 144.68922 -40.70452, 145.7116 -40.93043, 145.79127 -41.01702, 146.42368 -41.16619, 147.01759 -40.97666, 147.44483 -41.0084, 147.59742 -40.84686, 147.81983 -40.89349, 147.98422 -40.7365, 148.33139 -41.00221, 148.27231 -41.20257, 148.32008 -42.1194, 148.09295 -42.10019, 148.00603 -42.51409, 147.88868 -42.5451, 147.98072 -42.87119, 147.96404 -43.22243)), ((131.53045 -11.47479, 131.29314 -11.72405, 130.97999 -11.92645, 130.49659 -11.64951, 130.36598 -11.23235, 130.72364 -11.3847, 131.00978 -11.35491, 131.22999 -11.2081, 131.42774 -11.24969, 131.53045 -11.47479)), ((138.0477 -35.91863, 137.75668 -35.87151, 137.45924 -36.0827, 137.21168 -35.98016, 136.71559 -36.06276, 136.53256 -35.91188, 136.58155 -35.76849, 137.35222 -35.58563, 137.62289 -35.58213, 137.58082 -35.72682, 138.06471 -35.761, 138.0477 -35.91863)), ((136.90309 -14.29892, 136.43775 -14.19842, 136.42457 -13.81032, 136.71827 -13.64772, 136.71852 -13.82903, 136.92433 -13.80535, 136.7046 -14.07293, 136.90309 -14.29892)), ((130.62818 -11.80462, 130.05348 -11.82285, 130.18572 -11.48642, 130.34498 -11.31707, 130.44801 -11.70135, 130.62818 -11.80462)), ((153.37355 -25.01181, 153.05535 -25.79713, 152.94825 -25.55218, 153.06853 -25.32903, 153.03834 -25.18353, 153.2492 -24.95485, 153.13722 -24.81707, 153.28126 -24.69354, 153.37355 -25.01181)), ((147.75766 -39.87933, 147.9533 -39.71168, 148.299 -39.96185, 148.30738 -40.23773, 148.12428 -40.2706, 147.75766 -39.87933)), ((144.11248 -40.03086, 143.92254 -40.12737, 143.86199 -39.70062, 144.08416 -39.62615, 144.11248 -40.03086)), ((139.44467 -16.66465, 139.17799 -16.66237, 139.28785 -16.47064, 139.60377 -16.39837, 139.44467 -16.66465)), ((113.20704 -26.13974, 112.96453 -25.79404, 113.00782 -25.49619, 113.20704 -26.13974)), ((151.21388 -23.77809, 150.97961 -23.48739, 151.19508 -23.53387, 151.21388 -23.77809)), ((148.48455 -40.42799, 148.34059 -40.50368, 148.00245 -40.42653, 148.3235 -40.30446, 148.48455 -40.42799)), ((146.29168 -18.49285, 146.09303 -18.26629, 146.30209 -18.23724, 146.29168 -18.49285)), ((132.46811 -11.02996, 132.56666 -10.98211, 132.59929 -11.34498, 132.46811 -11.02996)), ((153.54884 -27.41522, 153.40333 -27.72625, 153.43409 -27.393, 153.54884 -27.41522)), ((147.31593 -43.50066, 147.16814 -43.36826, 147.31275 -43.26824, 147.31593 -43.50066)), ((137.07289 -15.84696, 136.94304 -15.66766, 137.08319 -15.6522, 137.07289 -15.84696)), ((136.76369 -11.04007, 136.71648 -11.20623, 136.52461 -11.44696, 136.76369 -11.04007)), ((115.47047 -20.74619, 115.2964 -20.85654, 115.39942 -20.69378, 115.47047 -20.74619)), ((136.28688 -13.70582, 136.24513 -13.83953, 136.17701 -13.76385, 136.28688 -13.70582)), ((142.28004 -10.71893, 142.14552 -10.7492, 142.21225 -10.59759, 142.28004 -10.71893)), ((153.36052 -27.06601, 153.45135 -27.01702, 153.42921 -27.35442, 153.36052 -27.06601)), ((124.58253 -15.37396, 124.45883 -15.36094, 124.50441 -15.27939, 124.58253 -15.37396)), ((145.4944 -38.36517, 145.2837 -38.4026, 145.3069 -38.29534, 145.4944 -38.36517)), ((125.20493 -14.59303, 125.09156 -14.61858, 125.12281 -14.48122, 125.20493 -14.59303)), ((139.56935 -17.10036, 139.40398 -17.10068, 139.49391 -16.98512, 139.56935 -17.10036)), ((142.34051 -10.19085, 142.20118 -10.22039, 142.2317 -10.14186, 142.34051 -10.19085)), ((136.37566 -11.59205, 136.17701 -11.68825, 136.28346 -11.56471, 136.37566 -11.59205)), ((148.11012 -42.71649, 148.02459 -42.61346, 148.13445 -42.5901, 148.11012 -42.71649)), ((145.26368 -38.51922, 145.11297 -38.53053, 145.28631 -38.45143, 145.26368 -38.51922)), ((149.0394 -20.28729, 148.93116 -20.29217, 148.98487 -20.15146, 149.0394 -20.28729)), ((158.8934 -54.51084, 158.96241 -54.46933, 158.88054 -54.7457, 158.8934 -54.51084)), ((136.5879 -15.63519, 136.49855 -15.6277, 136.60279 -15.51637, 136.5879 -15.63519)), ((142.167 -10.18206, 142.09702 -10.11858, 142.1421 -10.05039, 142.167 -10.18206)), ((132.64112 -11.64471, 132.55885 -11.71917, 132.54518 -11.63161, 132.64112 -11.64471)), ((147.43751 -43.23895, 147.29566 -43.16562, 147.36004 -43.07488, 147.43751 -43.23895)), ((145.03102 -40.67254, 144.92742 -40.7234, 144.93051 -40.61533, 145.03102 -40.67254)), ((142.75457 -9.36981, 142.64161 -9.4284, 142.63746 -9.37396, 142.75457 -9.36981)), ((136.31625 -11.9874, 136.18434 -12.07806, 136.12916 -12.05755, 136.31625 -11.9874)), ((128.44068 -15.03875, 128.35825 -14.95631, 128.35377 -14.86924, 128.44068 -15.03875)), ((149.91651 -22.04192, 149.92823 -22.16009, 149.8694 -22.14227, 149.91651 -22.04192)), ((136.71192 -15.70355, 136.66358 -15.77858, 136.62184 -15.69256, 136.71192 -15.70355)), ((150.55584 -22.30633, 150.45777 -22.31015, 150.50457 -22.21673, 150.55584 -22.30633)), ((148.13111 -40.51377, 148.25115 -40.48943, 148.19418 -40.59629, 148.13111 -40.51377)), ((128.18678 -15.1902, 128.12599 -15.1347, 128.15203 -15.05242, 128.18678 -15.1902)), ((148.92335 -20.17864, 148.88185 -20.13763, 148.98024 -20.0569, 148.92335 -20.17864)), ((136.80063 -15.64202, 136.73178 -15.7444, 136.73178 -15.64886, 136.80063 -15.64202)), ((136.14841 -13.3899, 136.16334 -13.51279, 136.12411 -13.47208, 136.14841 -13.3899)), ((144.83123 -40.42799, 144.89698 -40.37957, 144.95021 -40.45338, 144.83123 -40.42799)), ((144.79217 -40.42791, 144.76466 -40.58457, 144.70826 -40.48943, 144.79217 -40.42791)), ((129.57781 -14.86053, 129.59148 -14.96364, 129.50196 -14.79852, 129.57781 -14.86053)), ((113.07911 -25.06243, 113.11769 -25.00945, 113.06935 -25.27646, 113.07911 -25.06243)), ((142.20688 -9.24017, 142.27914 -9.28704, 142.15089 -9.27142, 142.20688 -9.24017)), ((133.47543 -11.58717, 133.47438 -11.6111, 133.35955 -11.61736, 133.47543 -11.58717)), ((146.65447 -18.7702, 146.57016 -18.76084, 146.58131 -18.68222, 146.65447 -18.7702)), ((146.87281 -19.10735, 146.82008 -19.17506, 146.78028 -19.13201, 146.87281 -19.10735)), ((135.95153 -11.68349, 136.05521 -11.65005, 136.00605 -11.70868, 135.95153 -11.68349)), ((136.19972 -35.03281, 136.16212 -35.06552, 136.12696 -34.94842, 136.19972 -35.03281)), ((146.6609 -38.75595, 146.51612 -38.78948, 146.47136 -38.74725, 146.6609 -38.75595)), ((133.54379 -32.29461, 133.6233 -32.24391, 133.63396 -32.28021, 133.54379 -32.29461)), ((113.11085 -24.96111, 113.13282 -24.80234, 113.15846 -24.80169, 113.11085 -24.96111)), ((142.29428 -10.57317, 142.32521 -10.6124, 142.27442 -10.6408, 142.29428 -10.57317)), ((124.452 -15.26474, 124.43165 -15.30869, 124.33473 -15.29192, 124.452 -15.26474)), ((136.89568 -15.5875, 136.84848 -15.63519, 136.88331 -15.49814, 136.89568 -15.5875)), ((133.4769 -11.45485, 133.511 -11.50319, 133.39503 -11.48903, 133.4769 -11.45485)), ((124.93629 -15.02606, 124.86378 -14.97259, 124.92457 -14.93629, 124.93629 -15.02606)), ((135.76268 -14.9009, 135.68725 -14.90289, 135.72783 -14.83453, 135.76268 -14.9009)), ((134.92628 -12.06813, 134.88836 -12.11224, 134.85426 -12.03777, 134.92628 -12.06813)), ((132.41188 -12.08367, 132.40577 -12.13299, 132.33985 -12.09857, 132.41188 -12.08367)), ((134.55063 -33.73366, 134.47901 -33.78362, 134.48634 -33.71168, 134.55063 -33.73366)), ((151.38307 -23.8401, 151.36264 -23.87176, 151.32106 -23.76873, 151.38307 -23.8401)), ((149.72779 -22.34051, 149.76629 -22.36468, 149.72478 -22.43987, 149.72779 -22.34051)), ((148.31691 -42.31439, 148.34059 -42.3541, 148.23072 -42.29941, 148.31691 -42.31439)), ((126.50099 -13.87371, 126.61085 -13.89422, 126.51515 -13.90488, 126.50099 -13.87371)), ((149.09409 -20.41823, 149.11508 -20.47967, 149.05307 -20.52809, 149.09409 -20.41823)), ((136.6185 -11.73545, 136.58155 -11.79811, 136.52801 -11.79852, 136.6185 -11.73545)), ((150.2461 -21.67889, 150.2461 -21.62363, 150.30535 -21.65976, 150.2461 -21.67889)), ((148.45045 -19.96575, 148.48097 -20.00457, 148.45045 -20.0416, 148.45045 -19.96575)), ((134.94873 -12.05467, 134.90847 -12.02262, 134.95625 -12.01647, 134.94873 -12.05467)), ((129.6325 -14.84694, 129.61183 -14.86736, 129.58302 -14.80381, 129.6325 -14.84694)), ((135.12196 -11.9297, 135.0577 -11.95319, 135.05389 -11.91944, 135.12196 -11.9297)), ((115.49211 -31.99565, 115.51476 -32.02536, 115.44014 -32.02183, 115.49211 -31.99565)), ((150.36891 -21.72674, 150.34278 -21.77174, 150.29322 -21.74774, 150.36891 -21.72674)), ((139.0892 -16.82757, 139.15504 -16.81292, 139.10108 -16.85947, 139.0892 -16.82757)), ((136.4642 -11.89373, 136.47779 -11.81422, 136.49855 -11.79811, 136.4642 -11.89373)), ((113.67962 -28.45224, 113.74954 -28.42758, 113.69334 -28.48354, 113.67962 -28.45224)), ((115.66 -32.14983, 115.68051 -32.23935, 115.66 -32.23252, 115.66 -32.14983)), ((136.81696 -12.07608, 136.82936 -12.13226, 136.79707 -12.10835, 136.81696 -12.07608)), ((152.96241 -25.26963, 153.00636 -25.32773, 152.99391 -25.33847, 152.96241 -25.26963)), ((159.06886 -31.52093, 159.10646 -31.56764, 159.08961 -31.58904, 159.06886 -31.52093)), ((137.36915 -34.47243, 137.35483 -34.53802, 137.33619 -34.51531, 137.36915 -34.47243)), ((136.4629 -35.13974, 136.49855 -35.17205, 136.44752 -35.16937, 136.4629 -35.13974)), ((136.81031 -13.80828, 136.81813 -13.80136, 136.8117 -13.80885, 136.81031 -13.80828)))
85;85;Oceania;Oceania;papua-new-guinea;Papua New Guinea;Bougainvilleans, women and girls, highlands and islander communities affected by environmental degradation;Papua New Guinea government, foreign mining corporations, local gangs (Raskol);Watch;3,5;2;5;OK;current;2021-11-01;Tribal and gang violence, known locally as Raskol is widespread throughout Papua New Guinea (PNG). A large supply of firearms, environmental destruction, and slim economic opportunities have help fuel this violence. Women, children, and LGBTQ+ are at huge risk for assault, robbery, and murder.  From 1988-1998, The PNG government led a large-scale invasion of the separatist island of Bouganville, using scorched-earth tactics to defeat the Bougainville Revolutionary Army (BRA).;Profile details checked;https://www.genocidewatch.com/country-pages/papua-new-guinea;https://d0dbb2cb-698c-4513-aa47-eba3a335e06f.filesusr.com/ugd/09ea84_4f9406e4ea2a4f93b598a83e11cc671e.pdf;https://www.genocidewatch.com/country-pages/papua-new-guinea;;;base_country;0;;MultiPolygon;EPSG:4326;Existing Ten Stages corrected GeoJSON;NAME=Papua New Guinea;Topology-simplified embedded fallback used only when the live GitHub CSV cannot be loaded.;486b202337bb840de3a437c0fadcb905fafc4f80d445860c1ac13d64f1bbcb54;;MULTIPOLYGON (((140.97446 -2.60052, 141.29623 -2.67645, 142.00001 -2.95599, 142.06284 -3.06015, 143.02931 -3.35556, 143.47788 -3.42059, 143.99586 -3.79315, 144.51344 -3.81756, 144.55128 -3.96844, 144.86785 -4.09922, 145.05095 -4.34189, 145.34571 -4.39023, 145.81186 -4.86102, 145.72739 -5.42246, 146.46095 -5.5993, 147.04225 -5.93865, 147.44907 -5.9616, 147.82667 -6.33538, 147.85401 -6.69101, 146.97731 -6.74041, 146.95623 -6.95469, 147.14137 -7.21307, 147.18849 -7.46258, 147.3545 -7.51531, 147.72682 -7.93206, 148.11402 -8.05535, 148.23756 -8.56927, 148.43678 -8.66619, 148.55926 -9.03248, 148.75831 -9.10369, 149.14186 -8.97454, 149.33725 -9.12493, 149.18287 -9.3681, 149.22657 -9.48675, 150.05592 -9.71502, 149.73097 -9.80934, 149.93946 -10.06243, 150.60174 -10.20672, 150.59848 -10.34433, 150.34693 -10.36533, 150.69288 -10.55674, 150.21127 -10.70135, 149.89601 -10.54363, 150.08155 -10.46111, 149.74838 -10.33831, 149.46062 -10.35231, 149.06739 -10.23463, 148.40203 -10.20045, 148.15504 -10.07073, 147.97739 -10.16627, 147.62127 -9.98886, 147.34498 -9.58025, 147.05274 -9.46022, 146.90854 -9.10369, 146.6268 -9.02304, 146.56593 -8.81813, 146.07936 -8.0875, 145.77247 -7.92742, 145.40797 -7.93174, 144.87957 -7.78167, 144.65358 -7.56129, 144.50782 -7.79803, 144.34441 -7.65944, 144.21485 -7.79599, 143.75953 -7.58318, 143.9568 -7.97226, 143.65089 -7.98138, 143.54802 -8.03167, 143.59205 -8.24196, 142.98048 -8.33563, 142.71453 -8.268, 143.1316 -8.48602, 143.39991 -8.78216, 143.40553 -8.96217, 142.6526 -9.33025, 142.2234 -9.16123, 141.86842 -9.22039, 141.42172 -9.15032, 141.115 -9.21844, 140.97698 -9.10613, 140.97716 -6.89663, 140.84921 -6.70285, 140.9769 -6.33512, 140.97446 -2.60052)), ((152.41163 -4.68377, 152.29184 -4.93548, 151.99269 -4.97177, 152.09889 -5.45574, 151.78598 -5.58489, 151.47901 -5.52988, 151.53256 -5.66473, 151.06105 -6.02939, 150.88038 -6.05389, 150.4651 -6.27402, 149.62941 -6.29925, 149.30421 -6.05869, 149.05291 -6.16172, 149.01205 -6.0276, 148.6211 -5.80788, 148.38624 -5.77508, 148.42994 -5.44476, 148.55641 -5.53997, 148.97804 -5.46526, 149.22438 -5.5993, 149.71844 -5.56894, 149.98024 -5.43808, 150.03492 -5.03436, 150.2024 -5.06211, 150.03207 -5.29518, 150.14234 -5.53411, 150.42335 -5.45664, 150.63396 -5.55674, 151.02223 -5.39031, 151.08286 -5.16383, 151.36891 -4.9035, 151.61248 -4.96559, 151.69565 -4.81878, 151.54029 -4.17669, 152.00864 -4.19166, 152.41236 -4.32936, 152.41163 -4.68377)), ((155.96754 -6.72715, 155.71778 -6.87282, 155.36085 -6.74586, 155.18727 -6.55446, 155.23463 -6.36338, 154.75587 -5.94785, 154.77036 -5.55877, 155.01832 -5.54127, 155.45216 -6.13714, 155.62306 -6.19085, 155.91676 -6.51751, 155.96754 -6.72715)), ((153.13722 -4.26946, 153.07521 -4.60182, 152.89772 -4.84832, 152.67115 -4.45176, 152.68784 -4.16383, 152.28858 -3.56976, 151.80909 -3.3611, 151.61248 -3.16619, 151.09059 -2.8327, 150.75978 -2.76881, 150.89332 -2.67523, 151.43735 -2.90887, 151.79859 -3.17783, 152.0525 -3.24668, 152.49293 -3.64284, 152.57496 -3.82106, 152.95631 -3.99863, 153.13722 -4.26946)), ((147.21648 -2.18304, 146.7024 -2.11435, 146.57154 -2.22812, 146.58058 -1.99521, 146.8698 -1.94704, 147.42262 -2.04583, 147.21648 -2.18304)), ((150.4336 -9.63128, 150.50554 -9.33766, 150.75945 -9.39918, 150.93092 -9.65244, 150.4336 -9.63128)), ((150.45135 -2.65838, 150.18678 -2.67946, 149.95777 -2.47763, 150.20786 -2.37477, 150.42359 -2.46722, 150.45135 -2.65838)), ((153.01205 -9.1491, 152.81155 -9.25467, 152.51787 -8.99641, 152.79417 -9.0035, 153.01205 -9.1491)), ((151.30063 -9.96771, 151.23227 -10.20045, 150.95802 -10.10491, 150.76393 -9.70281, 151.12761 -10.04217, 151.30063 -9.96771)), ((148.04916 -5.60613, 148.03891 -5.82204, 147.76905 -5.61175, 147.84718 -5.48642, 148.04916 -5.60613)), ((153.77809 -11.60898, 153.56446 -11.63633, 153.22853 -11.42653, 153.20558 -11.31707, 153.77809 -11.60898)), ((150.38063 -9.3869, 150.33766 -9.51971, 150.10825 -9.36102, 150.21453 -9.20582, 150.38063 -9.3869)), ((154.72608 -5.24212, 154.63185 -5.45908, 154.53566 -5.13747, 154.62436 -5.01336, 154.72608 -5.24212)), ((147.24383 -5.34922, 147.01043 -5.33489, 147.13396 -5.19085, 147.24383 -5.34922)), ((149.79298 -1.58034, 149.56023 -1.49774, 149.58074 -1.34637, 149.79298 -1.58034)), ((145.99684 -4.53427, 146.04469 -4.7011, 145.87574 -4.68678, 145.99684 -4.53427)), ((143.65252 -8.70648, 143.27101 -8.46893, 143.47486 -8.52532, 143.65252 -8.70648)), ((143.31666 -8.37225, 143.57374 -8.37371, 143.53012 -8.48553, 143.31666 -8.37225)), ((150.99903 -8.51816, 151.12241 -8.42596, 151.13836 -8.59059, 150.99903 -8.51816)), ((154.30226 -11.38592, 154.0075 -11.38592, 154.21632 -11.3108, 154.30226 -11.38592)), ((152.64381 -3.22454, 152.54424 -3.13087, 152.65065 -3.04648, 152.64381 -3.22454)), ((152.75367 -10.70818, 152.58229 -10.66033, 152.78289 -10.62225, 152.75367 -10.70818)), ((151.91584 -2.84429, 151.91304 -2.70539, 152.00978 -2.74481, 151.91584 -2.84429)), ((151.02622 -2.97064, 150.83497 -2.96014, 150.88233 -2.90301, 151.02622 -2.97064)), ((152.07154 -2.91668, 152.02536 -2.99607, 151.98292 -2.84287, 152.07154 -2.91668)), ((147.8812 -2.28607, 147.73048 -2.32643, 147.813 -2.23756, 147.8812 -2.28607)), ((150.89918 -10.55088, 150.88233 -10.6535, 150.79347 -10.55836, 150.89918 -10.55088)), ((151.07472 -10.60573, 151.03199 -10.67108, 150.93409 -10.59987, 151.07472 -10.60573)), ((143.66774 -8.42799, 143.55063 -8.3362, 143.63795 -8.34059, 143.66774 -8.42799)), ((143.69044 -8.10019, 143.5818 -8.06862, 143.61256 -8.02011, 143.69044 -8.10019)), ((153.11704 -11.18084, 153.25392 -11.24261, 153.2339 -11.27093, 153.11704 -11.18084)), ((145.09051 -4.12469, 145.02898 -4.10801, 145.06935 -4.04323, 145.09051 -4.12469)), ((153.62965 -4.12998, 153.58985 -4.08807, 153.66066 -4.02207, 153.62965 -4.12998)), ((151.22332 -4.91839, 151.15317 -4.95338, 151.17555 -4.88714, 151.22332 -4.91839)), ((148.10035 -5.37656, 148.14812 -5.44801, 148.09132 -5.45664, 148.10035 -5.37656)), ((143.67986 -8.12103, 143.6338 -8.16473, 143.61329 -8.0949, 143.67986 -8.12103)), ((147.6478 -5.32122, 147.60011 -5.36289, 147.56202 -5.30779, 147.6478 -5.32122)), ((149.5193 -4.64349, 149.47828 -4.71168, 149.46567 -4.67051, 149.5193 -4.64349)), ((151.96022 -2.65154, 151.9756 -2.60312, 152.02654 -2.6596, 151.96022 -2.65154)), ((154.73786 -3.44185, 154.61348 -3.24101, 154.62776 -3.22689, 154.73786 -3.44185)), ((152.49269 -4.21087, 152.43133 -4.16302, 152.47291 -4.12217, 152.49269 -4.21087)), ((143.56853 -3.37884, 143.52296 -3.31422, 143.59392 -3.34873, 143.56853 -3.37884)), ((151.01791 -9.66888, 150.95533 -9.60735, 151.02223 -9.5914, 151.01791 -9.66888)), ((146.24334 -4.78737, 146.26385 -4.83522, 146.21266 -4.84254, 146.24334 -4.78737)), ((150.0005 -1.6858, 149.94825 -1.67311, 149.96412 -1.6303, 150.0005 -1.6858)), ((154.22039 -4.4765, 154.24195 -4.52793, 154.18531 -4.4721, 154.22039 -4.4765)), ((144.06157 -3.21531, 144.0958 -3.18854, 144.11515 -3.24793, 144.06157 -3.21531)), ((149.1692 -4.86248, 149.1561 -4.924, 149.12062 -4.89723, 149.1692 -4.86248)), ((153.30161 -3.36858, 153.3309 -3.39886, 153.26759 -3.40325, 153.30161 -3.36858)), ((153.19174 -3.47096, 153.23341 -3.44427, 153.2601 -3.49896, 153.19174 -3.47096)), ((153.73805 -4.00189, 153.71941 -4.03883, 153.68653 -4.01637, 153.73805 -4.00189)), ((143.81593 -8.49538, 143.81349 -8.53086, 143.78028 -8.51328, 143.81593 -8.49538)), ((154.15138 -4.43808, 154.13453 -4.37721, 154.15553 -4.39756, 154.15138 -4.43808)), ((142.81813 -1.73333, 142.81853 -1.71201, 142.86549 -1.7033, 142.81813 -1.73333)), ((144.60027 -3.49977, 144.61866 -3.50872, 144.59588 -3.51735, 144.60027 -3.49977)), ((152.09449 -10.40203, 152.09913 -10.39088, 152.10768 -10.40057, 152.09449 -10.40203)), ((151.85271 -10.25954, 151.86232 -10.25026, 151.85662 -10.26491, 151.85271 -10.25954)), ((151.86964 -10.34482, 151.86842 -10.33782, 151.87745 -10.33416, 151.86964 -10.34482)))
86;86;Oceania;Oceania;fiji;Fiji;"Indigenous Fijians

Indo-Fijians";"Indigenous Fijians

Indo-Fijians";Watch;1,3,6,8;4;8;OK;current;2025-04-30;;No details found;https://www.genocidewatch.com/de/country-pages/fiji;https://d0dbb2cb-698c-4513-aa47-eba3a335e06f.filesusr.com/ugd/efa679_3eb70eb9cf8e455d85b200c57a2057d1.pdf;;;;base_country;0;;MultiPolygon;EPSG:4326;Natural Earth v5.1.1 — ne_50m_admin_0_countries;NAME=Fiji;Topology-simplified embedded fallback used only when the live GitHub CSV cannot be loaded.;ad06d109201c88a5585833039d77db576f9f485fa25eeca287bb288a529d6ba7;;MULTIPOLYGON (((179.619141 -16.527734, 179.568164 -16.747461, 179.930371 -16.519434, 179.92793 -16.744434, 179.419336 -16.806543, 179.202344 -16.712695, 179.006836 -16.900195, 178.706641 -16.976172, 178.497461 -16.787891, 178.583594 -16.621875, 178.805078 -16.631445, 179.091406 -16.4375, 179.551758 -16.249902, 180 -16.15293, 179.619141 -16.527734)), ((178.591602 -17.651465, 178.667676 -18.080859, 178.331543 -18.135254, 178.160156 -18.250195, 177.84707 -18.254883, 177.321387 -18.077539, 177.263965 -17.863477, 177.617969 -17.461035, 178.187598 -17.312988, 178.591602 -17.651465)), ((-180 -16.962988, -180 -16.785547, -179.822314 -16.765332, -180 -16.962988)), ((180 -16.963086, 179.896973 -16.964063, 180 -16.785742, 180 -16.963086)), ((178.162109 -19.121484, 177.958691 -19.121582, 178.334277 -18.934473, 178.162109 -19.121484)), ((-179.018408 -17.991797, -179.079004 -17.944141, -178.999121 -17.947363, -179.018408 -17.991797)), ((-178.773633 -18.252441, -178.8479 -18.202051, -178.763086 -18.191406, -178.773633 -18.252441)), ((-178.251123 -17.952734, -178.357227 -17.920898, -178.280322 -17.886426, -178.251123 -17.952734)), ((-178.981836 -17.307031, -178.971484 -17.212695, -178.914844 -17.223047, -178.981836 -17.307031)), ((-178.595947 -19.151367, -178.589307 -19.118848, -178.540625 -19.157031, -178.595947 -19.151367)), ((-179.851221 -19.00293, -179.867334 -18.978418, -179.831104 -18.924219, -179.851221 -19.00293)), ((177.182812 -17.163867, 177.210156 -17.084277, 177.275781 -17.104883, 177.182812 -17.163867)), ((179.388965 -17.393848, 179.373145 -17.256152, 179.447168 -17.30625, 179.388965 -17.393848)), ((179.34043 -18.110449, 179.253516 -18.030566, 179.306445 -17.944043, 179.34043 -18.110449)), ((178.776074 -17.746777, 178.747656 -17.685742, 178.831055 -17.618848, 178.776074 -17.746777)), ((-179.929443 -16.502832, -179.999951 -16.488867, -179.900928 -16.431543, -179.929443 -16.502832)), ((-179.956152 -16.149219, -180 -16.168262, -179.969385 -16.126074, -179.956152 -16.149219)), ((180 -16.540039, 179.984668 -16.522168, 180 -16.488867, 180 -16.540039)), ((177.082422 -12.515625, 177.00625 -12.491113, 177.118066 -12.482324, 177.082422 -12.515625)), ((174.621875 -21.705859, 174.587207 -21.680078, 174.627734 -21.675977, 174.621875 -21.705859)), ((-178.709521 -20.670508, -178.723096 -20.666797, -178.724561 -20.645703, -178.709521 -20.670508)))
87;87;Oceania;Oceania;solomon-islands;Solomon Islands;Ethnic Chinese, Chinese business owners;Anti-government rioters (primarily from Malaita Province);Warning;1,2,3,5,6;5;6;OK;current;;"As a result of The Solomon Islands breaking their long-standing relationship with Taiwan (Republic of China) coupled with economic stagnation in the country; crowds of people looted and attacked Chinese homes, businesses and individuals in the capital of Honiara.";Profile details checked;https://www.genocidewatch.com/country-pages/the-solomon-islands;https://d0dbb2cb-698c-4513-aa47-eba3a335e06f.filesusr.com/ugd/09ea84_73ffb65c0a5c42e0a983be791e4d78d0.pdf;https://www.genocidewatch.com/country-pages/the-solomon-islands;;;base_country;0;;MultiPolygon;EPSG:4326;Existing Ten Stages corrected GeoJSON;NAME=Solomon Islands;Topology-simplified embedded fallback used only when the live GitHub CSV cannot be loaded.;723968c069ba92d6c09d66d483d3396acf7451f497c1a286326ce10c05b86cde;;MULTIPOLYGON (((160.64479 -9.93711, 160.32032 -9.81512, 159.83562 -9.79388, 159.59913 -9.51238, 159.70899 -9.24774, 159.93971 -9.43288, 160.36638 -9.41277, 160.78541 -9.72747, 160.64479 -9.93711)), ((160.86793 -9.15211, 160.59352 -8.38494, 160.74659 -8.30967, 160.99684 -8.60377, 160.94663 -8.81373, 161.16896 -8.97454, 161.38111 -9.50905, 160.86793 -9.15211)), ((159.82504 -8.54209, 159.62721 -8.3576, 159.34539 -8.26141, 158.84571 -7.9734, 158.452 -7.532, 158.75172 -7.59344, 159.1268 -7.91953, 159.43165 -8.03151, 159.84205 -8.32562, 159.82504 -8.54209)), ((161.79217 -10.73496, 161.511 -10.36492, 161.28492 -10.32391, 161.39601 -10.20403, 161.8357 -10.44695, 162.11362 -10.45648, 162.27174 -10.81439, 161.79217 -10.73496)), ((157.44174 -7.41424, 157.10426 -7.33221, 156.68702 -6.89715, 156.46111 -6.73333, 156.4878 -6.60296, 157.04265 -6.89715, 157.15252 -7.12428, 157.44174 -7.41424)), ((157.57765 -8.43621, 157.56707 -8.2763, 157.2282 -8.31666, 157.50261 -7.95973, 157.74586 -8.22869, 157.88608 -8.58294, 157.57765 -8.43621)), ((156.81471 -7.73455, 156.65968 -7.93922, 156.50416 -7.63006, 156.61118 -7.56943, 156.81471 -7.73455)), ((156.94703 -7.97967, 157.09108 -7.85052, 157.14625 -8.14861, 156.94703 -7.97967)), ((160.5822 -11.79485, 160.48316 -11.84498, 160.27076 -11.63299, 160.02369 -11.60068, 160.00327 -11.46111, 160.5822 -11.79485)), ((158.12379 -8.53037, 158.01336 -8.76523, 157.89975 -8.56243, 158.12379 -8.53037)), ((165.86196 -10.86854, 165.87806 -10.65685, 166.14276 -10.66925, 165.86196 -10.86854)), ((161.41521 -9.386, 161.5586 -9.789, 161.39479 -9.64902, 161.41521 -9.386)), ((157.31227 -8.69622, 157.20094 -8.56585, 157.3475 -8.41253, 157.31227 -8.69622)), ((155.86801 -7.04852, 155.73487 -7.12428, 155.73487 -6.96608, 155.86801 -7.04852)), ((166.84302 -11.71332, 166.76725 -11.63349, 166.93556 -11.60881, 166.84302 -11.71332)), ((160.07911 -9.03948, 160.2951 -9.03948, 160.2645 -9.13161, 160.07911 -9.03948)), ((156.61899 -8.14617, 156.57838 -8.18711, 156.5324 -7.94891, 156.61899 -8.14617)), ((159.70037 -8.51849, 159.53883 -8.45892, 159.64405 -8.40032, 159.70037 -8.51849)), ((160.31495 -9.0617, 160.41424 -9.13161, 160.36638 -9.18621, 160.31495 -9.0617)), ((159.19516 -9.02304, 159.09962 -9.11793, 159.04103 -9.05731, 159.19516 -9.02304)), ((157.62233 -8.79583, 157.47674 -8.73952, 157.54965 -8.69215, 157.62233 -8.79583)), ((158.51661 -7.63095, 158.31691 -7.57936, 158.37875 -7.56268, 158.51661 -7.63095)), ((158.24676 -8.80804, 158.15366 -8.79656, 158.20826 -8.67913, 158.24676 -8.80804)), ((157.79737 -7.47324, 157.67856 -7.44817, 157.72169 -7.38388, 157.79737 -7.47324)), ((166.50048 -11.3046, 166.52511 -11.20905, 166.56471 -11.25993, 166.50048 -11.3046)), ((156.11158 -6.93133, 156.08367 -6.9865, 156.07 -6.89088, 156.11158 -6.93133)), ((157.20769 -8.28875, 157.09783 -8.15895, 157.16733 -8.16741, 157.20769 -8.28875)), ((161.97779 -9.85101, 161.92848 -9.72015, 161.96355 -9.72064, 161.97779 -9.85101)), ((158.2658 -7.48821, 158.43483 -7.52776, 158.42115 -7.56129, 158.2658 -7.48821)), ((155.61817 -7.36395, 155.50799 -7.37575, 155.54233 -7.32293, 155.61817 -7.36395)), ((157.13063 -8.30828, 157.02996 -8.20631, 157.10084 -8.20355, 157.13063 -8.30828)), ((157.61899 -7.45208, 157.4756 -7.4118, 157.58888 -7.39332, 157.61899 -7.45208)), ((159.23609 -9.02304, 159.21876 -9.11736, 159.17408 -9.13844, 159.23609 -9.02304)), ((158.28321 -7.4118, 158.24903 -7.47324, 158.19435 -7.43841, 158.28321 -7.4118)), ((161.71705 -10.21819, 161.76881 -10.25221, 161.74781 -10.28981, 161.71705 -10.21819)), ((160.07911 -9.02304, 160.07439 -8.95135, 160.11378 -8.9743, 160.07911 -9.02304)), ((159.80445 -9.13014, 159.83269 -9.10369, 159.84254 -9.16465, 159.80445 -9.13014)), ((156.82472 -8.06959, 156.84132 -8.11297, 156.78566 -8.0862, 156.82472 -8.06959)), ((166.27996 -10.27304, 166.23732 -10.31113, 166.22869 -10.27606, 166.27996 -10.27304)), ((166.97967 -11.6386, 166.94565 -11.65325, 166.95769 -11.61256, 166.97967 -11.6386)), ((159.83937 -11.29762, 159.8532 -11.32448, 159.77735 -11.28362, 159.83937 -11.29762)), ((160.64796 -7.92685, 160.6076 -7.88885, 160.6233 -7.87444, 160.64796 -7.92685)), ((156.55942 -7.80242, 156.53484 -7.82741, 156.53639 -7.79111, 156.55942 -7.80242)), ((165.73561 -10.42457, 165.72625 -10.39463, 165.74635 -10.39349, 165.73561 -10.42457)), ((167.16578 -9.86834, 167.18084 -9.86012, 167.18531 -9.89463, 167.16578 -9.86834)), ((168.81227 -12.26629, 168.82586 -12.28151, 168.80242 -12.29062, 168.81227 -12.26629)), ((162.73862 -8.38836, 162.73487 -8.37379, 162.75758 -8.37851, 162.73862 -8.38836)), ((167.09181 -9.80332, 167.1045 -9.80185, 167.10401 -9.80657, 167.09181 -9.80332)))
88;88;Americas;South America;argentina;Argentina;Indigenous Tribes, Leftists;Argentine Government;Watch;3,10;2;10;OK;historical;2021-07-01;"The government of Argentina denies any wrongdoing in the 19th Century ""Conquest of the Desert"" and Selk'nam Genocide. Additionally, Mapuche tribes still face legal and cultural discrimination. Many government officials still deny or dispute the ""Dirty War,"" where an estimated 30,000 leftists were ""disappeared.""";Profile details checked;https://www.genocidewatch.com/country-pages/argentina;;https://www.genocidewatch.com/country-pages/argentina;;;base_country;0;;MultiPolygon;EPSG:4326;Existing Ten Stages corrected GeoJSON;NAME=Argentina;Topology-simplified embedded fallback used only when the live GitHub CSV cannot be loaded.;b3f529d1b6598df64fa86bef57d3f636ff10a6cd47562d2a97ee05677241c90a;;MULTIPOLYGON (((-67.1939 -22.82222, -67.03273 -22.52457, -66.78509 -22.42762, -66.7359 -22.22505, -66.37747 -22.12707, -66.24001 -21.79242, -65.74461 -22.11405, -65.02037 -22.09658, -64.58688 -22.21275, -64.3439 -22.86367, -64.25083 -22.54069, -63.94759 -22.0076, -62.80435 -22.00408, -62.63268 -22.29595, -62.28723 -22.48395, -61.95645 -23.03441, -61.49185 -23.4132, -61.10986 -23.60698, -61.00635 -23.80547, -60.32802 -24.01796, -60.03367 -24.00701, -59.45973 -24.35851, -59.34097 -24.4876, -58.8092 -24.77678, -58.22406 -24.94122, -57.75407 -25.18089, -57.55692 -25.45984, -57.75371 -25.67275, -57.87272 -26.0103, -58.16996 -26.27033, -58.24794 -26.75816, -58.65329 -27.15627, -58.6042 -27.31626, -58.02196 -27.25983, -57.1801 -27.48731, -56.90435 -27.41869, -56.54644 -27.45507, -56.36754 -27.58064, -56.12455 -27.2989, -55.75473 -27.4437, -55.43085 -26.99639, -55.13836 -26.9537, -54.90334 -26.65987, -54.79306 -26.64499, -54.63829 -26.19695, -54.6002 -25.57494, -54.46057 -25.64205, -54.10716 -25.50056, -53.90996 -25.62924, -53.82619 -25.97268, -53.66672 -26.21917, -53.74604 -26.69387, -53.7107 -26.87381, -53.84201 -27.16351, -54.17702 -27.2434, -54.34771 -27.3943, -54.89827 -27.62364, -55.02581 -27.84016, -55.31411 -27.91499, -55.44075 -28.07891, -55.77253 -28.23197, -56.41575 -29.05135, -57.09416 -29.75198, -57.29151 -29.81513, -57.32515 -29.98101, -57.6117 -30.18296, -57.84962 -30.48527, -57.80724 -30.90757, -57.90512 -31.24099, -58.07524 -31.47518, -57.98682 -31.55415, -58.16862 -31.84601, -58.18655 -32.15292, -58.10159 -32.31136, -58.22008 -32.48952, -58.1468 -33.04998, -58.38317 -33.07545, -58.54939 -33.68304, -58.37857 -34.18825, -58.57042 -34.28818, -58.47419 -34.52158, -58.15487 -34.7504, -57.52203 -35.01315, -57.24877 -35.24879, -57.14491 -35.4842, -57.35263 -35.72752, -57.36644 -35.98789, -57.24804 -36.17034, -56.9287 -36.3637, -56.69762 -36.39617, -56.66487 -36.85101, -57.0559 -37.41269, -57.51187 -37.87233, -57.59358 -38.15276, -58.15567 -38.43011, -59.06322 -38.69378, -60.86571 -38.97568, -61.51806 -39.01149, -62.02672 -38.9376, -62.15734 -38.81048, -62.39021 -38.81471, -62.25723 -39.25555, -62.02392 -39.36484, -62.11437 -39.82147, -62.30504 -39.81113, -62.36872 -40.2112, -62.49006 -40.30788, -62.22924 -40.65862, -62.3378 -40.87274, -63.09952 -41.15488, -63.77941 -41.15879, -64.73493 -40.83034, -64.89045 -40.70599, -65.12194 -40.83367, -65.17512 -41.01019, -64.99328 -41.55299, -65.06957 -41.98577, -64.85729 -42.19362, -64.49063 -42.24863, -64.60228 -42.42205, -64.12755 -42.43271, -64.06843 -42.26963, -64.29662 -42.25758, -63.80996 -42.07017, -63.59048 -42.34124, -63.62027 -42.75123, -64.1079 -42.88372, -64.19567 -42.64422, -64.43773 -42.50693, -64.94603 -42.65423, -64.99714 -42.78484, -64.43346 -42.97633, -64.76525 -43.14739, -65.33406 -43.67262, -65.21688 -44.36641, -65.39471 -44.59396, -65.68554 -44.71253, -65.60264 -45.02769, -66.20037 -44.99292, -66.86892 -45.2356, -67.33192 -45.61349, -67.62247 -46.16375, -67.42322 -46.56742, -67.12999 -46.7066, -66.78645 -47.00661, -66.20049 -47.08959, -65.97956 -47.06618, -65.7449 -47.20416, -65.73567 -47.50954, -65.96845 -48.04717, -66.34111 -48.35272, -66.65099 -48.43108, -67.11435 -48.67375, -67.19828 -48.81835, -67.55655 -49.01582, -67.73201 -49.7813, -67.83321 -49.95454, -68.32828 -50.12021, -68.65404 -49.75791, -68.60119 -49.97254, -68.34987 -50.14881, -68.87643 -50.33057, -69.07652 -50.56017, -69.16778 -50.97822, -68.93593 -51.64552, -68.68506 -52.00501, -68.36561 -52.3062, -68.44861 -52.34662, -68.4545 -52.29991, -69.21226 -52.13795, -69.48529 -52.13248, -69.95275 -52.00742, -71.9177 -51.99006, -71.95847 -51.868, -72.45007 -51.55267, -72.25757 -51.23062, -72.30284 -50.6489, -72.77842 -50.61965, -73.17772 -50.74946, -73.32294 -50.26835, -73.53057 -50.14081, -73.57274 -49.93235, -73.4651 -49.75996, -73.05974 -49.55497, -73.09825 -49.27275, -73.00972 -48.99039, -72.59233 -48.79113, -72.57678 -48.45213, -72.29509 -48.33328, -72.34305 -48.07045, -72.54391 -47.9148, -72.17055 -47.40754, -71.86256 -47.1689, -71.99997 -47.04219, -71.93413 -46.79952, -71.68717 -46.69007, -71.76334 -46.24451, -71.9147 -46.15232, -71.61229 -45.97053, -71.79853 -45.73995, -71.7651 -45.57241, -71.52584 -45.51898, -71.31153 -45.29946, -71.58873 -44.97813, -72.0735 -44.90217, -72.04782 -44.75479, -71.4971 -44.7429, -71.33598 -44.80161, -71.12266 -44.5303, -71.20978 -44.42757, -71.82205 -44.40318, -71.85874 -44.1078, -71.65988 -43.92631, -71.80324 -43.72601, -71.72376 -43.59475, -71.93734 -43.45688, -71.74298 -43.19013, -72.14854 -42.99872, -72.14843 -42.59264, -72.04193 -42.49105, -72.12471 -42.26331, -72.03991 -42.14466, -71.73626 -42.08389, -71.92597 -41.62294, -71.85145 -40.93833, -71.95558 -40.72036, -71.67849 -40.34022, -71.82375 -40.2101, -71.62118 -39.89508, -71.6774 -39.56849, -71.52 -39.615, -71.40197 -39.236, -71.41577 -38.93535, -70.87383 -38.69144, -71.00998 -38.06553, -71.18503 -37.70607, -71.12307 -37.44324, -71.2056 -37.29266, -71.08912 -37.10342, -71.19516 -36.83915, -71.04328 -36.48434, -70.71865 -36.41457, -70.70312 -36.26006, -70.38032 -36.04602, -70.40823 -35.5062, -70.5429 -35.20927, -70.38663 -35.16669, -70.22783 -34.58533, -70.04035 -34.27703, -69.83276 -34.24323, -69.89537 -33.66229, -69.78767 -33.37941, -70.01001 -33.2991, -70.11119 -33.03845, -70.00022 -32.8766, -70.14003 -32.76828, -70.17248 -32.46494, -70.3218 -32.28015, -70.42828 -31.87009, -70.59137 -31.5496, -70.4798 -31.09671, -70.33922 -30.93816, -70.17341 -30.36466, -69.90281 -30.31267, -69.97324 -30.08943, -69.92909 -29.71829, -70.04262 -29.36306, -69.80393 -29.09869, -69.65303 -28.39785, -69.17301 -27.92408, -69.01015 -27.44887, -68.80109 -27.11276, -68.58586 -27.16279, -68.33048 -27.04496, -68.32014 -26.87009, -68.57015 -26.55063, -68.57516 -26.30351, -68.41988 -26.17928, -68.60596 -25.437, -68.51605 -25.18358, -68.36737 -25.10338, -68.57237 -24.76986, -68.24449 -24.38538, -67.36237 -24.03037, -67.01397 -23.00071, -67.1939 -22.82222)), ((-68.64188 -54.78297, -68.62762 -52.63957, -68.28588 -52.94354, -68.52072 -53.12063, -68.45135 -53.29772, -68.1114 -53.3438, -67.98363 -53.60133, -67.55825 -53.83619, -67.29776 -54.05381, -66.76658 -54.24984, -66.48221 -54.4658, -65.84423 -54.64739, -65.15559 -54.64056, -65.33226 -54.91383, -66.54051 -55.05105, -67.031 -54.90521, -68.07763 -54.84612, -68.64188 -54.78297)), ((-63.81212 -54.72991, -64.67626 -54.90325, -64.75866 -54.83229, -64.32372 -54.72226, -63.81212 -54.72991)), ((-62.02852 -40.45488, -62.23733 -40.50995, -62.17284 -40.37505, -62.02852 -40.45488)), ((-61.90339 -39.13209, -61.86828 -39.23943, -62.09801 -39.08782, -61.90339 -39.13209)), ((-62.01466 -40.17516, -62.02116 -40.34355, -62.13318 -40.18109, -62.01466 -40.17516)), ((-62.11946 -39.00221, -61.97232 -39.03395, -62.01024 -39.06439, -62.11946 -39.00221)), ((-68.65414 -54.88624, -68.642 -54.79917, -68.57185 -54.86273, -68.65414 -54.88624)))
89;89;Americas;South America;brazil;Brazil;"Indigenous peoples 

Black Brazilians

LGBTQ+ community";"Non-state Armed Groups

Brazilian Police

Brazilian State";Watch;3,7,8;3;8;OK;current;2026-07-01;Brazilian police have disproportionately targeted black and brown Brazilians. President Jair Bolsonaro is also seeking to restrict the rights of the LGBTQ+ community who have experienced an environment of heightened homophobia and transphobia in addition to imprisonment, murder, and discrimination as a result of Bolsonaro's rhetoric. Bolsonaro's administration has also supported the use of the Amazon Rainforest for agriculture and mining which has lead to illegal seizures of indigenous land as well as threats and attacks on indigenous peoples.;Profile details checked;https://www.genocidewatch.com/country-pages/brazil;https://d0dbb2cb-698c-4513-aa47-eba3a335e06f.filesusr.com/ugd/53360c_b9a6186d8e784647be9c348b91baab17.pdf;https://www.genocidewatch.com/country-pages/brazil;;;base_country;0;;MultiPolygon;EPSG:4326;Existing Ten Stages corrected GeoJSON;NAME=Brazil;Topology-simplified embedded fallback used only when the live GitHub CSV cannot be loaded.;3748ca26758296895420970f47414c05ad897ec59008c85d504889a4897b8670;;MULTIPOLYGON (((-57.6117 -30.18296, -57.32515 -29.98101, -57.29151 -29.81513, -57.09416 -29.75198, -56.41575 -29.05135, -55.77253 -28.23197, -55.44075 -28.07891, -55.31411 -27.91499, -55.02581 -27.84016, -54.89827 -27.62364, -54.34771 -27.3943, -54.17702 -27.2434, -53.84201 -27.16351, -53.7107 -26.87381, -53.74604 -26.69387, -53.66672 -26.21917, -53.82619 -25.97268, -53.90996 -25.62924, -54.10716 -25.50056, -54.46057 -25.64205, -54.6002 -25.57494, -54.26105 -24.32947, -54.24529 -24.05062, -54.63922 -23.80444, -54.94364 -23.96918, -55.39804 -23.97683, -55.53053 -23.60347, -55.53524 -23.22912, -55.63781 -23.00071, -55.6312 -22.62678, -55.87439 -22.31734, -56.1968 -22.27931, -56.4218 -22.07447, -56.84286 -22.28903, -57.21379 -22.18815, -57.84388 -22.14371, -57.98682 -22.03529, -57.89561 -21.68844, -57.81758 -20.9536, -57.98062 -20.69274, -57.9894 -20.43312, -58.1588 -20.16512, -57.85975 -19.98012, -58.12464 -19.72991, -57.789 -19.05925, -57.78233 -18.91042, -57.55108 -18.18364, -57.73009 -17.84609, -57.79076 -17.55577, -58.38116 -17.26721, -58.48028 -16.68368, -58.33956 -16.28929, -58.46472 -16.33125, -60.12984 -16.27306, -60.17981 -16.22201, -60.23797 -15.50267, -60.58224 -15.09887, -60.27497 -15.09515, -60.29172 -14.63006, -60.46434 -14.27835, -60.38796 -13.98938, -60.47263 -13.79786, -61.04723 -13.46455, -61.84798 -13.5308, -62.17245 -13.11785, -62.42748 -13.12457, -62.8074 -12.98887, -63.07503 -12.65266, -63.39331 -12.66455, -63.8014 -12.45495, -63.92124 -12.54435, -64.39573 -12.45733, -64.46906 -12.26106, -64.7925 -12.03255, -64.99745 -11.99627, -65.06556 -11.75308, -65.1962 -11.74181, -65.39474 -11.15343, -65.30299 -10.99075, -65.3997 -10.81226, -65.41094 -10.44918, -65.28808 -10.21622, -65.30438 -9.82565, -65.45184 -9.68137, -65.58398 -9.83723, -65.70996 -9.75599, -66.19066 -9.80085, -66.63187 -9.9043, -67.0643 -10.25694, -67.33782 -10.32609, -67.72173 -10.7055, -68.09788 -10.69774, -68.29332 -10.97897, -68.78701 -11.12604, -68.75763 -11.01194, -69.57763 -10.9523, -69.95611 -10.91933, -70.2894 -11.06475, -70.53411 -10.93814, -70.64134 -11.0108, -70.62442 -9.56582, -70.52499 -9.43095, -71.1965 -9.93986, -71.39143 -10.00683, -72.19567 -10.00559, -72.30677 -9.54092, -72.8133 -9.4109, -73.21498 -9.40904, -72.95939 -9.08565, -73.17457 -8.72071, -73.52654 -8.37241, -73.71216 -7.78815, -74.01847 -7.54352, -73.71309 -7.30467, -73.81234 -7.10292, -73.76549 -6.90418, -73.13178 -6.43526, -73.23478 -6.07756, -73.00135 -5.7088, -72.91795 -5.13209, -72.62727 -5.02243, -72.07113 -4.60514, -71.77435 -4.48153, -70.96869 -4.38531, -70.83224 -4.17943, -70.3111 -4.17086, -70.20563 -4.34294, -69.96495 -4.23648, -69.9472 -4.20114, -69.39945 -1.18272, -69.62838 -0.73344, -69.63208 -0.50689, -69.94436 -0.30546, -70.07381 -0.1249, -70.05425 0.58813, -69.50371 0.72962, -69.13745 0.65014, -69.15239 0.8678, -69.37085 1.06299, -69.85219 1.05942, -69.85617 1.70767, -68.1633 1.72129, -68.28025 1.8294, -68.20082 2.00784, -67.99825 1.74997, -67.79046 1.81258, -67.59295 2.05481, -67.34061 2.09011, -67.11716 1.70979, -67.06523 1.17269, -66.87506 1.22251, -66.40708 0.80207, -66.15634 0.73303, -65.74544 0.97415, -65.58294 0.97767, -65.56049 0.65603, -65.13677 1.12691, -64.73088 1.24757, -64.40901 1.50751, -64.39477 1.39219, -64.08086 1.64739, -63.99503 1.95802, -63.41176 2.14938, -63.38483 2.42058, -64.04797 2.47132, -63.99787 2.70599, -64.22292 3.124, -64.20298 3.59472, -64.53143 3.85351, -64.81291 4.25279, -64.58967 4.11887, -64.1251 4.08849, -64.06381 3.9116, -63.4254 3.96836, -63.28598 3.92082, -62.93101 3.56376, -62.74958 3.66037, -62.76622 4.02071, -62.38417 4.17347, -62.19266 4.09474, -61.56727 4.24853, -61.29726 4.52373, -61.01196 4.5183, -60.90344 4.69959, -60.61263 4.90058, -60.73985 5.20214, -60.45636 5.1747, -60.21343 5.26722, -59.9831 5.08594, -60.03245 4.72542, -60.14878 4.51301, -59.68674 4.38118, -59.72674 4.17646, -59.52923 3.93191, -59.83766 3.60929, -59.821 3.36349, -59.95938 3.06648, -60.00008 2.69405, -59.90313 2.3596, -59.7417 2.26379, -59.74968 1.85131, -59.24214 1.3778, -58.89787 1.21781, -58.51893 1.26726, -58.51366 1.43888, -58.33191 1.59339, -58.02723 1.51686, -57.98501 1.6577, -57.56116 1.70897, -57.34148 1.96885, -57.10449 2.02145, -56.80648 1.87358, -56.36717 1.92888, -56.01965 1.83351, -55.91514 2.03765, -56.1168 2.33309, -55.98924 2.52083, -55.72429 2.39691, -55.3028 2.51969, -54.97858 2.54305, -54.61529 2.32627, -54.13491 2.11067, -53.8309 2.31014, -53.53179 2.24705, -53.3441 2.34963, -52.95968 2.17522, -52.70771 2.35893, -51.98842 3.70456, -51.68322 4.03937, -51.49816 4.10541, -51.5165 4.44112, -51.22443 4.16504, -51.17614 3.64834, -51.0799 3.88227, -51.09274 3.37633, -50.67927 2.1717, -50.46654 1.81542, -50.18316 1.81886, -49.91016 1.66426, -49.89004 1.16523, -50.31249 0.81721, -50.79064 0.1695, -50.92894 0.15542, -51.25121 -0.12737, -51.44518 -0.47145, -51.6975 -0.74717, -51.72419 -1.03916, -51.92935 -1.17832, -51.92146 -1.32578, -52.19538 -1.34498, -52.70812 -1.60003, -52.27912 -1.51824, -52.24877 -1.70306, -51.91462 -1.57098, -50.82169 -0.93532, -50.95641 -1.12851, -50.66004 -1.803, -50.44302 -1.93597, -49.97692 -1.8261, -49.6542 -1.92018, -49.37922 -1.89642, -49.54577 -2.51653, -49.52741 -2.62835, -49.232 -1.94817, -48.96559 -1.59972, -48.9687 -1.78592, -48.64212 -1.38567, -48.42146 -1.64511, -48.48275 -1.2813, -48.33971 -1.31601, -48.03791 -0.66172, -47.96215 -0.78183, -47.72867 -0.75652, -47.59728 -0.67734, -47.37938 -0.77093, -47.4619 -0.59287, -47.07307 -0.67523, -47.07657 -0.8366, -46.8192 -0.71168, -46.48009 -1.02223, -46.17178 -0.92099, -46.22118 -1.14153, -45.96415 -1.06386, -45.67554 -1.36632, -45.54385 -1.27028, -45.49132 -1.50335, -45.36925 -1.47283, -45.32364 -1.74481, -45.20417 -1.52516, -44.95385 -1.50172, -44.80289 -1.70387, -44.52172 -1.84726, -44.39538 -2.40211, -44.63158 -2.69695, -44.78156 -3.19695, -44.43297 -2.95029, -44.36807 -2.54957, -44.07299 -2.39951, -44.04939 -2.55291, -44.33849 -2.78493, -44.06286 -2.77703, -44.01415 -2.6347, -43.31177 -2.34647, -42.70995 -2.56032, -42.23941 -2.83416, -41.94392 -2.83766, -41.82127 -2.73357, -41.67504 -2.87957, -41.34309 -2.92034, -40.49962 -2.78631, -39.98571 -2.8484, -39.35827 -3.18353, -38.65966 -3.67645, -38.47741 -3.69744, -38.10668 -4.15789, -37.76863 -4.39642, -37.60725 -4.60809, -37.32482 -4.69647, -37.18293 -4.9109, -36.89875 -4.93825, -36.56115 -5.12322, -35.99718 -5.04754, -35.51057 -5.14373, -35.26228 -5.48333, -34.90416 -6.8873, -34.79735 -7.15846, -34.89352 -7.80493, -34.81163 -7.90586, -35.14745 -8.91188, -35.30508 -9.19305, -36.40807 -10.50213, -36.90307 -10.77288, -37.43472 -11.56927, -37.65465 -12.04974, -38.05089 -12.64105, -38.32042 -12.93524, -38.50967 -13.02142, -38.5089 -12.72291, -38.72208 -12.62249, -38.88927 -13.06976, -38.807 -13.14381, -39.03978 -13.36663, -39.05968 -13.49481, -38.96784 -13.674, -39.06371 -13.9358, -38.9237 -14.00408, -39.06713 -14.67498, -38.9239 -15.71559, -38.86437 -15.84336, -39.05407 -16.43646, -39.20861 -17.1622, -39.13712 -17.67962, -39.49909 -18.00563, -39.72468 -18.51873, -39.70979 -19.41611, -39.83487 -19.65716, -40.02684 -19.76442, -40.34874 -20.5001, -40.62844 -20.83922, -40.73172 -20.84384, -41.07187 -21.52334, -40.96727 -21.94752, -41.24369 -22.14521, -41.66649 -22.28183, -41.9663 -22.53541, -41.89061 -22.7824, -42.05822 -22.95379, -43.0314 -22.9743, -43.07555 -22.6657, -43.27017 -22.747, -43.22012 -22.99529, -43.60375 -23.00775, -43.86437 -22.90594, -44.1151 -23.02239, -44.43566 -22.99676, -44.70051 -23.10768, -44.58381 -23.3532, -44.892 -23.341, -45.4335 -23.66473, -45.40661 -23.82041, -45.86437 -23.75644, -46.14607 -23.84441, -46.16649 -23.98162, -46.38541 -23.87347, -46.45393 -23.92645, -46.40673 -24.00897, -46.96646 -24.29909, -46.9995 -24.40984, -47.54076 -24.70338, -47.82555 -24.89414, -47.93375 -25.03346, -47.95177 -25.20135, -48.33275 -25.35833, -48.45568 -25.24847, -48.3612 -25.57098, -48.57852 -25.87282, -48.58263 -26.15716, -48.75731 -26.29119, -48.6079 -26.4367, -48.64745 -27.47959, -48.56554 -27.86028, -48.81534 -28.61045, -49.34276 -28.92352, -49.81066 -29.44313, -50.04532 -29.81455, -50.31566 -30.46152, -50.72142 -31.04453, -51.15184 -31.48154, -51.86351 -31.93174, -51.1796 -31.35898, -51.15339 -31.06715, -50.73107 -30.79241, -50.68993 -30.3532, -51.23559 -30.17816, -51.18773 -30.36012, -51.38329 -30.65887, -51.44302 -31.08099, -51.63752 -31.25652, -51.92276 -31.3069, -52.09577 -31.69109, -52.20372 -31.72731, -52.25341 -32.28248, -52.62169 -33.10198, -52.81949 -33.32252, -53.37909 -33.74068, -53.53965 -33.64926, -53.51154 -33.09922, -53.11084 -32.72239, -53.41562 -32.56416, -53.64868 -32.33865, -53.77183 -32.04709, -54.13506 -31.90896, -54.46373 -31.67186, -54.59152 -31.47105, -54.81978 -31.43529, -55.02938 -31.26879, -55.25998 -31.22869, -55.59187 -30.84835, -55.86426 -31.07676, -56.01136 -31.08213, -56.01136 -30.79822, -56.83128 -30.10204, -57.07711 -30.10607, -57.2126 -30.28735, -57.6117 -30.18296)), ((-48.53751 -0.89446, -48.84203 -1.21331, -48.83922 -1.44256, -49.18773 -1.6076, -49.50398 -1.5866, -49.55175 -1.72088, -49.82356 -1.81658, -50.02595 -1.66074, -50.40518 -1.83099, -50.80419 -1.42498, -50.7799 -0.66058, -50.65469 -0.26385, -50.36815 -0.10565, -49.65347 -0.24114, -49.2154 -0.14121, -48.42724 -0.25994, -48.53751 -0.89446)), ((-51.1516 -0.63714, -51.28596 -1.03167, -51.78563 -1.44997, -51.95409 -1.42246, -51.66837 -1.05755, -51.67577 -0.84677, -51.50512 -0.60711, -51.30834 -0.51873, -51.1516 -0.63714)), ((-49.65023 0.38637, -49.52895 0.30081, -49.8297 0.0113, -50.34512 0.04743, -50.36681 0.2145, -50.10729 0.22215, -49.65023 0.38637)), ((-51.03795 -0.23594, -50.94727 -0.01197, -50.766 0.04637, -50.62743 -0.08571, -50.92341 -0.3305, -51.03795 -0.23594)), ((-49.83235 -0.10312, -49.49657 0.0856, -49.43871 -0.12054, -49.83235 -0.10312)), ((-50.30289 0.53099, -50.06566 0.64728, -50.04271 0.51032, -50.28145 0.35655, -50.30289 0.53099)), ((-50.51675 0.20864, -50.36669 0.61994, -50.32315 0.34064, -50.51675 0.20864)), ((-50.81306 -0.66912, -51.09415 -0.82627, -51.06627 -0.67604, -50.81306 -0.66912)), ((-50.3125 1.94707, -50.45861 1.88101, -50.50423 2.09569, -50.3125 1.94707)), ((-48.37731 -27.45818, -48.56509 -27.81365, -48.51708 -27.42832, -48.37731 -27.45818)), ((-50.63427 0.07128, -50.4465 0.12585, -50.4475 -0.01515, -50.63427 0.07128)), ((-51.14883 -0.26385, -51.3756 -0.46054, -51.26427 -0.2195, -51.14883 -0.26385)), ((-50.27527 0.74562, -50.13212 0.91421, -50.10338 0.75568, -50.27527 0.74562)), ((-45.44738 -23.87721, -45.3247 -23.72527, -45.25499 -23.89821, -45.44738 -23.87721)), ((-48.57852 -26.42099, -48.70328 -26.31194, -48.5476 -26.16725, -48.57852 -26.42099)), ((-38.90624 -13.38885, -38.94949 -13.65802, -39.03258 -13.39251, -38.90624 -13.38885)), ((-48.20739 -1.01784, -48.30712 -1.02068, -48.24356 -0.84173, -48.20739 -1.01784)), ((-44.4973 -2.94931, -44.59801 -3.06015, -44.54768 -2.74407, -44.4973 -2.94931)), ((-38.58747 -12.98691, -38.78653 -13.13388, -38.66926 -12.96185, -38.58747 -12.98691)), ((-49.36742 -1.89511, -49.45299 -1.85019, -49.33812 -1.71266, -49.36742 -1.89511)), ((-48.29735 -1.12851, -48.37987 -1.21722, -48.4215 -1.07952, -48.29735 -1.12851)), ((-44.08226 -23.16953, -44.32311 -23.22064, -44.2412 -23.06976, -44.08226 -23.16953)), ((-43.63481 -2.39989, -43.74252 -2.41174, -43.68448 -2.26336, -43.63481 -2.39989)), ((-47.55004 -24.74236, -47.78539 -24.92376, -47.83186 -24.91326, -47.55004 -24.74236)), ((-44.87865 -1.28509, -44.98034 -1.39609, -44.97435 -1.26035, -44.87865 -1.28509)), ((-47.64078 -0.60849, -47.70153 -0.70957, -47.76138 -0.57577, -47.64078 -0.60849)), ((-50.10032 0.95906, -49.92638 1.06986, -49.96402 0.97382, -50.10032 0.95906)), ((-50.553 2.15128, -50.46335 2.18694, -50.41516 2.12693, -50.553 2.15128)), ((-48.26896 -25.34816, -48.25588 -25.46575, -48.33952 -25.42553, -48.26896 -25.34816)), ((-49.46477 -1.65427, -49.43198 -1.70873, -49.52277 -1.73521, -49.46477 -1.65427)), ((-42.02782 -2.74481, -42.07396 -2.76051, -42.09138 -2.6784, -42.02782 -2.74481)), ((-47.89562 -0.6535, -47.96215 -0.73065, -47.96906 -0.63388, -47.89562 -0.6535)), ((-43.84871 -2.42398, -43.77511 -2.42892, -43.82597 -2.51377, -43.84871 -2.42398)), ((-50.09078 0.30594, -50.22046 0.24621, -50.09332 0.33901, -50.09078 0.30594)), ((-42.10578 -2.77275, -42.24977 -2.73644, -42.23926 -2.68087, -42.10578 -2.77275)), ((-34.85275 -7.69738, -34.83801 -7.8108, -34.88423 -7.80403, -34.85275 -7.69738)), ((-46.31949 -23.92767, -46.29186 -23.9909, -46.40465 -23.97047, -46.31949 -23.92767)), ((-29.40803 0.88483, -29.35619 0.88276, -29.41027 0.83487, -29.40803 0.88483)), ((-43.54598 -2.36029, -43.57366 -2.42347, -43.60775 -2.37316, -43.54598 -2.36029)), ((-32.38858 -3.8528, -32.44152 -3.88079, -32.43692 -3.84987, -32.38858 -3.8528)), ((-29.33825 -20.58416, -29.34826 -20.56129, -29.31688 -20.56878, -29.33825 -20.58416)), ((-28.88329 -20.51873, -28.88048 -20.51084, -28.87784 -20.51426, -28.88329 -20.51873)))
90;90;Americas;South America;chile;Chile;Indigenous people, Leftists, LGBTQIA+ people, Government opposition, Civilian protestors;Pinochet's regime, State police, Spanish colonizers, Explorers, Argentinian government;Watch;3,10;2;10;OK;historical;2021-08-01;The Chilean state has failed to fully prosecute past abuses by the Pinochet regime. Currently, the state is also failing to uphold the rights of people with disabilities. Chile’s Indigenous peoples suffer discrimination over land rights and are vulnerable to targeted attacks from drug traffickers, mining companies, and state police. Police have subjected civilians to torture and other human rights abuses. (Chile Country Report, 2021);Profile details checked;https://www.genocidewatch.com/country-pages/chile;https://d0dbb2cb-698c-4513-aa47-eba3a335e06f.filesusr.com/ugd/3ffc28_e51d042096c44897a82dfdff701f7562.pdf;https://www.genocidewatch.com/country-pages/chile;;;base_country;0;;MultiPolygon;EPSG:4326;Existing Ten Stages corrected GeoJSON;NAME=Chile;Topology-simplified embedded fallback used only when the live GitHub CSV cannot be loaded.;950a24c03f3bcfc6880d86913237a8a8e89878933f182258f1cf915ee28e298f;;MULTIPOLYGON (((-69.51009 -17.50659, -69.15544 -18.14024, -68.95465 -18.85699, -68.98961 -18.94649, -68.49636 -19.4584, -68.69841 -19.74634, -68.55351 -19.85786, -68.58834 -20.05557, -68.77554 -20.08968, -68.68554 -20.51683, -68.48096 -20.62473, -68.57196 -20.87237, -68.41631 -20.9598, -68.20754 -21.28433, -68.09623 -21.95396, -67.99019 -22.05762, -67.85872 -22.56684, -67.87634 -22.83359, -67.54711 -22.8925, -67.1939 -22.82222, -67.01397 -23.00071, -67.36237 -24.03037, -68.24449 -24.38538, -68.57237 -24.76986, -68.36737 -25.10338, -68.51605 -25.18358, -68.60596 -25.437, -68.41988 -26.17928, -68.57516 -26.30351, -68.57015 -26.55063, -68.32014 -26.87009, -68.33048 -27.04496, -68.58586 -27.16279, -68.80109 -27.11276, -69.01015 -27.44887, -69.17301 -27.92408, -69.65303 -28.39785, -69.80393 -29.09869, -70.04262 -29.36306, -69.92909 -29.71829, -69.97324 -30.08943, -69.90281 -30.31267, -70.17341 -30.36466, -70.33922 -30.93816, -70.4798 -31.09671, -70.59137 -31.5496, -70.42828 -31.87009, -70.3218 -32.28015, -70.17248 -32.46494, -70.14003 -32.76828, -70.00022 -32.8766, -70.11119 -33.03845, -70.01001 -33.2991, -69.78767 -33.37941, -69.89537 -33.66229, -69.83276 -34.24323, -70.04035 -34.27703, -70.22783 -34.58533, -70.38663 -35.16669, -70.5429 -35.20927, -70.40823 -35.5062, -70.38032 -36.04602, -70.70312 -36.26006, -70.71865 -36.41457, -71.04328 -36.48434, -71.19516 -36.83915, -71.08912 -37.10342, -71.2056 -37.29266, -71.12307 -37.44324, -71.18503 -37.70607, -71.00998 -38.06553, -70.87383 -38.69144, -71.41577 -38.93535, -71.40197 -39.236, -71.52 -39.615, -71.6774 -39.56849, -71.62118 -39.89508, -71.82375 -40.2101, -71.67849 -40.34022, -71.95558 -40.72036, -71.85145 -40.93833, -71.92597 -41.62294, -71.73626 -42.08389, -72.03991 -42.14466, -72.12471 -42.26331, -72.04193 -42.49105, -72.14843 -42.59264, -72.14854 -42.99872, -71.74298 -43.19013, -71.93734 -43.45688, -71.72376 -43.59475, -71.80324 -43.72601, -71.65988 -43.92631, -71.85874 -44.1078, -71.82205 -44.40318, -71.20978 -44.42757, -71.12266 -44.5303, -71.33598 -44.80161, -71.4971 -44.7429, -72.04782 -44.75479, -72.0735 -44.90217, -71.58873 -44.97813, -71.31153 -45.29946, -71.52584 -45.51898, -71.7651 -45.57241, -71.79853 -45.73995, -71.61229 -45.97053, -71.9147 -46.15232, -71.76334 -46.24451, -71.68717 -46.69007, -71.93413 -46.79952, -71.99997 -47.04219, -71.86256 -47.1689, -72.17055 -47.40754, -72.54391 -47.9148, -72.34305 -48.07045, -72.29509 -48.33328, -72.57678 -48.45213, -72.59233 -48.79113, -73.00972 -48.99039, -73.09825 -49.27275, -73.45786 -49.30769, -73.58659 -49.53, -73.4651 -49.75996, -73.57274 -49.93235, -73.53057 -50.14081, -73.32294 -50.26835, -73.17772 -50.74946, -72.77842 -50.61965, -72.30284 -50.6489, -72.25757 -51.23062, -72.45007 -51.55267, -71.95847 -51.868, -71.9177 -51.99006, -69.95275 -52.00742, -69.48529 -52.13248, -69.21226 -52.13795, -68.4545 -52.29991, -68.44861 -52.34662, -68.89846 -52.30354, -69.13012 -52.2081, -69.44201 -52.25213, -69.67235 -52.53086, -69.84658 -52.48654, -70.71641 -52.73706, -70.84125 -52.90343, -70.99275 -53.38299, -70.93944 -53.59222, -71.03425 -53.80975, -71.33605 -53.87957, -71.64464 -53.82366, -72.28409 -53.58123, -72.45328 -53.40732, -72.2823 -53.24277, -71.74242 -53.2234, -71.38292 -53.1264, -71.16929 -52.81281, -71.35211 -52.80711, -71.90623 -53.01089, -72.0856 -53.13437, -72.38003 -53.05039, -72.20629 -53.2011, -72.45206 -53.18963, -72.52221 -53.36631, -72.36457 -53.53688, -73.19909 -53.24082, -72.93375 -53.10475, -72.97647 -52.8388, -72.71483 -52.8694, -72.16087 -52.65212, -71.85053 -52.69471, -71.4781 -52.64614, -71.57161 -52.56128, -72.32779 -52.52516, -72.41364 -52.64886, -72.84838 -52.50286, -72.90453 -52.62965, -72.68017 -52.66253, -73.01561 -52.84173, -72.9536 -53.02361, -73.11628 -53.09694, -73.44396 -52.98203, -73.31387 -52.93426, -73.26891 -52.6736, -73.61644 -52.74912, -73.53091 -52.45696, -73.69896 -52.0263, -73.52888 -52.19557, -73.33385 -52.21868, -72.85363 -51.94834, -72.53653 -52.19557, -72.88899 -52.45184, -72.63207 -52.40667, -72.47566 -52.18743, -72.65876 -52.03623, -72.45328 -51.91326, -72.52204 -51.71307, -72.71251 -51.58221, -73.05431 -51.50262, -72.56261 -51.72479, -72.63191 -51.82562, -73.07006 -51.72454, -73.17667 -52.08123, -73.29284 -52.1657, -73.52278 -51.8034, -73.9042 -51.61175, -73.93432 -51.39935, -73.68786 -51.49489, -73.69408 -51.13926, -73.87938 -51.23789, -74.12951 -51.18768, -74.10497 -50.87119, -73.7766 -50.82586, -73.78283 -50.68678, -73.48713 -50.66009, -73.75939 -50.51572, -73.81078 -50.74196, -74.12609 -50.76247, -74.25255 -50.44052, -74.68301 -50.20941, -74.34765 -50.08611, -74.34826 -49.79209, -74.07771 -49.50115, -74.07445 -49.26165, -73.92455 -49.32122, -74.05748 -49.01247, -74.21491 -49.52313, -74.42414 -49.37119, -74.46133 -49.01971, -74.39216 -48.59905, -74.19713 -48.47332, -73.99348 -48.59726, -73.91641 -48.41888, -74.26159 -48.33514, -74.31786 -48.21209, -74.62541 -48.00423, -74.06062 -48.00042, -73.35143 -48.2195, -73.65856 -47.9118, -73.55012 -47.80804, -74.62841 -47.76775, -74.61213 -47.56845, -74.34455 -47.63665, -74.52888 -47.4223, -74.3247 -47.21893, -74.13907 -47.22234, -73.95763 -47.06032, -74.26684 -46.78167, -74.62658 -46.77858, -74.68098 -46.88388, -75.08336 -46.64088, -75.56176 -46.68076, -75.42247 -46.71396, -75.55175 -46.94834, -75.7047 -46.63926, -75.09069 -46.21608, -74.96052 -46.26784, -74.71337 -45.98447, -74.69091 -45.84157, -74.15648 -45.7973, -73.98205 -46.02972, -74.02131 -46.14821, -73.76985 -46.23455, -73.98917 -46.55975, -73.83161 -46.57789, -73.68786 -46.32204, -73.66055 -45.97568, -73.32726 -45.61907, -73.59166 -45.78021, -73.51732 -45.46038, -73.20865 -45.30218, -73.46068 -45.26629, -73.30443 -45.14479, -73.34826 -44.95778, -73.1171 -44.94834, -72.72765 -44.75856, -72.68676 -44.48846, -73.15954 -44.26043, -73.13915 -43.98512, -72.9171 -43.58864, -73.11132 -43.46103, -72.76106 -43.00905, -72.84219 -42.83807, -72.82384 -42.50416, -72.67846 -42.47845, -72.80972 -42.24326, -72.55793 -42.21111, -72.45617 -42.44085, -72.5172 -41.95094, -72.58056 -42.03118, -72.88858 -41.91082, -72.60945 -41.70672, -72.95726 -41.48358, -73.20141 -41.78476, -73.75995 -41.74884, -73.9469 -40.97284, -73.7285 -40.54418, -73.78091 -40.43727, -73.71418 -39.97845, -73.4584 -39.83375, -73.24157 -39.48952, -73.28344 -39.07529, -73.54328 -38.42067, -73.4628 -38.09173, -73.66808 -37.71941, -73.60757 -37.15545, -73.4674 -37.23463, -73.20906 -37.16025, -73.14538 -36.83392, -72.98803 -36.70257, -72.83235 -36.30804, -72.78014 -35.95257, -72.59797 -35.81015, -72.6466 -35.56658, -72.23058 -35.11614, -72.05724 -34.65879, -72.02684 -34.16269, -71.62466 -33.54144, -71.76187 -33.10198, -71.56823 -33.00189, -71.41246 -32.36956, -71.54385 -32.19329, -71.50113 -31.88983, -71.66784 -31.15049, -71.71345 -30.61492, -71.63463 -30.23821, -71.38256 -30.14772, -71.28661 -29.91025, -71.37609 -29.2824, -71.52196 -28.94012, -71.30187 -28.6749, -71.17394 -28.36061, -71.13809 -27.94598, -71.03869 -27.66644, -70.91242 -27.62184, -70.95995 -27.16139, -70.78864 -26.99627, -70.63073 -26.00954, -70.73999 -25.82932, -70.65144 -25.54079, -70.44481 -25.3449, -70.47273 -24.97527, -70.57641 -24.7317, -70.49852 -23.7846, -70.41308 -23.51125, -70.63161 -23.51704, -70.58069 -23.10832, -70.29703 -22.91774, -70.15197 -21.66481, -70.05869 -21.43338, -70.19417 -20.81583, -70.19213 -20.36679, -70.12328 -20.0722, -70.15119 -19.71941, -70.28775 -19.30096, -70.3566 -18.77337, -70.30356 -18.44544, -70.3947 -18.33775, -69.97034 -18.25063, -69.7831 -17.9816, -69.85756 -17.73417, -69.51009 -17.50659)), ((-68.642 -54.79917, -68.65414 -54.88624, -69.06701 -54.94883, -69.6483 -54.82252, -70.08007 -54.84987, -70.6105 -54.78069, -70.75878 -54.84059, -71.06237 -54.59271, -71.16267 -54.69817, -71.34708 -54.51719, -71.4171 -54.6513, -71.75447 -54.59271, -71.9619 -54.64715, -72.00235 -54.45908, -71.67186 -54.57171, -71.72501 -54.40545, -71.38927 -54.45729, -71.36461 -54.37298, -70.9724 -54.46901, -70.9525 -54.3388, -70.61046 -54.3388, -70.93269 -54.11354, -70.24596 -54.35719, -70.07299 -54.24879, -68.989 -54.43141, -70.05675 -54.08701, -70.18529 -53.81129, -69.91578 -53.66148, -69.36084 -53.52167, -69.35265 -53.35573, -69.67547 -53.35836, -70.2567 -53.46103, -70.47354 -53.30926, -70.41899 -53.01172, -70.08917 -52.91106, -70.41613 -52.75807, -70.12862 -52.73228, -70.00113 -52.84173, -69.73435 -52.77446, -69.58389 -52.50986, -69.41757 -52.45147, -69.14025 -52.68377, -68.77903 -52.54825, -68.62762 -52.63957, -68.64188 -54.78297, -68.642 -54.79917)), ((-74.40099 -43.26043, -74.22952 -43.02288, -74.12838 -42.64114, -74.18962 -42.43191, -74.05334 -42.13035, -74.06404 -41.80592, -73.86604 -41.89227, -73.57799 -41.79852, -73.39611 -42.30901, -73.68155 -42.37005, -73.61148 -42.51165, -73.80915 -42.60866, -73.51667 -42.78924, -73.65392 -42.89764, -73.49006 -43.10003, -73.72142 -43.1417, -73.74498 -43.22698, -73.73111 -43.39264, -74.08495 -43.40163, -74.40099 -43.26043)), ((-75.46727 -49.3327, -75.03722 -49.26043, -74.89322 -49.36403, -74.85912 -49.11077, -75.06111 -48.83701, -74.83031 -48.68955, -74.5255 -48.72283, -74.44815 -49.32244, -74.53637 -49.50799, -74.42365 -49.74489, -74.53637 -49.99472, -74.86775 -50.01621, -74.84484 -49.69362, -74.71837 -49.62526, -75.00951 -49.51865, -75.13394 -49.85833, -75.46727 -49.3327)), ((-68.07152 -55.71624, -68.25251 -55.52451, -68.96736 -55.42995, -68.80114 -55.18865, -69.03718 -55.2623, -69.4796 -55.23699, -69.38622 -55.40488, -69.78808 -55.30592, -70.03148 -55.15325, -69.88598 -55.06357, -69.31965 -54.99334, -68.44115 -54.93971, -68.33483 -55.06243, -68.61608 -55.15228, -68.23917 -55.29225, -68.61681 -55.30592, -68.14647 -55.40439, -67.98013 -55.58758, -68.07152 -55.71624)), ((-72.54328 -54.10003, -72.84309 -54.13356, -72.81627 -53.82098, -73.10167 -53.91041, -73.08312 -54.03191, -73.33776 -53.95525, -73.27489 -53.70086, -73.58471 -53.58278, -73.26207 -53.55804, -73.16153 -53.41139, -72.91324 -53.42702, -72.88414 -53.68133, -72.78087 -53.48301, -72.15274 -53.79616, -72.32848 -53.83961, -72.54328 -54.10003)), ((-67.8981 -55.16872, -68.08186 -55.23309, -68.18635 -54.9782, -68.34529 -54.92108, -67.30183 -54.92889, -67.06188 -55.07204, -67.27062 -55.3069, -67.50292 -55.17213, -67.64737 -55.26149, -67.8981 -55.16872)), ((-73.21032 -44.40887, -73.00202 -44.36126, -72.72118 -44.52801, -72.83764 -44.71014, -73.29141 -44.93239, -73.46813 -44.64251, -73.21032 -44.40887)), ((-70.43925 -54.06041, -70.67113 -53.96771, -70.59341 -54.2138, -70.82274 -54.11354, -70.88151 -53.84226, -70.6344 -53.87335, -70.71288 -53.70143, -70.46953 -53.56631, -70.43925 -54.06041)), ((-73.09081 -53.35573, -73.60961 -53.30006, -73.61148 -53.1876, -74.03482 -53.05625, -74.29369 -53.0993, -74.59655 -52.92295, -74.67443 -52.72129, -74.27099 -52.95761, -73.87588 -53.00319, -73.4818 -53.13291, -73.09081 -53.35573)), ((-75.22448 -48.70648, -75.31794 -48.34889, -75.46019 -48.4166, -75.58532 -48.08571, -75.35098 -48.00449, -75.0714 -48.59629, -75.22448 -48.70648)), ((-71.65705 -53.98317, -71.3015 -53.99147, -71.23697 -54.16627, -71.01252 -54.10084, -71.1483 -54.37982, -71.49258 -54.13519, -71.54214 -54.26995, -71.65705 -53.98317)), ((-74.52774 -48.6749, -74.94713 -48.61956, -75.03307 -48.50449, -74.81127 -48.36346, -74.76431 -48.1526, -74.5869 -48.40342, -74.52774 -48.6749)), ((-72.16906 -54.10272, -72.2591 -53.92986, -71.90388 -53.86175, -71.6529 -53.92636, -71.84606 -54.33799, -72.16906 -54.10272)), ((-75.22289 -50.43646, -75.19489 -50.3025, -75.46093 -50.35003, -75.39745 -50.17164, -75.14647 -50.24863, -75.11978 -50.13877, -75.40038 -50.03916, -75.12873 -50.02955, -75.0714 -50.17962, -74.81501 -50.11891, -75.22289 -50.43646)), ((-75.25634 -48.06862, -74.82782 -48.14549, -74.83739 -48.34482, -75.03112 -48.44378, -75.25634 -48.06862)), ((-73.96251 -45.24912, -74.20694 -45.04266, -73.9147 -44.99529, -73.7069 -45.18133, -73.96251 -45.24912)), ((-74.46056 -51.00091, -74.73961 -51.1015, -74.87865 -50.88633, -74.62548 -50.9249, -74.66047 -50.72772, -74.39493 -50.86981, -74.46056 -51.00091)), ((-75.20702 -47.91695, -74.78832 -47.81232, -74.72738 -48.10589, -75.2495 -48.04192, -75.20702 -47.91695)), ((-74.18437 -52.5868, -73.72517 -52.40472, -73.7965 -52.68719, -74.18437 -52.5868)), ((-74.32217 -50.84588, -74.58121 -50.63356, -74.38313 -50.45599, -74.1813 -50.78232, -74.32217 -50.84588)), ((-73.87588 -44.69402, -74.27969 -44.80381, -74.40054 -44.62607, -74.02562 -44.60312, -73.87588 -44.69402)), ((-70.54809 -55.21356, -70.57531 -55.06024, -70.94099 -55.07204, -70.98721 -54.94842, -70.34293 -55.06911, -70.54809 -55.21356)), ((-74.7211 -45.80983, -74.91967 -46.10418, -75.05435 -45.86354, -74.7211 -45.80983)), ((-74.50284 -47.9179, -74.24523 -47.80641, -73.92488 -47.91595, -74.31847 -47.98122, -74.50284 -47.9179)), ((-75.61352 -49.63638, -75.35534 -49.61018, -75.17789 -49.88421, -75.61352 -49.63638)), ((-69.76012 -54.86834, -69.1643 -54.95582, -69.9178 -55.03834, -69.76012 -54.86834)), ((-74.50284 -45.73235, -74.42125 -45.45428, -74.208 -45.63551, -74.50284 -45.73235)), ((-75.33991 -48.61484, -75.62613 -48.63201, -75.60643 -48.43922, -75.34435 -48.42742, -75.33991 -48.61484)), ((-74.78336 -51.42669, -75.00048 -51.4747, -74.79308 -51.2112, -74.60192 -51.20599, -74.78336 -51.42669)), ((-74.94787 -52.05657, -75.06526 -51.99456, -74.90343 -51.62103, -74.76293 -51.78289, -74.94787 -52.05657)), ((-75.0974 -50.49725, -75.27892 -50.77011, -75.46182 -50.76247, -75.46862 -50.49432, -75.0974 -50.49725)), ((-75.46508 -49.03639, -75.64737 -48.96689, -75.54068 -48.83367, -75.30598 -48.86492, -75.46508 -49.03639)), ((-73.58601 -45.48016, -73.68041 -45.75286, -73.81827 -45.64251, -73.58601 -45.48016)), ((-74.12255 -52.39772, -74.12951 -52.22796, -73.95104 -52.30706, -74.12255 -52.39772)), ((-74.89045 -49.09547, -74.92052 -49.27264, -75.23559 -49.14495, -75.09545 -49.02988, -74.89045 -49.09547)), ((-75.00353 -51.34189, -75.3129 -51.62916, -75.21984 -51.30543, -75.00353 -51.34189)), ((-74.90632 -52.2348, -74.58929 -52.2129, -74.59384 -52.39482, -74.90632 -52.2348)), ((-74.1883 -44.86907, -73.97566 -44.98301, -74.35692 -45.01149, -74.1883 -44.86907)), ((-75.60733 -49.15106, -75.28742 -49.0866, -75.49376 -49.26344, -75.60733 -49.15106)), ((-73.69408 -52.24228, -74.09024 -52.01002, -74.05329 -51.90846, -73.78401 -52.05967, -73.69408 -52.24228)), ((-73.86539 -43.78932, -73.76232 -43.88893, -74.16617 -43.85377, -73.86539 -43.78932)), ((-73.82445 -45.26629, -74.01228 -45.35361, -74.16706 -45.25262, -73.82445 -45.26629)), ((-73.59154 -44.70672, -73.83788 -44.66432, -73.69953 -44.5368, -73.59154 -44.70672)), ((-74.95897 -50.72829, -74.74242 -50.70721, -74.69302 -50.89007, -74.95897 -50.72829)), ((-73.92854 -51.7763, -74.23225 -51.70721, -74.04223 -51.56878, -73.92854 -51.7763)), ((-74.50284 -51.70721, -74.0963 -51.87737, -74.24218 -51.94061, -74.50284 -51.70721)), ((-74.11242 -45.58782, -73.91023 -45.591, -74.04357 -45.71551, -74.11242 -45.58782)), ((-73.87047 -45.5617, -74.14501 -45.55804, -74.06404 -45.42327, -73.87047 -45.5617)), ((-75.35591 -47.73614, -75.09164 -47.68049, -75.02368 -47.80333, -75.35591 -47.73614)), ((-74.5233 -44.52646, -74.25951 -44.41286, -74.24014 -44.47812, -74.5233 -44.52646)), ((-73.68668 -46.07285, -73.77546 -46.19948, -73.9405 -46.06813, -73.68668 -46.07285)), ((-73.82445 -52.34466, -74.07917 -52.14772, -73.81534 -52.24114, -73.82445 -52.34466)), ((-74.89635 -52.11305, -74.75088 -51.83392, -74.62316 -51.879, -74.89635 -52.11305)), ((-73.71833 -51.84886, -73.73841 -52.01125, -73.97936 -51.83854, -73.71833 -51.84886)), ((-71.06428 -54.94964, -71.41649 -54.83587, -71.00617 -54.85768, -71.06428 -54.94964)), ((-74.55818 -48.12233, -74.37263 -48.25319, -74.53441 -48.33563, -74.55818 -48.12233)), ((-73.39245 -53.53069, -73.50723 -53.56862, -73.78136 -53.45127, -73.39245 -53.53069)), ((-75.194 -48.9957, -75.30818 -48.79485, -75.12084 -48.84979, -75.194 -48.9957)), ((-74.88926 -50.29492, -75.04452 -50.47599, -75.17158 -50.46215, -74.88926 -50.29492)), ((-75.61262 -48.79485, -75.64184 -48.70135, -75.46052 -48.69988, -75.61262 -48.79485)), ((-73.97525 -47.04762, -74.1459 -47.17116, -74.16706 -47.01287, -73.97525 -47.04762)), ((-67.55183 -55.73561, -67.35912 -55.57391, -67.26476 -55.77776, -67.55183 -55.73561)), ((-74.7379 -43.53018, -74.55749 -43.62741, -74.77543 -43.67463, -74.7379 -43.53018)), ((-72.3015 -54.2514, -72.51537 -54.20233, -72.29695 -54.11354, -72.3015 -54.2514)), ((-74.54133 -45.57871, -74.58389 -45.73528, -74.70051 -45.72763, -74.54133 -45.57871)), ((-109.22004 -27.10524, -109.44066 -27.20143, -109.36632 -27.06178, -109.22004 -27.10524)), ((-73.74185 -45.79388, -73.85656 -45.96754, -73.9405 -45.90993, -73.74185 -45.79388)), ((-73.83678 -44.78411, -73.83967 -44.95859, -73.93912 -44.81292, -73.83678 -44.78411)), ((-74.29796 -48.28802, -74.27172 -48.46266, -74.46085 -48.38445, -74.29796 -48.28802)), ((-74.28458 -51.23561, -74.30134 -50.93922, -74.20055 -51.20013, -74.28458 -51.23561)), ((-67.64078 -55.91412, -67.74841 -55.8492, -67.56062 -55.83799, -67.64078 -55.91412)), ((-74.39452 -51.12225, -74.4239 -51.20517, -74.60521 -51.08025, -74.39452 -51.12225)), ((-75.03127 -44.90397, -75.16467 -44.91384, -75.11318 -44.76652, -75.03127 -44.90397)), ((-74.43643 -49.42702, -74.29308 -49.55462, -74.41539 -49.62379, -74.43643 -49.42702)), ((-74.07287 -44.15504, -73.89363 -44.23935, -74.09439 -44.2824, -74.07287 -44.15504)), ((-75.08503 -48.6373, -75.08894 -48.78265, -75.24608 -48.78476, -75.08503 -48.6373)), ((-66.89631 -55.33261, -67.06017 -55.32635, -66.87511 -55.23089, -66.89631 -55.33261)), ((-74.31041 -45.38926, -74.48917 -45.35508, -74.38927 -45.28167, -74.31041 -45.38926)), ((-70.28775 -54.18808, -70.4591 -54.23594, -70.49169 -54.14837, -70.28775 -54.18808)), ((-73.27261 -43.91937, -73.14078 -43.90358, -73.187 -44.02654, -73.27261 -43.91937)), ((-73.96687 -45.76979, -74.0299 -45.90309, -74.09097 -45.81463, -73.96687 -45.76979)), ((-74.31237 -44.8414, -74.46939 -44.82684, -74.42711 -44.71819, -74.31237 -44.8414)), ((-74.69595 -50.3624, -74.54939 -50.37819, -74.78531 -50.48943, -74.69595 -50.3624)), ((-73.43342 -52.86541, -73.78734 -52.91318, -73.61172 -52.82171, -73.43342 -52.86541)), ((-73.62515 -42.44345, -73.5432 -42.37916, -73.41739 -42.51767, -73.62515 -42.44345)), ((-75.08747 -51.89804, -75.0546 -51.72487, -74.96996 -51.73675, -75.08747 -51.89804)), ((-74.2386 -51.4096, -74.16511 -51.28704, -74.10969 -51.42799, -74.2386 -51.4096)), ((-74.30748 -45.29453, -74.41511 -45.247, -74.35879 -45.15643, -74.30748 -45.29453)), ((-74.95772 -47.7748, -75.05442 -47.68957, -74.90395 -47.68594, -74.95772 -47.7748)), ((-73.95743 -44.47926, -73.94734 -44.54355, -74.07067 -44.55202, -73.95743 -44.47926)), ((-74.49389 -51.99228, -74.73559 -52.08457, -74.54381 -51.92067, -74.49389 -51.99228)), ((-73.17846 -54.12721, -73.47435 -54.07195, -73.18786 -54.05364, -73.17846 -54.12721)), ((-74.19371 -44.49228, -74.1542 -44.55975, -74.3684 -44.52557, -74.19371 -44.49228)), ((-73.61644 -44.07252, -73.65054 -44.13193, -73.75499 -43.98528, -73.61644 -44.07252)), ((-74.51024 -48.4083, -74.30655 -48.48943, -74.42903 -48.52581, -74.51024 -48.4083)), ((-66.42081 -55.20086, -66.5878 -55.28484, -66.63219 -55.20599, -66.42081 -55.20086)), ((-74.48436 -44.69842, -74.66348 -44.67995, -74.62267 -44.622, -74.48436 -44.69842)), ((-70.39688 -54.86907, -70.67854 -54.89821, -70.60709 -54.83229, -70.39688 -54.86907)), ((-74.43932 -47.06146, -74.3247 -47.05389, -74.44079 -47.16375, -74.43932 -47.06146)), ((-74.64987 -47.79774, -74.52618 -47.81287, -74.64402 -47.92311, -74.64987 -47.79774)), ((-75.1462 -46.69702, -75.16178 -46.78158, -75.34225 -46.70174, -75.1462 -46.69702)), ((-75.00707 -50.8139, -75.08039 -50.67108, -74.98542 -50.65716, -75.00707 -50.8139)), ((-70.31325 -54.05275, -70.40513 -54.15044, -70.51369 -54.09129, -70.31325 -54.05275)), ((-74.07144 -44.85418, -74.16633 -44.80071, -73.96349 -44.78053, -74.07144 -44.85418)), ((-73.62731 -44.82977, -73.74169 -44.75465, -73.61628 -44.73431, -73.62731 -44.82977)), ((-75.00992 -48.6373, -74.82494 -48.65838, -74.98827 -48.74049, -75.00992 -48.6373)), ((-73.92683 -44.35459, -73.9405 -44.45062, -74.11242 -44.32724, -73.92683 -44.35459)), ((-73.75487 -51.29762, -73.89037 -51.34564, -73.86474 -51.25872, -73.75487 -51.29762)), ((-73.87035 -44.19655, -74.01622 -44.14284, -73.91763 -44.0984, -73.87035 -44.19655)), ((-74.24551 -48.39422, -74.0572 -48.42555, -74.06859 -48.47967, -74.24551 -48.39422)), ((-73.68318 -46.01767, -73.81949 -45.99871, -73.75552 -45.88885, -73.68318 -46.01767)), ((-78.75764 -33.64324, -78.99169 -33.65691, -78.88488 -33.57562, -78.75764 -33.64324)), ((-66.86901 -55.0241, -66.80687 -55.11289, -67.06623 -55.02215, -66.86901 -55.0241)), ((-72.31151 -54.32903, -72.47069 -54.42767, -72.54174 -54.34303, -72.31151 -54.32903)), ((-73.78966 -51.73504, -73.83878 -51.8126, -73.93041 -51.65643, -73.78966 -51.73504)), ((-74.79703 -52.129, -74.6018 -52.06406, -74.67195 -52.16302, -74.79703 -52.129)), ((-73.68786 -53.52321, -73.82445 -53.53688, -73.86059 -53.45892, -73.68786 -53.52321)), ((-73.86339 -45.42034, -74.01122 -45.41123, -73.82824 -45.37233, -73.86339 -45.42034)), ((-67.58776 -55.58587, -67.7386 -55.61688, -67.70124 -55.51295, -67.58776 -55.58587)), ((-74.56819 -45.5237, -74.44567 -45.42816, -74.50133 -45.58807, -74.56819 -45.5237)), ((-74.73253 -44.59319, -74.80386 -44.67376, -74.81485 -44.55853, -74.73253 -44.59319)), ((-74.3942 -52.5199, -74.34926 -52.62298, -74.49157 -52.55181, -74.3942 -52.5199)), ((-74.07079 -53.23089, -74.11612 -53.30739, -74.24372 -53.30283, -74.07079 -53.23089)), ((-72.60798 -42.11191, -72.50927 -42.07334, -72.51818 -42.15065, -72.60798 -42.11191)), ((-73.78966 -44.42278, -73.90412 -44.44492, -73.90282 -44.37835, -73.78966 -44.42278)), ((-74.87694 -51.15846, -75.0039 -51.17596, -74.96898 -51.10442, -74.87694 -51.15846)), ((-73.89615 -44.33473, -73.96288 -44.28379, -73.80748 -44.32513, -73.89615 -44.33473)), ((-73.61148 -42.93621, -73.42064 -42.95566, -73.45006 -42.99375, -73.61148 -42.93621)), ((-75.52131 -49.3791, -75.42943 -49.46637, -75.5443 -49.45287, -75.52131 -49.3791)), ((-74.74987 -45.69769, -74.87059 -45.65081, -74.81583 -45.60516, -74.74987 -45.69769)), ((-67.2174 -55.85174, -67.33845 -55.86492, -67.35855 -55.81048, -67.2174 -55.85174)), ((-73.29849 -44.3681, -73.24901 -44.30674, -73.17675 -44.37493, -73.29849 -44.3681)), ((-71.92638 -54.73675, -71.98497 -54.7553, -72.01944 -54.63299, -71.92638 -54.73675)), ((-73.61677 -42.63877, -73.75503 -42.59881, -73.62096 -42.56805, -73.61677 -42.63877)), ((-73.08812 -41.83603, -73.05337 -41.74717, -73.003 -41.84433, -73.08812 -41.83603)), ((-73.78966 -44.38242, -73.72883 -44.3886, -73.69152 -44.43792, -73.78966 -44.38242)), ((-74.47637 -52.30967, -74.48223 -52.44166, -74.53777 -52.40433, -74.47637 -52.30967)), ((-69.63732 -55.38836, -69.80175 -55.40781, -69.80175 -55.33261, -69.63732 -55.38836)), ((-74.34505 -51.34235, -74.29651 -51.39539, -74.39649 -51.41308, -74.34505 -51.34235)), ((-80.77733 -33.73447, -80.74083 -33.68515, -80.7047 -33.76678, -80.77733 -33.73447)), ((-72.93044 -42.72334, -72.95652 -42.8078, -73.03362 -42.71389, -72.93044 -42.72334)), ((-73.07323 -42.289, -73.14159 -42.31373, -73.10607 -42.24098, -73.07323 -42.289)), ((-74.32201 -44.24944, -74.29817 -44.3095, -74.4099 -44.28444, -74.32201 -44.24944)), ((-67.07238 -55.90293, -67.16491 -55.87965, -67.12116 -55.80755, -67.07238 -55.90293)), ((-70.63174 -52.83266, -70.72516 -52.91361, -70.78974 -52.90054, -70.63174 -52.83266)), ((-73.88244 -38.36077, -73.89224 -38.414, -73.95344 -38.31357, -73.88244 -38.36077)), ((-74.5841 -50.53094, -74.67349 -50.57692, -74.66649 -50.50311, -74.5841 -50.53094)), ((-69.94782 -55.28387, -70.00646 -55.37444, -70.02766 -55.31894, -69.94782 -55.28387)), ((-74.26635 -44.17693, -74.38557 -44.1596, -74.29621 -44.14332, -74.26635 -44.17693)), ((-73.49296 -37.04177, -73.51888 -37.07992, -73.55169 -37.02762, -73.49296 -37.04177)), ((-73.69835 -44.24188, -73.66617 -44.26507, -73.75739 -44.2824, -73.69835 -44.24188)), ((-72.97284 -54.44501, -72.98912 -54.4957, -73.09831 -54.48581, -72.97284 -54.44501)), ((-73.65642 -43.196, -73.66124 -43.2448, -73.71852 -43.21598, -73.65642 -43.196)), ((-73.24104 -42.63137, -73.29518 -42.65395, -73.34387 -42.62039, -73.24104 -42.63137)), ((-74.25336 -43.35039, -74.23073 -43.41337, -74.28403 -43.41784, -74.25336 -43.35039)), ((-67.23209 -55.77142, -67.16491 -55.76084, -67.16788 -55.7833, -67.23209 -55.77142)), ((-74.208 -44.0193, -74.29833 -44.03191, -74.3168 -44.01653, -74.208 -44.0193)), ((-74.34455 -52.06406, -74.38781 -52.07724, -74.40722 -52.04306, -74.34455 -52.06406)), ((-73.33096 -52.70086, -73.38858 -52.7374, -73.37194 -52.7077, -73.33096 -52.70086)), ((-79.90176 -26.34743, -79.89074 -26.35174, -79.90941 -26.35817, -79.90176 -26.34743)), ((-80.09569 -26.26605, -80.09044 -26.27451, -80.10778 -26.275, -80.09569 -26.26605)), ((-105.45954 -26.46478, -105.47094 -26.4577, -105.46349 -26.45696, -105.45954 -26.46478)))
91;91;Americas;South America;colombia;Colombia;Indigenous communities, Civilians and peaceful protesters, Human rights activists;State security forces, Armed non-state groups;Warning;5,8;2;8;OK;current;2026-02-01;Armed groups are carrying out massacres and targeted killings of civilians, indigenous communities, and human rights leaders. Colombian police forces are killing and detaining peaceful protesters.;Profile details checked;https://www.genocidewatch.com/country-pages/colombia;https://d0dbb2cb-698c-4513-aa47-eba3a335e06f.filesusr.com/ugd/444029_66d63db391874f3baa3c8e745da4b081.pdf;https://www.genocidewatch.com/country-pages/colombia;;;base_country;0;;MultiPolygon;EPSG:4326;Existing Ten Stages corrected GeoJSON;NAME=Colombia;Topology-simplified embedded fallback used only when the live GitHub CSV cannot be loaded.;61c234124462b57f4f008e5e1683f7f8595dbb155dd49e10500782421198e83f;;MULTIPOLYGON (((-77.89584 7.2351, -77.74024 7.71886, -77.61332 7.53747, -77.33974 7.70723, -77.16901 7.93507, -77.42232 8.45641, -77.37352 8.66474, -77.27473 8.49579, -76.83226 8.13654, -76.93371 7.96459, -76.75723 7.92357, -76.77009 8.39802, -76.94717 8.54548, -76.67321 8.68041, -76.25626 9.00739, -76.07799 9.34382, -75.62063 9.45285, -75.70514 9.70066, -75.5157 10.319, -75.50984 10.58584, -74.84437 11.10967, -74.52295 10.99592, -74.36217 10.7757, -74.18749 11.31696, -73.29239 11.29401, -72.75967 11.69709, -72.26305 11.88597, -72.17052 12.23428, -71.80285 12.32368, -71.69726 12.4643, -71.2423 12.3277, -71.11388 12.09439, -71.32751 11.85, -71.97108 11.66192, -72.25659 11.16779, -72.49932 11.1208, -72.90756 10.45246, -72.97763 9.83806, -73.37782 9.16469, -73.00972 9.29538, -72.82669 9.14169, -72.67543 8.65151, -72.38677 8.33861, -72.33576 8.1039, -72.48779 7.94918, -72.45131 7.44022, -72.20621 7.38188, -72.081 7.0666, -71.83264 6.98645, -71.6204 7.05213, -71.18405 6.96257, -70.57861 7.08582, -70.31906 6.93829, -70.09662 6.94444, -69.44364 6.12224, -69.2461 6.08066, -69.06113 6.21784, -68.63531 6.13588, -67.57398 6.26623, -67.42857 6.03847, -67.60122 5.82058, -67.647 5.48336, -67.84368 5.29725, -67.79309 5.06334, -67.86508 4.51208, -67.63176 3.76186, -67.30465 3.42571, -67.83862 2.88613, -67.62659 2.81342, -67.19762 2.40203, -66.87506 1.22251, -67.06523 1.17269, -67.11716 1.70979, -67.34061 2.09011, -67.59295 2.05481, -67.79046 1.81258, -67.99825 1.74997, -68.20082 2.00784, -68.28025 1.8294, -68.1633 1.72129, -69.85617 1.70767, -69.85219 1.05942, -69.37085 1.06299, -69.15239 0.8678, -69.13745 0.65014, -69.50371 0.72962, -70.05425 0.58813, -70.07381 -0.1249, -69.94436 -0.30546, -69.63208 -0.50689, -69.62838 -0.73344, -69.39945 -1.18272, -69.9472 -4.20114, -69.96495 -4.23648, -70.3111 -3.82927, -70.73413 -3.78204, -70.05063 -2.71513, -70.35754 -2.48693, -70.99272 -2.19744, -71.42083 -2.37603, -71.45649 -2.25511, -71.73848 -2.1377, -71.96627 -2.32849, -72.39658 -2.44652, -72.64432 -2.33407, -72.94327 -2.41902, -73.19778 -2.21356, -73.11106 -2.07341, -73.18625 -1.79963, -73.53099 -1.67375, -73.49716 -1.478, -73.63656 -1.25517, -73.88076 -1.19099, -74.34442 -0.8586, -74.41266 -0.57314, -74.82465 -0.17048, -75.2221 -0.0324, -75.28349 -0.10702, -75.78971 0.08439, -76.05347 0.36354, -76.31159 0.45853, -76.40802 0.25451, -76.89683 0.24531, -77.42439 0.4083, -77.46806 0.65087, -77.67332 0.81964, -78.12001 0.92124, -78.57006 1.19585, -79.02151 1.63831, -78.84605 1.82159, -78.57123 1.78221, -78.70316 2.18981, -78.55899 2.44916, -78.33397 2.64705, -78.1844 2.5152, -78.12295 2.49364, -78.08666 2.51057, -78.10536 2.6422, -77.83967 2.56586, -77.76041 2.59162, -77.75154 2.62726, -77.72179 2.982, -77.36705 3.40209, -77.19542 3.75821, -77.43517 4.15522, -77.31981 4.20083, -77.23632 4.26533, -77.3872 4.34724, -77.31957 4.54662, -77.40827 5.4645, -77.24645 5.78734, -77.48436 6.18879, -77.34301 6.54377, -77.68261 6.87592, -77.68883 7.05463, -77.89584 7.2351)), ((-78.09728 2.57217, -78.15758 2.51813, -78.20489 2.68734, -78.09728 2.57217)), ((-77.33316 4.24482, -77.54426 4.23163, -77.41511 4.3205, -77.33316 4.24482)), ((-77.75414 2.61799, -77.84708 2.64838, -77.84708 2.72411, -77.75414 2.61799)), ((-77.78502 2.59382, -77.88805 2.59382, -77.8675 2.63984, -77.78502 2.59382)), ((-78.16427 3.0016, -78.19322 2.93362, -78.19503 2.98016, -78.16427 3.0016)), ((-75.57583 10.37787, -75.53789 10.36267, -75.59066 10.31904, -75.57583 10.37787)), ((-81.71695 12.56322, -81.68639 12.58006, -81.70474 12.50446, -81.71695 12.56322)), ((-81.38264 13.31916, -81.36535 13.37397, -81.35216 13.33417, -81.38264 13.31916)), ((-81.61632 3.96381, -81.60143 3.98835, -81.57872 3.97818, -81.61632 3.96381)), ((-80.08991 13.57836, -80.08943 13.57685, -80.09089 13.57803, -80.08991 13.57836)))
92;92;Americas;South America;peru;Peru;Indigenous Peruvians (Andean and Amazonian peoples), especially women;Peruvian government under President Alberto Fujimori, health practitioners, security forces;Watch;3,10;2;10;OK;historical;2021-03-01;Socioeconomic inequalities persist between Indigenous and non-Indigenous Peruvians and Afro-Peruvians suffer racial discrimination. The recent presidential election showed political polarization between the left and right is high. The state has failed to denounce PSRPF as genocidal or prosecute its architects for crimes of genocide.;Profile details checked;https://www.genocidewatch.com/country-pages/peru;https://d0dbb2cb-698c-4513-aa47-eba3a335e06f.filesusr.com/ugd/3ffc28_36be503194e44ad28518c22a142bc7b3.pdf;https://www.genocidewatch.com/country-pages/peru;;;base_country;0;;MultiPolygon;EPSG:4326;Existing Ten Stages corrected GeoJSON;NAME=Peru;Topology-simplified embedded fallback used only when the live GitHub CSV cannot be loaded.;f49fab0371b56ac92a416e8b17a39aa0d0320c7f77420b452f04d2db92938d1a;;MULTIPOLYGON (((-69.51009 -17.50659, -69.85756 -17.73417, -69.7831 -17.9816, -69.97034 -18.25063, -70.3947 -18.33775, -70.91462 -17.94655, -71.38516 -17.68727, -71.40026 -17.40032, -71.51452 -17.2846, -72.10993 -17.02313, -72.36221 -16.76133, -72.69235 -16.66065, -73.70028 -16.2207, -74.04662 -15.96014, -74.44172 -15.79803, -75.18946 -15.35837, -75.55065 -14.88494, -75.93065 -14.64935, -75.98064 -14.4611, -76.29174 -14.08099, -76.18126 -13.53948, -76.2211 -13.35756, -76.48335 -13.0363, -76.51623 -12.86992, -76.81176 -12.48268, -76.85365 -12.30264, -77.17492 -12.07187, -77.17109 -11.73614, -77.32046 -11.49375, -77.64726 -11.29232, -77.67054 -10.92752, -78.0558 -10.34752, -78.3699 -9.61543, -78.41475 -9.36213, -78.61115 -9.17652, -78.75933 -8.60833, -78.94026 -8.43553, -78.98574 -8.21742, -79.46594 -7.71593, -79.70824 -7.10678, -79.96468 -6.78736, -80.2981 -6.54445, -80.79053 -6.29969, -81.10146 -6.07207, -81.15022 -5.88307, -80.93993 -5.85084, -80.85621 -5.65046, -80.93182 -5.46382, -81.19848 -5.2081, -81.06335 -5.02204, -81.33756 -4.6783, -81.2528 -4.2387, -80.53624 -3.5053, -80.26566 -3.4264, -80.16505 -3.8795, -80.48108 -3.99877, -80.48854 -4.39596, -80.4085 -4.4775, -80.14025 -4.2831, -79.83287 -4.47895, -79.50721 -4.53156, -79.45057 -4.8102, -79.06393 -5.01137, -78.92861 -4.74746, -78.67266 -4.55099, -78.68243 -4.32692, -78.41358 -3.77181, -78.36172 -3.40852, -78.19641 -3.36367, -77.84902 -2.98064, -76.68459 -2.57364, -76.09124 -2.12891, -75.56003 -1.50259, -75.41258 -0.92392, -75.22726 -0.96981, -75.27204 -0.5257, -75.6376 -0.11146, -75.28349 -0.10702, -75.2221 -0.0324, -74.82465 -0.17048, -74.41266 -0.57314, -74.34442 -0.8586, -73.88076 -1.19099, -73.63656 -1.25517, -73.49716 -1.478, -73.53099 -1.67375, -73.18625 -1.79963, -73.11106 -2.07341, -73.19778 -2.21356, -72.94327 -2.41902, -72.64432 -2.33407, -72.39658 -2.44652, -71.96627 -2.32849, -71.73848 -2.1377, -71.45649 -2.25511, -71.42083 -2.37603, -70.99272 -2.19744, -70.35754 -2.48693, -70.05063 -2.71513, -70.73413 -3.78204, -70.3111 -3.82927, -69.96495 -4.23648, -70.20563 -4.34294, -70.3111 -4.17086, -70.83224 -4.17943, -70.96869 -4.38531, -71.77435 -4.48153, -72.07113 -4.60514, -72.62727 -5.02243, -72.91795 -5.13209, -73.00135 -5.7088, -73.23478 -6.07756, -73.13178 -6.43526, -73.76549 -6.90418, -73.81234 -7.10292, -73.71309 -7.30467, -74.01847 -7.54352, -73.71216 -7.78815, -73.52654 -8.37241, -73.17457 -8.72071, -72.95939 -9.08565, -73.21498 -9.40904, -72.8133 -9.4109, -72.30677 -9.54092, -72.19567 -10.00559, -71.39143 -10.00683, -71.1965 -9.93986, -70.52499 -9.43095, -70.62442 -9.56582, -70.64134 -11.0108, -70.53411 -10.93814, -70.2894 -11.06475, -69.95611 -10.91933, -69.57763 -10.9523, -68.68425 -12.50249, -68.98095 -12.86795, -69.01596 -13.75311, -68.88372 -14.21148, -69.2475 -14.59368, -69.39067 -14.96441, -69.1481 -15.23333, -69.42434 -15.65625, -69.21965 -16.15276, -68.84365 -16.302, -69.00173 -16.42282, -69.03707 -16.67025, -69.19166 -16.74301, -69.42744 -17.08686, -69.66649 -17.2883, -69.51009 -17.50659)), ((-80.84175 -6.42888, -80.86384 -6.47584, -80.86781 -6.42481, -80.84175 -6.42888)), ((-77.23271 -12.06544, -77.18154 -12.11591, -77.23667 -12.09334, -77.23271 -12.06544)), ((-76.44144 -13.85391, -76.47025 -13.85386, -76.45683 -13.82291, -76.44144 -13.85391)), ((-76.19523 -14.26329, -76.19134 -14.29292, -76.22032 -14.27467, -76.19523 -14.26329)))
93;93;Americas;South America;venezuela;Venezuela;Political opponents, dissidents, refugees, marginalized communities;Venezuelan government, Special Action Forces (FAES), security forces;Watch;5,6,8;3;8;OK;current;2023-12-01;In 2013 Nicolás Maduro became President of Venezuela following Hugo Chávez’s death. Maduro’s party has gained control of most governmental institutions, moving Venezuela away from democracy toward authoritarian rule. The rise in inflation and the persecution of political opponents have resulted in over 7.7 million refugees worldwide.;Profile details checked;https://www.genocidewatch.com/country-pages/venezuela;;https://www.genocidewatch.com/country-pages/venezuela;;;base_country;0;;MultiPolygon;EPSG:4326;Existing Ten Stages corrected GeoJSON;NAME=Venezuela;Topology-simplified embedded fallback used only when the live GitHub CSV cannot be loaded.;b03926307874e40e7901a453f7feee2685ab4967be5830456ce649b79b03b935;;MULTIPOLYGON (((-60.73985 5.20214, -60.61263 4.90058, -60.90344 4.69959, -61.01196 4.5183, -61.29726 4.52373, -61.56727 4.24853, -62.19266 4.09474, -62.38417 4.17347, -62.76622 4.02071, -62.74958 3.66037, -62.93101 3.56376, -63.28598 3.92082, -63.4254 3.96836, -64.06381 3.9116, -64.1251 4.08849, -64.58967 4.11887, -64.81291 4.25279, -64.53143 3.85351, -64.20298 3.59472, -64.22292 3.124, -63.99787 2.70599, -64.04797 2.47132, -63.38483 2.42058, -63.41176 2.14938, -63.99503 1.95802, -64.08086 1.64739, -64.39477 1.39219, -64.40901 1.50751, -64.73088 1.24757, -65.13677 1.12691, -65.56049 0.65603, -65.58294 0.97767, -65.74544 0.97415, -66.15634 0.73303, -66.40708 0.80207, -66.87506 1.22251, -67.19762 2.40203, -67.62659 2.81342, -67.83862 2.88613, -67.30465 3.42571, -67.63176 3.76186, -67.86508 4.51208, -67.79309 5.06334, -67.84368 5.29725, -67.647 5.48336, -67.60122 5.82058, -67.42857 6.03847, -67.57398 6.26623, -68.63531 6.13588, -69.06113 6.21784, -69.2461 6.08066, -69.44364 6.12224, -70.09662 6.94444, -70.31906 6.93829, -70.57861 7.08582, -71.18405 6.96257, -71.6204 7.05213, -71.83264 6.98645, -72.081 7.0666, -72.20621 7.38188, -72.45131 7.44022, -72.48779 7.94918, -72.33576 8.1039, -72.38677 8.33861, -72.67543 8.65151, -72.82669 9.14169, -73.00972 9.29538, -73.37782 9.16469, -72.97763 9.83806, -72.90756 10.45246, -72.49932 11.1208, -72.25659 11.16779, -71.97108 11.66192, -71.32751 11.85, -71.37816 11.75845, -71.96052 11.59125, -71.93932 11.38076, -71.57628 10.7211, -71.62955 10.45401, -71.96906 10.1057, -72.12438 9.82608, -71.73449 9.3076, -71.75886 9.12006, -71.5148 9.04898, -71.27355 9.13508, -71.05614 9.36359, -71.04186 9.76089, -71.36388 10.21996, -71.54157 10.56489, -71.58312 10.80923, -70.8697 11.19628, -70.51391 11.25316, -69.94598 11.51977, -69.74714 11.48078, -69.81603 11.69367, -70.18651 11.60269, -70.30199 11.85814, -70.2058 12.11201, -70.01773 12.19892, -69.83532 12.0152, -69.80858 11.80362, -69.62361 11.46776, -69.27042 11.53604, -68.86319 11.45287, -68.38866 11.12824, -68.26268 10.90314, -68.24234 10.57844, -67.94123 10.46646, -67.01236 10.61123, -66.25178 10.64859, -65.8275 10.23444, -65.08019 10.05565, -64.74812 10.10688, -64.14346 10.48013, -63.72973 10.4975, -64.13121 10.6197, -62.71963 10.76, -61.96247 10.65217, -62.33495 10.53022, -62.89586 10.53754, -62.83113 10.40681, -62.49494 10.1518, -62.42618 9.96752, -62.31871 9.7683, -62.19648 10.01968, -61.83145 9.79194, -61.63673 9.89877, -60.7838 9.33861, -60.984 9.16739, -61.07852 8.99746, -61.20946 8.60904, -61.65197 8.58584, -61.28405 8.3972, -60.69245 8.60468, -60.46158 8.53437, -60.3719 8.6354, -60.02099 8.55801, -59.81559 8.28776, -60.01946 8.06031, -60.37476 7.82361, -60.50328 7.82087, -60.73058 7.52543, -60.64306 7.2209, -60.29234 7.10525, -60.37734 6.93854, -60.72153 6.75969, -60.90757 6.81524, -61.12983 6.71584, -61.20967 6.54097, -61.12156 6.18665, -61.37961 5.9053, -60.73985 5.20214)), ((-63.78767 10.97378, -64.04263 10.86848, -64.40856 10.96747, -64.19831 11.08763, -64.04906 10.99071, -63.88097 11.17914, -63.78767 10.97378)), ((-60.8617 8.87025, -60.68604 8.78901, -60.84658 8.63772, -61.1768 8.60385, -61.12644 8.75648, -60.8617 8.87025)), ((-61.04157 8.51854, -61.27038 8.51455, -61.09846 8.60269, -61.04157 8.51854)), ((-60.83837 9.00056, -61.01671 8.88032, -60.93326 9.01874, -60.83837 9.00056)), ((-61.3146 8.57131, -61.33844 8.50995, -61.53585 8.57551, -61.3146 8.57131)), ((-60.61768 8.63672, -60.80813 8.63289, -60.76033 8.71771, -60.61768 8.63672)), ((-65.20495 10.90436, -65.41177 10.92475, -65.30626 10.97647, -65.20495 10.90436)), ((-61.09659 8.90058, -61.06933 8.97883, -60.85204 9.09614, -61.09659 8.90058)), ((-60.96129 9.0694, -60.93676 9.16462, -60.85334 9.19404, -60.96129 9.0694)), ((-62.6494 10.34492, -62.76968 10.41161, -62.77697 10.49262, -62.6494 10.34492)), ((-64.60717 11.89912, -64.56286 11.8166, -64.64879 11.83027, -64.60717 11.89912)), ((-60.75792 9.23041, -60.72851 9.19294, -60.82897 9.18769, -60.75792 9.23041)), ((-63.97655 10.80923, -63.90917 10.73554, -64.00451 10.7757, -63.97655 10.80923)), ((-66.10851 11.82583, -66.114 11.77993, -66.19433 11.81769, -66.10851 11.82583)), ((-62.24083 10.0515, -62.25792 9.99429, -62.28637 10.0244, -62.24083 10.0515)), ((-66.60652 11.76724, -66.67943 11.76655, -66.6151 11.82404, -66.60652 11.76724)), ((-62.3164 9.88565, -62.33861 9.84569, -62.34337 9.92422, -62.3164 9.88565)), ((-62.3911 9.99335, -62.42052 9.98265, -62.42687 10.04922, -62.3911 9.99335)), ((-64.15954 10.8249, -64.17479 10.79922, -64.22094 10.80646, -64.15954 10.8249)), ((-66.71178 11.86791, -66.75381 11.86237, -66.81481 11.87324, -66.71178 11.86791)), ((-66.73583 11.78311, -66.77994 11.75853, -66.82779 11.74624, -66.73583 11.78311)), ((-67.64623 11.97866, -67.67365 11.98534, -67.67199 11.99311, -67.64623 11.97866)), ((-63.64363 15.70059, -63.63459 15.70059, -63.63549 15.69404, -63.64363 15.70059)), ((-67.67724 12.05024, -67.67467 12.04841, -67.6761 12.04442, -67.67724 12.05024)), ((-67.68139 12.06371, -67.68102 12.06184, -67.68444 12.06346, -67.68139 12.06371)), ((-67.68041 12.02505, -67.68155 12.02578, -67.67907 12.02814, -67.68041 12.02505)), ((-67.6776 12.02782, -67.67724 12.03002, -67.67638 12.02782, -67.6776 12.02782)), ((-67.68733 12.06558, -67.68883 12.069, -67.68708 12.06753, -67.68733 12.06558)))
94;94;Americas;North America;canada;Canada;"Indigenous Canadians (First Nation, Inuit, and Métis communities)

Indigenous Women and Girls

Two-Spirit, Lesbian, Gay, Bisexual, Transgender, Queer and Intersex people (2SLGBTQI+)";Canadian government;Watch;3,5,8;3;8;OK;historical;2026-05-01;"Indigenous peoples inhabited Canada for thousands of years, but colonization efforts from European white settlers – particularly the English and French – have threatened these Native populations since the 16th century. Today, Indigenous activists and communities across Canada have called on the government for apologies, reparations, acknowledgment, and legislative change.

Missing and Murdered Indigenous Women and Girls (MMIWG) and Two-Spirit, Lesbian, Gay, Bisexual, Transgender, Queer, and Intersex people (2SLGBTQI+) are disproportionately affected by violence, discrimination, and barriers to accessing justice and support services.";Profile details checked;https://www.genocidewatch.com/country-pages/canada;https://d0dbb2cb-698c-4513-aa47-eba3a335e06f.filesusr.com/ugd/c93605_d1190b6a77ef43f382ec7c99d6b0d8ff.pdf;https://www.genocidewatch.com/country-pages/canada;;;base_country;0;;MultiPolygon;EPSG:4326;Existing Ten Stages corrected GeoJSON;NAME=Canada;Topology-simplified embedded fallback used only when the live GitHub CSV cannot be loaded.;f2733b3e4e1262f34d67b034bf2c85cf93ae483256b1c6efa20158da0dad33c3;;MULTIPOLYGON (((-122.75302 48.99251, -123.03531 48.9925, -123.09051 48.99251, -123.27001 49.33535, -123.24861 49.59781, -123.48949 49.51504, -123.5546 49.38996, -123.96378 49.52114, -124.06111 49.6308, -123.88183 49.84736, -124.40372 49.76732, -124.73217 49.95429, -124.60521 50.23286, -124.71345 50.33137, -125.35668 50.54312, -125.64387 50.44843, -125.83625 50.52766, -126.24226 50.50104, -126.16031 50.59772, -125.69913 50.6894, -126.22667 50.69282, -126.15184 50.77399, -126.18383 50.86787, -126.48868 50.81672, -126.48351 50.96467, -126.84618 50.94343, -127.0218 50.82193, -127.53075 51.00373, -127.50267 51.11978, -127.63463 51.09663, -127.77965 51.33055, -127.31574 51.65575, -126.69933 51.66543, -127.35009 51.71381, -127.72814 51.45995, -127.87369 51.67341, -127.8496 51.92011, -127.68493 51.95002, -127.63809 52.08373, -127.04308 52.30976, -127.28551 52.45905, -127.86075 52.21601, -128.09236 52.51325, -128.23461 52.3264, -128.13834 52.92666, -128.2755 52.79975, -128.49747 52.89472, -128.54674 53.13597, -128.87548 53.30622, -128.78889 53.78091, -128.62194 54.03213, -128.93285 53.77635, -129.22834 53.63272, -129.33495 53.39692, -130.10473 53.94709, -130.05012 54.1562, -130.27221 54.3581, -130.45824 54.34862, -130.37243 54.66425, -130.20153 54.7285, -129.69445 55.41376, -130.06379 55.00288, -130.16739 55.08539, -129.95792 55.2735, -130.11559 55.77997, -129.96133 55.92084, -130.01962 55.90795, -130.11676 56.10565, -130.40397 56.1219, -130.49552 56.23243, -131.58589 56.59505, -131.79911 56.58766, -131.87156 56.79346, -132.10738 56.85875, -132.03186 57.02841, -132.34122 57.08039, -132.23099 57.19682, -132.55245 57.49908, -133.39224 58.40388, -133.87123 58.7359, -134.22219 58.84271, -134.39802 59.05195, -135.09575 59.41885, -135.0162 59.54345, -135.48276 59.79248, -136.35033 59.59238, -136.46655 59.2878, -136.61349 59.15422, -136.84082 59.14817, -137.2819 58.98715, -137.42311 58.90772, -137.61136 59.23933, -138.59921 59.75382, -138.6921 59.88689, -139.18215 60.07339, -139.10161 60.3466, -139.62835 60.3341, -140.01579 60.18739, -140.42411 60.29317, -140.53374 60.21855, -141.00116 60.32107, -141.00556 69.65095, -140.22273 69.59911, -139.91796 69.62132, -139.14379 69.51366, -138.95568 69.40664, -138.09553 69.14012, -137.19115 68.9479, -136.66299 68.8758, -136.06762 68.88532, -135.37877 68.67402, -135.60607 68.91136, -135.86848 68.90693, -135.95417 69.04841, -135.83788 69.30907, -135.43342 69.33393, -135.17589 69.26215, -135.26716 69.44184, -134.80647 69.50275, -134.47631 69.44379, -134.31989 69.72358, -134.12092 69.54434, -133.78844 69.4914, -134.26334 69.24091, -133.63191 69.39916, -133.21573 69.4016, -132.88728 69.66108, -132.5301 69.63198, -132.54841 69.74299, -131.83951 69.77025, -131.40831 69.96149, -131.18847 69.8249, -131.00695 70.03632, -130.64712 70.14175, -129.8863 70.0856, -129.67394 70.26992, -129.42007 70.13398, -129.59976 69.9912, -130.52709 69.78388, -130.94115 69.5659, -131.04796 69.64374, -131.98355 69.53685, -132.11433 69.36148, -132.38703 69.31098, -132.49747 69.16014, -132.62035 69.29047, -132.96841 69.06293, -133.20275 69.03791, -133.38817 68.84545, -132.7257 68.79072, -132.87365 69.05777, -131.88044 69.28465, -131.64867 69.47297, -131.31705 69.4938, -131.12633 69.37523, -130.94494 69.53193, -130.95507 69.26313, -130.33825 69.7023, -129.12291 69.85611, -128.99413 69.67939, -128.31037 69.98941, -128.37023 70.0974, -128.11107 70.18867, -127.58682 70.2377, -128.03238 70.29369, -128.17821 70.37995, -127.99153 70.59292, -127.13646 70.25288, -126.70177 69.7674, -125.93863 69.41401, -125.42471 69.31843, -125.16124 69.38605, -125.48396 69.51366, -125.11685 69.48969, -125.41588 69.60322, -125.0323 69.74726, -124.89712 69.94221, -125.00609 70.01996, -124.40811 70.15542, -124.54088 69.96955, -124.48034 69.72085, -124.07478 69.72866, -124.43847 69.36961, -123.99791 69.40396, -123.67687 69.36115, -123.17756 69.49592, -123.15734 69.77025, -122.951 69.83857, -122.03604 69.81867, -121.42785 69.76683, -120.80736 69.62352, -120.27864 69.40778, -118.66637 69.22549, -118.04088 69.0246, -115.97118 68.80927, -116.31111 68.9477, -115.94123 69.00312, -115.03498 68.87515, -114.52257 68.71723, -113.90538 68.39981, -114.01525 68.25267, -114.96862 68.28315, -114.75512 68.19432, -115.24169 68.18692, -115.11197 68.01618, -115.5338 67.93439, -115.11823 67.8039, -114.78921 67.81696, -113.85875 67.69623, -112.42101 67.68244, -112.32763 67.74555, -111.54564 67.72138, -110.82185 67.81696, -110.34264 67.96841, -109.69835 67.81013, -109.7167 67.71918, -109.07457 67.72199, -108.82413 67.35716, -108.73839 67.59321, -108.59911 67.62531, -108.51041 67.39204, -108.32429 67.43513, -107.99254 67.28246, -107.88537 67.04824, -108.52668 67.04149, -108.16356 66.9645, -108.13606 66.86009, -107.24153 66.34854, -107.56355 66.59455, -107.75866 67.00886, -107.40339 67.04116, -107.2032 67.1249, -107.52701 67.21235, -107.58585 67.50117, -107.98961 67.69335, -107.94164 67.85432, -107.68733 67.9112, -107.87951 68.093, -107.4287 68.04267, -107.14664 68.13182, -106.75817 68.10497, -106.59952 68.24632, -106.44347 68.15278, -106.44567 68.35126, -105.74763 68.42097, -105.64835 68.63874, -106.52204 68.52668, -106.60424 68.30732, -106.78673 68.41494, -107.14078 68.27212, -107.54654 68.35175, -107.88903 68.26948, -107.64135 68.16616, -108.33764 68.1551, -108.45271 68.31265, -108.81505 68.27424, -108.28083 68.62157, -107.29259 68.7014, -106.27212 68.90693, -105.7508 68.86591, -105.46959 68.72199, -105.40917 68.53059, -105.52701 68.41031, -104.88463 68.22948, -104.60196 68.23534, -104.48388 68.03392, -103.87857 68.02334, -103.54377 68.07136, -102.94835 67.92683, -102.76256 67.81513, -102.3059 67.72325, -101.98058 67.79157, -101.52945 67.68041, -101.25243 67.76972, -100.95686 67.74921, -100.71703 67.84699, -99.4237 67.79413, -99.22667 67.71454, -98.36095 67.81135, -98.72704 67.95783, -98.56798 68.08849, -98.09211 67.76032, -97.55793 67.5954, -97.27465 67.66673, -97.12011 67.77941, -97.69323 68.02265, -98.05891 67.91686, -98.38366 67.99872, -98.31554 68.16706, -98.71809 68.36762, -98.21312 68.30419, -97.74763 68.36872, -97.97964 68.54706, -97.26037 68.4687, -97.00992 68.35004, -97.08064 68.26569, -96.69001 68.28644, -96.48949 68.21796, -96.80187 68.02684, -95.89672 68.29674, -96.21203 67.83124, -96.19717 67.62702, -96.3439 67.6894, -96.45958 67.4748, -96.06802 67.44086, -96.253 67.24775, -96.0751 67.22582, -95.73497 67.37645, -95.58454 67.30134, -95.83528 67.16584, -95.52188 67.21959, -95.34773 66.97382, -95.88199 66.94676, -96.39761 66.99457, -95.86417 66.76647, -96.09203 66.92699, -95.29516 66.904, -95.34374 67.15876, -95.17536 67.28962, -95.41381 67.45661, -95.46325 67.63935, -95.69571 67.71149, -95.45035 68.07176, -94.86099 68.03087, -94.34093 68.24433, -94.20299 68.37385, -93.39639 68.63292, -93.73046 68.6118, -93.57722 68.86217, -93.90929 68.99567, -94.10985 68.7591, -94.6361 68.75605, -94.60196 68.96833, -94.14953 69.06456, -94.32405 69.15583, -94.2379 69.33649, -93.88537 69.34508, -93.52571 69.44135, -93.88195 69.2495, -93.84032 69.16869, -93.38585 69.37962, -93.55797 69.53071, -93.93041 69.43541, -94.32217 69.45299, -94.62987 69.68773, -94.87511 69.57164, -95.83007 69.80781, -96.2058 69.86583, -96.48632 70.09699, -96.56151 70.31525, -96.19034 70.62474, -96.61644 70.82575, -96.37588 71.10289, -96.44709 71.29894, -95.98587 71.41507, -95.65831 71.29149, -95.46471 71.48399, -95.94449 71.55223, -95.49205 71.72297, -95.30199 71.72053, -95.21605 71.82954, -95.22517 71.94953, -94.5487 72.00214, -94.40307 71.6649, -94.21076 71.7923, -93.72086 71.76533, -93.82055 71.65534, -92.99063 71.35712, -92.85871 71.14977, -92.94587 70.81745, -92.41588 70.66779, -92.04223 70.42137, -91.95865 70.25776, -91.74429 70.35932, -91.51098 70.16132, -91.99547 70.12303, -92.21056 70.18293, -92.53112 70.07758, -92.11172 70.08861, -91.94294 70.02412, -92.26472 69.87523, -92.8684 69.70197, -92.26285 69.66584, -91.79833 69.48969, -91.42601 69.6684, -91.10997 69.51329, -90.43688 69.49315, -90.93981 69.30329, -91.25422 69.29869, -90.77066 69.10887, -90.44115 68.8701, -90.56355 68.79894, -90.4899 68.59154, -90.60351 68.44078, -90.31859 68.37926, -90.27082 68.24213, -90.00015 68.37926, -89.71593 68.64619, -89.67219 69.0445, -89.3317 69.2495, -88.94197 69.23359, -88.72859 69.08393, -88.02261 68.80866, -87.79223 68.33124, -87.94376 68.20087, -88.18 68.35859, -88.40685 68.27692, -88.24861 67.77599, -87.48379 67.3631, -87.37279 67.24156, -86.96068 67.25524, -86.77896 67.41865, -86.50194 67.37938, -86.52929 67.6872, -85.90172 68.05439, -85.84406 68.32404, -85.70629 68.41344, -85.66812 68.727, -85.36364 68.76288, -84.78824 68.73558, -85.14501 68.83478, -84.80431 68.93342, -84.95311 69.01854, -84.52819 69.02363, -85.34683 69.20091, -85.53405 69.46332, -85.38537 69.5642, -85.5441 69.65351, -85.32018 69.84699, -85.05578 69.77709, -84.86286 69.86164, -84.33983 69.85969, -83.75406 69.71174, -83.25329 69.70881, -82.61644 69.64671, -82.5161 69.49372, -83.19213 69.53685, -82.28156 69.41942, -82.14346 69.29792, -81.34472 69.19489, -81.2733 69.09186, -81.81456 68.91376, -81.23302 68.77391, -81.26651 68.63874, -82.01659 68.43391, -82.47004 68.48481, -82.3448 68.17552, -82.01838 68.13048, -82.08825 67.89952, -81.45718 67.6284, -81.23795 67.46052, -81.52741 66.99604, -81.9549 66.97679, -82.18444 66.76862, -82.63345 66.5633, -83.01 66.55052, -83.36937 66.35029, -83.56054 66.34935, -83.67813 66.52534, -84.01358 66.63207, -83.94253 66.82697, -84.13793 66.71223, -84.41149 66.88593, -84.37051 66.97407, -84.87116 66.94611, -84.1446 66.68671, -84.21101 66.59455, -83.96325 66.47789, -83.69079 66.1992, -83.97118 66.20409, -84.20385 66.3242, -84.63671 66.34386, -84.38174 66.19005, -85.26781 66.28693, -85.41607 66.56698, -85.78286 66.50009, -86.32653 66.5528, -86.79101 66.42894, -86.62059 66.3144, -85.85666 66.16283, -85.97435 66.03559, -86.41246 65.90449, -86.47468 65.73395, -87.38077 65.3297, -87.92748 65.33344, -88.55028 65.58312, -88.83141 65.64521, -89.68798 65.94684, -90.04426 65.89159, -91.4973 65.94684, -91.00447 65.81586, -91.07046 65.92845, -89.95812 65.7943, -89.49144 65.61579, -89.03987 65.32819, -87.04695 65.23798, -86.93822 65.14195, -87.59996 64.55817, -87.80508 64.51996, -87.98168 64.19151, -88.73461 63.97236, -89.29068 64.13691, -89.04931 63.94636, -89.56505 64.07612, -89.78637 64.25023, -89.93212 64.1175, -89.81273 63.96015, -90.09203 63.95258, -89.96915 63.82221, -90.25939 63.60786, -90.97452 63.57868, -91.67341 63.72224, -92.37377 63.77912, -92.78624 63.90099, -93.47891 64.03392, -93.76594 63.99348, -93.36852 63.81721, -93.21719 63.91096, -92.09996 63.69929, -92.46744 63.52839, -91.80687 63.71589, -91.37108 63.48505, -90.78474 63.39765, -90.64363 63.06892, -90.82567 62.93834, -91.03112 62.9514, -91.44197 62.78693, -92.13476 62.8769, -92.45393 62.79393, -91.96801 62.65502, -91.98347 62.5316, -92.45938 62.54723, -92.71833 62.46467, -92.70922 62.27643, -93.07356 62.17805, -92.9298 62.11656, -93.33674 61.89655, -93.24625 61.78376, -93.98497 61.45799, -93.83357 61.32831, -94.11474 61.32831, -93.99865 61.2246, -94.35155 60.8581, -94.52001 60.54682, -94.73851 60.53937, -94.61559 60.39228, -94.82136 59.94811, -94.82189 59.65034, -94.72277 59.34227, -94.80744 59.01813, -94.43688 58.72382, -93.71744 58.79218, -93.15575 58.74437, -93.12849 58.52839, -92.80777 58.07575, -92.75699 57.86591, -92.42357 57.35444, -92.7049 56.95539, -92.2235 57.02147, -91.03112 57.26463, -90.58552 57.22993, -89.82702 56.97602, -88.87922 56.85993, -88.31135 56.53803, -87.97956 56.44286, -87.57901 56.04621, -86.98009 55.93358, -86.28935 55.72565, -85.69644 55.60378, -85.43916 55.42843, -84.61315 55.24518, -83.92907 55.32652, -83.65803 55.24864, -82.25227 55.11791, -82.20141 54.83393, -82.42097 54.38386, -82.4309 54.22822, -82.12605 53.8122, -82.21923 53.60444, -82.11852 53.27729, -82.30118 52.9676, -81.56383 52.45624, -81.58145 52.31647, -81.35521 52.10423, -80.97912 52.00182, -80.59488 51.71137, -80.4298 51.35716, -80.10827 51.29609, -79.74454 51.12352, -79.70075 51.38544, -79.34602 51.66181, -79.26586 51.52778, -79.00658 51.45576, -78.91979 51.23298, -78.79239 51.61079, -79.03881 51.7685, -78.89257 51.94676, -78.5913 52.10615, -78.49958 52.35582, -78.78555 52.65913, -78.77497 52.82616, -78.9842 53.02843, -78.94323 53.3819, -79.11457 53.50886, -78.97956 54.01923, -79.04625 54.18049, -79.38207 54.19408, -79.49063 54.46259, -79.76561 54.65278, -78.39224 55.02753, -77.78161 55.2735, -77.1129 55.67536, -77.16381 55.70917, -76.65868 56.07298, -76.54516 56.29503, -76.50373 56.78376, -76.58934 57.27131, -76.80871 57.67552, -77.07934 57.96149, -77.6007 58.27135, -78.03148 58.38813, -78.57331 58.67548, -78.5454 58.90204, -78.31261 58.98395, -78.10656 59.20991, -77.8192 59.29304, -77.7987 59.68285, -77.29162 59.79955, -77.41832 59.91364, -77.23632 60.00495, -77.63419 60.06647, -77.40827 60.13532, -77.74226 60.42585, -77.54695 60.54743, -77.82925 60.64326, -77.60684 60.7591, -77.89489 60.75231, -78.16552 60.86835, -77.81237 61.08808, -77.78527 61.4547, -77.54548 61.48534, -77.79271 61.70136, -77.93985 61.69359, -78.08483 61.88805, -78.1549 62.29731, -77.49083 62.58832, -76.96984 62.54344, -75.59215 62.26679, -75.32775 62.31745, -74.77033 62.15754, -73.67073 62.48212, -73.20954 62.31281, -73.06216 62.18757, -72.62914 62.11689, -72.60521 61.94367, -72.23233 61.88129, -71.99523 61.67711, -71.65201 61.64985, -71.89159 61.43696, -71.37145 61.14952, -70.45751 61.02961, -70.11022 61.06013, -69.93871 60.8402, -69.53661 61.0797, -69.38134 60.79987, -69.7198 60.68403, -69.82901 60.52574, -69.60245 60.22468, -69.77306 60.00434, -70.29516 60.02546, -70.57771 59.97724, -69.76976 59.97106, -69.56151 59.86469, -69.69148 59.56114, -69.62706 59.30671, -69.44546 59.36131, -69.23253 59.24128, -69.54166 59.128, -69.45165 58.89521, -69.92121 58.77912, -69.79573 58.59846, -69.60823 58.76036, -69.25634 58.89916, -68.78694 58.92247, -68.36156 58.78351, -68.19103 58.54637, -67.78698 58.47004, -67.66242 58.11595, -67.46483 58.2851, -66.94664 58.49836, -66.66926 58.53998, -66.38239 58.85358, -65.93716 58.60944, -66.10863 58.77912, -65.64249 59.07331, -65.74267 59.26789, -65.37182 59.2801, -65.55993 59.49103, -65.42894 59.53205, -65.54625 59.73127, -65.06652 59.97765, -64.84878 60.36571, -64.3806 60.17011, -64.12637 59.90746, -64.24641 59.74262, -64.14786 59.68285, -63.86408 59.61131, -63.79503 59.42219, -63.53156 59.34772, -63.38663 59.102, -62.92691 58.82319, -62.84651 58.66926, -63.26403 58.47004, -63.00967 58.4287, -62.5786 58.50422, -62.66137 58.17585, -63.07909 58.15534, -62.52416 58.11017, -62.06574 57.89891, -62.14053 57.8332, -61.88988 57.62499, -62.24372 57.54499, -61.81705 57.37739, -62.02392 57.25715, -61.78429 57.15477, -61.38191 57.12108, -61.50178 56.97895, -61.89415 56.80537, -61.86889 56.63727, -62.56786 56.79597, -61.66759 56.50328, -61.97741 56.51069, -61.6267 56.28368, -62.07848 56.2982, -61.93529 56.21735, -61.34484 56.22248, -61.40274 55.95991, -61.13899 55.97215, -61.06591 55.84955, -60.33129 55.76008, -60.49352 55.6601, -60.20157 55.42121, -60.67032 55.00983, -60.13952 55.284, -60.09105 55.18842, -59.77636 55.33185, -59.79996 55.11274, -59.25227 55.21589, -59.02741 55.16197, -58.91979 54.85545, -58.20352 54.79743, -58.15949 54.74217, -57.84699 54.73871, -57.35318 54.56676, -57.67833 54.37743, -58.18615 54.35859, -58.46809 54.23363, -59.3983 54.04942, -59.30285 54.01838, -58.69811 54.12438, -58.39489 54.23656, -58.60351 54.05589, -58.85839 54.05012, -59.47452 53.82811, -59.86596 53.83898, -60.083 53.76435, -60.1361 53.52936, -60.50255 53.70808, -60.82128 53.77973, -60.10163 53.50202, -60.38174 53.33698, -60.30211 53.2718, -59.87312 53.48774, -59.02221 53.7143, -58.85314 53.94196, -58.12808 54.09789, -58.41552 54.14045, -58.22851 54.2357, -57.46618 54.2003, -57.12413 53.74164, -57.51769 53.6258, -57.31778 53.58519, -57.37743 53.4337, -56.98347 53.72748, -56.60619 53.67866, -55.81208 53.33006, -55.7469 53.14574, -55.95572 53.0222, -55.81163 52.83043, -56.16246 52.81798, -55.80211 52.59772, -56.21817 52.54027, -55.64757 52.44318, -55.82258 52.33019, -55.6848 52.11168, -55.93419 51.92524, -56.66857 51.65172, -56.96654 51.42524, -57.24999 51.50829, -57.6859 51.48041, -57.97765 51.32966, -58.45368 51.3166, -58.67284 51.22724, -58.62564 51.15148, -58.96386 51.00812, -58.95397 50.82933, -59.36486 50.66486, -59.82726 50.32807, -60.13488 50.213, -60.83556 50.25633, -61.71788 50.10004, -61.86319 50.23017, -63.17667 50.29015, -63.44221 50.22289, -63.72216 50.30427, -64.24747 50.2707, -64.47004 50.32225, -64.88834 50.27448, -65.25829 50.32225, -66.08751 50.19249, -66.41308 50.26423, -66.63561 50.18504, -67.13146 49.83128, -67.24511 49.45885, -67.37633 49.33922, -68.05455 49.29438, -68.30089 49.19196, -68.18106 49.12446, -68.59508 49.05475, -69.06957 48.75621, -69.44664 48.29621, -69.79833 48.15668, -69.9851 48.27843, -70.98721 48.46516, -70.7445 48.35533, -70.02766 48.25288, -69.73595 48.1225, -69.93204 47.77306, -70.23689 47.49559, -70.48693 47.44477, -70.71496 47.11758, -70.95686 47.02066, -71.35399 46.739, -71.88052 46.69066, -72.22794 46.55337, -72.60253 46.30134, -72.9945 46.2108, -73.49543 45.72789, -73.75544 45.67638, -74.15331 45.32014, -74.71296 44.99925, -75.27023 44.86377, -76.45463 44.08424, -76.84153 43.6255, -78.68809 43.63181, -79.17431 43.46453, -79.05377 43.26036, -79.01938 42.80269, -80.2466 42.36548, -81.27666 42.20867, -82.42486 41.67681, -82.71112 41.68025, -83.06841 41.84773, -83.12851 42.23996, -82.51126 42.64667, -82.41109 43.05128, -82.14757 43.61134, -82.53214 45.29352, -82.58878 45.37181, -83.48397 45.77194, -83.63687 45.77394, -83.46586 45.99311, -83.61388 46.11564, -83.96459 46.06318, -84.0868 46.20121, -84.11044 46.52646, -84.58941 46.47512, -84.77332 46.63343, -84.87869 46.89791, -86.00857 47.37037, -88.34726 48.29866, -88.64272 48.25659, -89.34038 47.98415, -89.98032 48.01009, -90.17863 48.11644, -90.78647 48.10045, -90.92315 48.22711, -91.42793 48.03645, -91.69251 48.09787, -92.04342 48.3346, -92.38464 48.23241, -92.6486 48.53626, -93.25774 48.63031, -93.75678 48.51655, -93.87489 48.63621, -94.23215 48.65202, -94.71091 48.80751, -94.82726 49.29286, -95.16057 49.36949, -95.17711 48.99267, -122.75302 48.99251)), ((-73.00548 66.7792, -72.80346 67.04295, -72.3509 67.11945, -72.19335 67.2757, -72.36982 67.3308, -72.43611 67.53148, -72.6728 67.70258, -72.61889 67.79548, -72.94404 67.93228, -72.99462 68.23591, -73.72802 68.31367, -73.94738 68.41348, -73.70775 68.66047, -74.18757 68.7294, -73.8852 68.55488, -74.22004 68.51581, -74.95934 68.81098, -74.6848 68.87983, -75.00109 68.92796, -74.66804 69.04759, -75.05158 69.00934, -75.13915 68.88874, -75.4864 69.02204, -75.60652 68.88581, -76.32555 68.69847, -76.62499 68.68236, -76.5338 68.88142, -76.63813 69.01594, -76.42247 69.05988, -75.98986 69.01089, -75.62096 69.08796, -75.68745 69.28705, -76.62959 69.54597, -77.20287 69.64671, -76.8354 69.69465, -76.88911 69.8017, -77.49092 69.86274, -77.68269 69.8249, -77.68257 70.18366, -77.89155 70.26374, -78.38911 70.21638, -78.7447 70.45612, -79.0799 70.53807, -78.80016 70.60944, -79.0327 70.68114, -79.1599 70.4431, -79.42431 70.49225, -79.56513 70.3902, -78.97065 70.32514, -78.66511 70.01382, -78.88805 69.89378, -79.68086 69.84858, -79.90608 69.9831, -80.36653 69.99405, -81.07152 70.09927, -81.76244 70.12287, -81.19323 70.0008, -80.7799 69.75601, -80.92931 69.71483, -81.60005 69.97744, -82.24604 70.11286, -81.71154 69.93476, -82.14354 69.8249, -82.44148 69.84406, -83.05163 70.01048, -83.6728 69.94636, -84.69477 70.00658, -85.36933 70.10928, -85.80036 70.09984, -85.25483 69.98892, -85.78291 69.99518, -86.54988 70.23648, -86.56599 70.35529, -86.85823 70.32514, -87.03144 70.46849, -87.24873 70.39411, -87.00495 70.28327, -87.77973 70.33198, -87.85253 70.23798, -88.26293 70.33198, -87.87938 70.31835, -88.69408 70.46503, -89.44909 70.90803, -89.20885 70.94212, -89.55773 71.09296, -89.12633 71.03156, -88.6424 71.05459, -88.32494 70.95844, -87.35859 70.94961, -87.28242 71.00934, -87.74901 71.14077, -87.81794 71.25747, -88.06697 71.21284, -89.81343 71.32901, -90.00398 71.45604, -89.99682 71.61001, -89.79792 71.76459, -90.10469 71.91633, -89.99254 72.0716, -89.5782 72.16242, -89.963 72.25739, -89.78425 72.57331, -89.58747 72.61664, -89.5782 72.79243, -89.05122 73.2517, -88.41377 73.52546, -87.76448 73.71674, -86.71418 73.8474, -86.01863 73.85489, -85.1057 73.812, -84.95198 73.66767, -85.57722 73.5124, -86.03034 73.30244, -86.69856 72.81611, -86.68025 72.64619, -86.25341 72.3946, -86.46044 72.20336, -86.40819 72.0058, -86.12755 71.79426, -85.49694 71.51439, -84.95967 71.42878, -84.85814 71.27611, -85.17195 71.2779, -85.5432 71.18057, -85.97468 71.17495, -86.20722 71.07868, -86.80317 71.00043, -86.28486 71.00625, -85.7685 71.1494, -84.8568 71.15974, -84.96797 70.92398, -84.753 70.9759, -84.7987 71.28767, -84.52827 71.47313, -84.71325 71.68203, -85.25788 71.66836, -85.58344 71.79182, -85.57344 71.90721, -85.9875 72.03144, -85.49535 72.08588, -85.47643 72.26626, -85.03584 72.25471, -84.16454 72.0246, -84.93916 72.29214, -85.00805 72.37409, -85.51452 72.46345, -85.70246 72.63471, -85.68208 72.89362, -85.54328 72.97647, -85.15901 72.94819, -84.2379 72.80121, -85.17195 73.01154, -85.53563 73.02578, -85.1754 73.14899, -84.45885 73.06245, -85.19298 73.23127, -84.83666 73.38906, -84.39855 73.22451, -84.65803 73.39509, -82.83113 73.73672, -81.52839 73.71621, -81.22907 73.5397, -81.13353 73.24706, -80.64277 73.16983, -80.64033 72.92792, -80.24547 72.73778, -80.52607 72.57954, -80.5124 72.38154, -80.97175 72.20336, -80.57201 72.09138, -81.02632 72.09349, -80.75939 71.98363, -80.39668 72.05012, -80.48286 72.18073, -79.81884 72.50642, -79.59382 72.34052, -79.2834 72.39444, -78.95051 72.27582, -79.03014 72.08649, -79.23066 71.97626, -78.71894 71.92329, -78.91601 72.03144, -78.87507 72.23066, -78.56957 72.35566, -77.7851 72.24433, -78.53209 72.4256, -78.44306 72.58698, -77.60102 72.7558, -76.88911 72.74348, -76.65197 72.63874, -75.19835 72.49763, -74.94172 72.25739, -75.46064 72.00918, -75.06318 72.12824, -74.23681 72.07612, -74.11803 71.96723, -74.26268 71.81977, -75.08507 71.70311, -74.63459 71.6551, -74.92809 71.45604, -74.63097 71.3902, -74.72822 71.54418, -74.52265 71.66258, -73.90587 71.77562, -73.59642 71.7639, -74.01631 71.49018, -73.56379 71.5585, -73.65319 71.44237, -73.04988 71.27045, -72.97004 71.2873, -72.99462 71.40766, -72.75508 71.43561, -72.4726 71.64728, -71.5819 71.51508, -71.11705 71.27045, -71.44502 71.07347, -72.04511 71.08478, -72.35627 70.87873, -72.33727 70.7578, -71.32282 70.88719, -71.15095 71.03775, -70.78722 71.11457, -70.51643 70.93708, -70.80553 70.72435, -71.26403 70.58356, -71.52623 70.62051, -71.72716 70.49706, -71.75353 70.31464, -71.51488 70.57905, -71.18318 70.54312, -71.35298 70.12328, -70.98534 70.63369, -69.91499 70.87987, -69.95653 70.73452, -70.48021 70.61319, -70.04088 70.59663, -69.59028 70.77342, -69.09785 70.72309, -68.36225 70.5843, -68.48738 70.36921, -69.4702 70.24811, -70.08861 70.06826, -69.8769 70.04401, -70.22358 69.94562, -69.75849 69.97289, -69.68318 70.13959, -68.70653 70.20942, -68.64363 70.14704, -69.4803 69.81867, -68.6715 69.98314, -68.19111 70.12661, -68.32307 70.22337, -68.05464 70.32514, -67.54609 70.14761, -67.22533 69.94839, -67.11547 69.72866, -68.01305 69.77607, -68.34919 69.63312, -68.72614 69.64671, -69.29052 69.50873, -68.58747 69.59101, -68.00512 69.46198, -67.22761 69.46434, -66.78803 69.34003, -66.66877 69.18456, -67.67805 69.17719, -68.19795 69.31098, -69.01354 69.35936, -68.13838 69.20336, -68.50703 69.20112, -67.73546 69.04011, -68.04304 68.97224, -67.77339 68.784, -68.40058 68.84545, -68.49279 68.79706, -69.15071 68.8312, -68.87593 68.76838, -68.04772 68.6872, -68.37853 68.60098, -67.49226 68.5301, -66.89367 68.42243, -67.03254 68.32665, -66.69319 68.14545, -66.24031 68.08185, -66.2646 67.96516, -65.96813 68.03315, -65.95934 67.81733, -65.82759 67.96841, -65.44685 67.99388, -65.41942 67.91376, -64.96479 68.05244, -64.71955 67.98517, -65.10692 67.84492, -65.0467 67.72822, -64.74079 67.82998, -64.37865 67.77237, -64.04613 67.52993, -63.92341 67.29584, -64.78856 67.22163, -64.14656 67.22207, -64.60912 67.14029, -63.4121 67.21772, -63.16364 67.33755, -62.97692 67.22187, -63.25044 67.13231, -63.34907 66.89069, -62.90502 66.97305, -62.82274 66.80146, -62.6068 66.95356, -62.31135 66.72769, -62.42504 66.92821, -62.27119 67.04719, -61.83898 66.97407, -61.30114 66.67772, -61.58202 66.47785, -61.98982 66.41918, -61.46223 66.37141, -61.93456 66.28946, -62.21955 66.39716, -62.62666 66.44025, -62.3188 66.30313, -62.53852 66.22736, -61.95421 66.01976, -62.4289 65.97871, -62.29149 65.8227, -62.79247 65.86701, -62.5891 65.72403, -62.74706 65.58999, -63.19616 65.63373, -63.43232 65.84687, -63.31871 65.59675, -63.6551 65.46703, -63.3238 65.2215, -63.52412 64.90302, -63.87096 65.0445, -63.80207 65.16446, -64.27827 65.10395, -64.43598 65.32982, -64.55712 65.09321, -64.88817 65.35554, -65.45385 65.67935, -65.35334 65.91413, -64.85432 66.02945, -64.85041 66.12002, -65.39314 65.98225, -65.8994 65.95368, -65.95906 66.11469, -66.47179 66.35029, -66.76598 66.38508, -66.86156 66.54271, -67.37861 66.54922, -67.1291 66.3168, -67.38984 66.29938, -67.87658 66.46381, -67.75292 66.25471, -67.16328 66.03559, -67.17011 65.93256, -67.9228 65.90323, -67.97265 66.08344, -68.25841 66.21857, -68.52379 66.20694, -68.05297 66.0078, -68.33434 66.0493, -68.20539 65.79605, -67.86897 65.64521, -67.27314 65.64521, -67.45869 65.50117, -67.0843 65.46772, -67.09797 65.20307, -66.93733 65.24116, -66.68403 64.80964, -66.6822 65.04418, -66.14965 64.87055, -66.21797 64.69245, -65.95214 64.88451, -65.58283 64.75682, -65.75243 64.59003, -65.69111 64.48798, -65.09423 64.41966, -65.26891 64.29564, -65.52587 64.32933, -65.05293 64.06867, -65.1931 64.02192, -64.64668 63.97549, -64.99144 63.82844, -64.50483 63.64411, -64.53681 63.25519, -64.77172 63.3288, -64.95031 63.63862, -65.09931 63.54951, -64.62776 62.91108, -64.88707 62.86937, -65.28527 62.98408, -64.93952 62.63105, -65.16963 62.56843, -65.2447 62.7801, -66.41841 63.00751, -66.57421 63.16494, -66.77282 63.09907, -67.50068 63.44282, -67.81432 63.65086, -67.73127 63.3697, -68.12043 63.60236, -68.73082 63.77725, -68.99022 63.74042, -68.14692 63.16063, -67.53694 63.04499, -67.03974 62.77387, -67.00621 62.65717, -66.75971 62.68391, -66.35823 62.45173, -66.15526 62.24811, -65.93 62.19782, -66.1422 62.01288, -65.95043 61.89688, -66.27448 61.8581, -66.74555 62.01288, -67.08751 62.034, -67.33776 62.13996, -68.55366 62.24974, -69.02717 62.37979, -69.58678 62.6577, -69.39082 62.7521, -69.93895 62.80121, -70.24031 62.7541, -70.49323 62.8666, -71.14208 62.98481, -71.71349 63.17792, -71.74739 63.34894, -72.14232 63.44831, -71.68623 63.42438, -71.27717 63.56615, -71.5832 63.59252, -71.54979 63.71235, -72.02302 63.67609, -72.24177 63.95942, -72.40559 63.82844, -72.66625 63.85639, -72.94188 64.06794, -72.90559 64.16559, -73.48188 64.4051, -73.18037 64.57575, -73.35151 64.63784, -73.66405 64.56354, -73.93318 64.60326, -73.9958 64.32933, -74.04979 64.7259, -74.46874 64.56208, -74.68102 64.37775, -75.79304 64.61701, -76.18806 64.30142, -76.73034 64.27627, -76.68895 64.19156, -77.13325 64.30109, -77.35082 64.24112, -77.85399 64.37031, -78.1966 64.65143, -78.07311 64.8159, -78.14399 64.95726, -77.96361 65.05195, -77.31281 65.20014, -77.51415 65.32612, -77.43566 65.45962, -76.67687 65.41108, -75.75731 65.21381, -75.45234 65.07856, -75.63305 64.95352, -75.40722 64.7259, -75.29402 64.7508, -75.36315 65.00764, -75.56212 65.16893, -75.94909 65.32246, -75.21544 65.25414, -75.10973 65.39387, -74.60875 65.33588, -74.05114 65.53669, -73.47444 65.45962, -73.65319 65.72028, -74.01232 65.85513, -74.47216 66.14859, -73.45564 66.5506, -73.00548 66.7792)), ((-100.87218 69.80781, -100.96434 69.66446, -101.32852 69.67939, -101.47484 69.89378, -101.67345 69.64671, -102.17943 69.90176, -102.34878 69.76341, -102.58226 69.74348, -102.50959 69.5642, -102.78384 69.53685, -103.43659 69.70816, -103.51008 69.61945, -102.83678 69.38687, -102.46422 69.48066, -102.0548 69.48444, -102.17317 69.35253, -101.77156 69.19379, -101.96451 68.96963, -103.01464 68.80174, -103.44726 68.7895, -104.44685 68.94156, -104.59362 68.86449, -105.27782 68.95474, -104.91706 69.04792, -105.88585 69.17646, -106.4121 69.18806, -106.31981 69.40473, -106.58389 69.50361, -106.96345 69.36274, -106.92638 69.23896, -107.33483 69.02558, -107.94123 68.94111, -108.53946 68.94697, -108.95165 68.74242, -109.62462 68.64167, -110.60513 68.61693, -110.98009 68.54841, -112.58332 68.50967, -112.74901 68.46308, -113.35049 68.59154, -113.65551 68.80048, -113.54971 69.04409, -113.6931 69.19489, -114.39729 69.28815, -115.18895 69.24266, -115.97484 69.3002, -116.63268 69.46182, -116.61962 69.57168, -117.25206 69.76411, -117.44205 69.98941, -116.96508 70.12906, -116.0327 70.22028, -114.18472 70.31574, -113.47688 70.2836, -112.58625 70.20002, -112.52697 70.24518, -111.54865 70.26992, -111.5668 70.35993, -111.80883 70.35212, -112.14395 70.49388, -112.86657 70.5432, -113.49071 70.68183, -113.98839 70.71621, -114.18309 70.66779, -115.58092 70.58015, -116.23339 70.63972, -117.58544 70.60635, -118.18684 70.83942, -118.38646 71.0222, -117.798 71.1704, -117.47492 71.18549, -116.10342 71.37665, -116.2058 71.42621, -115.45466 71.53864, -115.8236 71.54816, -117.55134 71.37417, -118.16198 71.37897, -118.30826 71.46992, -117.65372 71.57217, -118.07632 71.66498, -118.42894 71.57954, -118.48864 71.65843, -119.05089 71.62678, -119.05431 71.93529, -118.67821 72.14228, -118.12784 72.22724, -118.12487 72.30952, -118.59341 72.4287, -118.18981 72.63544, -117.8673 72.70148, -117.36925 72.91779, -116.89485 72.96743, -116.20092 73.11888, -115.57042 73.20181, -114.5843 73.38459, -114.26513 73.33568, -113.96198 73.12287, -114.0231 72.7978, -114.60424 72.60749, -113.73404 72.61424, -113.41259 72.73037, -113.60407 72.7617, -113.39094 72.91157, -113.015 73.01602, -112.0773 72.89802, -111.21963 72.72411, -111.2893 72.56599, -111.85464 72.38142, -111.6647 72.29214, -111.36986 72.40819, -111.0279 72.28531, -111.08629 72.40827, -110.72912 72.57128, -110.38052 72.55952, -110.04963 72.43944, -109.78771 72.50438, -110.17073 72.6894, -109.79996 72.73102, -110.48351 72.83918, -110.70372 73.0091, -110.07641 72.99575, -108.63341 72.56558, -108.66308 72.36103, -108.40241 72.14875, -108.41662 71.99046, -108.1883 71.94953, -108.28694 71.79873, -107.98522 71.63483, -107.72452 71.63483, -107.56363 71.77521, -107.25158 71.80614, -107.27221 71.909, -107.77916 72.1413, -107.7272 72.28791, -107.98522 72.51805, -107.87536 72.57331, -108.08365 72.76008, -108.16495 73.20612, -107.86791 73.18964, -108.08764 73.35415, -107.66202 73.32844, -107.17243 73.19501, -106.87344 73.31558, -106.234 73.08723, -105.83072 73.01333, -105.36718 72.79243, -105.30508 72.45661, -104.95958 72.17837, -105.03889 72.11396, -104.38028 71.60004, -104.28238 71.36396, -104.49698 71.32575, -104.64782 71.1197, -104.10521 70.8981, -103.97012 70.75104, -103.13931 70.51057, -103.13158 70.68232, -102.85106 70.51634, -101.95279 70.26972, -101.69278 70.30874, -101.52945 70.11286, -101.0607 70.19611, -100.87218 69.80781)), ((-67.17601 45.17866, -67.47502 45.28235, -67.44996 45.61081, -67.80012 45.69985, -67.80518 47.03563, -68.19705 47.3414, -68.90623 47.19022, -69.06966 47.43189, -69.26763 47.43984, -70.00776 46.70408, -70.07432 46.41954, -70.31136 46.07187, -70.40735 45.73152, -70.68679 45.57272, -70.90691 45.24623, -71.01654 45.34312, -71.33432 45.28871, -71.50408 45.01374, -74.71296 44.99925, -74.04845 45.23253, -73.68737 45.43122, -73.55728 45.41429, -73.41283 45.75153, -73.1398 46.05834, -72.73103 46.17662, -72.49596 46.3605, -71.84569 46.66828, -71.71418 46.63219, -71.30248 46.74518, -70.5349 47.01057, -70.03108 47.46959, -69.05443 48.23237, -68.20564 48.64191, -66.62206 49.12263, -66.21931 49.20787, -65.56579 49.26647, -64.96349 49.21931, -64.55256 49.09736, -64.22118 48.89435, -64.16881 48.76183, -64.52965 48.88239, -64.16218 48.62962, -64.35961 48.41303, -64.72326 48.33539, -64.77937 48.20405, -65.4322 48.00328, -65.89574 48.22553, -66.09557 48.09715, -66.51537 48.1081, -65.81786 47.90742, -65.62881 47.67064, -65.20934 47.81969, -64.82628 47.8155, -64.86783 47.4857, -65.12255 47.20274, -65.36754 47.0878, -64.82543 47.0891, -64.90583 46.88687, -64.51403 46.23941, -63.77111 46.11522, -64.09325 46.03262, -63.8059 45.88866, -63.49193 45.88264, -63.28795 45.72419, -63.10066 45.81135, -62.63341 45.71735, -62.47045 45.61449, -61.92431 45.88915, -61.89415 45.70372, -61.61978 45.61433, -61.47053 45.68309, -61.26732 45.44343, -61.45075 45.34935, -60.99865 45.33316, -61.11974 45.21345, -61.70238 45.16926, -62.05753 44.97549, -62.47574 44.90111, -63.05858 44.6752, -63.58755 44.66417, -63.54857 44.47321, -64.30553 44.56599, -64.33349 44.29914, -64.83898 43.82966, -65.12857 43.67467, -65.32722 43.6964, -65.47484 43.
95;95;Americas;North America;mexico;Mexico;"Women

Politicians

Journalists

Activists";"Organized crime groups

Corrupt officials

Police";Emergency;3,4,5,7,8;5;8;OK;current;2026-01-01;In regions controlled by organized crime groups (OCGs) or regions where cartel territorial control is highly contested (usually key corridors for illicit trades), OCGs have systematically threatened, attacked, and killed journalists, activists, security servicemen, and politicians who challenge or criticize their authority.;Profile details checked;https://www.genocidewatch.com/country-pages/mexico;https://d0dbb2cb-698c-4513-aa47-eba3a335e06f.filesusr.com/ugd/fed2d2_ff7f00d758b14830934f1a7d630f2819.pdf;https://www.genocidewatch.com/country-pages/mexico;;;base_country;0;;MultiPolygon;EPSG:4326;Existing Ten Stages corrected GeoJSON;NAME=Mexico;Topology-simplified embedded fallback used only when the live GitHub CSV cannot be loaded.;bdab6ad9601893a5718fbaa8f71bf828aa10369fc4e890d335aa3fe2775b9871;;MULTIPOLYGON (((-97.13927 25.96581, -97.16515 25.72333, -97.45897 25.17939, -97.65144 24.51586, -97.76854 23.26008, -97.74234 22.97207, -97.89098 22.5961, -97.65758 21.63654, -97.49682 21.40062, -97.15054 20.64704, -96.67601 20.15786, -96.45613 19.8688, -96.27831 19.3146, -95.97716 19.05825, -95.80736 18.75214, -95.20836 18.70864, -94.80785 18.52363, -94.46695 18.14423, -93.58031 18.41633, -92.85573 18.46605, -92.69587 18.61563, -91.94806 18.69122, -92.03165 18.56037, -91.59288 18.44306, -91.33283 18.57343, -91.26553 18.73566, -91.43119 18.88012, -90.93554 19.16307, -90.73009 19.37592, -90.70946 19.68749, -90.47782 19.9221, -90.4899 20.53413, -90.33239 21.03246, -89.78596 21.28457, -89.12316 21.36347, -88.44782 21.5751, -88.12947 21.61603, -87.23819 21.44302, -87.13419 21.61945, -86.82795 21.43329, -86.74157 21.16413, -86.87531 20.85505, -87.23497 20.49258, -87.444 20.19115, -87.4746 19.87564, -87.7421 19.61494, -87.43301 19.49201, -87.65567 19.37324, -87.48095 19.31977, -87.72338 18.68122, -87.84455 18.19668, -87.93517 18.4431, -88.07779 18.4986, -88.03628 18.87499, -88.28331 18.49144, -88.48925 18.48451, -88.88033 17.88847, -89.04944 17.99921, -89.1605 17.81431, -90.96222 17.81602, -90.99199 17.25192, -91.43077 17.25497, -91.06687 16.91819, -90.73531 16.74658, -90.37985 16.36727, -90.48574 16.0707, -91.72378 16.06879, -92.20465 15.28951, -92.07381 15.07371, -92.24626 14.54628, -92.84044 15.18195, -93.65604 15.83926, -93.94339 16.01057, -93.8981 16.08893, -94.41727 16.29251, -93.9639 15.9975, -94.43956 16.18679, -94.70096 16.19558, -94.85208 16.4289, -95.06383 16.26826, -94.80553 16.23713, -95.23325 16.15825, -95.43448 15.97538, -95.95988 15.82791, -96.23664 15.68333, -96.55604 15.65903, -97.26602 15.93591, -97.77272 15.97945, -98.17215 16.20917, -98.4453 16.2781, -98.7769 16.55513, -98.85655 16.52818, -99.74124 16.73062, -99.99169 16.90974, -101.05903 17.26424, -101.18225 17.41254, -101.64449 17.66829, -101.81106 17.89026, -102.03673 17.99067, -102.19063 17.91599, -102.7423 18.06696, -103.4984 18.33348, -103.70017 18.65433, -103.97998 18.87494, -105.01712 19.36848, -105.52562 20.03193, -105.69868 20.40691, -105.32873 20.51374, -105.2343 20.63613, -105.45529 20.86702, -105.23433 21.06097, -105.20006 21.49287, -105.41408 21.60111, -105.63226 21.95574, -105.65503 22.2563, -105.80016 22.63845, -106.4298 23.23041, -107.03588 23.98078, -107.62413 24.45848, -107.99519 24.64838, -108.2838 25.10684, -108.77969 25.43325, -109.03466 25.46524, -108.90087 25.70067, -109.13126 25.5834, -109.44054 25.7934, -109.43326 26.02167, -109.22541 26.33446, -109.25573 26.49799, -109.52895 26.75144, -109.76837 26.70651, -109.91704 27.06007, -110.52439 27.30008, -110.61559 27.8122, -110.8863 27.83885, -111.25066 28.05201, -111.4735 28.38105, -111.70835 28.46014, -111.92502 28.80172, -112.15218 28.98744, -112.23945 29.31534, -112.68635 29.90778, -112.87068 30.42853, -113.12884 30.81244, -113.04872 31.15669, -113.54895 31.2957, -113.65958 31.49754, -113.93952 31.60041, -114.15901 31.49451, -114.93383 31.90888, -114.78063 31.65583, -114.88868 31.16289, -114.72026 30.9411, -114.62952 30.4248, -114.6603 30.18325, -114.39224 29.78301, -114.20848 29.74478, -113.62308 29.25271, -113.52485 28.89157, -113.26039 28.84011, -113.10297 28.50458, -112.8463 28.44108, -112.77322 27.8639, -112.59801 27.6543, -112.37311 27.5641, -112.21276 27.21046, -111.95037 27.09328, -112.01716 26.9785, -111.56005 26.69565, -111.31834 26.07374, -111.30712 25.77921, -111.02539 25.44715, -110.90445 25.14301, -110.65697 24.80692, -110.73859 24.55457, -110.56236 24.2125, -110.35038 24.11446, -110.23261 24.34321, -109.82829 24.0628, -109.67983 23.64816, -109.47646 23.5602, -109.42565 23.29719, -109.53167 23.10821, -109.89538 22.8742, -110.09838 23.01756, -110.30736 23.54103, -110.57734 23.68156, -111.03971 24.10418, -111.80315 24.54645, -112.14493 24.87409, -112.06313 25.62533, -112.19828 25.99511, -113.06072 26.59912, -113.16369 26.78913, -113.63714 26.72553, -113.81639 26.94897, -114.48754 27.2381, -114.50646 27.40618, -114.73423 27.52125, -115.0559 27.86026, -114.49906 27.77407, -114.32535 27.8747, -114.10294 27.60187, -114.16832 27.95083, -114.04259 28.45844, -114.47663 28.92914, -114.59163 28.9654, -114.97204 29.37775, -115.18712 29.42862, -115.69756 29.75583, -115.80748 29.9562, -115.8373 30.34647, -116.04925 30.47959, -116.06802 30.81318, -116.33545 30.95634, -116.30944 31.1485, -116.67561 31.55264, -116.6197 31.85757, -116.84227 31.98652, -117.12512 32.53167, -114.72428 32.71284, -114.82211 32.50024, -111.00627 31.32718, -108.21481 31.32744, -108.21512 31.77775, -106.51719 31.77382, -106.35849 31.71755, -106.16432 31.4478, -106.00474 31.39695, -105.36377 30.85037, -105.0085 30.67699, -104.68156 30.19294, -104.68048 29.94231, -104.53082 29.66791, -104.05731 29.33904, -103.79418 29.27759, -103.30155 29.00237, -103.14799 28.98511, -102.8994 29.2761, -102.68347 29.74372, -102.4061 29.77728, -102.32101 29.89394, -102.10934 29.80211, -101.4051 29.77844, -101.31216 29.59786, -101.03778 29.46006, -100.66897 29.11621, -100.28434 28.29652, -100.07489 28.15441, -99.70037 27.65919, -99.5072 27.57377, -99.46173 27.05695, -99.24828 26.8271, -99.0855 26.40764, -98.79585 26.36831, -98.22266 26.07541, -97.80201 26.06373, -97.42542 25.85486, -97.13927 25.96581)), ((-112.30966 28.74636, -112.58303 28.87536, -112.43871 29.20209, -112.28157 29.22547, -112.19561 29.02133, -112.30966 28.74636)), ((-113.11479 28.98448, -113.5891 29.4096, -113.51088 29.54934, -113.18276 29.28969, -113.11479 28.98448)), ((-86.73534 20.58535, -86.99527 20.26081, -86.93676 20.54719, -86.73534 20.58535)), ((-115.16271 28.26134, -115.1817 28.02758, -115.35805 28.08258, -115.16271 28.26134)), ((-112.3046 24.79218, -112.13785 25.26526, -112.20619 24.81743, -112.3046 24.79218)), ((-118.22959 29.06172, -118.28359 28.89257, -118.35678 29.14948, -118.22959 29.06172)), ((-111.75856 24.3561, -112.00175 24.50631, -111.8644 24.52048, -111.75856 24.3561)), ((-110.59309 25.03445, -110.52493 24.88, -110.71328 25.02922, -110.59309 25.03445)), ((-110.9112 18.76252, -111.06725 18.76874, -111.00056 18.86823, -110.9112 18.76252)), ((-111.23034 25.82361, -111.17603 26.04334, -111.05637 26.07182, -111.23034 25.82361)), ((-106.54506 21.56189, -106.64216 21.6966, -106.53446 21.65757, -106.54506 21.56189)), ((-109.80287 24.13706, -109.90043 24.19924, -109.93322 24.37441, -109.80287 24.13706)), ((-89.69797 22.41754, -89.61015 22.46108, -89.63428 22.37889, -89.69797 22.41754)), ((-91.53889 18.79312, -91.66006 18.69233, -91.82315 18.67333, -91.53889 18.79312)), ((-110.28786 24.46974, -110.3265 24.40075, -110.41574 24.5696, -110.28786 24.46974)), ((-114.78612 31.80305, -114.6527 31.68976, -114.76256 31.71564, -114.78612 31.80305)), ((-106.37273 21.48205, -106.3871 21.42064, -106.47875 21.4514, -106.37273 21.48205)), ((-108.81884 25.4208, -108.80394 25.37458, -109.01309 25.44693, -108.81884 25.4208)), ((-110.80553 25.64442, -110.78247 25.71033, -110.75319 25.5981, -110.80553 25.64442)), ((-112.61315 28.72576, -112.54796 28.72855, -112.55394 28.67229, -112.61315 28.72576)), ((-113.17443 26.72045, -113.13891 26.67255, -113.25796 26.70478, -113.17443 26.72045)), ((-112.89377 28.6777, -112.86076 28.67186, -112.7524 28.59108, -112.89377 28.6777)), ((-112.09009 27.25998, -112.04525 27.21664, -112.08745 27.18294, -112.09009 27.25998)), ((-111.56163 24.37808, -111.53282 24.35831, -111.64605 24.37105, -111.56163 24.37808)), ((-97.65144 21.78791, -97.60171 21.75194, -97.63996 21.7451, -97.65144 21.78791)), ((-112.09814 25.48582, -112.10584 25.32588, -112.13805 25.29735, -112.09814 25.48582)), ((-114.77554 18.35493, -114.72403 18.35493, -114.78189 18.32453, -114.77554 18.35493)), ((-106.22404 21.32874, -106.22751 21.29117, -106.27936 21.31466, -106.22404 21.32874)), ((-110.60418 27.31802, -110.59404 27.33183, -110.53434 27.28436, -110.60418 27.31802)), ((-111.05955 25.70822, -111.01289 25.6787, -111.02851 25.65179, -111.05955 25.70822)), ((-110.81432 19.34805, -110.78767 19.31391, -110.83617 19.2836, -110.81432 19.34805)), ((-97.8153 22.7202, -97.78856 22.77485, -97.79613 22.72378, -97.8153 22.7202)), ((-87.33121 18.53242, -87.32209 18.48924, -87.34362 18.45234, -87.33121 18.53242)), ((-110.68953 25.30839, -110.72887 25.25998, -110.73274 25.28795, -110.68953 25.30839)), ((-87.26915 18.73851, -87.25548 18.72427, -87.25862 18.65697, -87.26915 18.73851)), ((-106.66382 21.77725, -106.65777 21.73988, -106.68894 21.74683, -106.66382 21.77725)), ((-110.03675 27.08932, -109.95751 27.05197, -109.96841 27.04906, -110.03675 27.08932)), ((-111.89227 27.42902, -111.90108 27.44923, -111.86297 27.44652, -111.89227 27.42902)), ((-86.72004 21.21271, -86.74987 21.27314, -86.74157 21.28767, -86.72004 21.21271)), ((-115.19692 27.89149, -115.16237 27.86834, -115.17843 27.85066, -115.19692 27.89149)), ((-113.50471 29.09218, -113.50682 29.03966, -113.52715 29.0923, -113.50471 29.09218)), ((-111.28662 26.12585, -111.26372 26.13504, -111.26424 26.10501, -111.28662 26.12585)), ((-114.40185 29.98603, -114.39478 29.96018, -114.42202 29.96624, -114.40185 29.98603)), ((-115.56778 28.31372, -115.57908 28.30083, -115.60269 28.3043, -115.56778 28.31372)), ((-111.38744 27.98808, -111.36559 27.9534, -111.38195 27.95724, -111.38744 27.98808)), ((-110.58616 24.83212, -110.56923 24.84384, -110.56141 24.81502, -110.58616 24.83212)), ((-111.25479 25.81128, -111.24594 25.7657, -111.25849 25.7814, -111.25479 25.81128)), ((-116.10961 30.49535, -116.10418 30.48259, -116.12277 30.48517, -116.10961 30.49535)), ((-117.25369 32.4208, -117.24503 32.41463, -117.24321 32.38874, -117.25369 32.4208)), ((-115.7528 24.95478, -115.75231 24.95327, -115.75377 24.95441, -115.7528 24.95478)))
96;96;Americas;North America;united-states;United States;"Native Americans

Black Americans

Asian Americans and Pacific Islanders

Latinx Americans

Jews";"US Government

Individual citizens";Warning;3,4,6,10;4;10;OK;historical;;"Since its founding, the United States has systematically oppressed both Native American and Black American minority populations. While over the last century the U.S. has adopted and codified numerous civil rights laws, covert policies still undermine these minorities, rendering both groups as underrepresented and second-class members of American society.

As growing hate develops in the US, Asian Americans, Latinx People, Jews, and Muslims also suffer from discrimination and violent attacks for being themselves.";Profile details checked;https://www.genocidewatch.com/country-pages/united-states-of-america;https://www.genocidewatch.com/de/_files/ugd/df1038_437b599e1fee498f89277dbe10477378.pdf;https://www.genocidewatch.com/country-pages/united-states-of-america;;;base_country;0;;MultiPolygon;EPSG:4326;Existing Ten Stages corrected GeoJSON;NAME=United States;Topology-simplified embedded fallback used only when the live GitHub CSV cannot be loaded.;15051601ab2b379ed0f35e3b38eee7f901985439a0b3bb67d1d923fefc9ae6f9;;MULTIPOLYGON (((-122.75302 48.99251, -95.17711 48.99267, -95.16057 49.36949, -94.82726 49.29286, -94.71091 48.80751, -94.23215 48.65202, -93.87489 48.63621, -93.75678 48.51655, -93.25774 48.63031, -92.6486 48.53626, -92.38464 48.23241, -92.04342 48.3346, -91.69251 48.09787, -91.42793 48.03645, -90.92315 48.22711, -90.78647 48.10045, -90.17863 48.11644, -89.98032 48.01009, -89.34038 47.98415, -88.64272 48.25659, -88.34726 48.29866, -86.00857 47.37037, -84.87869 46.89791, -84.77332 46.63343, -84.58941 46.47512, -84.11044 46.52646, -84.0868 46.20121, -83.96459 46.06318, -83.61388 46.11564, -83.46586 45.99311, -83.63687 45.77394, -83.48397 45.77194, -82.58878 45.37181, -82.53214 45.29352, -82.14757 43.61134, -82.41109 43.05128, -82.51126 42.64667, -83.12851 42.23996, -83.06841 41.84773, -82.71112 41.68025, -82.42486 41.67681, -81.27666 42.20867, -80.2466 42.36548, -79.01938 42.80269, -79.05377 43.26036, -79.17431 43.46453, -78.68809 43.63181, -76.84153 43.6255, -76.45463 44.08424, -75.27023 44.86377, -74.71296 44.99925, -71.50408 45.01374, -71.33432 45.28871, -71.01654 45.34312, -70.90691 45.24623, -70.68679 45.57272, -70.40735 45.73152, -70.31136 46.07187, -70.07432 46.41954, -70.00776 46.70408, -69.26763 47.43984, -69.06966 47.43189, -68.90623 47.19022, -68.19705 47.3414, -67.80518 47.03563, -67.80012 45.69985, -67.44996 45.61081, -67.47502 45.28235, -67.17601 45.17866, -67.1173 44.94835, -66.97732 44.81554, -67.19648 44.64423, -67.53905 44.64623, -67.56904 44.53868, -67.87487 44.54177, -68.06054 44.32831, -68.11152 44.48009, -68.57441 44.41083, -68.54137 44.23733, -68.80394 44.36925, -68.74262 44.5373, -68.9866 44.42117, -69.0758 44.05252, -69.26342 43.92992, -69.36429 44.06053, -69.51293 43.83491, -69.65697 44.00922, -69.75923 43.88642, -69.82816 43.69827, -69.95112 43.84911, -70.23913 43.70006, -70.20495 43.56114, -70.58165 43.27489, -70.80329 42.91389, -70.70132 42.65331, -71.03844 42.30793, -70.7163 42.21186, -70.53311 41.81623, -70.27473 41.71516, -70.02147 41.79092, -69.93887 41.67422, -70.68562 41.53083, -70.65827 41.72199, -71.1859 41.46874, -71.11075 41.79706, -71.35562 41.74628, -71.49771 41.36628, -72.89243 41.24497, -73.65026 40.99657, -73.92683 40.8048, -73.87218 41.03364, -74.03193 40.71418, -74.20965 40.63423, -74.28269 40.49732, -73.97239 40.32765, -74.09301 39.77634, -74.40722 39.55703, -74.46866 39.39936, -74.87511 38.94453, -74.88728 39.1468, -75.14647 39.18708, -75.53161 39.47797, -75.39379 39.05555, -75.08434 38.79597, -75.04398 38.4538, -75.49228 37.83108, -75.88731 37.35697, -76.01057 37.31635, -75.93472 37.5764, -75.63313 37.96003, -75.85802 37.93114, -75.77969 38.15522, -76.03791 38.23249, -76.31896 38.47394, -76.01167 38.56566, -76.30983 38.76124, -76.10607 38.878, -76.27269 39.15155, -75.93472 39.60419, -76.20971 39.36465, -76.32518 39.40766, -76.53746 38.89167, -76.51198 38.52773, -76.32051 38.13878, -76.83922 38.25722, -76.262 37.9143, -76.32112 37.62401, -76.92261 37.98083, -76.52222 37.61488, -76.24454 37.44953, -76.49603 37.24911, -76.29166 37.13011, -76.42919 36.9763, -76.65477 37.23383, -77.27432 37.31635, -76.71799 37.15001, -76.47598 36.9079, -75.98893 36.91196, -75.97289 36.4997, -75.78551 36.08161, -76.05736 36.16877, -76.72985 35.94526, -75.85285 35.97997, -75.72183 35.82917, -75.78392 35.57591, -75.88634 35.63736, -76.06509 35.38418, -76.26871 35.34837, -76.57518 35.49746, -76.56054 35.12442, -76.94026 34.9798, -76.53987 34.93207, -76.45377 35.07339, -76.33568 34.89948, -76.52278 34.73192, -76.70198 34.72557, -77.13687 34.68236, -77.53588 34.46857, -77.83267 34.20702, -78.03234 33.89228, -78.38492 33.92259, -78.76334 33.77855, -79.13313 33.41743, -79.18346 33.18378, -80.33121 32.4864, -80.67797 32.51146, -80.4298 32.40982, -80.88756 32.0694, -80.83568 32.00292, -81.33337 31.5444, -81.26989 31.27485, -81.52233 30.85444, -81.23888 29.7373, -80.92211 29.0683, -80.60945 28.61017, -80.76594 28.61229, -80.70124 28.29662, -80.34537 27.51459, -80.07555 26.97321, -80.05362 26.55671, -80.14061 25.90082, -80.50617 25.20051, -81.08654 25.12141, -80.98078 25.3183, -81.14916 25.39541, -81.32169 25.7827, -81.39615 25.85163, -81.62271 25.94717, -81.7185 25.90811, -81.84386 26.41421, -82.03905 26.5279, -82.05704 26.86579, -82.31383 26.84935, -82.57364 27.39509, -82.69839 27.45482, -82.39818 27.79605, -82.60473 27.8815, -82.63777 27.70112, -82.82852 27.805, -82.78775 28.16055, -82.66421 28.44794, -82.63109 28.87299, -82.80085 29.17475, -83.02392 29.17475, -83.40477 29.53168, -83.68057 29.92129, -84.02404 30.10659, -84.39102 30.02448, -84.88663 29.73005, -85.3461 29.67837, -85.30215 29.79792, -85.67089 30.12295, -86.36482 30.38076, -86.1066 30.40058, -86.20714 30.50487, -87.0445 30.38959, -87.15681 30.47451, -87.65453 30.2521, -87.94074 30.48314, -88.02282 30.72358, -88.12011 30.33832, -88.47057 30.32388, -88.85936 30.40811, -89.33023 30.30288, -89.45519 30.18155, -89.7084 30.17528, -90.2224 30.38758, -90.43297 30.1433, -90.03698 30.04027, -89.88044 30.15485, -89.63956 30.14057, -89.81115 29.94717, -89.6197 29.87987, -89.47907 30.07998, -89.3317 29.87987, -89.70226 29.70978, -89.54459 29.40815, -89.20198 29.35293, -89.03246 29.21662, -89.1505 29.04816, -89.81815 29.31616, -89.7501 29.3922, -90.18204 29.57949, -90.20934 29.53848, -90.06981 29.46003, -90.0511 29.2294, -90.22924 29.08666, -90.42589 29.35041, -90.64074 29.14061, -90.88402 29.13378, -91.32799 29.29487, -91.26749 29.49579, -91.53433 29.534, -91.84752 29.83124, -92.13463 29.73615, -92.27649 29.53384, -92.68306 29.60413, -93.19959 29.77281, -94.06013 29.68183, -94.65429 29.45189, -94.70353 29.75136, -94.9858 29.67499, -94.88882 29.37596, -95.15892 29.04572, -95.60192 28.76386, -96.44481 28.59736, -96.4038 28.43488, -96.65372 28.31948, -96.79332 28.47972, -96.78234 28.2416, -97.21752 28.07477, -97.02497 28.04145, -97.20629 27.82172, -97.5502 27.00918, -97.31054 26.12328, -97.13927 25.96581, -97.42542 25.85486, -97.80201 26.06373, -98.22266 26.07541, -98.79585 26.36831, -99.0855 26.40764, -99.24828 26.8271, -99.46173 27.05695, -99.5072 27.57377, -99.70037 27.65919, -100.07489 28.15441, -100.28434 28.29652, -100.66897 29.11621, -101.03778 29.46006, -101.31216 29.59786, -101.4051 29.77844, -102.10934 29.80211, -102.32101 29.89394, -102.4061 29.77728, -102.68347 29.74372, -102.8994 29.2761, -103.14799 28.98511, -103.30155 29.00237, -103.79418 29.27759, -104.05731 29.33904, -104.53082 29.66791, -104.68048 29.94231, -104.68156 30.19294, -105.0085 30.67699, -105.36377 30.85037, -106.00474 31.39695, -106.16432 31.4478, -106.35849 31.71755, -106.51719 31.77382, -108.21512 31.77775, -108.21481 31.32744, -111.00627 31.32718, -114.82211 32.50024, -114.72428 32.71284, -117.12512 32.53167, -117.25748 32.70173, -117.32216 33.1085, -117.50884 33.33521, -118.09054 33.73098, -118.39139 33.83594, -118.54406 34.03889, -118.80697 33.99941, -119.21014 34.15231, -119.61716 34.42053, -120.13341 34.47272, -120.47268 34.45027, -120.64783 34.58568, -120.64489 35.13939, -120.89765 35.24977, -120.8314 35.33609, -121.28831 35.66483, -121.72914 36.19814, -121.89966 36.3044, -121.978 36.57477, -121.78981 36.8062, -121.93724 36.97831, -122.15364 36.97708, -122.40446 37.19453, -122.52047 37.53142, -122.51517 37.78113, -122.35852 37.59281, -122.03214 37.46336, -122.33151 37.78239, -122.50232 38.11352, -122.52843 37.81637, -122.90684 38.03184, -123.12873 38.44931, -123.72624 38.91858, -123.82492 39.3473, -123.76977 39.54465, -123.85402 39.83351, -124.36351 40.26148, -124.4092 40.44382, -124.11141 41.04166, -124.06216 41.43588, -124.21697 42.00618, -124.43281 42.32931, -124.41454 42.66242, -124.54772 42.84545, -124.15103 43.88174, -124.04829 44.63255, -124.06518 44.82331, -123.89607 45.56029, -123.98215 45.76777, -123.99047 46.20051, -123.51927 46.23527, -123.38552 46.14618, -123.23331 46.13715, -123.47891 46.27586, -123.87303 46.24017, -123.9 46.74741, -124.13048 46.88597, -123.81306 46.95897, -124.17189 47.04195, -124.42276 47.74189, -124.63813 47.90786, -124.73461 48.1704, -124.57489 48.37041, -124.05018 48.17726, -123.24693 48.11533, -122.99682 48.03864, -122.86832 48.11929, -122.46837 47.75654, -122.6516 47.73257, -122.56851 47.26406, -122.72594 47.33906, -122.92048 47.27802, -123.02941 47.12153, -122.72248 47.0893, -122.32527 47.39102, -122.40612 47.7779, -122.2128 47.9868, -122.43594 48.23461, -122.49885 48.73949, -122.64965 48.76366, -122.75302 48.99251)), ((-130.01962 55.90795, -130.11676 56.10565, -130.40397 56.1219, -130.49552 56.23243, -131.58589 56.59505, -131.79911 56.58766, -131.87156 56.79346, -132.10738 56.85875, -132.03186 57.02841, -132.34122 57.08039, -132.23099 57.19682, -132.55245 57.49908, -133.39224 58.40388, -133.87123 58.7359, -134.22219 58.84271, -134.39802 59.05195, -135.09575 59.41885, -135.0162 59.54345, -135.48276 59.79248, -136.35033 59.59238, -136.46655 59.2878, -136.61349 59.15422, -136.84082 59.14817, -137.2819 58.98715, -137.42311 58.90772, -137.61136 59.23933, -138.59921 59.75382, -138.6921 59.88689, -139.18215 60.07339, -139.10161 60.3466, -139.62835 60.3341, -140.01579 60.18739, -140.42411 60.29317, -140.53374 60.21855, -141.00116 60.32107, -141.00556 69.65095, -141.41291 69.65038, -141.65331 69.76215, -142.2709 69.85602, -142.60082 70.01313, -143.30028 70.11664, -144.06404 70.0856, -144.59016 69.98281, -145.30138 69.99966, -145.8802 70.17495, -147.12369 70.16755, -147.80614 70.23648, -148.15075 70.35643, -148.38142 70.31249, -148.68244 70.42011, -149.48851 70.52302, -149.88972 70.51276, -150.41674 70.42137, -150.37938 70.49702, -151.17772 70.44872, -151.97969 70.44872, -151.73327 70.55854, -152.63012 70.55854, -152.21923 70.81802, -152.3275 70.85688, -153.30244 70.92866, -153.89355 70.89838, -154.13097 70.79133, -154.63121 70.83226, -154.59712 71.00047, -154.83996 71.10126, -155.20967 71.12299, -155.54243 70.8664, -155.91979 70.82543, -156.07209 70.97394, -155.59374 71.06973, -155.62475 71.18354, -156.81721 71.30634, -157.23119 71.07136, -158.04304 70.83686, -158.98974 70.77704, -159.66816 70.805, -160.09626 70.64305, -159.86461 70.59907, -159.79931 70.49921, -160.09602 70.32136, -159.94709 70.59724, -160.17223 70.60493, -160.86067 70.34732, -161.34215 70.25878, -161.90571 70.32062, -162.53779 69.95673, -162.94978 69.79047, -163.1258 69.38996, -163.62255 69.11921, -164.34642 68.92939, -165.66474 68.86156, -166.23677 68.87482, -166.23998 68.56428, -166.54817 68.35883, -165.92809 68.13695, -165.4372 68.06025, -164.15148 67.61961, -163.81005 67.33515, -163.6883 67.10322, -162.4355 66.99103, -161.83515 67.055, -161.73066 66.95356, -161.86828 66.70628, -161.48156 66.53388, -160.88097 66.67243, -160.21919 66.53205, -160.24909 66.40229, -160.78478 66.3745, -161.19343 66.53608, -161.60717 66.45392, -162.08076 66.66621, -162.01496 66.77237, -162.32714 66.96039, -162.63874 66.8996, -161.86726 66.48127, -161.95397 66.33641, -161.51069 66.40766, -161.13573 66.34317, -160.99702 66.24103, -161.57124 66.258, -161.89538 65.97948, -162.17943 66.07591, -162.65473 66.03852, -162.76476 66.10391, -163.68049 66.0786, -163.90307 66.20694, -163.89562 66.39932, -163.73632 66.60346, -164.27436 66.60228, -164.73131 66.53266, -165.0334 66.39932, -165.30573 66.43696, -165.88996 66.24103, -165.50011 66.15229, -165.75499 66.10529, -166.28746 66.17963, -166.97301 65.97419, -167.05989 65.87763, -167.34594 65.89859, -167.5006 65.74079, -167.82274 65.72028, -168.081 65.5915, -167.39855 65.40108, -166.9383 65.38508, -166.14041 65.28569, -166.53417 65.13744, -166.96153 65.15436, -166.39021 64.8985, -166.48347 64.72964, -166.18969 64.58519, -165.03551 64.44831, -164.38911 64.56953, -163.53657 64.56452, -163.135 64.41254, -163.03974 64.52114, -163.38976 64.59687, -163.2425 64.64838, -162.82746 64.50064, -162.78132 64.3437, -162.60717 64.50678, -162.08088 64.7211, -161.71642 64.79487, -161.42219 64.77436, -161.18257 64.93952, -160.88471 64.81013, -160.80317 64.64338, -161.09333 64.50259, -161.45698 64.52114, -161.42943 64.43329, -160.97346 64.25047, -160.79157 63.74653, -161.18627 63.50556, -162.16889 63.43122, -162.23725 63.54629, -162.59651 63.27668, -163.09398 63.05736, -163.35053 63.03083, -163.76732 63.22476, -164.14538 63.26215, -164.59516 63.13011, -164.31395 63.01411, -164.66259 63.03205, -164.88317 62.84154, -164.77912 62.61896, -165.13305 62.51569, -165.70556 62.1166, -165.60908 61.8513, -166.10277 61.82111, -165.78242 61.68407, -166.19994 61.59455, -166.10619 61.49852, -165.77697 61.51581, -165.92125 61.39936, -165.62373 61.28046, -165.62169 61.1435, -165.37373 61.0716, -165.36274 61.2128, -164.9508 61.01984, -165.12898 60.92349, -164.62804 60.93232, -164.56444 60.85468, -163.95751 60.86815, -163.80004 60.97822, -163.57844 60.8841, -163.86152 60.85468, -163.42431 60.76472, -163.64354 60.60155, -163.82604 60.60716, -163.95564 60.77985, -164.13508 60.66372, -164.27082 60.78791, -164.66914 60.82575, -164.66841 60.92178, -165.03136 60.78701, -164.99922 60.71137, -165.43122 60.55305, -164.98896 60.34138, -164.67365 60.29515, -164.41267 60.09178, -164.11474 60.00495, -164.09834 59.83369, -163.61494 59.80085, -163.08764 59.85912, -162.7517 60.00495, -162.52583 59.9975, -162.46919 60.2049, -162.60835 60.32709, -162.41596 60.38239, -162.31724 60.11306, -161.71394 59.50137, -162.0515 59.27017, -161.79857 59.01748, -161.71738 58.75484, -162.17605 58.64492, -161.71019 58.614, -161.36389 58.65965, -161.29124 58.79261, -160.82937 58.85265, -160.35217 59.07066, -160.24644 58.8869, -159.90613 58.76541, -159.58694 58.90746, -159.05126 58.42471, -158.77001 58.51846, -158.91462 58.77538, -158.45726 59.07587, -158.56615 58.81948, -158.15368 58.614, -157.08446 58.88666, -157.06188 58.72622, -157.50267 58.46369, -157.45747 58.22089, -157.60554 58.10521, -157.68065 57.5725, -158.31245 57.31489, -158.68212 57.02204, -158.63964 56.76374, -158.94502 56.84292, -159.45637 56.62934, -159.74572 56.57933, -160.36872 56.27684, -160.5799 55.98973, -160.23729 55.83832, -160.78454 55.88768, -160.79902 55.7154, -161.05329 55.94111, -161.36754 55.95563, -161.82628 55.87987, -162.227 55.6979, -162.65331 55.36152, -163.33454 55.11953, -163.32079 54.81387, -163.06257 54.92878, -163.21764 55.04536, -163.04113 55.09935, -162.78295 54.93594, -162.58332 55.30109, -162.2021 55.03986, -161.95661 55.12572, -161.6208 55.61298, -161.38874 55.57217, -161.51842 55.38337, -161.27916 55.35489, -160.92455 55.51911, -160.68342 55.46467, -160.13366 55.67447, -159.83039 55.85273, -159.62523 55.81269, -158.66759 55.96931, -158.20824 56.28392, -158.50996 56.3454, -157.7729 56.68439, -157.45519 56.64322, -157.41967 56.86738, -157.1894 56.77627, -156.79491 57.03465, -156.54979 56.98286, -156.34435 57.31184, -156.55724 57.30561, -156.02046 57.57681, -155.74165 57.55207, -155.60509 57.79222, -155.3944 57.72573, -155.06867 57.89737, -155.04015 58.01724, -154.58312 58.02497, -154.3531 58.25544, -154.00023 58.38557, -154.08165 58.49518, -153.69066 58.62157, -153.28913 58.84414, -153.71154 59.07075, -154.18733 59.03498, -154.14525 59.38117, -153.72472 59.46605, -153.70641 59.63198, -153.05529 59.71015, -153.01386 59.83234, -152.7379 59.90839, -152.59028 60.09223, -152.89082 60.25141, -152.61616 60.22427, -152.24592 60.39598, -152.34008 60.47614, -151.56676 60.99453, -151.15477 61.06444, -151.0609 61.16328, -150.54027 61.36929, -150.45055 61.25259, -149.98375 61.24632, -149.75739 61.45336, -149.65571 61.409, -150.06733 61.15575, -149.61799 60.99461, -149.12609 60.88361, -149.82405 60.97822, -150.04377 60.91682, -150.4525 61.03425, -151.07148 60.78535, -151.41731 60.71817, -151.28279 60.53705, -151.46544 60.18769, -151.70604 60.04169, -151.88288 59.78653, -151.4726 59.63569, -150.99279 59.77904, -151.46821 59.47809, -151.65184 59.48591, -151.98583 59.31293, -151.74153 59.16714, -151.41784 59.2591, -151.16161 59.20771, -150.58052 59.48192, -150.36986 59.46947, -149.91649 59.7176, -149.74608 59.66718, -149.64216 59.88548, -149.19274 60.01411, -148.87499 59.93732, -148.43537 59.9593, -148.44298 60.18374, -147.94188 60.44306, -148.08361 60.60489, -148.2766 60.49494, -148.25621 60.73798, -148.3747 60.77961, -148.14594 61.11791, -148.07201 61.0244, -147.74804 61.27607, -148.0504 60.95014, -147.9381 60.90876, -147.87019 60.83771, -147.04723 61.00983, -146.94872 60.94965, -146.58585 61.13646, -146.75316 60.9643, -146.51146 60.81859, -146.6442 60.6977, -146.05309 60.75263, -146.26317 60.65371, -145.62902 60.67914, -145.93875 60.45607, -145.57258 60.45112, -145.26952 60.35708, -144.74645 60.67658, -144.94164 60.30663, -144.25255 60.15461, -143.91861 59.99702, -142.79849 60.11237, -141.96911 60.02814, -141.73266 59.96312, -141.26159 60.01179, -141.42854 59.87214, -140.61701 59.70848, -140.32274 59.70124, -139.84903 59.8194, -139.54166 60.04658, -139.62108 59.89029, -139.47338 59.7176, -139.857 59.54629, -139.20588 59.31977, -138.28791 59.08076, -137.98436 58.91999, -137.67064 58.63325, -137.13142 58.40131, -136.87584 58.38813, -136.69083 58.23041, -136.58471 58.35708, -136.37059 58.29955, -136.02672 58.38813, -136.12824 58.57075, -136.58755 58.84833, -136.9947 58.89338, -137.03222 59.06749, -136.20971 58.7508, -136.09752 58.87686, -135.84114 58.52839, -135.90941 58.38129, -135.46752 58.46735, -135.30956 58.25214, -135.05728 58.35155, -135.16271 58.63451, -135.37719 58.93635, -135.36181 59.27082, -134.76732 58.40034, -134.49795 58.35395, -134.24161 58.2143, -134.00451 58.4086, -134.05972 58.07217, -133.68635 57.79072, -133.55431 57.92943, -133.60509 57.57929, -133.33975 57.41177, -133.55199 57.18146, -133.22594 57.17499, -132.5371 56.75812, -132.16104 56.38019, -131.9713 56.35643, -131.87682 56.22309, -132.05866 55.80475, -132.26618 55.75629, -131.96142 55.50104, -131.73591 55.8867, -131.41438 56.0102, -131.1964 55.97142, -130.88988 55.71528, -130.87316 55.34203, -131.05761 55.19868, -130.91832 54.80292, -130.67146 54.77204, -130.36539 54.90729, -129.98925 55.284, -130.17365 55.7495, -130.01962 55.90795)), ((-154.81721 19.47972, -154.9823 19.33924, -155.5028 19.13768, -155.67476 18.90612, -155.87813 19.02907, -155.88553 19.33416, -156.06016 19.73122, -155.82408 20.02009, -155.86724 20.26313, -155.33231 20.04672, -155.08714 19.86038, -155.08537 19.72741, -154.81721 19.47972)), ((-152.14708 57.62263, -152.33869 57.43317, -152.97338 57.51789, -152.6341 57.40575, -152.66308 57.29955, -153.14403 57.31928, -153.67162 57.0102, -153.96251 56.74824, -154.12263 56.7412, -153.80573 57.1542, -154.12121 57.12372, -154.23799 56.89956, -154.52855 56.99164, -154.53502 57.17463, -154.78315 57.27294, -154.72688 57.42853, -154.22033 57.67552, -154.00056 57.62971, -153.89074 57.40803, -153.7473 57.30341, -153.92463 57.81049, -153.66548 57.89468, -153.54695 57.69892, -153.47643 57.83902, -153.21105 57.78559, -153.07506 57.83747, -153.28425 58.01044, -152.74181 57.82689, -152.6079 57.93504, -152.35729 57.79902, -152.42634 57.61351, -152.14708 57.62263)), ((-131.9488 54.78998, -132.14997 54.69864, -132.51114 55.11274, -132.79914 55.27041, -133.21296 55.2792, -132.96984 55.63972, -133.37906 55.62979, -133.1398 55.87661, -133.28551 56.16739, -133.57311 56.18496, -133.61474 56.35285, -133.18212 56.33234, -133.06281 56.05231, -132.73644 55.99657, -132.25048 55.50312, -132.40128 55.51679, -131.96931 55.2049, -132.07689 55.04877, -131.9488 54.78998)), ((-135.84797 57.39435, -135.95035 57.62092, -136.41723 57.83503, -136.31192 57.99551, -135.81355 58.27436, -134.92479 58.02749, -134.93 57.81269, -135.37239 57.80524, -135.21447 57.70734, -134.91389 57.75585, -134.81957 57.48607, -135.05687 57.46662, -135.76818 57.75971, -135.5559 57.45368, -135.84797 57.39435)), ((-168.81184 63.17011, -169.28734 63.1933, -169.54267 62.9936, -170.23497 63.28351, -170.85615 63.46035, -171.08385 63.44489, -171.43932 63.31977, -171.73559 63.37592, -171.85289 63.52119, -171.73933 63.79121, -171.34297 63.63166, -170.93696 63.57168, -170.64623 63.68504, -170.29735 63.69554, -170.08454 63.48583, -169.54951 63.36294, -168.7152 63.31196, -168.81184 63.17011)), ((-134.61461 57.0102, -134.62149 57.22993, -134.46386 57.39435, -134.65355 57.59821, -134.79784 58.11278, -134.97057 58.38557, -134.69319 58.1684, -134.20377 58.12739, -133.88842 57.79841, -133.96296 57.69233, -134.23009 58.06293, -134.20873 57.83991, -133.93786 57.61856, -133.93932 57.30866, -134.61461 57.0102)), ((-165.55492 59.93464, -166.15742 59.82746, -166.61335 59.85639, -167.18981 60.02778, -167.43615 60.19538, -166.87397 60.21064, -166.79231 60.2923, -166.1313 60.43146, -166.07551 60.33393, -165.68444 60.29979, -165.72606 60.06647, -165.55492 59.93464)), ((-134.61612 56.72846, -134.65624 56.17471, -134.88244 56.32958, -135.1879 56.67674, -135.12173 56.83202, -135.36754 56.82892, -135.16535 57.04173, -135.37499 57.09272, -135.33406 57.25039, -135.67496 57.35863, -135.38117 57.55362, -134.90949 57.33234, -134.61612 56.72846)), ((-163.3695 54.76455, -163.62255 54.6118, -164.13268 54.62324, -164.40559 54.43598, -164.84529 54.42349, -164.95824 54.58515, -164.70067 54.67829, -164.54735 54.88276, -164.22509 54.89472, -163.91674 55.03636, -163.57164 55.05703, -163.3695 54.76455)), ((-72.40666 40.86207, -72.87907 40.74569, -73.98813 40.56937, -73.9086 40.78868, -73.48569 40.94563, -72.109 41.00141, -72.40666 40.86207)), ((-130.97167 55.38524, -131.19201 55.18574, -131.40416 55.26293, -131.27074 55.44733, -131.55158 55.29706, -131.82022 55.46381, -131.65054 55.55028, -131.67064 55.8395, -131.28026 55.96516, -130.96874 55.70112, -130.97167 55.38524)), ((-133.88703 57.09003, -132.98038 56.93504, -132.99918 56.60554, -133.35074 56.83226, -133.07909 56.53034, -133.14794 56.4621, -133.65941 56.46418, -133.67927 56.85371, -134.01818 57.01756, -133.88703 57.09003)), ((-166.27351 53.687, -167.45897 53.32392, -167.85005 53.30964, -167.15864 53.47712, -167.0216 53.96125, -166.6057 53.98579, -166.60993 53.831, -166.37035 54.00849, -166.22492 53.90546, -166.34618 53.7827, -166.27351 53.687)), ((-156.0017 20.80044, -156.00313 20.6859, -156.40765 20.58721, -156.46432 20.78138, -156.62023 20.80709, -156.66647 21.00344, -156.29833 20.9527, -156.0017 20.80044)), ((-133.97252 56.3605, -133.89558 56.21996, -134.21068 56.06281, -134.28197 56.36278, -134.03185 56.47573, -134.30614 56.56513, -134.40856 56.84292, -134.26456 56.94188, -134.01268 56.88516, -133.87755 56.70856, -133.71715 56.77119, -133.97252 56.3605)), ((-151.97224 58.23725, -152.11681 58.14789, -152.31648 58.24917, -152.33727 58.11054, -152.80492 57.99152, -153.18847 58.21988, -152.75182 58.27265, -152.86738 58.39435, -152.65062 58.48363, -152.37999 58.35395, -152.11681 58.40111, -151.97224 58.23725)), ((-167.85005 53.3854, -168.28759 53.24299, -168.48994 53.04206, -169.03991 52.85366, -168.6057 53.27513, -168.43285 53.2482, -168.37361 53.46015, -168.00829 53.5703, -167.807 53.52009, -167.85005 53.3854)), ((-157.64717 21.30643, -158.09431 21.29361, -158.27893 21.57526, -157.96243 21.70501, -157.84213 21.46105, -157.64717 21.30643)), ((-159.2928 22.14643, -159.43732 21.86877, -159.75979 21.97853, -159.71653 22.15751, -159.39972 22.23549, -159.2928 22.14643)), ((-174.20283 52.21284, -174.09895 52.11298, -174.88805 52.04279, -174.22826 52.26752, -174.43554 52.3227, -174.1903 52.41787, -173.99189 52.31257, -174.20283 52.21284)), ((-132.39977 56.35041, -132.41491 56.21629, -132.19213 56.17658, -132.12947 55.97028, -132.30337 55.91535, -132.44909 56.06485, -132.70499 56.11742, -132.39977 56.35041)), ((172.94435 52.74982, 172.81105 52.88793, 172.47608 52.92666, 172.66041 53.00861, 173.12721 52.99494, 173.44191 52.85773, 172.94435 52.74982)), ((-146.92227 60.31346, -147.49031 59.9392, -147.46825 59.87678, -147.91539 59.79267, -147.70311 59.9975, -147.20116 60.24217, -147.18961 60.36221, -146.92227 60.31346)), ((-176.4156 51.75479, -176.91706 51.60155, -176.78181 51.93647, -176.4156 51.75479)), ((-156.70572 21.15654, -156.86958 21.05337, -157.27306 21.08735, -157.25976 21.22188, -156.70572 21.15654)), ((-132.67121 54.67731, -132.84288 54.69379, -133.21687 55.09907, -133.12141 55.25129, -132.94249 54.94819, -132.67121 54.67731)), ((-131.92833 56.19457, -132.07234 56.11945, -132.35289 56.27778, -132.36205 56.49457, -131.92833 56.19457)), ((-177.81037 51.69538, -178.21382 51.87604, -177.95226 51.92475, -177.81037 51.69538)), ((-132.9628 56.79979, -132.53344 56.60033, -132.93749 56.51756, -132.9628 56.79979)), ((-132.64721 56.28242, -132.86889 56.24348, -133.05525 56.34479, -132.70295 56.4621, -132.64721 56.28242)), ((-173.2386 52.07575, -173.83601 52.04336, -174.05944 52.1247, -173.5312 52.14496, -173.2386 52.07575)), ((-135.54629 57.1411, -135.84114 56.98969, -135.72476 57.32892, -135.54629 57.1411)), ((-160.53832 55.13321, -160.81892 55.11953, -160.85363 55.33185, -160.53559 55.36433, -160.53832 55.13321)), ((-122.34679 47.95059, -122.562 47.98737, -122.59553 48.20539, -122.34679 47.95059)), ((-133.28531 56.1472, -133.29955 56.01203, -133.79491 55.94359, -133.68098 56.06916, -133.28531 56.1472)), ((-146.60017 60.24518, -146.63435 60.46491, -146.15136 60.43879, -146.60017 60.24518)), ((-177.04682 51.89199, -177.15669 51.70014, -177.7047 51.70637, -177.04682 51.89199)), ((-156.80354 20.81256, -156.96228 20.73239, -157.05521 20.91137, -156.80354 20.81256)), ((-165.65718 54.12519, -165.88732 54.03632, -166.12267 54.11835, -165.97138 54.21947, -165.65718 54.12519)), ((-131.6245 55.0174, -131.53124 55.27424, -131.34553 55.05805, -131.6245 55.0174)), ((-172.38537 60.3476, -172.57197 60.32709, -173.03779 60.50585, -172.90669 60.52827, -172.38537 60.3476)), ((-160.68592 58.81084, -160.89786 58.57034, -161.06168 58.70051, -160.68592 58.81084)), ((-91.84048 29.48383, -91.92927 29.64712, -91.7202 29.58173, -91.84048 29.48383)), ((-153.34272 57.00397, -153.26049 57.20563, -152.95226 57.17463, -153.34272 57.00397)), ((178.94142 51.55036, 178.6364 51.63744, 178.88738 51.62055, 178.94142 51.55036)), ((-68.32604 44.2259, -68.4348 44.29999, -68.27404 44.43928, -68.32604 44.2259)), ((-159.89741 55.10489, -160.09272 55.05069, -160.19481 55.12153, -159.89741 55.10489)), ((177.69044 52.08991, 177.55445 51.96845, 177.59344 52.12507, 177.69044 52.08991)), ((-97.17801 27.65284, -97.32026 27.35757, -97.25723 27.59276, -97.17801 27.65284)), ((-147.64525 60.4831, -147.73876 60.25983, -147.86059 60.37739, -147.64525 60.4831)), ((-119.55952 33.99431, -119.85077 33.96738, -119.91722 34.07882, -119.55952 33.99431)), ((-97.39753 26.831, -97.40502 27.12523, -97.34288 26.75674, -97.39753 26.831)), ((-131.6361 55.2993, -131.74332 55.14273, -131.83837 55.42593, -131.6361 55.2993)), ((173.79127 52.50153, 173.74342 52.36123, 173.4017 52.39667, 173.79127 52.50153)), ((-80.62902 28.59878, -80.66495 28.25259, -80.73229 28.54462, -80.62902 28.59878)), ((-70.50744 41.36262, -70.78197 41.35423, -70.57042 41.47394, -70.50744 41.36262)), ((179.78094 51.96703, 179.6421 51.87417, 179.48609 51.97386, 179.78094 51.96703)), ((-120.04414 34.03727, -120.10989 33.89314, -120.24852 34.00113, -120.04414 34.03727)), ((-96.41686 28.32876, -96.83251 28.08877, -96.80777 28.18765, -96.41686 28.32876)), ((-172.3109 52.31647, -172.63305 52.2613, -172.44127 52.39907, -172.3109 52.31647)), ((-118.53586 33.47728, -118.36921 33.40839, -118.46359 33.32351, -118.53586 33.47728)), ((-134.62047 58.24641, -134.48184 58.33348, -134.25841 58.19628, -134.62047 58.24641)), ((-136.45128 57.84687, -136.56115 58.01752, -136.36193 58.0312, -136.45128 57.84687)), ((-160.05996 22.00056, -160.08525 21.89354, -160.23442 21.87446, -160.05996 22.00056)), ((-153.41837 58.06599, -153.29548 58.14643, -152.89082 57.99771, -153.41837 58.06599)), ((-154.48754 56.51679, -154.73823 56.39826, -154.70014 56.53034, -154.48754 56.51679)), ((-152.6643 58.54637, -152.36958 58.63809, -152.48302 58.48054, -152.6643 58.54637)), ((-170.56371 52.6728, -170.79784 52.54027, -170.74372 52.6787, -170.56371 52.6728)), ((-145.76415 60.5871, -146.09691 60.47968, -146.28645 60.51732, -145.76415 60.5871)), ((-133.31005 55.78221, -133.48717 55.70673, -133.6149 55.8332, -133.31005 55.78221)), ((-169.7379 52.77831, -170.01167 52.83771, -169.72761 52.88508, -169.7379 52.77831)), ((-132.82266 55.1905, -132.6682 55.05069, -132.87365 55.03636, -132.82266 55.1905)), ((-176.1706 52.00503, -176.06871 52.10765, -175.97509 52.02192, -176.1706 52.00503)), ((-123.15445 48.51313, -123.12914 48.62006, -122.97765 48.53132, -123.15445 48.51313)), ((-70.02887 41.38612, -69.95776 41.27575, -70.13775 41.24715, -70.02887 41.38612)), ((-94.72441 29.33315, -95.11654 29.08899, -94.8341 29.35977, -94.72441 29.33315)), ((-131.33117 54.86123, -131.47838 54.94473, -131.26382 54.99689, -131.33117 54.86123)), ((-162.30256 54.98566, -162.30903 54.83735, -162.43639 54.92772, -162.30256 54.98566)), ((-80.36148 25.15949, -80.5786 24.95026, -80.25162 25.34447, -80.36148 25.15949)), ((-118.35094 32.81867, -118.49915 32.85063, -118.60722 33.03086, -118.35094 32.81867)), ((-153.54194 57.93561, -153.32665 57.92658, -153.21235 57.81269, -153.54194 57.93561)), ((-154.33381 56.5196, -154.279 56.59781, -154.04906 56.55829, -154.33381 56.5196)), ((-162.55 54.38589, -162.79638 54.42349, -162.82746 54.50194, -162.55 54.38589)), ((-75.51561 35.2602, -75.73575 35.18769, -75.51635 35.291, -75.51561 35.2602)), ((-133.24014 55.22036, -133.42227 55.20148, -133.3181 55.33906, -133.24014 55.22036)), ((-165.58882 54.11091, -165.68444 54.23505, -165.4239 54.18309, -165.58882 54.11091)), ((-122.74584 48.66437, -122.93334 48.59276, -122.92931 48.70844, -122.74584 48.66437)), ((-86.65925 30.41584, -86.56249 30.40111, -87.2412 30.32612, -86.65925 30.41584)), ((-74.1021 40.55457, -74.24298 40.49943, -74.1918 40.62826, -74.1021 40.55457)), ((-162.38801 63.5622, -162.66609 63.61677, -162.43639 63.64033, -162.38801 63.5622)), ((-80.33764 27.60663, -80.16723 27.19701, -80.30687 27.46166, -80.33764 27.60663)), ((-133.44221 55.38028, -133.60729 55.23558, -133.65567 55.37279, -133.44221 55.38028)), ((-155.5561 55.91462, -155.59726 55.76043, -155.74165 55.83149, -155.5561 55.91462)), ((-96.88024 28.13011, -96.85009 28.07119, -97.01464 27.89094, -96.88024 28.13011)), ((-148.12715 60.8006, -148.03209 60.93041, -147.92919 60.80634, -148.12715 60.8006)), ((-156.54456 20.51322, -156.70056 20.52543, -156.60881 20.59105, -156.54456 20.51322)), ((-132.68179 54.78376, -132.79406 54.90192, -132.6293 54.904, -132.68179 54.78376)), ((-170.14741 57.23408, -170.25524 57.1411, -170.39611 57.20197, -170.14741 57.23408)), ((-176.25853 51.78213, -176.39704 51.74189, -176.42304 51.85102, -176.25853 51.78213)), ((-71.22061 41.66055, -71.23363 41.4892, -71.32226 41.53042, -71.22061 41.66055)), ((-161.64131 55.11953, -161.75117 55.05805, -161.84382 55.17133, -161.64131 55.11953)), ((-122.36681 47.38353, -122.53148 47.35692, -122.47102 47.49579, -122.36681 47.38353)), ((-148.16881 60.03775, -148.27123 60.10297, -148.04096 60.18659, -148.16881 60.03775)), ((-160.33629 55.24868, -160.53148 55.32502, -160.3452 55.37108, -160.33629 55.24868)), ((-166.08918 53.84467, -166.17158 53.74787, -166.29088 53.74909, -166.08918 53.84467)), ((-159.52754 55.04727, -159.65925 55.06513, -159.55138 55.14216, -159.52754 55.04727)), ((-156.99238 56.55516, -157.30871 56.53067, -157.25927 56.5834, -156.99238 56.55516)), ((-133.65197 55.4479, -133.77941 55.44986, -133.70287 55.55777, -133.65197 55.4479)), ((-81.23485 31.5265, -81.17465 31.52142, -81.26172 31.38779, -81.23485 31.5265)), ((-164.96508 54.07746, -165.22578 54.09105, -165.13301 54.13264, -164.96508 54.07746)), ((-169.47435 56.593, -169.5869 56.54141, -169.78905 56.62035, -169.47435 56.593)), ((-75.18969 38.08978, -75.32604 37.89228, -75.3391 37.91621, -75.18969 38.08978)), ((-81.48217 30.90436, -81.41942 30.92528, -81.46915 30.72932, -81.48217 30.90436)), ((-122.82775 48.41739, -122.93761 48.45832, -122.87702 48.56586, -122.82775 48.41739)), ((-134.12206 55.92373, -134.25841 55.81843, -134.23485 55.89997, -134.12206 55.92373)), ((-133.34659 55.4479, -133.43318 55.52798, -133.32445 55.55695, -133.34659 55.4479)), ((178.60426 51.93769, 178.45997 51.9444, 178.5197 51.99437, 178.60426 51.93769)), ((-153.53816 59.3771, -153.3546 59.36518, -153.49889 59.32543, -153.53816 59.3771)), ((-144.20861 60.01179, -144.5546 59.82709, -144.55236 59.87324, -144.20861 60.01179)), ((-68.62308 44.24986, -68.682 44.15261, -68.7246 44.21906, -68.62308 44.24986)), ((-147.89517 59.99042, -148.03551 59.97427, -147.89175 60.06904, -147.89517 59.99042)), ((-133.50573 55.52261, -133.42809 55.44652, -133.60045 55.4479, -133.50573 55.52261)), ((-76.39599 34.78758, -76.51964 34.61579, -76.52505 34.63784, -76.39599 34.78758)), ((-122.48038 47.58686, -122.57787 47.60155, -122.55777 47.71381, -122.48038 47.58686)), ((-148.12487 60.00414, -147.96646 60.15656, -147.88126 60.10737, -148.12487 60.00414)), ((-176.01146 51.8299, -176.21906 51.82437, -176.1739 51.88532, -176.01146 51.8299)), ((-153.87715 56.56513, -153.96569 56.50462, -154.13781 56.51048, -153.87715 56.56513)), ((-82.17764 26.70132, -82.11364 26.65436, -82.10851 2
97;97;Americas;Central America and Caribbean;cuba;Cuba;Political opponents, human rights groups, journalists, unions, NGOs, Afro-Cubans, ethnic minorities, and dissidents against the communist regime;"The Cuban government, army, and police; the communist regime since the 1959 revolution";Watch;3,8,10;3;10;OK;current;2022-01-01;"After the 1959 Cuban Revolution, Fidel Castro founded a one-party communist state. It has ruled with unchecked repression ever since. Army and police target any public opposition by human rights groups, unions, journalists, and non-governmental associations. Following the Cuban Missile Crisis of 1962, the United States placed an embargo on Cuba that is still in effect. The embargo severely impacts the Cuban population.

Restrictions have harmed UN development programs, agricultural assistance, and access to medical technology and equipment. Upset with living conditions and restrictions on civil liberties, Cubans took to the streets in July of 2021— the nation's largest anti-government demonstrations since 1994. President Diaz-Canel ordered security forces to violently attack protesters, many of whom were arrested, subjecting over 5,000 peaceful demonstrators to detention.

Detainees were denied legal representation and access to medical care, and were subjected to sleep deprivation, beatings, and torture. Making up an estimated 62% of the country's population, Afro-Cubans are disproportionately arrested by police. They remain severely disadvantaged by economic inequality. Protests against racism are outlawed, and civil rights activists are detained or forced into exile.";Profile details checked;https://www.genocidewatch.com/country-pages/cuba;https://d0dbb2cb-698c-4513-aa47-eba3a335e06f.filesusr.com/ugd/efa679_aad0487c033c45c88073c99d63886b5b.pdf;https://www.genocidewatch.com/country-pages/cuba;;;base_country;0;;MultiPolygon;EPSG:4326;Existing Ten Stages corrected GeoJSON;NAME=Cuba;Topology-simplified embedded fallback used only when the live GitHub CSV cannot be loaded.;02eeedc38890a1b62db45fdc40ab1e0d052c9cab9d1dc7f631884295393e3c29;;MULTIPOLYGON (((-75.09501 19.89723, -75.60473 19.89204, -75.72183 19.95751, -76.24816 19.99063, -76.95889 19.89106, -77.73721 19.8557, -77.08243 20.46528, -77.31485 20.70905, -78.06554 20.71166, -78.49474 21.04792, -78.60782 21.49372, -78.76651 21.63972, -79.24942 21.55195, -79.63927 21.68773, -79.89538 21.69855, -80.26993 21.88703, -80.45092 22.06851, -80.9921 22.05427, -81.20519 22.27806, -81.23913 22.15107, -81.82445 22.18891, -82.11874 22.43183, -81.6835 22.46359, -81.64326 22.57274, -81.8775 22.67973, -82.78067 22.69611, -83.41547 22.18609, -83.92545 22.17154, -84.04162 21.91767, -84.52135 21.78657, -84.53604 21.94017, -84.94726 21.86034, -84.58332 22.00751, -84.30818 22.03669, -84.44567 22.20502, -84.37393 22.38068, -84.07828 22.66621, -83.39346 22.8769, -83.24645 22.99396, -82.57551 23.05402, -82.21935 23.19424, -81.58117 23.15778, -81.55256 23.05435, -81.28628 23.14476, -81.12072 23.03897, -80.62222 23.08954, -80.27961 22.91201, -80.02457 22.94668, -79.65172 22.75878, -79.51183 22.53461, -79.23876 22.37641, -78.78185 22.39061, -78.06505 22.08698, -77.76089 21.8133, -77.33654 21.65013, -77.50756 21.86245, -76.63659 21.32136, -76.38756 21.28433, -76.00219 21.07807, -75.82177 21.13687, -75.57848 21.01337, -75.74401 20.90156, -75.70885 20.69058, -75.43969 20.74063, -74.77184 20.6258, -74.49498 20.35517, -74.21361 20.31098, -74.2674 20.0683, -74.81298 20.03726, -75.09501 19.89723)), ((-82.54076 21.59553, -82.83556 21.44473, -83.07852 21.46922, -83.07518 21.84317, -82.69017 21.88182, -82.54076 21.59553)), ((-77.62658 22.04206, -77.70889 21.91218, -77.94713 22.07282, -77.62658 22.04206)), ((-78.67976 22.55443, -78.35204 22.54304, -78.42992 22.41861, -78.67976 22.55443)), ((-78.29874 22.4204, -78.10033 22.39688, -78.17154 22.31074, -78.29874 22.4204)), ((-78.04573 22.19888, -77.90233 22.23298, -77.86343 22.09919, -78.04573 22.19888)), ((-79.49083 22.70205, -79.59065 22.79466, -79.37198 22.67666, -79.49083 22.70205)), ((-79.0736 20.91771, -79.16918 20.96491, -79.13768 20.98265, -79.0736 20.91771)), ((-81.49669 21.61848, -81.49352 21.65705, -81.36937 21.70856, -81.49669 21.61848)), ((-75.50817 20.78657, -75.48217 20.73778, -75.57848 20.78742, -75.50817 20.78657)), ((-78.33898 20.51801, -78.38419 20.56216, -78.3553 20.57343, -78.33898 20.51801)), ((-77.88069 22.30874, -77.85611 22.31245, -77.78173 22.1778, -77.88069 22.30874)), ((-80.27188 23.00869, -80.2318 22.95917, -80.33251 22.97533, -80.27188 23.00869)), ((-80.8048 23.15754, -80.83064 23.13565, -80.89981 23.15917, -80.8048 23.15754)), ((-78.87662 20.80923, -78.87149 20.78486, -78.94164 20.79263, -78.87662 20.80923)), ((-81.98119 21.64777, -81.97277 21.62222, -82.11002 21.56745, -81.98119 21.64777)), ((-78.97118 20.87352, -78.98888 20.83906, -79.0692 20.88597, -78.97118 20.87352)), ((-80.16242 23.06733, -80.22496 23.08954, -80.20446 23.12425, -80.16242 23.06733)), ((-79.38891 21.12324, -79.35733 21.12759, -79.30801 21.06879, -79.38891 21.12324)), ((-80.47338 23.19603, -80.49523 23.16836, -80.57042 23.20091, -80.47338 23.19603)), ((-78.43615 20.72598, -78.51183 20.69115, -78.5454 20.70425, -78.43615 20.72598)), ((-80.71247 23.1999, -80.74083 23.18427, -80.86144 23.22036, -80.71247 23.1999)), ((-79.68529 22.83369, -79.73986 22.8758, -79.69201 22.87393, -79.68529 22.83369)), ((-79.00451 22.65672, -79.07038 22.67402, -78.97655 22.66852, -79.00451 22.65672)), ((-79.81705 22.94725, -79.86449 22.92597, -79.86107 22.96259, -79.81705 22.94725)), ((-80.24462 23.08527, -80.30573 23.13451, -80.28112 23.14232, -80.24462 23.08527)), ((-78.80704 20.75723, -78.75084 20.72598, -78.79235 20.71992, -78.80704 20.75723)), ((-81.8378 21.66108, -81.90136 21.61563, -81.88915 21.64936, -81.8378 21.66108)), ((-79.88712 22.9597, -79.9497 22.92841, -79.95743 22.95303, -79.88712 22.9597)), ((-82.64517 21.95454, -82.59118 21.92666, -82.63012 21.92072, -82.64517 21.95454)), ((-80.87413 23.24897, -80.87857 23.23212, -80.93586 23.26313, -80.87413 23.24897)), ((-82.50772 22.59007, -82.52746 22.56346, -82.51976 22.63666, -82.50772 22.59007)), ((-80.40144 23.15461, -80.45808 23.12678, -80.44612 23.15062, -80.40144 23.15461)), ((-81.54703 22.04458, -81.58186 22.0506, -81.58251 22.07661, -81.54703 22.04458)), ((-80.05358 23.0292, -80.08536 23.03832, -80.08764 23.06745, -80.05358 23.0292)), ((-78.72883 22.54165, -78.76598 22.51878, -78.76814 22.54165, -78.72883 22.54165)), ((-80.66853 23.21223, -80.67467 23.18684, -80.70425 23.18032, -80.66853 23.21223)), ((-79.21573 22.64301, -79.17687 22.64468, -79.20641 22.62442, -79.21573 22.64301)), ((-83.55065 21.95942, -83.5926 21.96011, -83.59781 21.97175, -83.55065 21.95942)), ((-78.60098 20.64525, -78.60904 20.66071, -78.57995 20.654, -78.60098 20.64525)), ((-78.65152 20.66494, -78.62975 20.65884, -78.64647 20.65229, -78.65152 20.66494)))
98;98;Americas;Central America and Caribbean;el-salvador;El Salvador;Women, LGBTQ+ community;El Salvadoran government, State police forces, Gangs;Watch;3,5,8,10;4;10;OK;current;2022-02-01;"The Salvadoran Civil War (1979-1992) saw significant violence against civilians, most notably in the El Mozote Massacre of 1981, in which the Salvadoran military wiped out an entire village of 978 people, including 533 children. Though the government apologized in 2011, the perpetrators of the El Mozote massacre and other crimes against humanity during the civil war have not been brought to justice. Today, gang violence and a corrupt national police force are rampant in the country.

Women and members of the LGBTQ+ community face disproportionate violence.";Profile details checked;https://www.genocidewatch.com/country-pages/el-salvador;https://d0dbb2cb-698c-4513-aa47-eba3a335e06f.filesusr.com/ugd/137a5c_699c827da8dc486a94ab0198c84ebbb0.pdf;https://www.genocidewatch.com/country-pages/el-salvador;;;base_country;0;;MultiPolygon;EPSG:4326;Existing Ten Stages corrected GeoJSON;NAME=El Salvador;Topology-simplified embedded fallback used only when the live GitHub CSV cannot be loaded.;c2ebb31b15771f80f95282823e3b317b043c0d56efe85c63c25d29e70889f4f8;;MULTIPOLYGON (((-90.09831 13.7314, -90.09904 13.85851, -89.53094 14.22557, -89.59835 14.32799, -89.36162 14.41548, -89.10748 14.39597, -88.83876 14.10041, -88.49542 13.97514, -88.49682 13.8512, -88.08754 13.98054, -88.01532 13.86636, -87.70361 13.815, -87.81717 13.40656, -87.92821 13.15864, -88.78567 13.24527, -89.25145 13.47232, -89.80805 13.52686, -90.09831 13.7314)), ((-87.72719 13.21111, -87.69319 13.16786, -87.72311 13.16408, -87.72719 13.21111)), ((-87.75139 13.22892, -87.7638 13.21429, -87.77429 13.24737, -87.75139 13.22892)))
99;99;Americas;Central America and Caribbean;guatemala;Guatemala;Mayan indigeneous groups, Human rights and indigenous rights defenders, political opponents;Guatemalan government, Perpetrators (militaries, political leaders, civilians) of the 1982-1983 genocide;Emergency;3,8,10;3;10;OK;historical;2020-12-01;"The Guatemalan civil war lasted from 1960 to 1996 and resulted in over 200 000 people killed, 80 percent of whom were Mayan. In a report published in 1999, the Guatemalan Commission for Historical Clarification has found that, between 1981 and 1983, the state  committed acts of genocide against the Mayan people. More than 20 years later, impunity remains rampant in the country.

The government of Guatemala fails to bring the perpetrators of the genocide to justice and to protect indigenous and human rights defenders (Genocide Watch, 2020).";Profile details checked;https://www.genocidewatch.com/country-pages/guatemala;;https://www.genocidewatch.com/country-pages/guatemala;;;base_country;0;;Polygon;EPSG:4326;Existing Ten Stages corrected GeoJSON;NAME=Guatemala;Topology-simplified embedded fallback used only when the live GitHub CSV cannot be loaded.;2707f0c6c6aa8ca782ac2107926c1387920eebb8017bef3facf3697f10a62452;;POLYGON ((-89.36162 14.41548, -89.59835 14.32799, -89.53094 14.22557, -90.09904 13.85851, -90.09831 13.7314, -90.70728 13.92889, -91.31646 13.95568, -91.76256 14.18017, -92.24626 14.54628, -92.07381 15.07371, -92.20465 15.28951, -91.72378 16.06879, -90.48574 16.0707, -90.37985 16.36727, -90.73531 16.74658, -91.06687 16.91819, -91.43077 17.25497, -90.99199 17.25192, -90.96222 17.81602, -89.1605 17.81431, -89.1492 17.03627, -89.22824 15.88084, -88.78734 15.85908, -88.59838 15.70612, -88.61986 15.95327, -88.22094 15.72565, -88.97343 15.14039, -89.14052 15.07639, -89.23145 14.86731, -89.1445 14.7083, -89.36162 14.41548))
100;100;Americas;Central America and Caribbean;haiti;Haiti;Political opponents, dissidents, and civilians opposing authoritarian rule;Historical regimes (Duvalier dictatorship and military juntas), current networks of gangs and corrupt elites;Watch;5,6;2;6;OK;current;2022-04-01;"Early in the morning of July 7, an unidentified group of gunmen assassinated Haitian President Jovenel Moïse in his home. The assassination is a dramatic development in the ongoing political and economic crisis that has plagued Haiti this year.

Large-scale protests and opposition rallies have taken place across the since February 2021. Haitians are protesting the large-scale corruption and authoritarianism of the Moïse presidency, with the state often violently repressing these acts of dissent.

The recent assassination in Haiti also coincides with an increase in gang violence, a large-scale surge in COVID-19 cases, and an imminent hurricane season; all factors that could see the country spiral into further chaos.";Profile details checked;https://www.genocidewatch.com/country-pages/haiti;https://www.genocidewatch.com/single-post/country-report-haiti;https://www.genocidewatch.com/country-pages/haiti;;;base_country;0;;MultiPolygon;EPSG:4326;Existing Ten Stages corrected GeoJSON;NAME=Haiti;Topology-simplified embedded fallback used only when the live GitHub CSV cannot be loaded.;769c0608104ba3188a75e74846753451e58052f0d252364044dc1a9ac5a87ccc;;MULTIPOLYGON (((-71.75744 19.71011, -71.63911 19.21211, -71.7837 18.99631, -71.71885 18.78423, -72.00984 18.59881, -71.70934 18.31325, -71.77623 18.03925, -72.07177 18.23753, -72.5563 18.22085, -72.88589 18.14142, -73.31045 18.25129, -73.64631 18.25873, -73.87328 18.02619, -74.18342 18.29328, -74.48917 18.42939, -74.42626 18.60822, -74.15998 18.65917, -73.52668 18.5235, -72.75499 18.42939, -72.62829 18.55414, -72.37141 18.52558, -72.32506 18.67137, -72.54955 18.78563, -72.81835 19.07856, -72.69913 19.44587, -73.01887 19.60073, -73.40949 19.63597, -73.43244 19.77896, -73.1671 19.93769, -72.77603 19.94392, -72.02766 19.69961, -71.75744 19.71011)), ((-73.28991 18.9042, -73.2008 18.9687, -72.8461 18.82709, -73.03742 18.75959, -73.28991 18.9042)), ((-72.8024 20.08723, -72.63891 19.98485, -72.96036 20.06122, -72.8024 20.08723)), ((-73.57799 18.08112, -73.64973 18.05948, -73.69994 18.1083, -73.57799 18.08112)), ((-73.7965 18.62865, -73.71496 18.62348, -73.76952 18.58836, -73.7965 18.62865)))
101;101;Americas;Central America and Caribbean;honduras;Honduras;Garifuna, Environmental Activists, LGBTQ+ community;Honduran Government, Honduran Military, National Investigative Police, Mining Corporations;Warning;3,8,9;3;9;OK;current;;In 2020, kidnappers dressed in police uniforms abducted five Garifuna men, who remain missing. Since 2009, hundreds of environmental activists have been murdered for their opposition to mines and other conservation efforts. Likewise, since the 2009 coup d'etat, members of the LGTBQ+ community, especially transgender people, have faced heightened persecution and even execution.;Profile details checked;https://www.genocidewatch.com/country-pages/honduras;;https://www.genocidewatch.com/country-pages/honduras;;;base_country;0;;MultiPolygon;EPSG:4326;Existing Ten Stages corrected GeoJSON;NAME=Honduras;Topology-simplified embedded fallback used only when the live GitHub CSV cannot be loaded.;50a34ee34bee7debb792f38f7a4ed765daa69d8ccb757f99c3e686e72fe33603;;MULTIPOLYGON (((-89.36162 14.41548, -89.1445 14.7083, -89.23145 14.86731, -89.14052 15.07639, -88.97343 15.14039, -88.22094 15.72565, -87.72216 15.92292, -87.50963 15.79865, -87.34508 15.85033, -86.87873 15.76415, -86.33829 15.7814, -85.91918 16.00373, -85.48858 15.86957, -84.99995 15.98794, -84.29464 15.81101, -83.89417 15.48518, -84.08251 15.36009, -83.76944 15.21922, -83.5172 15.2897, -83.13044 14.99701, -83.39031 15.03097, -83.61561 14.87269, -84.48269 14.61947, -84.77017 14.80514, -85.00199 14.74068, -85.13754 14.57849, -85.15803 14.33827, -85.82416 13.84768, -86.09673 14.04408, -86.4101 13.74903, -86.72723 13.76826, -86.70186 13.3142, -86.91079 13.23958, -87.03504 12.97978, -87.31404 12.98155, -87.51224 13.28669, -87.37902 13.37202, -87.81717 13.40656, -87.70361 13.815, -88.01532 13.86636, -88.08754 13.98054, -88.49682 13.8512, -88.49542 13.97514, -88.83876 14.10041, -89.10748 14.39597, -89.36162 14.41548)), ((-86.53068 16.35618, -86.31212 16.4125, -86.54815 16.31285, -86.53068 16.35618)), ((-85.85113 16.51722, -85.81695 16.49831, -85.94707 16.40319, -85.85113 16.51722)), ((-87.57079 13.37202, -87.5913 13.30439, -87.65901 13.33169, -87.57079 13.37202)), ((-86.87255 16.121, -86.96372 16.06639, -86.94425 16.11651, -86.87255 16.121)), ((-87.61514 13.29011, -87.64656 13.24917, -87.67382 13.28388, -87.61514 13.29011)), ((-83.94115 17.41865, -83.91234 17.41112, -83.93033 17.40941, -83.94115 17.41865)))
102;102;Americas;Central America and Caribbean;nicaragua;Nicaragua;Political opposition, journalists, human rights defenders, Catholic and Protestant religious leaders, Indigenous and Afro-descendant communities;Nicaraguan government under Daniel Ortega, police forces, pro-government militias, pro-Ortega media, armed settlers;Warning;3,4,6,8;4;8;OK;current;2024-01-01;Since 2018, Nicaragua has faced severe political turmoil. Protests against the government were violently suppressed, leading to over 328 deaths and thousands injured. The Ortega regime has targeted opposition figures, human rights defenders, journalists, and religious leaders, resulting in detentions, exile, and citizenship revocations. Over 3,500 NGOs and numerous media outlets have been shut down, silencing dissent. Indigenous and Afro-descendant communities have faced violent attacks and displacement.;Profile details checked;https://www.genocidewatch.com/country-pages/nicaragua;https://d0dbb2cb-698c-4513-aa47-eba3a335e06f.filesusr.com/ugd/5f1063_8aa98a8e7a704bbca6d996bf7459826f.pdf;https://www.genocidewatch.com/country-pages/nicaragua;;;base_country;0;;MultiPolygon;EPSG:4326;Existing Ten Stages corrected GeoJSON;NAME=Nicaragua;Topology-simplified embedded fallback used only when the live GitHub CSV cannot be loaded.;ffdda5cce601e2ff06e6054d2ae805816ce2f027cf731283e5c43837f26c7b60;;MULTIPOLYGON (((-83.13044 14.99701, -83.39031 15.03097, -83.61561 14.87269, -84.48269 14.61947, -84.77017 14.80514, -85.00199 14.74068, -85.13754 14.57849, -85.15803 14.33827, -85.82416 13.84768, -86.09673 14.04408, -86.4101 13.74903, -86.72723 13.76826, -86.70186 13.3142, -86.91079 13.23958, -87.03504 12.97978, -87.31404 12.98155, -87.58385 13.05732, -87.64651 12.87238, -86.79752 12.21853, -86.49637 11.75943, -85.92801 11.31074, -85.70174 11.08088, -85.59779 11.20994, -84.9314 10.94189, -84.67645 11.07041, -84.35547 10.99463, -84.1916 10.78172, -83.93332 10.71805, -83.66303 10.80702, -83.86803 11.3749, -83.65298 11.61152, -83.69994 11.84992, -83.83609 11.87124, -83.7672 12.04316, -83.67858 12.00943, -83.61701 12.34805, -83.7672 12.5467, -83.5891 12.63215, -83.61758 12.37515, -83.4923 12.40034, -83.57014 13.2871, -83.43126 13.95673, -83.1918 14.38691, -83.29922 14.77119, -83.13044 14.99701)), ((-82.76732 14.41413, -82.75084 14.36148, -82.80394 14.36595, -82.76732 14.41413)), ((-83.73379 11.90583, -83.72899 11.97333, -83.7084 11.98729, -83.73379 11.90583)), ((-83.05394 12.14387, -83.05598 12.16621, -83.02115 12.18179, -83.05394 12.14387)), ((-83.66535 10.93532, -83.67299 10.93323, -83.68687 10.93797, -83.66535 10.93532)))
103;103;Americas;Central America and Caribbean;panama;Panama;Indigenous communities: Guna, Emberá, Wounaan, Ngäbe, Buglé, Naso Tjer Di, Bri Bri;Spanish Empire (historically), Panamanian government, development companies;Watch;3,10;2;10;OK;historical;;Since the Spanish arrival in Panama, Indigenous people have faced multiple forced deportations, expulsions, assimilation efforts, and forced conversions to Christianity at the hands of both the Spanish and the Panamanian governments. Recently, Indigenous people have been fighting for land rights, sovereignty, and cultural preservation.;Profile details checked;https://www.genocidewatch.com/country-pages/panama;https://d0dbb2cb-698c-4513-aa47-eba3a335e06f.filesusr.com/ugd/a33f81_9b9b497abc934eb2a5146772026fc16e.pdf;https://www.genocidewatch.com/country-pages/panama;;;base_country;0;;MultiPolygon;EPSG:4326;Existing Ten Stages corrected GeoJSON;NAME=Panama;Topology-simplified embedded fallback used only when the live GitHub CSV cannot be loaded.;ac3e39fedd97faa8d125a2705442e569a63779328290faf4cc91e023ac544b8c;;MULTIPOLYGON (((-77.89584 7.2351, -77.74024 7.71886, -77.61332 7.53747, -77.33974 7.70723, -77.16901 7.93507, -77.42232 8.45641, -77.37352 8.66474, -77.47696 8.66991, -78.02457 9.22647, -78.56132 9.43804, -79.05806 9.45793, -79.53287 9.62434, -79.87487 9.34317, -80.72683 8.99722, -80.82242 8.89069, -81.30446 8.78188, -81.53905 8.81293, -81.77424 8.99746, -82.10538 8.93521, -82.24596 9.01415, -82.36897 9.41494, -82.5736 9.5762, -82.82902 9.60272, -82.94429 9.43715, -82.93938 9.05958, -82.71936 8.92152, -82.92297 8.75616, -82.87041 8.43812, -83.05325 8.3151, -82.87719 8.21906, -82.65892 8.32278, -82.22545 8.3395, -81.67736 8.06826, -81.52579 7.71145, -81.19518 7.63886, -81.08768 7.84231, -80.84813 7.21914, -80.44481 7.24588, -80.25906 7.42463, -79.99466 7.50344, -80.14379 7.75275, -80.45608 8.0362, -80.47024 8.22065, -80.22496 8.30105, -79.7744 8.57955, -79.7036 8.87018, -79.482 8.99836, -79.083 8.98884, -78.60375 8.66474, -78.44978 8.39102, -78.09854 8.47578, -78.43358 8.0458, -78.29214 7.69147, -77.89584 7.2351)), ((-81.74625 7.34886, -81.8828 7.51679, -81.73884 7.64427, -81.74625 7.34886)), ((-78.83551 8.398, -78.9699 8.3051, -78.97092 8.45845, -78.83551 8.398)), ((-81.08772 7.58161, -81.19074 7.49348, -81.22273 7.52106, -81.08772 7.58161)), ((-82.31481 8.24018, -82.39835 8.21821, -82.35001 8.29365, -82.31481 8.24018)), ((-82.32848 9.41205, -82.26643 9.43936, -82.24596 9.33006, -82.32848 9.41205)), ((-82.08528 9.30268, -82.15441 9.25837, -82.15656 9.34935, -82.08528 9.30268)), ((-79.06574 8.26076, -79.14 8.2444, -79.10037 8.3174, -79.06574 8.26076)), ((-82.24596 8.17129, -82.31566 8.21491, -82.22012 8.21206, -82.24596 8.17129)), ((-81.76671 7.28742, -81.80089 7.239, -81.81916 7.28872, -81.76671 7.28742)), ((-79.1301 8.40487, -79.11824 8.42911, -79.07887 8.39855, -79.1301 8.40487)), ((-82.36205 8.08686, -82.32071 8.13032, -82.31823 8.09992, -82.36205 8.08686)), ((-82.04724 9.17257, -82.00876 9.14769, -82.05008 9.14594, -82.04724 9.17257)), ((-81.56827 9.10825, -81.53449 9.08592, -81.57167 9.0896, -81.56827 9.10825)), ((-79.55383 8.80343, -79.54798 8.77403, -79.56915 8.78312, -79.55383 8.80343)))
104;104;Europe;Western Europe;france;France;"Muslims, Jewish people,
Roma";"Government,
Far-right parties";Watch;3,6;2;6;OK;current;2022-08-01;"France has a long history of using the concept of “laïcité” (secularism) to discriminate against religious minorities and force them to ""assimilate"" into society. Since the implementation of a law separating the church from the state in 1905, laïcité has been claimed to maintain a level of religious neutrality in French public life. However, it has been increasingly used to disproportionately repress Muslim culture and fuel stigma against the Muslim community.

In response to incidents of Islamist terrorism and pressure from the far-right, President Macron's government recently introduced an ""anti-separatism"" legislation to harden secularist policies. Additionally, France has a history of persecuting the Roma community. Since former president Nicolas Sarkozy deported thousands of Roma in 2009, widespread anti-Roma sentiment has remained a serious problem today.";Profile details checked;https://www.genocidewatch.com/country-pages/france;https://d0dbb2cb-698c-4513-aa47-eba3a335e06f.filesusr.com/ugd/1585f1_b27b2d938ffd441eb37808e439b17523.pdf;https://www.genocidewatch.com/country-pages/france;;;base_country;0;;MultiPolygon;EPSG:4326;Existing Ten Stages corrected GeoJSON;NAME=France;Topology-simplified embedded fallback used only when the live GitHub CSV cannot be loaded.;52dc61fcd424573a373105f751a16889c373b6b9c2b96475e2bc188c61180327;;MULTIPOLYGON (((6.34531 49.45535, 6.49452 49.43554, 6.70097 49.17287, 6.83346 49.20945, 7.26806 49.10563, 7.39105 49.17002, 7.64881 49.03572, 8.20031 48.95856, 7.81025 48.61502, 7.75196 48.35534, 7.57264 48.09497, 7.58603 47.58462, 7.37855 47.43065, 7.00978 47.49925, 7.0443 47.3405, 6.5987 46.98654, 6.4292 46.76082, 6.13185 46.59561, 6.1364 46.35934, 5.95884 46.13047, 6.2812 46.24007, 6.21412 46.31547, 6.48294 46.44859, 6.76267 46.42926, 6.85393 46.12261, 7.02208 45.92526, 6.8008 45.82645, 6.98281 45.51112, 7.16068 45.41092, 7.10838 45.2592, 6.60273 45.10345, 7.05516 44.68487, 6.84638 44.54746, 6.86612 44.37212, 7.38082 44.12294, 7.69191 44.08465, 7.50229 43.79222, 7.15162 43.65477, 7.13892 43.55402, 6.73115 43.40785, 6.6798 43.20155, 5.85661 43.04483, 5.63421 43.18723, 5.34698 43.2159, 5.17384 43.42829, 4.82028 43.34636, 4.51303 43.4558, 3.9393 43.53254, 3.38543 43.28392, 3.11402 43.10631, 3.03899 42.94278, 3.05185 42.55488, 2.46489 42.34062, 2.27741 42.42863, 2.05169 42.35235, 1.70701 42.50278, 1.72199 42.60986, 0.65632 42.83842, 0.64361 42.68448, -0.03893 42.68515, -0.32279 42.8425, -0.58293 42.79584, -0.75966 42.9465, -1.48784 43.08182, -1.4035 43.24333, -1.74736 43.291, -1.47688 43.58006, -1.18651 44.66547, -1.26037 44.62743, -1.13996 45.49006, -1.08528 45.56904, -0.76618 45.32608, -0.75304 45.42406, -1.1942 45.71019, -1.07335 45.90436, -1.11075 46.25922, -1.8048 46.50361, -2.11876 46.81997, -1.99258 47.05231, -2.55639 47.38325, -2.5017 47.52668, -2.81713 47.49921, -2.77538 47.6291, -3.07384 47.57648, -3.52831 47.77993, -3.93513 47.88788, -4.37182 47.8072, -4.43464 47.97565, -4.68371 48.06733, -4.28991 48.10822, -4.5432 48.30467, -4.35896 48.41112, -4.75499 48.34199, -4.77465 48.49128, -4.56363 48.62962, -3.97399 48.73281, -3.57055 48.68797, -3.51529 48.84195, -3.09146 48.87128, -2.68236 48.50902, -2.31607 48.69855, -2.21369 48.58185, -1.84374 48.71214, -1.83821 48.62377, -1.3723 48.66059, -1.55362 48.74714, -1.60265 49.22541, -1.81957 49.3968, -1.93521 49.72411, -1.59732 49.65229, -1.39127 49.71271, -1.18529 49.43037, -0.41112 49.34276, -0.21947 49.2801, 0.41131 49.45205, 0.10442 49.4936, 0.23585 49.72932, 0.67482 49.8758, 1.17262 49.961, 1.55535 50.21772, 1.58058 50.8688, 1.97348 51.00715, 2.5218 51.08754, 2.58995 50.84201, 2.78673 50.72336, 3.1462 50.76889, 3.27105 50.52694, 3.64436 50.4455, 3.66172 50.31931, 4.02273 50.33812, 4.2037 50.25197, 4.13962 49.97452, 4.43511 49.93225, 4.87188 50.13978, 4.78827 49.97426, 4.95001 49.79639, 5.47773 49.49522, 5.7571 49.5484, 5.9607 49.44132, 6.34531 49.45535), (1.9995 42.4439, 1.96797 42.4857, 1.96063 42.44372, 1.9995 42.4439)), ((-54.61529 2.32627, -54.35944 2.50801, -54.16343 2.96974, -54.21118 3.12741, -54.00303 3.4554, -54.05011 3.63453, -54.34435 4.02495, -54.45081 4.48422, -54.48212 4.9128, -54.26916 5.26909, -54.10668 5.38117, -53.94435 5.74464, -53.51732 5.58077, -52.99458 5.45762, -51.99633 4.65229, -51.79308 4.60114, -51.65071 4.19001, -51.68322 4.03937, -51.98842 3.70456, -52.70771 2.35893, -52.95968 2.17522, -53.3441 2.34963, -53.53179 2.24705, -53.8309 2.31014, -54.13491 2.11067, -54.61529 2.32627)), ((8.54949 42.24225, 8.71632 42.562, 9.10711 42.7259, 9.29217 42.67475, 9.42237 43.0174, 9.45655 42.60643, 9.53224 42.54438, 9.55274 42.11302, 9.40317 41.95295, 9.40162 41.70645, 9.22316 41.3725, 8.79176 41.56122, 8.9227 41.69465, 8.69557 41.72944, 8.74342 42.04413, 8.54949 42.24225)), ((55.8545 -21.157, 55.82081 -21.32497, 55.55445 -21.36354, 55.3545 -21.27459, 55.22543 -21.04827, 55.28745 -20.91172, 55.57838 -20.87477, 55.8545 -21.157)), ((-60.81041 14.46198, -61.06957 14.4667, -61.17097 14.87637, -61.00227 14.81143, -60.81041 14.46198)), ((-61.54918 16.28059, -61.69494 15.94916, -61.77082 16.34882, -61.54918 16.28059)), ((-61.4593 16.51179, -61.18838 16.26382, -61.5441 16.24567, -61.4593 16.51179)), ((45.21762 -12.73406, 45.13185 -12.88738, 45.04249 -12.69842, 45.21762 -12.73406)), ((-1.20922 45.81415, -1.40494 46.05317, -1.23363 45.99169, -1.20922 45.81415)), ((-61.19774 15.91059, -61.30508 15.87849, -61.2683 16.00926, -61.19774 15.91059)), ((-3.06701 47.30195, -3.24096 47.32062, -3.24962 47.39521, -3.06701 47.30195)), ((-1.33609 46.16722, -1.49055 46.22443, -1.30809 46.20694, -1.33609 46.16722)), ((-2.14485 46.95746, -2.2473 46.9643, -2.29564 47.03319, -2.14485 46.95746)), ((-60.98925 16.34638, -61.06859 16.30223, -61.03913 16.34447, -60.98925 16.34638)), ((-2.29137 46.7036, -2.37141 46.70429, -2.37515 46.73163, -2.29137 46.7036)), ((-5.08796 48.44721, -5.1328 48.46516, -5.069 48.48505, -5.08796 48.44721)), ((6.25221 43.00263, 6.20248 42.98713, 6.17514 43.00898, 6.25221 43.00263)), ((45.26222 -12.76336, 45.28256 -12.74342, 45.27573 -12.80486, 45.26222 -12.76336)), ((-61.62466 15.87124, -61.61608 15.86005, -61.63834 15.85322, -61.62466 15.87124)), ((-61.56501 15.87442, -61.59569 15.86286, -61.57995 15.8808, -61.56501 15.87442)), ((9.45655 42.64741, 9.48211 42.6201, 9.47682 42.61909, 9.45655 42.64741)))
105;105;Europe;Western Europe;germany;Germany;Jewish people, Immigrants;Alt-right Political Parties, Neo-Nazis;Watch;6;1;6;OK;current;2023-01-01;Germany’s history of genocide spans back to the colonial rule of German Southwest Africa. An estimated 6 million Jews and 11 million individuals of other targeted groups (Soviets, Poles, Roma and Sinti, asocials, homosexuals, disabled people, and Jehovah’s Witnesses) were killed in the Holocaust. However, neo-Nazi activity and white supremacy still plague Germany.;Profile details checked;https://www.genocidewatch.com/country-pages/germany;https://d0dbb2cb-698c-4513-aa47-eba3a335e06f.filesusr.com/ugd/1585f1_e9112b3d43944dfdbbfa02188aef94b3.pdf;https://www.genocidewatch.com/country-pages/germany;;;base_country;0;;MultiPolygon;EPSG:4326;Existing Ten Stages corrected GeoJSON;NAME=Germany;Topology-simplified embedded fallback used only when the live GitHub CSV cannot be loaded.;886e18c0d98215ea6acf25584487b74547a483acdd5e64f1eacd70530db4f8fa;;MULTIPOLYGON (((7.58603 47.58462, 7.57264 48.09497, 7.75196 48.35534, 7.81025 48.61502, 8.20031 48.95856, 7.64881 49.03572, 7.39105 49.17002, 7.26806 49.10563, 6.83346 49.20945, 6.70097 49.17287, 6.49452 49.43554, 6.34531 49.45535, 6.5001 49.79448, 6.2227 49.88714, 6.0964 50.04863, 6.14684 50.21404, 6.37453 50.31548, 6.3369 50.481, 5.973 50.78181, 6.06374 50.90754, 5.91957 51.0297, 6.14725 51.15225, 6.20782 51.38767, 5.92804 51.80674, 6.127 51.89673, 6.38248 51.82759, 6.81073 51.96058, 6.67502 52.03481, 7.02632 52.23064, 6.9733 52.45137, 6.69507 52.47561, 6.77052 52.64103, 7.03666 52.64738, 7.18362 52.96612, 7.19459 53.24502, 7.30291 53.33275, 7.02361 53.37641, 7.22608 53.66649, 7.95143 53.72191, 8.16798 53.55321, 8.4839 53.45734, 8.57325 53.85765, 9.00782 53.89248, 8.83334 54.03644, 8.83961 54.25556, 8.62916 54.38768, 9.01157 54.50633, 8.68873 54.7353, 8.66078 54.89631, 9.45143 54.81037, 9.57993 54.86628, 10.03354 54.67292, 10.02003 54.54584, 10.77711 54.31513, 11.0774 54.34223, 11.06658 54.18391, 10.75261 54.04389, 10.88738 53.96393, 11.17506 54.01801, 11.45769 53.90615, 11.65789 54.14224, 12.05063 54.17992, 12.34213 54.30394, 12.50196 54.47358, 12.86476 54.35956, 13.03419 54.43366, 13.11492 54.28002, 13.4651 54.09846, 13.69825 54.15314, 13.81707 53.85293, 14.2639 53.69998, 14.40938 53.27243, 14.34334 53.04862, 14.12392 52.85065, 14.64482 52.57692, 14.53981 52.42187, 14.7614 52.07667, 14.58581 51.80389, 14.73215 51.51582, 14.94506 51.44919, 15.02206 51.23677, 14.81039 50.85845, 14.6132 50.84558, 14.49351 51.01671, 14.28753 51.03683, 14.34655 50.8802, 13.60194 50.71215, 13.44794 50.59727, 12.51022 50.38876, 12.28336 50.16221, 12.07614 50.31517, 12.24688 50.04496, 12.52407 49.90497, 12.38362 49.74286, 12.79775 49.32784, 12.99981 49.29493, 13.48226 48.93763, 13.81572 48.76643, 13.71651 48.52169, 13.5207 48.58458, 13.40557 48.37658, 12.74504 48.12063, 12.99123 47.84711, 13.03732 47.49305, 12.76199 47.66686, 12.49658 47.6289, 12.1766 47.70582, 12.16564 47.60397, 11.62046 47.58965, 11.25883 47.40073, 10.97946 47.39055, 10.79033 47.51607, 10.41423 47.57301, 10.30591 47.30218, 9.75267 47.58206, 9.54989 47.53353, 9.27321 47.65009, 8.90621 47.6518, 8.60162 47.7946, 8.44887 47.58428, 7.58603 47.58462)), ((13.76645 54.34492, 13.26791 54.2565, 13.16635 54.54938, 13.57545 54.47187, 13.76645 54.34492)), ((14.21005 53.93846, 14.20082 53.87816, 13.87525 53.84406, 13.94606 54.0666, 14.21005 53.93846)), ((11.31422 54.4138, 11.00571 54.46845, 11.12127 54.53596, 11.31422 54.4138)), ((8.3545 54.91275, 8.28858 54.8913, 8.37371 55.03498, 8.3545 54.91275)), ((8.56577 54.68757, 8.39454 54.71483, 8.46412 54.75479, 8.56577 54.68757)), ((8.96315 54.52367, 8.91131 54.47549, 8.84449 54.51972, 8.96315 54.52367)), ((11.37566 53.98184, 11.46803 54.03095, 11.46827 53.97069, 11.37566 53.98184)), ((8.6989 54.55858, 8.66977 54.5019, 8.60206 54.52977, 8.6989 54.55858)), ((8.38233 54.63915, 8.29151 54.66706, 8.32049 54.69872, 8.38233 54.63915)), ((6.79811 53.60444, 6.67709 53.57563, 6.65952 53.59911, 6.79811 53.60444)), ((7.13315 53.70808, 7.23292 53.72944, 7.29575 53.711, 7.13315 53.70808)), ((7.60662 53.7626, 7.51393 53.74551, 7.48699 53.76142, 7.60662 53.7626)), ((13.10255 54.52993, 13.06422 54.50511, 13.10963 54.60309, 13.10255 54.52993)), ((7.72828 53.78657, 7.81284 53.78315, 7.74822 53.76093, 7.72828 53.78657)), ((6.87379 53.67276, 7.04705 53.69416, 7.08546 53.687, 6.87379 53.67276)), ((11.53395 54.08487, 11.6019 54.10415, 11.53395 54.05695, 11.53395 54.08487)), ((8.13266 53.73404, 8.19597 53.72797, 8.15089 53.7143, 8.13266 53.73404)), ((7.8589 53.79092, 7.89763 53.79629, 7.95558 53.7829, 7.8589 53.79092)), ((7.40349 53.73672, 7.42123 53.72114, 7.3812 53.7285, 7.40349 53.73672)), ((7.89918 54.17817, 7.87989 54.19392, 7.89454 54.19465, 7.89918 54.17817)), ((7.91236 54.19229, 7.92986 54.1953, 7.91765 54.187, 7.91236 54.19229)))
106;106;Europe;Western Europe;united-kingdom;United Kingdom;Muslims, asylum seekers, refugees, immigration-related institutions;Far-right nationalist groups, online extremist agitators;Watch;1,2,4,5,6,7;6;7;OK;current;2024-08-01;"Since 2010, the U.K. has become increasingly hostile to minorities, with the government and far-right parties demonizing refugees, immigrants, and the Gypsy, Roma and Traveller (GRT) community. GRT people face high levels of normalized racism and discrimination. The government has now passed a law that not only cracks down on protests but also criminalizes aspects of many GRT people's nomadic identity and way of life.

Additionally, the government has made multiple attacks on the rights and safety of refugees, including by signing a deal with Rwanda to offshore asylum processes for refugees considered ""illegal."" In the 2010s, the policy to create a ""hostile environment"" for ""illegal"" immigration caused damage for many people originally from the Caribbean in the Windrush Scandal. The U.K. has also seen high levels of transphobia in the media and political discourses, making life less safe for trans people.

Meanwhile, Northern Ireland's peace process and recovery from ""The Troubles"" has been threatened by the U.K.'s exit from the European Union.";Profile details checked;https://www.genocidewatch.com/country-pages/united-kingdom;;https://www.genocidewatch.com/country-pages/united-kingdom;;;base_country;0;;MultiPolygon;EPSG:4326;Existing Ten Stages corrected GeoJSON;NAME=United Kingdom;Topology-simplified embedded fallback used only when the live GitHub CSV cannot be loaded.;f70923ade74dc13c6d0191447c95158047d3fee24db01fb6ce77604e79d66a0f;;MULTIPOLYGON (((-2.69376 51.59618, -2.97468 51.56297, -3.1848 51.39761, -3.53917 51.3985, -3.85489 51.62385, -4.28991 51.55557, -4.39297 51.76374, -4.94103 51.5965, -5.28893 51.91694, -4.83226 52.01899, -4.19713 52.27928, -4.05313 52.54243, -4.10049 52.91413, -4.76285 52.7895, -4.35823 53.02847, -4.15152 53.22809, -3.18521 53.37726, -2.89904 53.73542, -3.01757 53.93195, -2.79597 54.12519, -3.02448 54.22158, -3.24096 54.11213, -3.63419 54.51288, -3.38793 54.88337, -3.21361 54.95441, -3.57055 54.99543, -3.59838 54.878, -3.96418 54.77192, -4.4029 54.90729, -4.3719 54.68228, -4.85912 54.86628, -4.85912 54.63296, -5.12824 54.84894, -5.0078 55.14118, -4.61779 55.49559, -4.92052 55.70856, -4.7858 55.95698, -4.85167 56.11262, -4.98314 55.87104, -5.17154 55.93553, -5.33483 55.89667, -5.4901 55.6446, -5.51496 55.37368, -5.78287 55.31354, -5.61262 55.76386, -5.69644 55.98216, -5.50963 56.18838, -5.59805 56.25861, -5.26846 56.71308, -5.66739 56.49848, -6.00341 56.61872, -5.59944 57.27924, -5.80777 57.35493, -5.83918 57.57929, -5.65355 57.53156, -5.80736 57.84394, -5.3662 57.94306, -5.09716 57.87092, -5.44701 58.08438, -5.39289 58.2447, -5.17321 58.35395, -4.98819 58.62832, -4.66002 58.55585, -3.81013 58.57307, -3.41291 58.65559, -3.01911 58.64033, -3.22053 58.30557, -4.07763 57.94306, -4.03991 57.81818, -3.79003 57.83072, -4.24893 57.49746, -3.59097 57.64142, -3.49185 57.71312, -3.07868 57.66942, -1.93248 57.68236, -1.75935 57.47358, -1.9803 57.31928, -2.21988 56.87263, -2.53002 56.58076, -2.885 56.45799, -2.57681 56.28392, -2.96434 56.20563, -3.17837 56.05809, -3.71264 56.029, -3.09073 55.94819, -2.80281 56.06485, -2.14684 55.9173, -1.81648 55.63288, -1.63085 55.58511, -1.52212 55.16747, -1.29678 54.77993, -1.10363 54.62466, -0.56298 54.47736, -0.39757 54.26919, -0.07551 54.11213, -0.21947 54.02277, 0.13347 53.64265, -0.18863 53.62043, 0.15187 53.47582, 0.34213 53.2263, 0.32984 53.08649, 0.01026 52.88646, 0.37924 52.79084, 0.56959 52.96931, 1.27467 52.92919, 1.64422 52.77582, 1.77117 52.48591, 1.58229 52.08149, 0.97706 51.82461, 0.8733 51.55948, 0.45607 51.50556, 0.76441 51.36441, 0.97722 51.34919, 1.42384 51.39208, 1.35719 51.13101, 1.0276 51.04165, 0.27101 50.74738, -0.17317 50.82901, -0.81281 50.73477, -0.91902 50.83617, -1.1647 50.84365, -1.94001 50.69082, -1.98371 50.59663, -2.46565 50.58515, -2.86482 50.73379, -3.42097 50.62946, -3.64562 50.22602, -4.16552 50.37637, -4.75211 50.33031, -5.05297 50.19579, -5.19115 49.95913, -5.43798 50.19432, -4.79247 50.5952, -4.55012 50.80956, -4.52644 51.01496, -4.33772 50.99665, -4.15233 51.21162, -3.76915 51.24771, -3.02184 51.19245, -3.01061 51.31098, -2.69376 51.59618)), ((-7.0172 55.07111, -6.96255 55.19465, -6.47594 55.24868, -6.10098 55.21239, -5.72932 54.7285, -5.53661 54.65746, -5.70885 54.35175, -6.04052 54.03644, -6.35483 54.11065, -6.61646 54.03727, -7.04925 54.41151, -7.31032 54.11468, -7.83696 54.20434, -8.17384 54.46174, -7.75355 54.6145, -7.8459 54.73103, -7.54307 54.74167, -7.35502 55.04093, -7.0172 55.07111)), ((-6.98078 57.73505, -7.10188 57.81147, -6.8391 57.93561, -7.11278 57.99022, -7.03087 58.2447, -6.88752 58.1684, -6.70938 58.18944, -6.81859 58.2851, -6.2674 58.51203, -6.16747 58.3465, -6.40026 58.20995, -6.35245 58.03864, -6.98078 57.73505)), ((-6.78384 57.45645, -6.38695 57.51728, -6.3109 57.70283, -6.15388 57.58954, -6.09923 57.33234, -5.90062 57.24291, -5.64737 57.26463, -6.00674 57.02839, -6.02351 57.19575, -6.31835 57.16104, -6.78384 57.45645)), ((-1.07274 60.44453, -1.1647 60.06025, -1.65738 60.30622, -1.07274 60.44453)), ((-5.65762 56.40009, -6.3275 56.27725, -6.12743 56.47435, -6.32518 56.60611, -6.05826 56.6402, -5.65762 56.40009)), ((-4.04288 53.3028, -4.34386 53.13207, -4.57103 53.39277, -4.27672 53.40103, -4.04288 53.3028)), ((-6.02351 55.68187, -6.24323 55.66014, -6.45279 55.84089, -6.14013 55.94135, -6.02351 55.68187)), ((-2.70653 58.93244, -3.20279 58.91592, -3.3238 59.12743, -3.08454 59.128, -2.70653 58.93244)), ((-5.07824 55.45531, -5.34569 55.48265, -5.35521 55.6896, -5.15998 55.67621, -5.07824 55.45531)), ((-1.06233 50.69282, -1.31554 50.58918, -1.49743 50.67231, -1.29577 50.77318, -1.06233 50.69282)), ((-5.74649 56.14175, -5.96207 55.80475, -6.07518 55.91596, -5.74649 56.14175)), ((-7.21589 57.64142, -7.15754 57.51105, -7.54483 57.59296, -7.21589 57.64142)), ((-7.20035 57.29096, -7.35302 57.09955, -7.42813 57.3876, -7.20035 57.29096)), ((-1.03173 60.50068, -1.17138 60.64598, -0.99348 60.73115, -1.03173 60.50068)), ((-3.29931 58.77912, -3.34935 58.92853, -3.17272 58.82005, -3.29931 58.77912)), ((-0.96618 60.69017, -0.8815 60.84504, -0.76073 60.80012, -0.96618 60.69017)), ((-5.0288 55.72333, -5.19953 55.91108, -5.08092 55.87958, -5.0288 55.72333)), ((-6.25097 57.02656, -6.30362 56.944, -6.45547 57.00397, -6.25097 57.02656)), ((0.93247 51.39769, 0.79477 51.37055, 0.76694 51.44794, 0.93247 51.39769)), ((-6.74185 56.54784, -6.9652 56.45987, -6.9899 56.50365, -6.74185 56.54784)), ((-7.20214 57.46263, -7.29206 57.40473, -7.36962 57.48933, -7.20214 57.46263)), ((-6.61632 56.57518, -6.70189 56.58564, -6.45254 56.68842, -6.61632 56.57518)), ((-7.38199 56.98753, -7.55675 56.95307, -7.4571 57.03156, -7.38199 56.98753)), ((-6.07714 57.37177, -6.0371 57.48994, -5.98949 57.34732, -6.07714 57.37177)), ((-2.4464 59.29304, -2.51476 59.23041, -2.57681 59.27131, -2.4464 59.29304)), ((-3.07706 59.33405, -2.8955 59.30296, -2.98965 59.26708, -3.07706 59.33405)), ((-2.88366 58.83218, -2.93993 58.7307, -3.03555 58.82632, -2.88366 58.83218)), ((-3.06558 59.13361, -3.10241 59.19025, -2.95295 59.18317, -3.06558 59.13361)), ((-0.75837 60.60757, -0.88353 60.57054, -0.93883 60.62873, -0.75837 60.60757)), ((-6.13801 56.1247, -6.17431 56.04377, -6.23266 56.08161, -6.13801 56.1247)), ((-4.5819 53.24201, -4.69396 53.30964, -4.62629 53.32087, -4.5819 53.24201)), ((-2.51476 59.09382, -2.59732 59.07331, -2.66552 59.15522, -2.51476 59.09382)), ((-2.83007 59.19684, -2.72765 59.22419, -2.78136 59.14142, -2.83007 59.19684)), ((-1.05053 60.16962, -1.0738 60.10773, -1.13492 60.1787, -1.05053 60.16962)), ((-0.9112 60.38231, -0.97598 60.34032, -1.00642 60.36896, -0.9112 60.38231)), ((-6.85961 58.21678, -6.88622 58.24763, -6.79125 58.20995, -6.85961 58.21678)), ((-5.95861 57.28449, -6.01391 57.31745, -5.95572 57.3216, -5.95861 57.28449)), ((-0.93883 50.78095, -1.02074 50.7884, -0.97256 50.82978, -0.93883 50.78095)), ((-6.16002 56.46955, -6.26366 56.48322, -6.21532 56.50365, -6.16002 56.46955)), ((-5.61059 56.24942, -5.63744 56.18928, -5.66666 56.22248, -5.61059 56.24942)), ((-5.58462 56.32559, -5.62169 56.27607, -5.64672 56.29877, -5.58462 56.32559)), ((-6.2364 55.31135, -6.17431 55.3039, -6.28356 55.29706, -6.2364 55.31135)), ((-1.3048 60.08657, -1.35387 60.05121, -1.34569 60.10895, -1.3048 60.08657)), ((-7.04459 57.90209, -7.01553 57.92194, -7.00919 57.88959, -7.04459 57.90209)), ((-6.60635 57.05174, -6.53746 57.07282, -6.48965 57.05858, -6.60635 57.05174)), ((-2.05321 60.1555, -2.06298 60.11799, -2.11229 60.13801, -2.05321 60.1555)), ((-5.6883 56.20205, -5.67365 56.17894, -5.74913 56.16108, -5.6883 56.20205)), ((-1.64367 59.54564, -1.58312 59.55996, -1.6455 59.51411, -1.64367 59.54564)), ((-5.55797 56.41429, -5.50276 56.42113, -5.5362 56.39224, -5.55797 56.41429)), ((-5.96825 57.51789, -5.98253 57.56631, -5.95519 57.5725, -5.96825 57.51789)), ((-7.22265 57.70966, -7.18017 57.73469, -7.15201 57.7263, -7.22265 57.70966)), ((-8.621 57.8332, -8.55224 57.81892, -8.59089 57.80475, -8.621 57.8332)), ((-6.29882 49.93549, -6.28417 49.92276, -6.30915 49.91364, -6.29882 49.93549)), ((-4.66348 51.16486, -4.67854 51.16706, -4.67121 51.19505, -4.66348 51.16486)), ((-6.32803 49.95661, -6.34122 49.94477, -6.34895 49.96434, -6.32803 49.95661)), ((-13.69131 57.5965, -13.68859 57.59781, -13.68859 57.59626, -13.69131 57.5965)))
107;107;Europe;Central Europe;hungary;Hungary;"Roma

Jews

Muslims

LGBTQIA+ Individuals";"Orban government, Fidesz party, and other government actors

Ethnic Hungarians";Watch;1,3;2;3;OK;current;2026-07-01;"The Orban government has threatened the civil rights of marginalized groups, such as the Roma, Jewish, Muslim, and LGBTQIA+ populations, curtails press freedom to prevent scrutiny of the government, and fosters a climate of hatred. Roma people face systemic racism, popular prejudice, open harassment, and violent assault by ethnic Hungarians. Orban’s government has enacted laws limiting the rights of LGBTQIA+ Hungarians, including banning LGBTQIA+ content in schools.

Orban's government also damaged Hungary's rule of law by removing the power of Justices to conduct judicial review and creating a constitution that allowed for parliament to change the constitution by a 2/3 majority. This allowed for Prime Minister Orban and his Fidesz party to consolidate power beyond democratic norms. With a change in government, there is room for improvement, but it is yet to be seen to what extent Hungary's new government will address the country's systemic problems.";Profile details checked;https://www.genocidewatch.com/country-pages/hungary;https://d0dbb2cb-698c-4513-aa47-eba3a335e06f.filesusr.com/ugd/55b26a_dbd3798fe6c94d14bf13e9225316bb67.pdf;https://www.genocidewatch.com/country-pages/hungary;;;base_country;0;;Polygon;EPSG:4326;Existing Ten Stages corrected GeoJSON;NAME=Hungary;Topology-simplified embedded fallback used only when the live GitHub CSV cannot be loaded.;d9b516e1d5de5c7f5118d34f311e997ca18b802f45fcc9e6c0f16d402530cf54;;POLYGON ((22.8776 47.94674, 22.74583 47.82499, 22.26172 47.71585, 21.98887 47.49294, 21.77048 47.11402, 21.63282 47.02269, 21.50518 46.72325, 21.31625 46.61664, 21.13486 46.27852, 20.83969 46.27108, 20.60756 46.12949, 20.24283 46.10809, 19.54995 46.16416, 19.26345 45.98143, 18.90131 45.9312, 18.67434 45.91038, 18.41172 45.7432, 17.87005 45.77349, 17.5911 45.93622, 17.34533 45.9557, 16.86546 46.35914, 16.5153 46.50171, 16.27201 46.86396, 16.2749 47.00432, 16.48636 46.99855, 16.42497 47.35112, 16.64088 47.45292, 16.60977 47.75063, 17.07537 47.70848, 17.00406 47.86328, 17.18482 48.02027, 17.82571 47.75001, 18.23592 47.75388, 18.81645 47.83256, 18.83847 48.04001, 19.48174 48.11133, 19.62323 48.22701, 19.88429 48.12962, 20.32427 48.27995, 20.48167 48.52608, 20.78408 48.56905, 21.10934 48.48911, 21.42456 48.56127, 21.7277 48.3409, 22.13284 48.4048, 22.8776 47.94674))
108;108;Europe;Central Europe;poland;Poland;LGBTQ+ individuals, women, Jewish people (Holocaust historians and communities);Polish government under Law and Justice Party (PiS), President Andrzej Duda;Watch;3,4,6,10;4;10;OK;current;2021-10-01;Since 2015, the Polish government has consistently sponsored discriminatory legislation against gender minorities. The governing Law and Justice Party espouses a nationalist, xenophobic, homophobic political ideology. The government also perpetuates distortion and denial of Polish collaboration with the Holocaust.;Profile details checked;https://www.genocidewatch.com/country-pages/poland;https://www.genocidewatch.com/_files/ugd/1585f1_b47429836b554ad5b82f99b84015c754.pdf;https://www.genocidewatch.com/country-pages/poland;;;base_country;0;;Polygon;EPSG:4326;Existing Ten Stages corrected GeoJSON;NAME=Poland;Topology-simplified embedded fallback used only when the live GitHub CSV cannot be loaded.;74d8a8117c6f07774bcf05abbf28e9a7532075e454d5ef49694aa602f6855cd6;;POLYGON ((14.81039 50.85845, 15.02206 51.23677, 14.94506 51.44919, 14.73215 51.51582, 14.58581 51.80389, 14.7614 52.07667, 14.53981 52.42187, 14.64482 52.57692, 14.12392 52.85065, 14.34334 53.04862, 14.40938 53.27243, 14.2639 53.69998, 14.51238 53.66645, 14.63063 53.85151, 14.20082 53.87816, 14.21005 53.93846, 16.13771 54.29027, 16.56959 54.5572, 16.93995 54.60602, 17.33741 54.74901, 18.31691 54.83832, 18.58806 54.43366, 19.00213 54.34492, 19.60955 54.45673, 19.68028 54.43668, 22.69839 54.34294, 22.76722 54.35627, 22.85889 54.39921, 23.4325 54.1693, 23.48563 53.93929, 23.59094 53.61125, 23.89366 53.15195, 23.86896 52.67004, 23.3923 52.50964, 23.16564 52.28939, 23.63745 52.08447, 23.56035 51.75454, 23.60624 51.5174, 23.63404 51.3393, 24.13086 50.83907, 23.96994 50.82517, 24.10771 50.54084, 23.98131 50.40478, 23.74752 50.38938, 23.10146 49.95711, 22.64092 49.52876, 22.70572 49.16883, 22.85528 48.99401, 22.53964 49.0722, 22.01243 49.21105, 21.81958 49.37725, 21.26054 49.44944, 20.94242 49.29586, 20.68952 49.4005, 20.30742 49.3866, 20.05049 49.17323, 19.74777 49.20589, 19.44339 49.60178, 19.1725 49.40226, 18.96228 49.38918, 18.55921 49.90719, 18.03748 50.00723, 17.83936 49.97364, 17.17593 50.38075, 16.86577 50.4224, 16.96034 50.23197, 16.70123 50.09493, 16.19015 50.42416, 16.3826 50.51418, 16.33164 50.64404, 16.08649 50.64678, 15.44178 50.80021, 15.2698 50.95265, 14.96098 50.99265, 14.81039 50.85845))
109;109;Europe;Southeast Europe;albania;Albania;Romani community (current), victims of the Hoxha regime (historical);Hoxha regime (historical), systemic discrimination by state and society (current);Watch;3,10;2;10;OK;current;2022-12-01;;No details found;https://www.genocidewatch.com/single-post/country-report-albania;https://download-files.wixmp.com/ugd/09ea84_1951e9fd6ad649aba797a76d045b62fb.pdf?token=eyJhbGciOiJIUzI1NiIsInR5cCI6IkpXVCJ9.eyJvYmoiOltbeyJwYXRoIjoiL3VnZC8wOWVhODRfMTk1MWU5ZmQ2YWQ2NDlhYmE3OTdhNzZkMDQ1YjYyZmIucGRmIn1dXSwiZGlzIjp7ImZpbGVuYW1lIjoiQWxiYW5pYSBDb3VudHJ5IFJlcG9ydCBEZWNlbWJlciAyMDIyLnBkZiIsInR5cGUiOiJhdHRhY2htZW50In0sImF1ZCI6WyJ1cm46c2VydmljZTpmaWxlLmRvd25sb2FkIl0sImV4cCI6MTc4NTk5MzkxNCwianRpIjoiNzI4MmEyODYtMTI0NS00MjhjLWFhYjktOTgzNDk2ZTdmNjI1IiwiaWF0IjoxNzg1OTU3OTE0LCJpc3MiOiJ1cm46YXBwOmU2NjYzMGU3MTRmMDQ5MGFhZWExZjE0OWIzYjY5ZTMyIiwic3ViIjoidXJuOmFwcDplNjY2MzBlNzE0ZjA0OTBhYWVhMWYxNDliM2I2OWUzMiJ9.B3tGC_MFsARNjzmukCM3TjqrlqDQyNxOT6du8TneJvA;;;;base_country;0;;Polygon;EPSG:4326;Existing Ten Stages corrected GeoJSON;NAME=Albania;Topology-simplified embedded fallback used only when the live GitHub CSV cannot be loaded.;615b3c35f71696443cfe4d9164236b0997a359e0a37f55501cd13f334b6c0877;;POLYGON ((20.96526 40.84939, 21.03668 40.63974, 20.82667 40.46482, 20.64022 40.09011, 20.31001 39.98986, 20.393 39.83545, 20.16376 39.6443, 20.01607 39.7014, 19.99985 39.69351, 19.85524 40.04987, 19.47625 40.21369, 19.47877 40.45392, 19.30983 40.64435, 19.5066 40.9051, 19.39601 41.40204, 19.5652 41.58511, 19.58522 41.81855, 19.36508 41.85236, 19.27203 42.18068, 19.69929 42.65481, 19.8196 42.46648, 20.03922 42.55777, 20.2296 42.32672, 20.50079 42.21122, 20.59929 41.94788, 20.44416 41.54966, 20.57697 41.09351, 20.7661 40.89373, 20.96526 40.84939))
110;110;Europe;Southeast Europe;bosnia-and-herz;Bosnia and Herz.;Bosniaks;Republika Srpska, Bosnian Serb and Serb leaders;Warning;1,3,4,5,6,7,10;7;10;OK;current;2025-05-01;Genocide deniers from Republika Srpska and Serbia practice historical revisionism by minimizing the number of victims, accusing the ICTY and U.N. of bias against Serbs, and glorifying war criminals. Denial of the genocide by Bosnian Serb and Serbian politicians has stoked the flames of nationalist rhetoric and obstructed reconciliation in Bosnia-Herzegovina. Bosnian Serb leader Dodik must be removed by the authority overseeing enforcement of the Dayton Accord.;Profile details checked;https://www.genocidewatch.com/country-pages/bosnia-herzegovina;https://d0dbb2cb-698c-4513-aa47-eba3a335e06f.filesusr.com/ugd/82af05_14426f575a9b41929b2c818faa1ef38b.pdf;https://www.genocidewatch.com/country-pages/bosnia-herzegovina;;;base_country;0;;Polygon;EPSG:4326;Existing Ten Stages corrected GeoJSON;NAME=Bosnia and Herz.;Topology-simplified embedded fallback used only when the live GitHub CSV cannot be loaded.;f7b54bbaa954770d95ded1df327aa64d9f4388b5bec6c224ba52771936697b45;;POLYGON ((19.01582 44.86563, 19.36867 44.88713, 19.12992 44.51832, 19.17715 44.28696, 19.61888 44.03571, 19.22935 43.95768, 19.46169 43.76214, 19.48174 43.56083, 19.19534 43.5328, 18.90565 43.49063, 18.89914 43.3519, 18.67951 43.24948, 18.639 43.02024, 18.45275 42.9934, 18.5496 42.63892, 18.38526 42.56652, 17.65333 42.89094, 17.2395 43.47841, 17.08457 43.51324, 16.21578 44.20816, 16.11646 44.52147, 15.77343 44.84502, 15.78005 45.16029, 15.9975 45.21853, 16.34064 45.00594, 16.48192 45.19952, 16.78629 45.17885, 16.92437 45.28452, 17.83574 45.06443, 18.23788 45.15745, 18.68902 45.08025, 19.01582 44.86563))
111;111;Europe;Southeast Europe;bulgaria;Bulgaria;Roma;"Bulgarian public

Bulgarian police

Bulgarian healthcare professionals";Watch;3;1;3;OK;current;30.02.2021;In Bulgaria, many Roma live in segregated communities, with limited accesss to healthcare, education, and employment opportunities. Targeted lockdowns during the COVID-19 pandemic worsened anti-Roma discrimination. Isolatd from the rest of Bulgaria and blamed for the virus, these communities struggle to access clean water, electricity, and food.;Profile details checked;https://www.genocidewatch.com/de/copy-of-country-pages/bulgaria;;https://www.genocidewatch.com/de/copy-of-country-pages/bulgaria;;;base_country;0;;Polygon;EPSG:4326;Natural Earth v5.1.1 — ne_50m_admin_0_countries;NAME=Bulgaria;Topology-simplified embedded fallback used only when the live GitHub CSV cannot be loaded.;29db74a146cdb6be6c002b6d3ca7ee6b26047d2ecd712aad01a0f73237b69f59;latest_report_date is not ISO or is invalid in source: 30.02.2021;POLYGON ((28.014453 41.969043, 27.661133 41.961328, 27.534863 41.920801, 27.474805 41.946875, 27.294922 42.079541, 26.579688 41.947949, 26.320898 41.716553, 26.200586 41.743799, 26.076953 41.640186, 26.11123 41.608203, 26.143555 41.521533, 26.155176 41.434863, 26.066406 41.350684, 25.92334 41.311914, 25.784961 41.33042, 25.723926 41.315039, 25.527051 41.299805, 25.251172 41.243555, 25.133398 41.315771, 24.993555 41.36499, 24.846875 41.394238, 24.77373 41.356104, 24.595996 41.442725, 24.569336 41.467383, 24.518262 41.552539, 24.487891 41.555225, 24.386719 41.523535, 24.230371 41.530811, 24.056055 41.527246, 24.03291 41.469092, 23.973535 41.452295, 23.880859 41.455957, 23.762305 41.412988, 23.635156 41.386768, 23.239844 41.384961, 23.155957 41.32207, 22.916016 41.336279, 23.005664 41.716943, 22.836816 41.993604, 22.344043 42.313965, 22.42207 42.328857, 22.523535 42.440967, 22.524219 42.503906, 22.47207 42.543311, 22.43623 42.629102, 22.463281 42.709473, 22.466797 42.84248, 22.558105 42.878467, 22.706152 42.883936, 22.799902 42.985742, 22.942285 43.09707, 22.976855 43.187988, 22.85957 43.252344, 22.767578 43.35415, 22.55459 43.454492, 22.499121 43.518848, 22.474121 43.602246, 22.369629 43.781299, 22.36543 43.862109, 22.399023 43.969531, 22.469043 44.018018, 22.597461 44.075293, 22.603418 44.148584, 22.626563 44.194092, 22.705078 44.237793, 23.028516 44.077979, 22.985352 44.016992, 22.919043 43.834473, 23.224609 43.873877, 23.53457 43.853564, 23.950781 43.78667, 24.430566 43.794385, 25.159668 43.686328, 25.49707 43.670801, 25.686133 43.711768, 25.818848 43.766846, 25.933398 43.870557, 26.21582 44.007275, 26.847754 44.146191, 27.120703 44.146143, 27.425391 44.020508, 27.561035 44.020068, 27.670898 43.997803, 27.710742 43.9646, 27.884277 43.987354, 28.05 43.822412, 28.585352 43.742236, 28.46543 43.389307, 28.133691 43.395605, 27.928906 43.186133, 27.888867 42.749707, 27.484766 42.468066, 27.708203 42.349951, 28.014453 41.969043))
112;112;Europe;Southeast Europe;cyprus;Cyprus;Greek and Maronite minorities;"Turkish Republic of Northern Cyprus

Cyprus Turkish Peace Force Command";Warning;2,6;2;6;OK;current;;The election of Ankara-backed right-wing nationalist Ersin Tatar over incumbent Mustafa Akinci in Northern Cyprus’s elections in October 2020 exacerbated tensions between Greek and Turkish Cypriots. The presence of 43,000 Turkish troops in Northern Cyprus and Turkey’s alteration of the demographics of Northern Cyprus have made resolution of the Cyprus conflict unlikely. Turkey's military exercises in Northern Cyprus in September 2020 do not bode well for peace.;Profile details checked;https://www.genocidewatch.com/country-pages/cyprus;;https://www.genocidewatch.com/country-pages/cyprus;;;base_country;0;;MultiPolygon;EPSG:4326;Existing Ten Stages corrected GeoJSON;NAME=Cyprus;Topology-simplified embedded fallback used only when the live GitHub CSV cannot be loaded.;2d28079caf841bdafc09d6a6ead36e4cd799e57e43b0e8c28f63df70a2290301;;MULTIPOLYGON (((32.41334 34.75349, 32.66578 34.65217, 33.24562 34.69823, 33.60564 34.82176, 33.71937 35.06277, 34.09913 34.96516, 33.92359 35.27855, 34.57276 35.64354, 33.4275 35.32892, 32.92042 35.39777, 32.86524 35.15697, 32.6504 35.18806, 32.28663 35.09715, 32.41334 34.75349)), ((33.75921 34.98867, 33.78094 34.97635, 33.79435 34.97776, 33.75921 34.98867)), ((33.74279 35.00123, 33.75206 35.0144, 33.74131 35.01373, 33.74279 35.00123)))
113;113;Europe;Southeast Europe;greece;Greece;Migrants, Refugees, Asylum Seekers, Women, Children.;Greek government, Greek security forces;Watch;1,3,4,8;4;8;OK;current;2023-10-01;"For decades, Greece has faced an increase in immigration from nearby nations due to its membership in the European Union and status as a gateway to Europe. Greek's government has, throughout this period, enacted discriminatory and harmful policies against migrants, refugees, and asylum seekers. Greek security forces routinely abuse immigrants and extort them.

NGOs and individuals who assist migrants have also faced governmental crackdowns, and some Greek communities have seen anti-immigrant militias form. Femicide, moreover, remains a major problem, and Greece's current custody laws force children to continue living with familial abusers.";Profile details checked;https://www.genocidewatch.com/country-pages/greece;https://d0dbb2cb-698c-4513-aa47-eba3a335e06f.filesusr.com/ugd/b444d3_6199aaf771d8428ab6302cc658e02301.pdf;https://www.genocidewatch.com/country-pages/greece;;;base_country;0;;MultiPolygon;EPSG:4326;Existing Ten Stages corrected GeoJSON;NAME=Greece;Topology-simplified embedded fallback used only when the live GitHub CSV cannot be loaded.;99cdf76498ecb6e79d3d3300fe162a064e3f77268f061f9cd932ed9103a681b0;;MULTIPOLYGON (((20.96526 40.84939, 21.58156 40.86629, 21.90908 41.09749, 22.18317 41.15992, 22.72722 41.16581, 22.7513 41.31521, 23.1797 41.32135, 23.20978 41.36859, 23.24657 41.38972, 23.61244 41.37102, 24.0459 41.45546, 24.04735 41.52574, 24.25075 41.56346, 24.43885 41.5277, 24.51016 41.56165, 24.53094 41.54754, 24.54944 41.48543, 24.59584 41.42977, 24.77444 41.34807, 24.80327 41.39267, 24.88637 41.40063, 25.23911 41.24089, 25.50509 41.28058, 25.55149 41.31567, 25.76347 41.31903, 25.88202 41.30404, 26.12087 41.35779, 26.1743 41.446, 26.10671 41.62428, 26.06691 41.6355, 26.0481 41.68908, 26.33336 41.71304, 26.59546 41.61245, 26.6366 41.37846, 26.3317 41.25412, 26.35909 40.96468, 26.04396 40.73847, 25.95167 40.84553, 25.53777 40.87043, 25.03907 41.00605, 24.80201 40.85346, 24.56666 40.95173, 24.11012 40.72785, 23.80926 40.78042, 23.69174 40.69538, 24.38331 40.17914, 23.92262 40.36933, 23.73048 40.35895, 23.77858 40.2027, 23.99122 40.11872, 23.99122 39.9536, 23.67547 40.21792, 23.33766 40.20844, 23.70314 39.91267, 23.36061 39.96109, 23.29908 40.23542, 23.02914 40.32575, 22.82163 40.50214, 22.91049 40.6446, 22.57911 40.46821, 22.66114 40.36905, 22.5713 40.05427, 22.85027 39.79051, 23.34376 39.17963, 22.93588 39.36058, 22.85401 39.15913, 23.07309 39.04247, 22.792 38.878, 22.76954 38.78482, 23.32097 38.64326, 23.3506 38.50186, 23.95102 38.29092, 24.08188 37.75251, 24.03273 37.65152, 23.7645 37.81599, 23.58131 38.04629, 23.22682 37.97362, 23.01254 37.84756, 23.18238 37.80915, 23.16863 37.61416, 23.52565 37.4392, 23.07309 37.35521, 23.13201 37.44864, 22.72316 37.54165, 23.11411 36.78132, 23.02565 36.71564, 23.19606 36.43252, 22.5774 36.78303, 22.51149 36.46662, 22.3545 36.51191, 22.35857 36.70209, 22.15317 37.02119, 21.93735 36.97997, 21.87403 36.72671, 21.70737 36.81802, 21.56756 37.15632, 21.6823 37.28392, 21.54998 37.56147, 21.12208 37.83739, 21.37428 38.22065, 21.60304 38.1518, 21.9559 38.33674, 22.22657 38.18594, 22.85401 38.0351, 23.21664 38.10334, 22.69142 38.32217, 21.98764 38.41059, 21.52394 38.2958, 21.36988 38.40819, 21.15561 38.3039, 21.08668 38.53644, 20.81707 38.92137, 21.15992 38.99775, 20.68653 39.07246, 20.36557 39.28767, 19.99985 39.69351, 20.01607 39.7014, 20.16376 39.6443, 20.393 39.83545, 20.31001 39.98986, 20.64022 40.09011, 20.82667 40.46482, 21.03668 40.63974, 20.96526 40.84939)), ((26.24098 35.03905, 25.60125 35.01358, 24.73854 34.93163, 24.70753 35.09614, 24.40211 35.19111, 24.03142 35.1977, 23.51824 35.29413, 23.60475 35.61262, 23.71844 35.51284, 24.18295 35.5856, 24.27312 35.36489, 24.9712 35.42451, 25.48194 35.29743, 25.76637 35.33568, 25.81764 35.11595, 26.25953 35.28449, 26.24098 35.03905)), ((24.58766 38.15925, 24.55209 37.97818, 24.37176 37.97191, 24.0254 38.33051, 23.63852 38.41551, 23.63551 38.52855, 23.14357 38.85065, 22.8558 38.83295, 23.29908 39.04247, 23.59132 38.77416, 24.07309 38.67939, 24.34441 38.15925, 24.58766 38.15925)), ((26.59742 39.01195, 26.1657 39.02241, 25.83465 39.17963, 25.85865 39.25922, 26.34303 39.383, 26.59742 39.01195)), ((28.0617 36.11652, 27.78045 35.89004, 27.68426 36.15815, 27.89967 36.34016, 28.21388 36.45547, 28.0617 36.11652)), ((26.16358 38.54279, 26.16358 38.30264, 26.00978 38.15672, 25.84889 38.58039, 26.16358 38.54279)), ((20.50978 38.11079, 20.57179 38.47394, 20.79469 38.06611, 20.50978 38.11079)), ((19.62648 39.74824, 19.85182 39.82453, 19.93247 39.47871, 19.62648 39.74824)), ((25.44988 39.98843, 25.34897 39.78767, 25.04705 39.83759, 25.03338 39.99527, 25.44988 39.98843)), ((27.06121 37.70673, 26.78745 37.6472, 26.58025 37.74079, 26.84205 37.80915, 27.06121 37.70673)), ((25.5337 37.20067, 25.44988 36.91844, 25.34181 37.07673, 25.5337 37.20067)), ((20.98683 37.72989, 20.81511 37.65152, 20.61948 37.82282, 20.68572 37.92959, 20.98683 37.72989)), ((24.7824 40.62018, 24.51677 40.63911, 24.64226 40.80394, 24.7824 40.62018)), ((24.91603 37.71979, 24.68385 37.93268, 24.95387 37.90599, 24.91603 37.71979)), ((20.56235 38.69123, 20.68629 38.85008, 20.72071 38.63841, 20.56235 38.69123)), ((27.15805 35.41559, 27.06788 35.58893, 27.23243 35.82233, 27.15805 35.41559)), ((27.3558 36.86323, 26.91774 36.71613, 27.06121 36.83934, 27.3558 36.86323)), ((23.10385 36.23721, 22.9087 36.20596, 22.95639 36.38345, 23.10385 36.23721)), ((26.36215 37.68627, 26.23064 37.57136, 26.07423 37.63788, 26.36215 37.68627)), ((24.681 38.80443, 24.5324 38.79609, 24.49147 38.98102, 24.681 38.80443)), ((24.99789 37.63788, 25.24562 37.62421, 25.21599 37.5329, 24.99789 37.63788)), ((25.20444 36.98896, 25.10336 37.01288, 25.25929 37.12397, 25.20444 36.98896)), ((25.58912 40.39814, 25.46168 40.48159, 25.69752 40.461, 25.58912 40.39814)), ((24.54607 36.68879, 24.327 36.65095, 24.35426 36.75397, 24.54607 36.68879)), ((26.00587 36.93891, 25.87965 36.79499, 25.85662 36.85106, 26.00587 36.93891)), ((24.39576 37.62466, 24.2754 37.53168, 24.33969 37.68627, 24.39576 37.62466)), ((26.91163 36.94579, 26.95118 37.02119, 27.02361 36.94501, 26.91163 36.94579)), ((25.2518 36.72671, 25.30698 36.79499, 25.37322 36.65371, 25.2518 36.72671)), ((24.43051 37.44603, 24.48268 37.41242, 24.36793 37.30952, 24.43051 37.44603)), ((23.40211 37.91218, 23.53688 37.98802, 23.46705 37.88422, 23.40211 37.91218)), ((26.45948 36.59667, 26.30095 36.51325, 26.26645 36.59593, 26.45948 36.59667)), ((23.58717 39.20759, 23.79265 39.11815, 23.66603 39.09276, 23.58717 39.20759)), ((20.66733 38.37153, 20.61451 38.46711, 20.70899 38.4466, 20.66733 38.37153)), ((25.30698 37.41193, 25.34799 37.50812, 25.4629 37.47004, 25.30698 37.41193)), ((24.76466 36.95661, 24.71062 36.9042, 24.64226 37.02774, 24.76466 36.95661)), ((24.96616 37.40778, 24.86134 37.39826, 24.9297 37.50812, 24.96616 37.40778)), ((25.47918 36.42438, 25.44663 36.33633, 25.36166 36.35676, 25.47918 36.42438)), ((23.56316 37.76826, 23.48414 37.67886, 23.42563 37.76822, 23.56316 37.76826)), ((24.52613 37.19965, 24.5324 37.13011, 24.43442 37.13418, 24.52613 37.19965)), ((27.00709 35.39777, 26.88836 35.35269, 26.90024 35.42451, 27.00709 35.39777)), ((27.87672 36.54108, 27.76002 36.57587, 27.86988 36.62425, 27.87672 36.54108)), ((27.37794 36.38203, 27.29689 36.42756, 27.3558 36.47964, 27.37794 36.38203)), ((23.89584 39.16177, 23.93979 39.27977, 23.97218 39.27192, 23.89584 39.16177)), ((26.88689 37.1057, 26.77272 37.18268, 26.84978 37.18732, 26.88689 37.1057)), ((23.49684 37.32001, 23.37428 37.30952, 23.46363 37.35733, 23.49684 37.32001)), ((23.39527 39.14614, 23.47047 39.21381, 23.46046 39.13182, 23.39527 39.14614)), ((25.18344 36.7062, 25.09311 36.63662, 25.10467 36.69937, 25.18344 36.7062)), ((25.58888 38.61172, 25.60499 38.53535, 25.5232 38.5974, 25.58888 38.61172)), ((25.04737 39.54536, 24.99171 39.46699, 24.97657 39.53767, 25.04737 39.54536)), ((24.60816 36.82909, 24.57276 36.78193, 24.52613 36.82909, 24.60816 36.82909)), ((26.58131 37.34675, 26.52858 37.30073, 26.53639 37.37271, 26.58131 37.34675)), ((27.1858 36.61567, 27.19801 36.5683, 27.14015 36.56322, 27.1858 36.61567)), ((25.76783 36.4016, 25.81764 36.36359, 25.74334 36.35883, 25.76783 36.4016)), ((24.86817 36.66523, 24.94793 36.62434, 24.92286 36.60228, 24.86817 36.66523)), ((24.13526 34.81501, 24.0464 34.84907, 24.12843 34.86274, 24.13526 34.81501)), ((25.02589 37.00788, 25.0879 37.04198, 25.05991 36.97309, 25.02589 37.00788)), ((27.61647 36.24262, 27.61012 36.2165, 27.51889 36.21686, 27.61647 36.24262)), ((20.95289 38.63886, 20.87062 38.58251, 20.90382 38.64277, 20.95289 38.63886)), ((24.09474 39.34553, 24.06316 39.29702, 24.0586 39.36127, 24.09474 39.34553)), ((20.14039 39.24169, 20.20191 39.17963, 20.1281 39.22313, 20.14039 39.24169)), ((23.15846 37.27139, 23.15203 37.23998, 23.09441 37.27473, 23.15846 37.27139)), ((20.80535 38.66193, 20.75172 38.62604, 20.73699 38.65217, 20.80535 38.66193)), ((23.52565 37.5218, 23.4559 37.51252, 23.47543 37.54084, 23.52565 37.5218)), ((24.74122 37.59569, 24.65968 37.60688, 24.71608 37.63105, 24.74122 37.59569)), ((24.66578 36.77464, 24.64479 36.74726, 24.60816 36.78132, 24.66578 36.77464)), ((25.42311 36.83251, 25.47096 36.87067, 25.47779 36.83515, 25.42311 36.83251)), ((23.33074 35.86494, 23.33326 35.82917, 23.27174 35.90424, 23.33074 35.86494)), ((25.60865 36.88373, 25.64967 36.91161, 25.674 36.87946, 25.60865 36.88373)), ((25.80055 37.09593, 25.78053 37.12397, 25.83465 37.1376, 25.80055 37.09593)), ((21.78004 36.7475, 21.77784 36.69937, 21.7505 36.71239, 21.78004 36.7475)), ((21.69581 36.74038, 21.70948 36.80174, 21.72934 36.78876, 21.69581 36.74038)), ((20.90935 38.56293, 20.89389 38.55646, 20.93214 38.60301, 20.90935 38.56293)), ((23.4673 36.9064, 23.45777 36.90644, 23.44972 36.92914, 23.4673 36.9064)), ((23.88429 36.84357, 23.88901 36.8343, 23.87696 36.83649, 23.88429 36.84357)))
115;115;Europe;Southeast Europe;serbia;Serbia;Bosniak Muslims, Kosovar Albanians, government critics, genocide recognition advocates;Serbian government, Serbian Army (historical), Republika Srpska leadership;Watch;6,10;2;10;OK;historical;2025-05-01;"Serbians were victims of genocide during the Second World War at the hands of the Ustaše. More recently, Serbians themselves perpetrated genocides and mass killings against Croatians, Bosnian Muslims, and Kosovo Albanians during the Balkan Wars of the 1990s. In 2025, political tensions with Kosovo are at a renewed high and Serbia still does not recognize Kosovo as an independent state. The Republika Srpska has also threatened to separate from the greater Bosnia.

This could potentially reignite violence in the region and violates the Dayton Accords of 1995.";Profile details checked;https://www.genocidewatch.com/country-pages/serbia;https://d0dbb2cb-698c-4513-aa47-eba3a335e06f.filesusr.com/ugd/82af05_fafba77dfdf84bf2b946ae602def2fec.pdf;https://www.genocidewatch.com/country-pages/serbia;;;base_country;0;;Polygon;EPSG:4326;Existing Ten Stages corrected GeoJSON;NAME=Serbia;Topology-simplified embedded fallback used only when the live GitHub CSV cannot be loaded.;9439f6e7201044b1ae954fcea8a51446f8147953d2ca1b8e2311528608a0107a;;POLYGON ((20.24283 46.10809, 20.78574 45.75256, 20.76073 45.49335, 20.98149 45.33279, 21.49329 45.1451, 21.36855 44.86486, 21.65628 44.68766, 22.00427 44.65154, 22.18514 44.51511, 22.42605 44.73365, 22.76515 44.58281, 22.48414 44.49977, 22.69164 44.22843, 22.60475 44.07938, 22.50367 44.0199, 22.39959 43.99334, 22.39453 43.93634, 22.34947 43.80792, 22.45592 43.65641, 22.51886 43.47425, 22.73301 43.38151, 22.98137 43.19899, 22.97403 43.14119, 22.93527 43.08556, 22.77642 42.97973, 22.72702 42.88689, 22.66624 42.87193, 22.5909 42.88689, 22.50605 42.87012, 22.42533 42.57285, 22.52486 42.50766, 22.53654 42.47839, 22.51948 42.42093, 22.42398 42.32589, 22.34502 42.31344, 21.94153 42.3331, 21.67689 42.23494, 21.51489 42.31783, 21.76439 42.66962, 21.37867 42.74414, 21.09259 43.09068, 20.81943 43.25741, 20.4763 42.85552, 19.92915 43.11391, 19.61868 43.16824, 19.19534 43.5328, 19.48174 43.56083, 19.46169 43.76214, 19.22935 43.95768, 19.61888 44.03571, 19.17715 44.28696, 19.12992 44.51832, 19.36867 44.88713, 19.01582 44.86563, 19.06006 45.14686, 19.3973 45.22329, 18.97553 45.39113, 19.01809 45.5674, 18.8487 45.80956, 18.90131 45.9312, 19.26345 45.98143, 19.54995 46.16416, 20.24283 46.10809))
116;116;Europe;Southeast Europe;romania;Romania;Roma (Romani people);Romanian government, Romanian police, Romanian public, social media users;Watch;3,4;2;4;OK;current;2021-08-01;Roma, or Romani people, have been discriminated against for centuries. Since their liberation from slavery in 1848, the Roma have largely been impoverished and have faced stereotypes and hate speech from the greater public. Their treatment during the COVID-19 pandemic has exacerbated this discrimination.;Profile details checked;https://www.genocidewatch.com/country-pages/romania;;https://www.genocidewatch.com/country-pages/romania;;;base_country;0;;Polygon;EPSG:4326;Existing Ten Stages corrected GeoJSON;NAME=Romania;Topology-simplified embedded fallback used only when the live GitHub CSV cannot be loaded.;ebac41656f4bc23bb8afda0cbac9564d1d74c49180c9e174e86c0e9deab47fec;;POLYGON ((22.8776 47.94674, 23.11862 48.09154, 23.36005 47.99314, 23.78008 47.98751, 24.23101 47.89703, 24.56163 47.94054, 24.8966 47.71006, 25.26174 47.89858, 26.17306 47.99314, 26.30349 48.21205, 26.61789 48.25897, 26.99761 48.16657, 27.30405 47.66655, 27.56315 47.46834, 27.80655 47.14462, 28.02804 47.03297, 28.23412 46.66242, 28.24606 46.42786, 28.08612 46.00055, 28.1995 45.46177, 28.33024 45.32292, 28.77869 45.23109, 29.32212 45.44384, 29.65026 45.34612, 29.65903 45.21589, 29.61785 44.86148, 29.09816 44.77538, 28.97283 45.01097, 28.86354 44.89155, 28.90968 44.58421, 28.64088 44.32856, 28.67123 44.00332, 28.57838 43.74128, 28.22125 43.76198, 28.01481 43.83004, 27.91207 43.99334, 27.85647 43.98863, 27.7217 43.94874, 27.65628 44.02388, 27.57452 44.01628, 27.38384 44.01509, 27.25113 44.12237, 26.78945 44.11596, 26.15073 44.01241, 25.80626 43.76366, 25.55656 43.67036, 25.35962 43.65429, 24.50014 43.7995, 24.15938 43.75294, 23.4847 43.8806, 22.91956 43.83422, 22.86344 43.85541, 22.88587 43.99453, 23.02302 44.03163, 23.03098 44.09307, 22.69164 44.22843, 22.48414 44.49977, 22.76515 44.58281, 22.42605 44.73365, 22.18514 44.51511, 22.00427 44.65154, 21.65628 44.68766, 21.36855 44.86486, 21.49329 45.1451, 20.98149 45.33279, 20.76073 45.49335, 20.78574 45.75256, 20.24283 46.10809, 20.60756 46.12949, 20.83969 46.27108, 21.13486 46.27852, 21.31625 46.61664, 21.50518 46.72325, 21.63282 47.02269, 21.77048 47.11402, 21.98887 47.49294, 22.26172 47.71585, 22.74583 47.82499, 22.8776 47.94674))
29;100029;Africa;North Africa;western-sahara;Western Sahara;Sahrawi people, Sahrawi independence activists, journalists;Moroccan government, Moroccan military forces;Warning;3,8;2;8;OK;current;2022-02-14;Western Sahara independence groups have been engaged in conflict with Morocco over the sovereignty of Western Sahara’s territory since Spain ended colonial rule in 1975. Since then, war has driven 158,000 Sahrawi people into refugee camps in Algeria and the country has been divided by a 2700km wall built by the Moroccan army. Moroccans now outnumber Sahrawis in Western Sahara.;Profile details checked;https://www.genocidewatch.com/country-pages/western-sahara;https://d0dbb2cb-698c-4513-aa47-eba3a335e06f.filesusr.com/ugd/d0bbf9_0719df86d51a413592873869f7a6f1ad.pdf;https://www.genocidewatch.com/country-pages/western-sahara;;;overlay_territory;100;Morocco;Polygon;EPSG:4326;Existing Ten Stages corrected GeoJSON;NAME=Western Sahara;Topology-simplified embedded fallback used only when the live GitHub CSV cannot be loaded.;3130d9cbec38b1d95c81f8c03c96e3b8c70bd644cb4fc4346ee32930b35bfe0f;;POLYGON ((-8.81703 27.66146, -8.68239 27.66144, -8.68766 26.00002, -12.01531 25.9949, -12.01934 23.461, -12.61943 23.27083, -13.01525 23.018, -13.15229 22.82, -13.01525 21.33343, -16.95883 21.33286, -17.07743 20.90451, -17.05687 20.76691, -17.10464 20.86249, -17.01374 21.41997, -16.04002 21.50008, -14.97017 21.4405, -14.74997 21.50008, -14.60983 21.75007, -14.62985 21.86042, -14.22019 22.30965, -14.10006 23.09968, -13.89013 23.69049, -13.76998 23.79013, -13.31001 23.98055, -12.99018 24.4698, -12.43014 24.83017, -12.06001 25.9903, -11.71724 26.10358, -11.51069 26.46981, -11.3369 26.6329, -11.31587 26.74421, -11.39157 26.88291, -10.75678 27.01959, -10.25045 26.86043, -10.03171 26.91022, -9.81686 26.84968, -9.41206 27.08796, -8.7939 27.12018, -8.75287 27.19049, -8.81703 27.66146))
40;100040;Middle East;Middle East;palestine;Palestine;"Palestinians in the OPT; Palestinian citizens of Israel; Israeli war crime victims; LGBTQIA+ people; Residents of Lebanon";"Israeli government; Israeli Defence Force; Hamas";Emergency;8,9,10;3;10;OK;current;2026-07-11;"Since the partition of Palestine in 1947 and the creation of Israel in 1948, Israelis and Palestinians have been in an ongoing state of conflict. Both populations have historical claims to the disputed territory, have experienced intergenerational trauma, and face some form of existential threat.

On the one hand, Palestinians have faced discrimination, dispossession, persecution, and the erasure of their cultural heritage, and 5.7 million refugees cannot access their homelands after the exodus of Palestinians in 1948. In the Occupied Palestinian Territories (OPT), Israel has subjected Palestinians to military occupation in the West Bank and a blockade in Gaza. On the other hand, many Jewish people sought protection in Israel's creation following centuries of persecution and genocide in Europe.

Hamas, a terrorist group whose charter expresses the aim to destroy Israel, now controls Gaza. Both Hamas and Israel have committed war crimes in recent conflicts, with Palestinians suffering overwhelmingly. However, Israelis and Palestinians have campaigned together for peaceful co-existence. LGBTQI+ people have also won hard-fought rights in Israel. However, they face ongoing persecution in the OPT and even the threat of death in Gaza.";Profile details checked;https://www.genocidewatch.com/country-pages/israel%2Fpalestine;https://www.genocidewatch.com/_files/ugd/b89303_82fd0f606538424bb5a3b5acf5bd2ca6.pdf;https://www.genocidewatch.com/country-pages/israel%2Fpalestine;;;overlay_territory;100;Israel;MultiPolygon;EPSG:4326;Existing Ten Stages corrected GeoJSON;NAME=Palestine;Topology-simplified embedded fallback used only when the live GitHub CSV cannot be loaded.;fff6af6c5e92a4f799ee9b13039ed402047eef0a7189fc416e39a22500c2fd30;;MULTIPOLYGON (((35.03901 31.90864, 34.95822 32.18645, 35.06435 32.46314, 35.20863 32.54264, 35.39291 32.49448, 35.40686 32.41479, 35.56096 32.38472, 35.52282 32.05784, 35.55941 31.76535, 35.45874 31.49157, 35.16491 31.36227, 34.87883 31.36284, 34.97361 31.63037, 35.12574 31.7331, 35.23797 31.70933, 35.26281 31.74863, 35.22202 31.87918, 35.18617 31.80874, 34.97743 31.83337, 35.03901 31.90864)), ((34.4812 31.58314, 34.55603 31.53983, 34.36734 31.39281, 34.35091 31.28925, 34.24835 31.21145, 34.20027 31.31427, 34.4812 31.58314)))
49;100049;Asia;East Asia;hong-kong;Hong Kong;"Pro-democracy activists, South Asian Immigrants,
Muslims";Chinese Government, Hong Kong police force;Warning;3,4,5,6,8;5;8;OK;current;2025-05-01;Under the 1997 Basic Law of the HKSAR (Hong Kong Special Administrative Region), Hong Kong was granted relative political and economic freedom from China until 2047. However, China has since encroached on these civil rights. The passage of the National Security Law in 2020 has restricted protest activity and voting rights. Crackdowns on freedom of press, expression, as well as persecution of democrats in Hong Kong soon followed, and remain an ongoing process today. China now has direct legal control over Hong Kong.;Profile details checked;https://www.genocidewatch.com/country-pages/hong-kong;https://www.genocidewatch.com/_files/ugd/001731_f4b0133ab3084487a122e893b39599c9.docx?dn=Country%2520Report%2520Hong%2520Kong%2520Special%2520Administrative%2520Region%2520(SAR)%2520of%2520China%25202025.docx;https://www.genocidewatch.com/country-pages/hong-kong;;;overlay_territory;100;China;MultiPolygon;EPSG:4326;Existing Ten Stages corrected GeoJSON;NAME=Hong Kong;Topology-simplified embedded fallback used only when the live GitHub CSV cannot be loaded.;7655e4e46f7532ad0cd10a3034d2769d90a9e247a75e10d5b8972e0be8ba3737;;MULTIPOLYGON (((114.22983 22.55581, 114.20932 22.52371, 114.33513 22.50642, 114.16749 22.44807, 114.20932 22.39867, 114.32374 22.48005, 114.34759 22.42292, 114.35987 22.46117, 114.39975 22.43614, 114.3576 22.33242, 114.31861 22.38939, 114.25839 22.36209, 114.29672 22.25829, 114.25554 22.32233, 114.17189 22.28872, 114.10483 22.36986, 113.94483 22.36209, 113.89698 22.40876, 114.09146 22.53439, 114.22983 22.55581)), ((113.84645 22.19709, 113.89251 22.29271, 114.05486 22.33633, 114.00017 22.21613, 113.84645 22.19709)), ((114.21559 22.28563, 114.25611 22.2036, 114.22267 22.23884, 114.20769 22.18956, 114.11256 22.27151, 114.21559 22.28563)), ((114.15463 22.2036, 114.11085 22.17707, 114.1067 22.23579, 114.15463 22.2036)))
60;100060;Asia;South-East Asia;west-papua;West Papua;"Indigenous West Papuans
Independence activists and OPM supporters";"Indonesian government
Indonesian military and security forces
Foreign mining corporations, particularly Freeport-McMoRan";Watch;3,4,9,10;4;10;OK;current;2022-09-30;;No details found;https://www.genocidewatch.com/single-post/country-report-west-papua;https://d0dbb2cb-698c-4513-aa47-eba3a335e06f.filesusr.com/ugd/09ea84_58258c1733ba49bf92ef8d122e859386.pdf;;;;overlay_territory;100;Indonesia;Polygon;EPSG:4326;User-supplied west papua 1.shp;Single feature in uploaded shapefile;Topology-simplified embedded fallback used only when the live GitHub CSV cannot be loaded.;cfa96b814c24ee5366dcb469f6842e849e24d26a845cb2ac380b0abe55b0a80c;"case_type was blank or invalid in the workbook; set to current";POLYGON ((140.974457 -2.600518, 140.976904 -6.335116, 140.849211 -6.702846, 140.977162 -6.896632, 140.97698 -9.106134, 140.856944 -9.049086, 140.363455 -8.490818, 139.988129 -8.192478, 139.979747 -8.121515, 140.05836 -8.081964, 140.060557 -7.948337, 140.151703 -7.884698, 140.061046 -7.924412, 140.04184 -8.045505, 139.973643 -8.096938, 139.395193 -8.200942, 139.254649 -8.146091, 139.218923 -7.979669, 139.287852 -7.973403, 139.217133 -7.951349, 139.224457 -8.074395, 138.914399 -8.292087, 138.842784 -8.117446, 138.925304 -8.070489, 138.915375 -7.903253, 138.993988 -7.865492, 139.093028 -7.559991, 138.944347 -7.497003, 138.865489 -7.336033, 138.667491 -7.197849, 139.157074 -7.243097, 139.240001 -7.151056, 139.060557 -7.212498, 138.84254 -7.145603, 138.561534 -6.918634, 138.931488 -6.842543, 139.192231 -6.972914, 138.683442 -6.714532, 138.682465 -6.645115, 138.829112 -6.705987, 138.466075 -6.402114, 138.262462 -5.914727, 138.403982 -5.835707, 138.208751 -5.825291, 138.157563 -5.773696, 138.362966 -5.678806, 138.071056 -5.728611, 138.054861 -5.589614, 138.109711 -5.534112, 138.06422 -5.511163, 138.071056 -5.409926, 137.999278 -5.478936, 137.914561 -5.386895, 137.924815 -5.328709, 137.813975 -5.358168, 137.808116 -5.253025, 137.732432 -5.27337, 137.579845 -5.181899, 137.572765 -5.120782, 137.519298 -5.148533, 137.377778 -5.082452, 137.369151 -5.026462, 137.268077 -5.013849, 137.278819 -4.936619, 137.219005 -5.01336, 137.149669 -4.945082, 137.090099 -4.960138, 137.101736 -4.889255, 137.04184 -4.943048, 136.946544 -4.917657, 136.969249 -4.869561, 136.822113 -4.928318, 136.375662 -4.68377, 136.035818 -4.586033, 135.95045 -4.50628, 135.429535 -4.430434, 135.185557 -4.448907, 134.648204 -4.118748, 134.688487 -3.947442, 134.91627 -3.978692, 134.967784 -3.936782, 134.675792 -3.90838, 134.525238 -4.026462, 134.333507 -3.868829, 134.315278 -4.020278, 134.141124 -3.903009, 134.192638 -3.835545, 134.127452 -3.745294, 134.110362 -3.81756, 134.039317 -3.793145, 133.971039 -3.850274, 133.838145 -3.590427, 133.795421 -3.631524, 133.829275 -3.721856, 133.703136 -3.672621, 133.641449 -3.483657, 133.702159 -3.404392, 133.690929 -3.216078, 133.846446 -3.087091, 133.929454 -3.114679, 133.863943 -3.042087, 133.860525 -2.922947, 133.668224 -3.122166, 133.627696 -3.416274, 133.551036 -3.431573, 133.514008 -3.378351, 133.490571 -3.444268, 133.591807 -3.545343, 133.408865 -3.722426, 133.45338 -3.865411, 133.250987 -4.066827, 132.907725 -4.088149, 132.795909 -3.940606, 132.730968 -3.682306, 132.756114 -3.627537, 132.881114 -3.642836, 132.931814 -3.554132, 132.821137 -3.437433, 132.811697 -3.281671, 132.671153 -3.328546, 132.553071 -3.107029, 132.325694 -2.946547, 131.976085 -2.929783, 132.044444 -2.803399, 131.958018 -2.788181, 132.181488 -2.724867, 132.113292 -2.70436, 132.201915 -2.676446, 132.428477 -2.696954, 132.421153 -2.744806, 132.585704 -2.717462, 132.736583 -2.809991, 133.033539 -2.479425, 133.258474 -2.416436, 133.380707 -2.511977, 133.380707 -2.676446, 133.445567 -2.494724, 133.450369 -2.642348, 133.473481 -2.521661, 133.518728 -2.589614, 133.640636 -2.542901, 133.682384 -2.717462, 133.713145 -2.511977, 133.816905 -2.649021, 133.819591 -2.477227, 133.747244 -2.437921, 133.850108 -2.424249, 133.908376 -2.477227, 133.866466 -2.411391, 134.005138 -2.388442, 133.898692 -2.377618, 133.963552 -2.32643, 133.867361 -2.341241, 133.949962 -2.292901, 133.949962 -2.203546, 133.928966 -2.274184, 133.792003 -2.260186, 133.949962 -2.169366, 133.895274 -2.16253, 133.94044 -2.107599, 133.645763 -2.236017, 133.593598 -2.237563, 133.593598 -2.183038, 133.548595 -2.24505, 133.296153 -2.204197, 132.943614 -2.28338, 132.815929 -2.24505, 132.688731 -2.307224, 132.560395 -2.185642, 132.305675 -2.265558, 132.04835 -2.083185, 132.126964 -1.998142, 132.027354 -2.018487, 131.941905 -1.895115, 131.927745 -1.805759, 132.023936 -1.675958, 131.917491 -1.707289, 131.886729 -1.652032, 131.982188 -1.538751, 131.804861 -1.607599, 131.791189 -1.497735, 131.750173 -1.5735, 131.722911 -1.518243, 131.57309 -1.480157, 131.436534 -1.501723, 131.372813 -1.394708, 131.27711 -1.374282, 131.336925 -1.453058, 131.20574 -1.523614, 130.948253 -1.412205, 131.03004 -1.275567, 131.181651 -1.217218, 131.236176 -1.117283, 131.291515 -0.914972, 131.243012 -0.819431, 131.876475 -0.68963, 132.15089 -0.435724, 132.396658 -0.353448, 132.709158 -0.36004, 132.975108 -0.444757, 133.391612 -0.72324, 133.977224 -0.72324, 134.17213 -0.863865, 134.036143 -0.957778, 134.281993 -1.350193, 134.215831 -1.560317, 134.087087 -1.682794, 134.155528 -2.039483, 134.120616 -2.135349, 134.19337 -2.379083, 134.330251 -2.522231, 134.463878 -2.862074, 134.532725 -2.834161, 134.484386 -2.539321, 134.546397 -2.462986, 134.638438 -2.511163, 134.701345 -2.958673, 134.772227 -2.977634, 134.851329 -2.899835, 134.818533 -3.136326, 134.898936 -3.262791, 134.964122 -3.238214, 135.002126 -3.336114, 135.340831 -3.389744, 135.505382 -3.348077, 135.601573 -3.204034, 135.75172 -3.128351, 135.757335 -3.055841, 135.909923 -2.985772, 135.96461 -2.775811, 136.266368 -2.560317, 136.38087 -2.234063, 136.532563 -2.189874, 136.605235 -2.252048, 136.749278 -2.252048, 136.981456 -2.12656, 137.178477 -2.106134, 137.233653 -2.060968, 137.204845 -1.94964, 137.101736 -1.888279, 137.123546 -1.797459, 137.839122 -1.471124, 138.07488 -1.610284, 138.665212 -1.789158, 138.842784 -1.94964, 139.1067 -2.012791, 139.780772 -2.354669, 140.15797 -2.320896, 140.332286 -2.455743, 140.377126 -2.395278, 140.74464 -2.499119, 140.723806 -2.633966, 140.974457 -2.600518))
63;100063;Asia;Former Soviet Union;abkhazia;Abkhazia;Ethnic Georgians (especially in Gali district);Abkhazian authorities, Russian occupying forces;Warning;3,4,5,6;4;6;OK;current;2021-09-01;;No details found;https://www.genocidewatch.com/country-pages/abkhazia;;;;;overlay_territory;100;Georgia;Polygon;EPSG:4326;Existing Ten Stages corrected GeoJSON;NAME=Abkhazia;Topology-simplified embedded fallback used only when the live GitHub CSV cannot be loaded.;919f012ca7088fbaaa1ddb43086bfcb4a0839c0c9167ca43209f800dcae30b79;;POLYGON ((41.29116 42.40717, 41.65924 42.43689, 41.66984 42.49668, 41.94824 42.63756, 41.87639 42.83797, 41.94706 42.89801, 41.86646 42.99454, 42.03967 43.05521, 42.13714 43.19375, 41.88601 43.25185, 41.80394 43.20204, 41.61734 43.22057, 41.39364 43.36623, 41.288 43.337, 40.94994 43.41973, 40.89152 43.48933, 40.66178 43.56305, 40.56456 43.51906, 40.2596 43.58619, 40.09788 43.56598, 39.88448 43.22443, 40.01341 43.17089, 40.15104 43.01809, 40.73962 42.89265, 40.98223 42.64857, 41.23439 42.59274, 41.29116 42.40717))
67;100067;Asia;Former Soviet Union;chechnya;Chechnya;LGBTQIA+ people, Journalists, Government critics;"Government,
Police and security forces";Emergency;8,9,10;3;10;OK;current;;"Chechnya is a Muslim-majority autonomous republic in the south of the Russian Federation. After an aggressive war with Russia and unsuccessful attempt to gain independence in the 1990s, Chechnya has built closer relations with the Kremlin under its current leader, Ramzan Kadyrov, who came to power in 2005. Kadyrov's rule has been marked by his thuggish, hypermasculine personna and his brutal, authoritarian practices. Since 2017, the Chechen authorities have led a ruthless crackdown on the LGBTQIA+ community, known globally as a ""gay purge."" They have rounded up and tortured victims, committed extrajudicial killings, and encouraged families to carry out “honor killings.” Kadyrov has denied both the round-ups and the existence of gay people in the Chechnya. In 2017, a French gay rights groups filed a case at the ICC, accusing Chechnya of ""genocide,"" though the existing Genocide Convention excludes LGBTQI+ people as possible victims. In 2020, the HBO documentary ""Welcome to Chechnya"" showed the extraodinary efforts of activists helping LGBTQIA+ people flee the republic.";Profile details checked;https://www.genocidewatch.com/country-pages/chechnya;;https://www.genocidewatch.com/country-pages/chechnya;;;overlay_territory;100;Russia;Polygon;EPSG:4326;Existing Ten Stages corrected GeoJSON;NAME=Chechnya;Topology-simplified embedded fallback used only when the live GitHub CSV cannot be loaded.;599aff65db22770ee30f3a26ef4f6dafc7b74e1fbc9c1678c04a4574a84a1b89;;POLYGON ((44.83227 43.68214, 44.8709 43.53581, 45.13652 43.42127, 45.10646 43.28132, 45.19538 43.10549, 45.0778 43.00832, 45.07162 42.89903, 45.08678 42.84177, 45.19484 42.80775, 45.08661 42.71175, 45.15837 42.70753, 45.34041 42.52252, 45.57145 42.54824, 45.71149 42.4765, 45.82084 42.49866, 45.92563 42.6026, 46.00523 42.59627, 46.07489 42.71781, 46.17399 42.73195, 46.11703 42.80291, 46.18733 42.88622, 46.30043 42.86466, 46.30901 42.90975, 46.36727 42.84073, 46.53312 42.92239, 46.46992 43.01453, 46.52199 43.023, 46.50639 43.08465, 46.38874 43.14585, 46.43895 43.18589, 46.39172 43.20168, 46.42436 43.2989, 46.32764 43.4501, 46.43689 43.53759, 46.4585 43.66357, 46.66209 43.8359, 46.44814 43.87663, 46.44063 44.00289, 46.32142 44.01051, 46.36042 43.94445, 46.25113 43.94588, 46.25047 43.88149, 46.09567 43.8607, 46.08034 43.81647, 46.00358 43.88138, 46.07208 43.9303, 45.86011 43.97099, 45.43984 44.0093, 45.43797 43.87565, 45.20203 43.87694, 45.20261 43.95749, 45.0533 43.95794, 45.06356 43.71972, 44.83227 43.68214))
70;100070;Asia;Former Soviet Union;nagorno-karabakh-artsakh;Nagorno-Karabakh / Artsakh;Armenians;Azerbaijani Government and Armed Forces;Warning;4,7,8,10;4;10;OK;current;2022-09-30;Azerbaijan has invaded the rightful territory of the unrecognized Republic of Nagorno-Karabakh or Artsakh and is attempting to erase Armenian presence in the occupied territories.;Profile details checked;https://www.genocidewatch.com/de/country-pages/nagorno-karabakh%2Fartsakh;https://d0dbb2cb-698c-4513-aa47-eba3a335e06f.filesusr.com/ugd/09ea84_6a066cb5309c4bb682e4ba443f341b91.pdf;https://www.genocidewatch.com/de/country-pages/nagorno-karabakh%2Fartsakh;;;overlay_territory;100;Azerbaijan;Polygon;EPSG:4326;Natural Earth v5.1.1 — ne_50m_admin_0_breakaway_disputed_areas;BRK_NAME=Artsakh;Topology-simplified embedded fallback used only when the live GitHub CSV cannot be loaded.;b9daed27cee81986a8a4bb069e6a6ed0c91c6f76e198d1511d36fdcb216511d5;;POLYGON ((46.472544 40.289247, 46.74648 40.412779, 47.069433 40.206944, 47.32212 39.414397, 46.988894 39.180193, 46.852572 39.148412, 46.554812 38.904396, 46.49063 38.906669, 46.489855 39.06945, 46.4003 39.192182, 46.584733 39.223678, 46.365263 39.402505, 46.478125 39.47511, 46.481432 39.555157, 46.321648 39.617453, 46.202069 39.594483, 45.577583 39.983983, 45.885964 40.024844, 45.964616 40.233772, 46.472544 40.289247))
82;100082;Asia;South Asia;kashmir;Kashmir;"In Pakistan-administered Kashmir: 

Political activists and advocates for autonomy or self-determination (especially in Gilgit-Baltistan and Azad Kashmir)

Religious minorities (especially Ahmadis and Shia";"In Pakistan-administered Kashmir: 
Pakistani federal authorities and security forces
Pakistani intelligence agencies 
Pakistani-appointed officials (especially in Gilgit-Baltistan)
Allied private entities (involved in land acquisition linked to CPEC)";Watch;3,5,8;3;8;OK;current;2025-03-30;Pakistan-administered Kashmir: Since the 1947 partition, Pakistan-administered Kashmir has experienced systemic repression under tight federal control. Political activists, journalists, and human rights defenders face arbitrary arrests, enforced disappearances, and anti-terror charges for advocating autonomy or exposing abuses. Religious minorities, particularly Ahmadis and Shia Muslims, suffer from targeted violence, discriminatory laws, and state-backed persecution. In Gilgit-Baltistan, indigenous communities are forcibly displaced for CPEC-related projects, often without compensation. Media and civil society operate under severe restrictions, with dissent criminalized and self-determination movements harshly suppressed.;Profile details checked;https://www.genocidewatch.com/de/country-pages/kashmir;https://d0dbb2cb-698c-4513-aa47-eba3a335e06f.filesusr.com/ugd/2f3638_b8257e59e84d415f95009e5f3af3589e.pdf;https://www.genocidewatch.com/de/country-pages/kashmir;;;overlay_territory;100;"India; Pakistan; China";Polygon;EPSG:4326;Natural Earth v5.1.1 — ne_50m_admin_0_breakaway_disputed_areas;BRK_GROUP=Jammu and Kashmir plus BRK_NAME=Siachen Glacier;Topology-simplified embedded fallback used only when the live GitHub CSV cannot be loaded.;6083f7b24c590e468d68a774d15acd190f7e87e692b86e4e44d687cb24a5320e;"case_type was blank or invalid in the workbook; set to current";POLYGON ((79.376168 33.146298, 79.334827 32.975507, 79.493525 32.688289, 79.291574 32.506647, 79.169876 32.497216, 78.99769 32.365157, 78.837907 32.411975, 78.700861 32.597003, 78.412558 32.557703, 78.272773 32.463238, 78.364189 32.60584, 78.363207 32.714438, 77.987106 32.620516, 77.739111 32.951787, 77.436442 32.824405, 77.219194 32.846729, 76.788833 33.133456, 76.565384 33.16149, 76.445598 33.150018, 75.974309 32.883109, 75.84181 32.876805, 75.924338 32.722913, 75.834266 32.518816, 75.512011 32.31069, 75.302618 32.318906, 74.987341 32.462205, 74.685757 32.493805, 74.663226 32.757665, 74.354563 32.768698, 73.643081 33.104517, 73.576109 33.849407, 73.422268 34.370564, 73.434825 34.488955, 73.479991 34.566237, 73.623031 34.598173, 73.677601 34.703618, 74.011638 34.895286, 74.091013 35.103646, 73.713 35.283686, 73.697652 35.359909, 73.774753 35.468481, 73.738683 35.515972, 73.345012 35.591936, 73.16125 35.710069, 73.07247 35.857657, 72.739571 35.845926, 72.565731 35.897137, 72.58387 36.23598, 73.046425 36.554307, 73.135412 36.713496, 73.802245 36.738016, 73.841416 36.771038, 73.73181 36.887775, 74.038923 36.825711, 74.692216 37.035724, 74.88931 36.952422, 75.053951 36.987148, 75.346647 36.913458, 75.424161 36.738223, 75.573713 36.759307, 75.772202 36.694918, 75.951881 36.458111, 76.715297 36.155571, 76.825936 35.87502, 77.477266 35.628342, 77.520054 35.473416, 78.044983 35.547469, 78.67311 35.869335, 79.097612 35.88675, 79.352294 35.974264, 79.453773 35.890688, 79.734753 35.809637, 80.002884 35.819434, 80.312947 35.578876, 80.264176 35.270586, 80.028015 34.659409, 79.876499 34.655869, 79.744621 34.537014, 79.716716 34.424772, 79.516625 34.402397, 79.544323 34.236102, 79.432806 34.055028, 78.897231 33.964232, 79.001772 33.671253, 78.896869 33.556867, 78.916713 33.386774, 79.112515 33.226267, 79.376168 33.146298))
114;100114;Europe;Southeast Europe;kosovo;Kosovo;Serbs;"Kosovo Police

Kosovo Government";Watch;3,6;2;6;OK;current;2025-05-01;"During the Kosovo war from 1995 to 1999, Serbian forces and militias used genocidal massacres of ethnic Albanians as a terror tactic. The Kosovo Liberation Army (KLA), an ethnic Albanian paramilitary organization, also committed war crimes and crimes against humanity against ethnic Serbs in Kosovo. In 2008, the Republic of Kosovo declared independence. Today, Serbia does not recognize Kosovo's independence and tension between the countries remains high.

Kosovo police continue to unfairly target ethnic Serbs in Kosovo. Ethnic violence in its northern municpalities and rhetoric from government leaders has further fueled tensions between Kosovo and Serbia.";Profile details checked;https://www.genocidewatch.com/country-pages/kosovo;;https://www.genocidewatch.com/country-pages/kosovo;;;overlay_territory;100;Serbia;Polygon;EPSG:4326;Existing Ten Stages corrected GeoJSON;NAME=Kosovo;Topology-simplified embedded fallback used only when the live GitHub CSV cannot be loaded.;9bc39fda1cdb2002d472db497e739dbc6fb54d70d8c90d10ed39b81e33cf035c;;POLYGON ((20.06496 42.54676, 20.10392 42.65311, 20.03467 42.75142, 20.1834 42.74251, 20.22608 42.80677, 20.4763 42.85552, 20.45945 42.95002, 20.66492 43.08541, 20.60404 43.19796, 20.79442 43.26307, 20.8647 43.21734, 20.83855 43.17047, 21.09259 43.09068, 21.26054 42.88656, 21.40844 42.847, 21.37867 42.74414, 21.77276 42.6475, 21.61742 42.38664, 21.51603 42.34194, 21.56407 42.24629, 21.36679 42.22386, 21.2993 42.09141, 21.09848 42.19595, 20.78491 42.08203, 20.7505 41.9068, 20.68146 41.84401, 20.56715 41.87318, 20.59929 41.96057, 20.50079 42.21122, 20.33336 42.31788, 20.23776 42.31992, 20.1526 42.49371, 20.06496 42.54676))
