"sort_order","draw_order","region","subregion","record_id","country","targeted_groups","perpetrators","alert_status","stages","active_stage_count","highest_stage","stage_input_check","case_type","latest_report_date","notes","notes_review_status","profile_url","latest_report_url","notes_source_url","marker_longitude","marker_latitude","geometry_role","geometry_priority","geometry_overlay_on","geometry_type","crs","geometry_source","geometry_source_feature","geometry_note","geometry_sha256","validation_issue","geometry_wkt"
"1","1","Africa","Central Africa","uganda","Uganda","Political Opposition

Civilians 

Women and Children

LGBTQ+ People","President Yoweri Museveni

Uganda People's Defense Force 

Local Defense Units (LDUs)","Warning","6","1","6","OK","current","2026-01-01","President Yoweri Museveni has ruled since 1986; the profile describes manipulated elections, repression of political opponents and minorities, and heightened violence against LGBTQ+ people under the 2023 Anti-Homosexuality Act.","Profile details checked","https://www.genocidewatch.com/country-pages/uganda","https://d0dbb2cb-698c-4513-aa47-eba3a335e06f.filesusr.com/ugd/b82de0_2b8febd8433e47c8b92d6b0590e49484.pdf","https://www.genocidewatch.com/country-pages/uganda","","","base_country","0","","Polygon","EPSG:4326","Natural Earth 1:50m topology-simplified","ADMIN=Uganda","Base-country geometry standardised to Natural Earth 1:50m and simplified jointly as one polygon coverage. Shared borders remain edge-matched; tolerance 0.12 degrees.","3497826e413322de6d987fefbd29f1d89e1a726c758b948de3217049bb42086b","","POLYGON ((33.90322 -1.00205, 30.84473 -1.00205, 30.50996 -1.06729, 30.36025 -1.07461, 29.93008 -1.46992, 29.82539 -1.33555, 29.57695 -1.38789, 29.56191 -0.97734, 29.71768 0.09834, 29.93447 0.49902, 29.94287 0.81924, 30.18291 0.97349, 30.94258 1.68281, 31.25273 2.04458, 31.17637 2.27007, 30.72861 2.45537, 30.84668 2.84702, 30.754 3.0418, 30.90645 3.40894, 30.83857 3.49072, 31.15234 3.7856, 31.47998 3.68047, 31.79805 3.80264, 31.9418 3.60757, 32.15625 3.52803, 32.33574 3.7062, 32.99727 3.88018, 33.1541 3.77471, 33.48936 3.75508, 33.97607 4.22021, 34.16504 3.81299, 34.39287 3.6915, 34.44785 3.16348, 34.74248 2.81812, 34.90576 2.47969, 34.96523 1.64336, 34.7876 1.23071, 34.48174 1.04214, 34.16094 0.60518, 33.94316 0.17378, 33.90322 -1.00205))"
"2","2","Africa","Central Africa","burundi","Burundi","Government critics and opponents

Tutsis 

Civilians from all groups","Government

Imbonerakure Hutu militias","Warning","5,6,8","3","8","OK","current","2022-10-01","In 2015, late President Pierre Nkurunziza won a third presidential term that critics considered unconstitutional, triggering mass protests, a failed coup d'état, and deadly post-electoral violence. Most refugees have still not returned since the 2015 crisis. The ruling party has also allegedly used rhetoric suggesting the Tutsi minority pose a threat to the Hutu majority. Since the death of Nkurunziza and the succcession of current President Évariste Ndayishimiye to power, the Burundian authorities have continued to subject citizens and political opponents to human rights abuses. Burundi also has a complex history of massacres and genocides - in 1972 against Hutus and in 1993 against Tutsis.","Profile details checked","https://www.genocidewatch.com/country-pages/burundi","https://d0dbb2cb-698c-4513-aa47-eba3a335e06f.filesusr.com/ugd/09ea84_de839bc27dc6476fbed3ab2da58af294.pdf","https://www.genocidewatch.com/country-pages/burundi","","","base_country","0","","Polygon","EPSG:4326","Natural Earth 1:50m topology-simplified","ADMIN=Burundi","Base-country geometry standardised to Natural Earth 1:50m and simplified jointly as one polygon coverage. Shared borders remain edge-matched; tolerance 0.12 degrees.","9e895f0a3f45844830008e4d8f9bffce4e66c2e228275d8c7252944d5a884134","","POLYGON ((30.55361 -2.4001, 30.42422 -2.6416, 30.51504 -2.91758, 30.78027 -2.98486, 30.79023 -3.27461, 30.425 -3.58887, 30.14717 -4.08535, 29.71777 -4.45586, 29.40322 -4.44932, 29.22324 -3.91084, 29.22441 -3.05352, 29.01436 -2.72021, 29.06318 -2.60254, 29.39023 -2.80859, 29.86816 -2.71641, 29.93018 -2.33955, 30.14229 -2.41396, 30.4085 -2.31299, 30.55361 -2.4001))"
"3","3","Africa","Central Africa","rwanda","Rwanda","Government critics,
Tutsis","RPF Government

Hutu extremists and genocide deniers in Rwanda and the diaspora","Watch","3,6,10","3","10","OK","historical","2025-04-14","Although Rwanda has undergone an overall successful peacebuilding process since the 1994 genocide of the Tutsi minority, there are still signs of continued discrimination, polarization and denial between the Tutsi and the Hutu majority. Survivors of the genocide, including victims of sexual violence, also remain traumatized. Genocide denial remains a problem at home and abroad. However, the goverment uses claims it is tackling denialism to severely repress its critics and freedom of expression and has even outlawed references to ethnic difference. These limits on free speech are hiding ethnic tensions that could escalate into renewed violence.$","Profile details checked","https://www.genocidewatch.com/country-pages/rwanda","https://d0dbb2cb-698c-4513-aa47-eba3a335e06f.filesusr.com/ugd/929b9e_0bfc3270438c423db31ffed0e291bb67.pdf","https://www.genocidewatch.com/country-pages/rwanda","","","base_country","0","","Polygon","EPSG:4326","Natural Earth 1:50m topology-simplified","ADMIN=Rwanda","Base-country geometry standardised to Natural Earth 1:50m and simplified jointly as one polygon coverage. Shared borders remain edge-matched; tolerance 0.12 degrees.","6dbc0a2a26730a25047a338ff32a727dea2ab164eaef85275055cdc6946eada2","","POLYGON ((29.57695 -1.38789, 29.82539 -1.33555, 29.93008 -1.46992, 30.36025 -1.07461, 30.50996 -1.06729, 30.47021 -1.13115, 30.8126 -1.56309, 30.82871 -2.33848, 30.55361 -2.4001, 30.4085 -2.31299, 30.14229 -2.41396, 29.93018 -2.33955, 29.86816 -2.71641, 29.39023 -2.80859, 29.06318 -2.60254, 29.01436 -2.72021, 28.87637 -2.40029, 29.10645 -2.2332, 29.12939 -1.86025, 29.35166 -1.51758, 29.57695 -1.38789))"
"4","4","Africa","Central Africa","dem-rep-congo","Dem. Rep. Congo","Congolese civilians

Inhabitants of western regions of the DRC- mainly North Kivu, South Kivu, and Goma","March 23 Movement (M23)

Democratic Forces for the Liberation of Rwanda (FDLR)

Rwandan and Congolese military forces","Emergency","7,8,9","3","9","OK","current","2025-02-01","The First Congo War began two years after the 1994 Genocide Against the Tutsi in Rwanda, when Hutu extremists, who fled into the Democratic Republic of the Congo, formed anti-Tutsi militias. Congolese Tutsi militias, along with Rwandan troops, organized against the Hutu militias and invaded the DRC. Violence between Rwanda and the DRC reignited in 1998 with the start of the Second Congo War. For the last two decades, conflict has continued in the country – exacerbated by international demand for rare minerals – between the Tutsi-led March 23 Movement (M23), the Hutu-led Democratic Forces for the Liberation of Rwanda (FDLR), and other militias supported by regional powers. M23 resurfaced in 2022 and captured the citiesof Goma, Bukavu, and Uvira in 2025, killing upwards of 8,500 people and displacing hundreds of thousands. It is estimated that six million people have died and seven million have been displaced since 1996.","Profile details checked","https://www.genocidewatch.com/country-pages/democratic-republic-of-the-congo","https://d0dbb2cb-698c-4513-aa47-eba3a335e06f.filesusr.com/ugd/2f3638_bfaafb3a2f6946a8aaeb571dd3aecf6e.pdf","https://www.genocidewatch.com/country-pages/democratic-republic-of-the-congo","","","base_country","0","","Polygon","EPSG:4326","Natural Earth 1:50m topology-simplified","ADMIN=Democratic Republic of the Congo","Base-country geometry standardised to Natural Earth 1:50m and simplified jointly as one polygon coverage. Shared borders remain edge-matched; tolerance 0.12 degrees.","c32dbb4c20371ee2aa6bf0eaab06fe3f5c2982ca761e3bb5b931555c8c9df453","","POLYGON ((30.75117 -8.19365, 28.97227 -8.46494, 28.91777 -8.70059, 28.6165 -9.07227, 28.40068 -9.2248, 28.63008 -9.83125, 28.63887 -10.66924, 28.54424 -10.80234, 28.35723 -11.48301, 28.48252 -11.81211, 29.06436 -12.34883, 29.42754 -12.43125, 29.55977 -12.20244, 29.79512 -12.15547, 29.79648 -13.36973, 29.5542 -13.24893, 29.20186 -13.39834, 29.01426 -13.36885, 28.67295 -12.86133, 28.55088 -12.83613, 28.35771 -12.48203, 27.5334 -12.19531, 27.19639 -11.60508, 27.04609 -11.61592, 26.94961 -11.89883, 26.59639 -11.97207, 26.02598 -11.89014, 25.34941 -11.62305, 25.31934 -11.23691, 24.33516 -11.37129, 24.31992 -11.07178, 23.9665 -10.87178, 23.83389 -11.01367, 23.4002 -10.97646, 23.15674 -11.0748, 22.56104 -11.05586, 22.27881 -11.19414, 22.17793 -10.89229, 22.30703 -10.69131, 22.27451 -10.25908, 22.08916 -9.86279, 21.81318 -9.46875, 21.90537 -8.69336, 21.8959 -8.34111, 21.78008 -7.86543, 21.8416 -7.421, 21.75107 -7.30547, 20.60781 -7.27773, 20.59873 -6.93516, 20.48223 -6.91582, 19.66035 -7.03711, 19.52764 -7.14443, 19.37168 -7.65508, 19.34082 -7.9666, 18.89834 -7.99814, 18.65342 -7.93604, 17.91309 -8.06768, 17.53604 -8.07588, 16.98477 -7.25742, 16.91943 -6.93398, 16.74297 -6.61846, 16.71777 -6.24141, 16.53711 -5.96582, 16.31523 -5.86563, 14.39863 -5.89268, 13.97852 -5.85723, 13.06816 -5.86484, 12.41172 -5.98633, 12.21367 -5.75869, 12.50371 -5.6958, 12.52236 -5.14893, 12.45146 -5.07148, 12.82969 -4.73662, 13.07275 -4.63477, 13.41494 -4.8374, 13.68535 -4.68867, 13.71709 -4.45449, 13.94092 -4.48467, 14.3583 -4.29941, 14.41074 -4.83125, 14.70791 -4.88174, 15.10625 -4.46104, 15.6001 -4.03096, 15.87246 -3.93428, 16.14678 -3.46416, 16.21738 -3.03027, 16.21533 -2.17783, 16.54072 -1.84014, 16.87988 -1.22588, 17.27881 -0.99961, 17.75283 -0.54902, 17.72412 -0.27754, 17.8877 0.23413, 17.90244 1.11807, 18.05781 1.53486, 18.07217 2.01328, 18.21162 2.41494, 18.49092 2.92441, 18.61035 3.47842, 18.63369 3.9543, 18.56748 4.25757, 18.83174 4.52344, 19.06855 4.89141, 19.50098 5.12749, 19.80654 5.08931, 20.22637 4.82964, 20.55811 4.4627, 20.95576 4.41313, 21.5376 4.24482, 21.68701 4.2814, 22.42217 4.13496, 22.75576 4.64668, 23.11592 4.73691, 23.41719 4.66313, 24.31982 4.99414, 24.76553 4.93008, 25.24932 5.02456, 25.5251 5.31211, 26.82207 5.0624, 27.11494 5.19785, 27.40332 5.10918, 27.78809 4.64468, 28.19209 4.35024, 28.42754 4.32417, 28.72705 4.50498, 29.15146 4.38818, 29.46963 4.61182, 29.67686 4.58691, 30.19492 3.98193, 30.5083 3.83569, 30.58672 3.62422, 30.83857 3.49072, 30.90645 3.40894, 30.754 3.0418, 30.84668 2.84702, 30.72861 2.45537, 31.17637 2.27007, 31.25273 2.04458, 30.94258 1.68281, 30.18291 0.97349, 29.94287 0.81924, 29.93447 0.49902, 29.71768 0.09834, 29.56191 -0.97734, 29.57695 -1.38789, 29.35166 -1.51758, 29.12939 -1.86025, 29.10645 -2.2332, 28.87637 -2.40029, 29.01436 -2.72021, 29.22441 -3.05352, 29.22324 -3.91084, 29.40322 -4.44932, 29.34277 -4.98311, 29.59414 -5.65078, 29.48008 -6.025, 29.54082 -6.31387, 29.70967 -6.61689, 30.10625 -6.91504, 30.31318 -7.20371, 30.75117 -8.19365))"
"5","5","Africa","Central Africa","republic-of-the-congo-congo-brazzaville","Republic of the Congo / Congo-Brazzaville","Pool region residents

Baka/Bayaka ""Pygmies""

Government critics","Government

State security forces","Warning","6,8","2","8","OK","current","","For almost four decades, President Denis Sassou Nguesso has maintained power in Congo-Brazaville through undemocratic means. He briefly lost power in the country's first multi-party elections in 1992, but he regained power in 1997 following a deadly civil war. After attacks occured during the 2016 elections, President Nguesso blamed an former militia from the civil war, the ""Ninjas."" His government reacted by launching a war in the Pool region, where Ninja fighters were based. It targeted civilians who had no relations with the Ninjas and used scorched-earth tactics by destroying entire villages. The war triggered a major humanitarian crisis. Additionally, Baka and Bayaka ""Pygmies,"" who are indigenous hunter-gatherer groups, face severe marginalization and persecution. Notably, non-consensual international conservationist efforts have led in part to the destruction of their culture and livelihoods, with forest rangers abusing them and preventing them from using their lands.","Draft — verify profile","https://www.genocidewatch.com/de/country-pages/republic-of-the-congo-%28congo-brazzaville%29","","https://www.genocidewatch.com/de/country-pages/republic-of-the-congo-%28congo-brazzaville%29","","","base_country","0","","Polygon","EPSG:4326","Natural Earth 1:50m topology-simplified","ADMIN=Republic of the Congo","Base-country geometry standardised to Natural Earth 1:50m and simplified jointly as one polygon coverage. Shared borders remain edge-matched; tolerance 0.12 degrees.","186aae0cd261c05ab6a0ec5d9869a16e35304e902fcc0335d1167fad8a922197","","POLYGON ((13.29355 2.16157, 14.48408 2.15474, 14.57891 2.19912, 14.90244 2.0123, 15.7416 1.91499, 16.05938 1.67622, 16.06963 2.02168, 16.1834 2.27007, 16.46855 2.83174, 16.49629 3.20884, 16.67334 3.53521, 17.00254 3.55669, 17.43799 3.68462, 18.16094 3.4998, 18.47441 3.623, 18.61035 3.47842, 18.49092 2.92441, 18.21162 2.41494, 18.07217 2.01328, 18.05781 1.53486, 17.90244 1.11807, 17.8877 0.23413, 17.72412 -0.27754, 17.75283 -0.54902, 17.27881 -0.99961, 16.87988 -1.22588, 16.54072 -1.84014, 16.21533 -2.17783, 16.21738 -3.03027, 16.14678 -3.46416, 15.87246 -3.93428, 15.6001 -4.03096, 15.10625 -4.46104, 14.70791 -4.88174, 14.41074 -4.83125, 14.3583 -4.29941, 13.94092 -4.48467, 13.71709 -4.45449, 13.68535 -4.68867, 13.41494 -4.8374, 13.07275 -4.63477, 12.88105 -4.44512, 12.38457 -4.61914, 12.01836 -5.0043, 11.77754 -4.56582, 11.13018 -3.91631, 11.28828 -3.64111, 11.5043 -3.52031, 11.84912 -3.69668, 11.93418 -3.31855, 11.68906 -3.12695, 11.76016 -2.98311, 11.53779 -2.83672, 11.60547 -2.34258, 12.06445 -2.4126, 12.44639 -2.32998, 12.43213 -1.92891, 12.59043 -1.82686, 12.79355 -1.93184, 12.99199 -2.31338, 13.46494 -2.39541, 13.73379 -2.13848, 13.88691 -2.46543, 14.0874 -2.46689, 14.16289 -2.21758, 14.38398 -1.89004, 14.45557 -1.41318, 14.41064 -0.97207, 14.48057 -0.61836, 14.06943 -0.27012, 13.86006 -0.20332, 13.88457 0.19082, 14.0875 0.53657, 14.32422 0.62422, 14.43447 0.81147, 14.18086 1.37021, 13.85137 1.41875, 13.27412 1.24102, 13.1627 1.6481, 13.29355 2.16157))"
"6","6","Africa","Central Africa","central-african-rep","Central African Rep.","Muslims

Fulani (Mbororo) Muslims

Christians

Civilians in mining areas

Women and girls","Christian Anti-Balaka militias
The Wagner Group
Séléka rebel factions
Coalition des Patriotes pour le Changement (CPC) and its affiliates
CAR Government, its security forces and foreign mercenaries allies","Emergency","5,6,8,9","4","9","OK","current","2022-12-01","After years of marginalization, the predominantly Muslim Séléka rebels seized power in 2013, sparking the rise of anti-Balaka militias claiming to defend Christian communities. Both sides have committed widespread human rights abuses; however, Muslim civilians have been disproportionately targeted, with an estimated 80% driven from the country. Within the Muslim population, Fulani (Mbororo) Muslims have faced particular targeting, often viewed as “foreigners” and insurgents.

Since the December 2020 elections, former rivals from the Séléka and anti-Balaka factions have formed unlikely alliances under coalitions such as the Coalition des Patriotes pour le Changement (CPC) to oppose the current government. These armed groups, along with Russian Wagner mercenaries supporting the government, have been implicated in massacres, sexual violence, and other crimes against humanity.","Profile details checked","https://www.genocidewatch.com/country-pages/central-african-republic","https://d0dbb2cb-698c-4513-aa47-eba3a335e06f.filesusr.com/ugd/1fc0cd_79c57cf637134528a23a5bec64703f7f.pdf","https://www.genocidewatch.com/country-pages/central-african-republic","","","base_country","0","","Polygon","EPSG:4326","Natural Earth 1:50m topology-simplified","ADMIN=Central African Republic","Base-country geometry standardised to Natural Earth 1:50m and simplified jointly as one polygon coverage. Shared borders remain edge-matched; tolerance 0.12 degrees.","c920e86d1cad24b723b34f1a3fe597c5ea318374c8f093ffc89b6e94f965daea","","POLYGON ((24.14736 8.66562, 24.29141 8.29141, 24.85332 8.13755, 25.24736 7.72456, 25.19014 7.51934, 25.38066 7.3334, 25.88896 7.06494, 26.36182 6.6353, 26.30859 6.45532, 26.51426 6.06924, 27.0834 5.77686, 27.21338 5.6188, 27.25674 5.28965, 27.40332 5.10918, 27.11494 5.19785, 26.82207 5.0624, 25.5251 5.31211, 25.24932 5.02456, 24.76553 4.93008, 24.31982 4.99414, 23.41719 4.66313, 23.11592 4.73691, 22.75576 4.64668, 22.42217 4.13496, 21.68701 4.2814, 21.5376 4.24482, 20.95576 4.41313, 20.55811 4.4627, 20.22637 4.82964, 19.80654 5.08931, 19.50098 5.12749, 19.06855 4.89141, 18.83174 4.52344, 18.56748 4.25757, 18.63369 3.9543, 18.61035 3.47842, 18.47441 3.623, 18.16094 3.4998, 17.43799 3.68462, 17.00254 3.55669, 16.67334 3.53521, 16.49629 3.20884, 16.46855 2.83174, 16.1834 2.27007, 16.06348 2.90859, 15.775 3.1272, 15.12871 3.8269, 15.13691 4.06914, 15.02275 4.35854, 14.70898 4.66558, 14.64062 5.17905, 14.56299 5.27993, 14.61689 5.86514, 14.43115 6.03872, 14.73926 6.27979, 15.03457 6.78442, 15.2459 7.26357, 15.48008 7.52378, 15.84502 7.47529, 16.37891 7.68354, 16.54531 7.86548, 16.78477 7.55098, 17.64941 7.98359, 18.5916 8.06079, 19.10869 8.65615, 18.88828 8.88975, 19.14551 9.01597, 19.66836 9.0209, 20.07266 9.1332, 20.34209 9.1271, 20.77324 9.40566, 21.26387 9.97461, 21.396 10.00137, 21.72578 10.36655, 21.70654 10.5748, 22.04316 10.82271, 22.49385 10.99624, 22.86006 10.91968, 23.3123 10.38794, 23.64629 9.8229, 23.62266 9.34062, 23.46826 9.11475, 23.5373 8.81582, 23.6793 8.73247, 24.14736 8.66562))"
"7","7","Africa","Central Africa","south-sudan","South Sudan","Civilians (especially ethnic Dinka and Nuer), women and girls, children (including child soldiers and sexual slavery victims)","South Sudan People’s Defense Forces (SSPDF), Sudan People’s Liberation Army-In Opposition (SPLA-IO), ethnic Dinka and Nuer militias","Emergency","9","1","9","OK","current","2024-07-14","Since South Sudan's civil war began in 2013, Dinka government forces and Nuer militias have tortured, raped, and killed hundreds of thousands civilians based on ethnicity. Conflict in the country has resulted in 2.4 million refugees and 2.3 million internally displaced. Today, an estimated 9.4 million people require humanitarian assisstance and 7.1 million civilians face acute food insecurity. Growing insecurity due to the ongoing civil war has resulted in a steady increase in mass rape and gender-based violence. Renewed violence threatens the country's fragile peace deal.","Profile details checked","https://www.genocidewatch.com/country-pages/south-sudan","https://d0dbb2cb-698c-4513-aa47-eba3a335e06f.filesusr.com/ugd/d84bd5_54a28ac4ae614011a5e8579c40bfa992.pdf","https://www.genocidewatch.com/country-pages/south-sudan","","","base_country","0","","Polygon","EPSG:4326","Natural Earth 1:50m topology-simplified","ADMIN=South Sudan","Base-country geometry standardised to Natural Earth 1:50m and simplified jointly as one polygon coverage. Shared borders remain edge-matched; tolerance 0.12 degrees.","bbd01dc69398babe709b3f48584f03f1e12282cf6b839ffa407787e04f861695","","POLYGON ((33.97607 4.22021, 33.48936 3.75508, 33.1541 3.77471, 32.99727 3.88018, 32.33574 3.7062, 32.15625 3.52803, 31.9418 3.60757, 31.79805 3.80264, 31.47998 3.68047, 31.15234 3.7856, 30.83857 3.49072, 30.58672 3.62422, 30.5083 3.83569, 30.19492 3.98193, 29.67686 4.58691, 29.46963 4.61182, 29.15146 4.38818, 28.72705 4.50498, 28.42754 4.32417, 28.19209 4.35024, 27.78809 4.64468, 27.40332 5.10918, 27.25674 5.28965, 27.21338 5.6188, 27.0834 5.77686, 26.51426 6.06924, 26.30859 6.45532, 26.36182 6.6353, 25.88896 7.06494, 25.38066 7.3334, 25.19014 7.51934, 25.24736 7.72456, 24.85332 8.13755, 24.29141 8.29141, 24.14736 8.66562, 24.53193 8.88691, 24.78525 9.77466, 25.00293 10.05527, 25.06699 10.2938, 25.79805 10.42051, 25.8915 10.20273, 26.16953 9.96592, 26.55137 9.52583, 26.76318 9.49922, 27.07422 9.61382, 27.88584 9.59966, 28.04893 9.32861, 28.84453 9.32607, 28.99961 9.61016, 29.47314 9.7686, 29.60547 10.06509, 30.00303 10.27739, 30.47461 9.97896, 30.73936 9.74268, 31.2249 9.79927, 31.65488 10.22114, 31.93301 10.6625, 32.4041 11.05776, 32.33535 11.71602, 32.07227 12.00674, 32.73672 12.00967, 32.72188 12.2231, 33.19932 12.21729, 33.07305 11.5915, 33.17217 10.85015, 33.89219 10.19897, 33.95918 9.84526, 33.89092 9.46221, 34.07812 9.46152, 34.09453 8.58223, 33.95332 8.44351, 33.23428 8.39639, 33.0126 7.95151, 33.22598 7.76064, 33.66611 7.671, 33.90244 7.50952, 34.06426 7.22573, 34.71064 6.6603, 35.08193 5.67314, 35.26836 5.49229, 33.97607 4.22021))"
"8","8","Africa","Central Africa","sudan","Sudan","Masalit and other non-Arab ethnic groups, civilians, women and girls in Darfur and Kordofan regions","Rapid Support Forces (RSF), Sudanese Armed Forces (SAF)","Emergency","7,8,9","3","9","OK","current","2026-07-01","Ethnic tensions between Arab and non-Arab African tribes have long existed in Sudan, and genocide against non-Arab Sudanese has been ongoing since 1983. The RSF and Arab militias are attacking villages and IDP camps, killing and displacing primarily non-Arab civilians. Genocidal violence has continued despite the ongoing peace process between the Sudanese government and non-Arab rebel groups.","Profile details checked","https://www.genocidewatch.com/country-pages/sudan","https://d0dbb2cb-698c-4513-aa47-eba3a335e06f.filesusr.com/ugd/c55129_9922895225e6415182df20d19d247f35.pdf","https://www.genocidewatch.com/country-pages/sudan","","","base_country","0","","Polygon","EPSG:4326","Natural Earth 1:50m topology-simplified","ADMIN=Sudan","Base-country geometry standardised to Natural Earth 1:50m and simplified jointly as one polygon coverage. Shared borders remain edge-matched; tolerance 0.12 degrees.","7002e7c11fce3734e79674ef0c93e61fdfc6b70e2e2f43dae727d61a4ecd4a6d","","POLYGON ((34.07812 9.46152, 33.89092 9.46221, 33.95918 9.84526, 33.89219 10.19897, 33.17217 10.85015, 33.07305 11.5915, 33.19932 12.21729, 32.72188 12.2231, 32.73672 12.00967, 32.07227 12.00674, 32.33535 11.71602, 32.4041 11.05776, 31.93301 10.6625, 31.65488 10.22114, 31.2249 9.79927, 30.73936 9.74268, 30.47461 9.97896, 30.00303 10.27739, 29.60547 10.06509, 29.47314 9.7686, 28.99961 9.61016, 28.84453 9.32607, 28.04893 9.32861, 27.88584 9.59966, 27.07422 9.61382, 26.76318 9.49922, 26.55137 9.52583, 26.16953 9.96592, 25.8915 10.20273, 25.79805 10.42051, 25.06699 10.2938, 25.00293 10.05527, 24.78525 9.77466, 24.53193 8.88691, 24.14736 8.66562, 23.6793 8.73247, 23.5373 8.81582, 23.46826 9.11475, 23.62266 9.34062, 23.64629 9.8229, 23.3123 10.38794, 22.86006 10.91968, 22.92266 11.34487, 22.55635 11.66953, 22.58096 11.99014, 22.48984 12.04473, 22.35234 12.66045, 22.00068 12.67188, 21.82529 12.79053, 21.99023 13.11309, 22.22813 13.32959, 22.10762 13.73032, 22.17314 13.9106, 22.50996 14.12744, 22.38154 14.55049, 22.6709 14.72246, 22.76328 14.99868, 22.93232 15.16211, 22.93389 15.53311, 23.10518 15.70254, 23.9834 15.78018, 23.98027 19.49663, 23.98027 19.99595, 24.97949 20.00259, 24.98027 21.99585, 31.20918 21.99487, 31.3585 22.18862, 31.43447 21.99585, 36.87139 21.99673, 36.92695 21.58652, 37.21172 21.18584, 37.15059 21.10376, 37.22754 20.55674, 37.19316 20.1207, 37.24844 19.58188, 37.47129 18.82012, 37.92188 18.55591, 38.20176 18.24941, 38.60947 18.00508, 38.25352 17.58477, 37.78242 17.45801, 37.51016 17.28813, 37.41104 17.06172, 37.00898 17.05889, 36.88779 16.62466, 36.91377 16.29619, 36.52178 15.25015, 36.42676 15.13208, 36.52432 14.25684, 36.39062 13.62607, 36.21221 13.27109, 36.10752 12.72646, 35.82061 12.68486, 35.59609 12.5373, 35.25244 11.95703, 35.1123 11.81655, 34.96074 11.27676, 34.93145 10.86479, 34.77129 10.74619, 34.57188 10.88018, 34.27568 10.52812, 34.2915 10.12476, 34.12031 9.72969, 34.07812 9.46152))"
"9","9","Africa","Central Africa","chad","Chad","Arab herders 

Non-Arab farmers (Ouaddai, Sila, Salamat provinces) 

Lake Chad Basin civilians 

Southerners","Arab herders 
Non-Arab farmers (Ouaddai, Sila, Salamat provinces)
Boko Haram 
The Islamic State in West Africa Province (ISWAP)
Chadian security forces","Warning","5,6","2","6","OK","current","2021-07-01","The profile describes repression following Idriss Déby’s death, Boko Haram and ISWAP attacks around Lake Chad, abuses by security forces and increasing farmer-herder violence in eastern and southern regions.","Profile details checked","https://www.genocidewatch.com/country-pages/chad-","https://d0dbb2cb-698c-4513-aa47-eba3a335e06f.filesusr.com/ugd/28e65b_31ba7e8fbdc44c42ad5073a9b45d859a.pdf","https://www.genocidewatch.com/country-pages/chad","","","base_country","0","","Polygon","EPSG:4326","Natural Earth 1:50m topology-simplified","ADMIN=Chad","Base-country geometry standardised to Natural Earth 1:50m and simplified jointly as one polygon coverage. Shared borders remain edge-matched; tolerance 0.12 degrees.","706e0fbaa97b6a28e93801faad56122f10f273fc4576c52467e8b6ba611e318b","","POLYGON ((23.98027 19.49663, 23.9834 15.78018, 23.10518 15.70254, 22.93389 15.53311, 22.93232 15.16211, 22.76328 14.99868, 22.6709 14.72246, 22.38154 14.55049, 22.50996 14.12744, 22.17314 13.9106, 22.10762 13.73032, 22.22813 13.32959, 21.99023 13.11309, 21.82529 12.79053, 22.00068 12.67188, 22.35234 12.66045, 22.48984 12.04473, 22.58096 11.99014, 22.55635 11.66953, 22.92266 11.34487, 22.86006 10.91968, 22.49385 10.99624, 22.04316 10.82271, 21.70654 10.5748, 21.72578 10.36655, 21.396 10.00137, 21.26387 9.97461, 20.77324 9.40566, 20.34209 9.1271, 20.07266 9.1332, 19.66836 9.0209, 19.14551 9.01597, 18.88828 8.88975, 19.10869 8.65615, 18.5916 8.06079, 17.64941 7.98359, 16.78477 7.55098, 16.54531 7.86548, 16.37891 7.68354, 15.84502 7.47529, 15.48008 7.52378, 15.5498 7.78789, 15.44297 7.85186, 15.11621 8.55732, 14.33232 9.20352, 13.97725 9.69155, 14.24326 9.97974, 14.83584 9.9417, 15.65488 10.00781, 15.27607 10.35737, 15.06865 10.85107, 15.02988 11.11367, 15.12197 11.54126, 15.08125 11.84551, 14.76123 12.65562, 14.54473 12.82021, 14.51621 12.97974, 14.06396 13.07852, 13.60635 13.70459, 13.44824 14.38066, 13.80713 14.96611, 14.36797 15.75015, 15.47432 16.9084, 15.73506 19.90405, 15.94883 20.30317, 15.58711 20.7333, 15.60732 20.95439, 15.18184 21.52339, 15.17227 21.92207, 14.979 22.99619, 15.98408 23.44521, 23.98027 19.49663))"
"10","10","Africa","East Africa","eritrea","Eritrea","Ethnic Tigrayans, Jehovah’s Witnesses, unrecognized religious groups, political dissidents, journalists, students forced into military conscription","Eritrean government, Eritrean army, President Isaias Afwerki","Watch","3,5,6","3","6","OK","current","2025-11-01","Eritrea is among the most oppressed and censored countries in the world due to decrees that grant President Isaias Afwerki total power to target civil rights and silence media. In late 2020, the Ethiopian military invaded the Tigray region of Ethiopia with the tacit consent of the Ethiopian government, as both countries see the Tigrayan Peoples Liberation Front (TPLF) as a common enemy. Eritrean soldiers have targeted ethnic Tigrayans with pillage, mass rape, and genocidal massacres.","Profile details checked","https://www.genocidewatch.com/country-pages/eritrea","https://d0dbb2cb-698c-4513-aa47-eba3a335e06f.filesusr.com/ugd/2f3638_d22135b2549e4abc8bfd60139dbab4ac.pdf","https://www.genocidewatch.com/country-pages/eritrea","","","base_country","0","","MultiPolygon","EPSG:4326","Natural Earth 1:50m topology-simplified","ADMIN=Eritrea","Base-country geometry standardised to Natural Earth 1:50m and simplified jointly as one polygon coverage. Shared borders remain edge-matched; tolerance 0.12 degrees.","669c134176c53ac3f898f7364cb85f4748ef4ca2ec67e48f6da5ac877ec50ed9","","MULTIPOLYGON (((36.52432 14.25684, 36.42676 15.13208, 36.52178 15.25015, 36.91377 16.29619, 36.88779 16.62466, 37.00898 17.05889, 37.41104 17.06172, 37.51016 17.28813, 37.78242 17.45801, 38.25352 17.58477, 38.60947 18.00508, 38.91172 17.42715, 39.14258 16.72915, 39.29893 15.92109, 39.78555 15.12485, 39.86377 15.47031, 40.04102 15.33452, 40.2041 15.01411, 40.63438 14.88301, 40.79932 14.74302, 41.17646 14.62031, 41.6582 13.98306, 42.24512 13.58765, 42.39932 13.2126, 42.52285 13.22148, 42.79619 12.86426, 43.1167 12.70859, 42.86592 12.6228, 42.67012 12.37656, 42.37852 12.46641, 41.95215 12.88232, 41.76504 13.18394, 41.36289 13.4998, 40.76953 14.14448, 40.22148 14.43115, 39.53184 14.53672, 39.19805 14.47939, 39.07422 14.62822, 38.81201 14.48232, 38.50439 14.42441, 37.88418 14.85229, 37.57119 14.14907, 37.25723 14.45376, 37.02451 14.27197, 36.52432 14.25684)), ((40.11006 15.98574, 39.99609 16.04268, 40.04814 16.10449, 40.11006 15.98574)), ((40.18252 15.64292, 39.9752 15.61245, 40.04258 15.87549, 40.18252 15.64292)))"
"11","11","Africa","East Africa","ethiopia","Ethiopia","Tigrayans

Amhara

Oromos

Somali Refugees","Ethiopian Military Forces

Eritrean Military Forces

Tigray People’s Liberation Front (TPLF)

Oromo Liberation Army (OLA)

Fano Militia","Warning","3,5,10","3","10","OK","current","2026-04-01","There has been no accountability in the aftermath of the Tigrayan Genocide during Ethiopia's 2020-2022 civil war. Today, amidst rising tensions between Ethiopia and Eritrea, many fear a violent escalation. Furthermore, persecution of Tigrayans continues with arbitrary detentions and restrictions on movement. State-sanctioned violence against people in the Amhara and Oromo regions, alongside active conflict with the OLA and the Fano Militia, pose additional threats to civilians.","Profile details checked","https://www.genocidewatch.com/country-pages/ethiopia","https://d0dbb2cb-698c-4513-aa47-eba3a335e06f.filesusr.com/ugd/c55129_bfbfb1f65ed940fa9d539da7f192d563.pdf","https://www.genocidewatch.com/country-pages/ethiopia","","","base_country","0","","Polygon","EPSG:4326","Natural Earth 1:50m topology-simplified","ADMIN=Ethiopia","Base-country geometry standardised to Natural Earth 1:50m and simplified jointly as one polygon coverage. Shared borders remain edge-matched; tolerance 0.12 degrees.","7b88090a44fb9992e298d73b994b75b87a6f8f0da2f8993d07a021a1b21dee41","","POLYGON ((35.26836 5.49229, 35.08193 5.67314, 34.71064 6.6603, 34.06426 7.22573, 33.90244 7.50952, 33.66611 7.671, 33.22598 7.76064, 33.0126 7.95151, 33.23428 8.39639, 33.95332 8.44351, 34.09453 8.58223, 34.07812 9.46152, 34.12031 9.72969, 34.2915 10.12476, 34.27568 10.52812, 34.57188 10.88018, 34.77129 10.74619, 34.93145 10.86479, 34.96074 11.27676, 35.1123 11.81655, 35.25244 11.95703, 35.59609 12.5373, 35.82061 12.68486, 36.10752 12.72646, 36.21221 13.27109, 36.39062 13.62607, 36.52432 14.25684, 37.02451 14.27197, 37.25723 14.45376, 37.57119 14.14907, 37.88418 14.85229, 38.50439 14.42441, 38.81201 14.48232, 39.07422 14.62822, 39.19805 14.47939, 39.53184 14.53672, 40.22148 14.43115, 40.76953 14.14448, 41.36289 13.4998, 41.76504 13.18394, 41.95215 12.88232, 42.37852 12.46641, 41.7665 11.58911, 41.79824 10.98047, 41.95742 10.94102, 42.55771 11.08076, 42.92275 10.99932, 42.65957 10.62139, 42.8416 10.20308, 43.18164 9.87998, 43.48252 9.37949, 43.62051 9.3374, 44.02285 8.98604, 45.55547 8.48301, 46.97822 7.99707, 47.97822 7.99707, 46.42295 6.49727, 45.93496 5.99722, 44.94053 4.91201, 43.98887 4.95054, 43.5835 4.85498, 43.12568 4.64448, 42.7916 4.29199, 42.02412 4.13794, 41.88398 3.97773, 41.2209 3.94355, 40.76523 4.27305, 39.84219 3.85146, 39.49443 3.4561, 38.60801 3.6001, 38.08613 3.64883, 36.90557 4.41147, 36.08193 4.44971, 35.76309 4.80801, 35.74502 5.34399, 35.26836 5.49229))"
"12","12","Africa","East Africa","kenya","Kenya","Nomadic pastoralists (Somalis and Maasai), Hunter-gatherers, Muslims, Other minorities and indigenous groups","Government, State security forces","Watch","1,2,3,4","4","4","OK","current","2025-08-04","Democratic safeguards have begun to erode in Kenya. The progressive Constitution of 2010 faces serious challenges in the form of executive overreach by President Ruto, who has also largely failed to address a growing affordability crisis. These circumstances, coupled with escalating state violence and a controversial finance bill, caused Kenyans to take to the streets in mid-2024. The state repressed these protests harshly, killing dozens of protesters. Violence against women, girls, and LGBTQ+ persons remains prolific. Meanwhile, the dismantling of USAID has put extreme pressure on Kenya's extensive refugee system, causing conditions within the encampments to deteriorate further.","Profile details checked","https://www.genocidewatch.com/country-pages/kenya","https://d0dbb2cb-698c-4513-aa47-eba3a335e06f.filesusr.com/ugd/b82de0_8b1ff3eef83d426da464a8b14f7af88d.pdf","https://www.genocidewatch.com/country-pages/kenya","","","base_country","0","","MultiPolygon","EPSG:4326","Natural Earth 1:50m topology-simplified","ADMIN=Kenya","Base-country geometry standardised to Natural Earth 1:50m and simplified jointly as one polygon coverage. Shared borders remain edge-matched; tolerance 0.12 degrees.","350b9e4d6046879373d48124bc4885f3a4b0e5d962394d5bf65f0caa722675b2","","MULTIPOLYGON (((40.95732 -2.16729, 41.08604 -2.03652, 41.11816 -2.1001, 40.95732 -2.16729)), ((33.90322 -1.00205, 33.94316 0.17378, 34.16094 0.60518, 34.48174 1.04214, 34.7876 1.23071, 34.96523 1.64336, 34.90576 2.47969, 34.74248 2.81812, 34.44785 3.16348, 34.39287 3.6915, 34.16504 3.81299, 33.97607 4.22021, 35.26836 5.49229, 35.74502 5.34399, 35.76309 4.80801, 36.08193 4.44971, 36.90557 4.41147, 38.08613 3.64883, 38.60801 3.6001, 39.49443 3.4561, 39.84219 3.85146, 40.76523 4.27305, 41.2209 3.94355, 41.88398 3.97773, 41.3418 3.20166, 40.96445 2.81465, 40.97871 -0.87031, 41.52188 -1.57227, 41.53271 -1.69531, 41.38691 -1.86699, 40.88975 -2.02354, 40.92236 -2.19375, 40.64414 -2.53945, 40.40449 -2.55566, 40.22246 -2.68838, 40.11543 -3.25059, 39.86094 -3.57676, 39.81914 -3.78604, 39.49092 -4.47842, 39.22178 -4.69238, 37.79727 -3.67441, 37.60869 -3.46025, 37.64385 -3.04541, 34.05156 -1.03984, 33.90322 -1.00205)))"
"13","13","Africa","East Africa","somalia","Somalia","Somali Civilians

Journalists

Refugees and IDPs","Al-Shabaab and Allies

Somali Security Forces

Clan Militias","Emergency","5,6,8,9","4","9","OK","current","2026-04-14","Somalia is in the midst of a conflict between the Somali Federal Government and the terrorist group Al-Shabaab. Al-Shabaab is responsible for mass attacks as well as blocking humanitarian aid, even as Somalia is on the verge of famine. Civilians, including journalists and women in internally-displaced persons camps, face persecution and violence.","Profile details checked","https://www.genocidewatch.com/country-pages/somalia","https://d0dbb2cb-698c-4513-aa47-eba3a335e06f.filesusr.com/ugd/476ea7_6a415f3362f3472fa35e290fda435880.pdf","https://www.genocidewatch.com/country-pages/somalia","","","base_country","0","","Polygon","EPSG:4326","Natural Earth 1:50m topology-simplified","ADMIN=Somalia","Base-country geometry standardised to Natural Earth 1:50m and simplified jointly as one polygon coverage. Shared borders remain edge-matched; tolerance 0.12 degrees.","e4729a1a2420b3e60420fefaf18421d17ea74b58fb08d07159c96021ea2681c8","","POLYGON ((41.53271 -1.69531, 41.52188 -1.57227, 40.97871 -0.87031, 40.96445 2.81465, 41.3418 3.20166, 41.88398 3.97773, 42.02412 4.13794, 42.7916 4.29199, 43.12568 4.64448, 43.5835 4.85498, 43.98887 4.95054, 44.94053 4.91201, 45.93496 5.99722, 46.42295 6.49727, 47.97822 7.99707, 48.93809 9.45176, 48.93857 11.25845, 49.64209 11.45093, 50.11006 11.5293, 50.79229 11.98369, 51.25488 11.83071, 51.08428 11.33564, 51.14062 10.65688, 51.38457 10.38652, 51.20879 10.43105, 50.93008 10.33555, 50.825 9.42817, 50.42979 8.84526, 50.10283 8.1998, 49.85205 7.96255, 49.76123 7.65952, 49.34854 6.99053, 49.09268 6.40786, 49.04932 6.17363, 48.64902 5.49438, 48.23398 4.95269, 47.97529 4.49702, 46.87881 3.28564, 46.05117 2.47515, 45.82627 2.30986, 44.92021 1.81016, 44.33271 1.39097, 43.46768 0.62163, 42.56074 -0.32148, 41.97988 -0.97305, 41.53271 -1.69531))"
"14","14","Africa","East Africa","tanzania","Tanzania","Maasai

Barabaig pastoralists

Other Indigenous Groups

Women and Girls

LGBTQIA+ People","The Government

State Police and Security Forces","Warning","3,4,5","3","5","OK","current","2024-03-14","In 2025, Tanzania’s reputation for stability was tarnished as the nation’s presidential elections devolved into a prolonged period of political violence. Rather than an isolated incident, the demonstrations and subsequent repression are indicative of Tanzania’s intensifying authoritarian slide. Since 2021, President Samia Suluhu Hassan has cracked down on political dissent, indigenous rights, and has failed to protect women, as well as LGBTQ+ individuals, from escalating gender-based violence.","Profile details checked","https://www.genocidewatch.com/country-pages/tanzania","https://d0dbb2cb-698c-4513-aa47-eba3a335e06f.filesusr.com/https%3A/d0dbb2cb-698c-4513-aa47-eba3a335e06f.usrfiles.com/ugd/b82de0_04a226439b3b44088c74e75a5d0a7c3f.pdf","https://www.genocidewatch.com/country-pages/tanzania","","","base_country","0","","MultiPolygon","EPSG:4326","Natural Earth 1:50m topology-simplified","NAME_LONG=Tanzania","Base-country geometry standardised to Natural Earth 1:50m and simplified jointly as one polygon coverage. Shared borders remain edge-matched; tolerance 0.12 degrees.","244afff3fe3de61c9e2701fcd28b8151197a0a9450282d38cf1e738aa78f108d","","MULTIPOLYGON (((39.57305 -6.3874, 39.24346 -6.275, 39.19238 -5.93105, 39.30898 -5.72197, 39.57305 -6.3874)), ((39.86504 -4.90615, 39.85303 -5.25547, 39.64678 -5.36855, 39.67344 -4.92705, 39.86504 -4.90615)), ((32.91992 -9.40742, 32.4332 -9.15635, 31.94258 -9.054, 31.67363 -8.90879, 31.35059 -8.60703, 31.07637 -8.61191, 30.83066 -8.38555, 30.75117 -8.19365, 30.31318 -7.20371, 30.10625 -6.91504, 29.70967 -6.61689, 29.54082 -6.31387, 29.48008 -6.025, 29.59414 -5.65078, 29.34277 -4.98311, 29.40322 -4.44932, 29.71777 -4.45586, 30.14717 -4.08535, 30.425 -3.58887, 30.79023 -3.27461, 30.78027 -2.98486, 30.51504 -2.91758, 30.42422 -2.6416, 30.55361 -2.4001, 30.82871 -2.33848, 30.8126 -1.56309, 30.47021 -1.13115, 30.50996 -1.06729, 30.84473 -1.00205, 33.90322 -1.00205, 34.05156 -1.03984, 37.64385 -3.04541, 37.60869 -3.46025, 37.79727 -3.67441, 39.22178 -4.69238, 38.97822 -5.51855, 38.81924 -5.87764, 38.87402 -6.33125, 39.47236 -6.87861, 39.54609 -7.02402, 39.28848 -7.51787, 39.28701 -7.7877, 39.44102 -8.01152, 39.304 -8.44385, 39.45127 -8.94297, 39.64131 -9.19248, 39.62549 -9.40947, 39.78379 -9.91455, 40.46357 -10.46436, 39.98867 -10.8208, 39.32158 -11.12256, 38.79473 -11.22891, 38.4918 -11.41328, 38.17656 -11.27871, 37.92021 -11.29473, 37.8293 -11.48193, 37.37285 -11.71045, 36.87266 -11.57129, 36.51865 -11.71621, 36.19131 -11.6707, 36.08223 -11.5373, 35.78545 -11.45293, 35.63096 -11.58203, 34.95947 -11.57812, 34.59766 -11.0375, 34.66709 -10.79248, 34.52422 -10.03018, 34.3209 -9.73154, 33.99561 -9.49541, 33.94395 -9.67217, 33.4209 -9.60801, 32.91992 -9.40742)), ((39.60293 -7.93613, 39.84658 -7.73027, 39.82441 -7.90068, 39.60293 -7.93613)))"
"15","15","Africa","East Africa","seychelles","Seychelles","Political opposition members and supporters

Journalists and media workers

Civil society activists and government critics","State institutions

Political eltes","Watch","1,3","2","3","OK","current","2026-04-30","Seychelles is a small, high-income island state in the Indian Ocean with a history of one-party rule and centralized governance. Since its transition to multiparty democracy in 1993 and the peaceful transfer of power in 2020, the country has made important democratic gains. While it remains at low risk for mass atrocities and lacks significant ethnic or religious divisions, concerns persist around political polarization, corruption, media freedoms, and concentrated political power. Strengthening democratic institutions, judicial independence, and inclusive governance will be critical to maintaining stability and preventing future risks.","Draft — verify profile","https://www.genocidewatch.com/de/country-pages/seychelles","https://d0dbb2cb-698c-4513-aa47-eba3a335e06f.filesusr.com/ugd/0df67a_fb869dd9257846e782248b0a747a821f.pdf","https://www.genocidewatch.com/de/country-pages/seychelles","","","base_country","0","","Polygon","EPSG:4326","Natural Earth 1:50m topology-simplified","ADMIN=Seychelles","Base-country geometry standardised to Natural Earth 1:50m and simplified jointly as one polygon coverage. Shared borders remain edge-matched; tolerance 0.12 degrees.","db0947a4171686caeb93be94ce293d46afb89525dfe25bbd64b2c0a879922f51","","POLYGON ((55.54297 -4.78555, 55.3834 -4.60928, 55.45576 -4.55879, 55.54297 -4.78555))"
"16","16","Africa","West Africa","guinea","Guinea","Protestors, Government Opposition","Government, Security","Watch","6","1","6","OK","current","2021-03-01","Since gaining independence from France in 1958, Guinea has experienced decades of political instability, authoritarian rule, and episodic state-led mass violence that continues to this day. In 2008, a military junta seized control of the country in a bloodless coup. The junta cracked down on civil society and all forms of political dissent, culminating in the September 2009 massacre of more than 150 civilians and the mass rape of protesters by security forces.","Profile details checked","https://www.genocidewatch.com/country-pages/guinea","https://d0dbb2cb-698c-4513-aa47-eba3a335e06f.filesusr.com/ugd/09ea84_7ae29fc580b74d2f8a84c2b5926f2b48.pdf","https://www.genocidewatch.com/country-pages/guinea","","","base_country","0","","Polygon","EPSG:4326","Natural Earth 1:50m topology-simplified","ADMIN=Guinea","Base-country geometry standardised to Natural Earth 1:50m and simplified jointly as one polygon coverage. Shared borders remain edge-matched; tolerance 0.12 degrees.","04b2be8b513c31e42b6dd0c6c2826b74dbb6cbc56e9b9c4e8c3be8758923a816","","POLYGON ((-15.04302 10.94014, -14.68296 11.5085, -14.26558 11.65991, -13.73276 11.73604, -13.73799 12.00967, -13.94888 12.17817, -13.70791 12.3127, -13.72925 12.67393, -13.08291 12.63354, -13.01191 12.47764, -12.29121 12.32803, -12.04238 12.39805, -11.3894 12.40439, -11.5022 12.19863, -11.30518 12.01543, -10.9332 12.20518, -10.67734 11.89941, -10.46582 12.13867, -10.27485 12.21265, -9.8207 12.04248, -9.35811 12.25542, -9.39536 12.46465, -9.04307 12.40234, -8.81831 11.92251, -8.82202 11.67324, -8.40747 11.38628, -8.66392 11.03584, -8.3374 10.99062, -8.23149 10.43799, -8.00728 10.32187, -7.99062 10.1625, -8.13662 10.02207, -8.13696 9.4957, -7.89619 9.41587, -7.91807 9.18853, -7.77798 9.08086, -7.93818 8.97979, -7.95098 8.78682, -7.78403 8.72061, -7.6812 8.41035, -8.04912 8.49531, -8.23696 8.45566, -8.2561 8.25371, -8.01675 8.14492, -8.23188 7.55674, -8.48643 7.5585, -8.7083 7.65889, -8.88965 7.2627, -9.11758 7.21592, -9.46382 7.41587, -9.36895 7.63955, -9.51826 8.34609, -9.76826 8.53457, -10.06436 8.42988, -10.39443 8.48096, -10.71211 8.33525, -10.50054 8.68755, -10.61597 9.05918, -10.74995 9.12236, -10.69053 9.31426, -11.20566 9.97773, -11.91108 9.99302, -12.14233 9.87539, -12.50146 9.86216, -12.75586 9.37358, -13.02803 9.10356, -13.29268 9.04922, -13.26948 9.17056, -13.65713 9.63911, -13.68979 9.92778, -13.95464 9.9687, -14.04502 10.14126, -14.4269 10.24834, -14.77593 10.93164, -15.04302 10.94014))"
"17","17","Africa","West Africa","guinea-bissau","Guinea-Bissau","Anti-corruption advocates,
Human rights leaders","Corrupt military government, Drug cartels","Watch","5","1","5","OK","current","2023-02-01","Guinea-Bissau is a narco-state, according to the UN. It is an entrepot for drug shipments from South America to Europe. Its military and police are corrupt. Anti-corruption campaigners are murdered.","Profile details checked","https://www.genocidewatch.com/country-pages/guinea-bissau","https://www.genocidewatch.com/_files/ugd/df1038_c4f14c28532a4dfca8992b0924b30695.pdf","https://www.genocidewatch.com/country-pages/guinea-bissau","","","base_country","0","","MultiPolygon","EPSG:4326","Natural Earth 1:50m topology-simplified","ADMIN=Guinea-Bissau","Base-country geometry standardised to Natural Earth 1:50m and simplified jointly as one polygon coverage. Shared borders remain edge-matched; tolerance 0.12 degrees.","73c5d87bbd14da1548de96daa714cb3f6f42e86167bea67c6ff650378e42413b","","MULTIPOLYGON (((-16.71182 12.35483, -16.14419 12.45742, -15.5748 12.49038, -15.19609 12.67993, -13.72925 12.67393, -13.70791 12.3127, -13.94888 12.17817, -13.73799 12.00967, -13.73276 11.73604, -14.26558 11.65991, -14.68296 11.5085, -15.04302 10.94014, -15.05459 11.14194, -15.39312 11.21724, -15.4291 11.49888, -15.07266 11.5978, -15.41299 11.61523, -15.43477 11.94355, -15.81938 11.76348, -15.95879 11.95962, -16.27432 11.97812, -16.31885 12.14375, -16.71182 12.35483)), ((-16.19453 11.04458, -16.23643 11.11343, -16.06733 11.19722, -16.19453 11.04458)), ((-15.90518 11.05474, -15.96396 11.05898, -15.9377 11.19277, -15.90518 11.05474)), ((-15.77979 11.19453, -15.71748 11.30176, -15.65835 11.28647, -15.77979 11.19453)), ((-15.61963 11.5335, -15.48247 11.63232, -15.48442 11.56753, -15.61963 11.5335)), ((-15.90181 11.46582, -16.02319 11.47715, -15.96455 11.59829, -15.90181 11.46582)), ((-15.98643 11.88203, -16.03833 11.75972, -16.15244 11.87681, -15.98643 11.88203)))"
"18","18","Africa","West Africa","senegal","Senegal","LGBTQ people
Casamance separatists and communities associated with the independence movement
Political opposition supporters","Senegalese government
Senegalese police and security forces
Politicians promoting anti-LGBTQ violence
Anti-LGBTQ groups and individuals
Movement of Democratic Forces of Casamance (MFDC)","Watch","1,3,6","3","6","OK","current","","","No details found","https://www.genocidewatch.com/single-post/senegal-country-report","https://download-files.wixmp.com/ugd/df1038_8a5c59e994e04236acfed4656e2ca844.pdf?token=eyJhbGciOiJIUzI1NiIsInR5cCI6IkpXVCJ9.eyJvYmoiOltbeyJwYXRoIjoiL3VnZC9kZjEwMzhfOGE1YzU5ZTk5NGUwNDIzNmFjZmVkNDY1NmUyY2E4NDQucGRmIn1dXSwiZGlzIjp7ImZpbGVuYW1lIjoiU2VuZWdhbCBDb3VudHJ5IFJlcG9ydC5wZGYiLCJ0eXBlIjoiYXR0YWNobWVudCJ9LCJhdWQiOlsidXJuOnNlcnZpY2U6ZmlsZS5kb3dubG9hZCJdLCJleHAiOjE3ODU5OTA3MTIsImp0aSI6ImQ5MjVjNzg0LTc0Y2MtNGVlMS05ZGUwLWY1ZGY5MDQyZTliOSIsImlhdCI6MTc4NTk1NDcxMiwiaXNzIjoidXJuOmFwcDplNjY2MzBlNzE0ZjA0OTBhYWVhMWYxNDliM2I2OWUzMiIsInN1YiI6InVybjphcHA6ZTY2NjMwZTcxNGYwNDkwYWFlYTFmMTQ5YjNiNjllMzIifQ.YUod22teNQVREYpoG0Qb8SJATtNaeRbk4G6HeoyJ_M4","","","","base_country","0","","Polygon","EPSG:4326","Natural Earth 1:50m topology-simplified","ADMIN=Senegal","Base-country geometry standardised to Natural Earth 1:50m and simplified jointly as one polygon coverage. Shared borders remain edge-matched; tolerance 0.12 degrees.","d0279d2ee326890a04a5c57aea6f7f20c3589a1cab78a12c4ba4da28fba42061","","POLYGON ((-12.28062 14.80903, -12.22842 14.45859, -12.01919 14.20649, -11.96089 13.87529, -12.0542 13.63306, -11.83169 13.31582, -11.63496 13.36987, -11.39038 12.94199, -11.44878 12.53193, -11.3894 12.40439, -12.04238 12.39805, -12.29121 12.32803, -13.01191 12.47764, -13.08291 12.63354, -13.72925 12.67393, -15.19609 12.67993, -15.5748 12.49038, -16.14419 12.45742, -16.71182 12.35483, -16.7603 12.52578, -16.45503 12.6248, -16.59766 12.71528, -16.7439 12.58545, -16.76333 13.06416, -16.64878 13.15415, -15.83428 13.15645, -15.8144 13.32515, -15.28623 13.396, -15.15112 13.55649, -14.43857 13.2689, -14.24678 13.23584, -13.84751 13.3353, -13.97739 13.54346, -14.32554 13.48857, -15.10835 13.81211, -15.42686 13.727, -15.50967 13.58623, -16.5623 13.5873, -16.97383 14.40322, -17.16807 14.64062, -17.53564 14.75513, -17.14717 14.92202, -16.84341 15.29399, -16.53525 15.83838, -16.48008 16.09722, -16.23901 16.5313, -15.76821 16.48511, -15.12144 16.60361, -14.99062 16.6769, -14.53374 16.65596, -14.3001 16.58027, -13.86846 16.14814, -13.55552 16.14404, -13.34756 15.97349, -13.25801 15.70039, -12.99434 15.50488, -12.8585 15.24253, -12.28062 14.80903))"
"19","19","Africa","West Africa","cote-d-ivoire","Côte d'Ivoire","Muslim, northern ""immigrant"" communities, Government critics","Self-styled ""True Ivoirien"" groups, State police and security forces","Warning","6","1","6","OK","current","2020-10-01","In 2010 and 2011, post-election violence erupted when the incumbent president, Laurent Gbagbo, refused to accept the victory of his opponent, Muslim politician Alassane Ouattara. This took place in a political climate in which politicians had been constructing and exploiting the xenophobic concept of ""ivoirité"" aiming to exclude Muslim, northern ""immigrant"" communities since the 1990s. While President Ouattara has since overseen an overall successful peacebuilding process, he has also cracked down on government critics, and politics remains highly polarized.","Profile details checked","https://www.genocidewatch.com/country-pages/cote-d-ivoire","https://d0dbb2cb-698c-4513-aa47-eba3a335e06f.filesusr.com/ugd/b8876a_51597102bcc942f2be6f57212467c1f3.pdf","https://www.genocidewatch.com/country-pages/cote-d-ivoire","","","base_country","0","","MultiPolygon","EPSG:4326","Natural Earth 1:50m topology-simplified","ADMIN=Ivory Coast","Base-country geometry standardised to Natural Earth 1:50m and simplified jointly as one polygon coverage. Shared borders remain edge-matched; tolerance 0.12 degrees.","5cf4420029f0254467081a28b6ef5d545587dfa9adb2d7f365b9f466aa56da62","","MULTIPOLYGON (((-3.08672 5.12832, -3.11401 5.08867, -3.24639 5.11406, -3.08672 5.12832)), ((-7.99062 10.1625, -7.66113 10.42744, -7.49795 10.43979, -7.36318 10.25937, -6.96816 10.17622, -6.95034 10.34233, -6.69326 10.34946, -6.65415 10.65645, -6.40752 10.57236, -6.26113 10.72407, -6.24131 10.2792, -6.03457 10.19482, -5.84385 10.38955, -5.52354 10.42603, -5.09985 10.2416, -4.96992 9.93008, -4.62583 9.71357, -4.33223 9.6457, -3.87764 9.89492, -3.22354 9.89546, -2.81675 9.42583, -2.69585 9.48135, -2.74668 9.10962, -2.60039 8.80044, -2.50586 8.20874, -2.78975 7.93193, -2.95908 7.45454, -2.98579 7.20488, -3.23579 6.80723, -3.20059 6.34824, -2.96226 5.64302, -2.79365 5.6001, -2.81567 5.15303, -3.1687 5.20303, -3.34756 5.13066, -4.12017 5.30972, -4.60889 5.23589, -4.03721 5.23013, -4.89971 5.13833, -5.02368 5.20361, -5.91377 5.01094, -6.84517 4.67148, -7.42607 4.37603, -7.57158 4.38643, -7.5689 5.08066, -7.42983 5.32451, -7.45439 5.84131, -7.79653 5.9751, -7.88862 6.23486, -8.20386 6.29072, -8.60356 6.50781, -8.33257 6.80156, -8.29663 7.07402, -8.48643 7.5585, -8.23188 7.55674, -8.01675 8.14492, -8.2561 8.25371, -8.23696 8.45566, -8.04912 8.49531, -7.6812 8.41035, -7.78403 8.72061, -7.95098 8.78682, -7.93818 8.97979, -7.77798 9.08086, -7.91807 9.18853, -7.89619 9.41587, -8.13696 9.4957, -8.13662 10.02207, -7.99062 10.1625)))"
"20","20","Africa","West Africa","burkina-faso","Burkina Faso","Anti-Islamists, Government Opponents, Fulani Tribe Members, Chrisitians","he Group for Support of Muslims (JNIM), The Islamic State in the Greater Sahara (ISGS), Ansar al-Islam, Security Forces","Emergency","8","1","8","OK","current","2025-04-01","Since 2016, three armed Islamist groups, the Group for Support of Muslims (JNIM), the Islamic State in the Greater Sahara (ISGS), and Ansarul Islam, have reigned terror upon civilians in Burkina Faso. The violent insurgency has destabilized the country and produced one of the most alarming humanitarian crises on the continent. Since the insurgency began, civilian deaths have risen astronomically, up more than 650%. In the past 18 months alone, militants have killed more than 2,000 civilians, forced the internal displacement of 920,000 people, and necessitated humanitarian assistance for more than two million Burkinabés","Draft — verify profile","https://www.genocidewatch.com/de/copy-of-country-pages/burkina-faso","https://www.genocidewatch.com/single-post/genocide-alert-burkina-faso","https://www.genocidewatch.com/country-pages/burkina-faso","","","base_country","0","","Polygon","EPSG:4326","Natural Earth 1:50m topology-simplified","ADMIN=Burkina Faso","Base-country geometry standardised to Natural Earth 1:50m and simplified jointly as one polygon coverage. Shared borders remain edge-matched; tolerance 0.12 degrees.","acb04ad0206e4810a774d8f5c56da743912fcbd82fb162cc496b2c3ccaa4ac8b","","POLYGON ((-2.69585 9.48135, -2.81675 9.42583, -3.22354 9.89546, -3.87764 9.89492, -4.33223 9.6457, -4.62583 9.71357, -4.96992 9.93008, -5.09985 10.2416, -5.52354 10.42603, -5.45708 10.77139, -5.49048 11.04238, -5.29985 11.20596, -5.22939 11.52246, -5.28813 11.82793, -5.10591 11.96753, -4.79795 12.03213, -4.42871 12.3376, -4.48062 12.67222, -4.2271 12.7937, -4.32871 13.11904, -4.05117 13.38242, -3.85347 13.37354, -3.57578 13.19419, -3.30176 13.28076, -3.19844 13.67285, -2.91709 13.67949, -2.87393 13.95073, -2.45723 14.27412, -2.11323 14.16846, -1.97305 14.45654, -1.76777 14.48604, -1.04956 14.81953, -0.76045 15.04775, -0.23589 15.05942, 0.21748 14.91147, 0.16387 14.49722, 0.38252 14.2458, 0.35488 14.13901, 0.61816 13.70342, 0.97773 13.55195, 1.20117 13.35752, 0.98848 13.36484, 0.9873 13.04189, 1.56494 12.6354, 1.78984 12.61328, 2.07383 12.71396, 2.22627 12.46606, 2.09141 12.27798, 2.38916 11.89707, 2.28721 11.69126, 1.98037 11.41841, 1.42676 11.44712, 1.1458 11.2519, 0.92461 10.99282, 0.48418 10.99199, -0.29946 11.16689, -0.64854 10.92676, -0.70142 10.98896, -2.82993 10.99839, -2.91489 10.59233, -2.79116 10.43242, -2.76597 9.65806, -2.69585 9.48135))"
"21","21","Africa","West Africa","mali","Mali","Non-Fulani civilians  (Dogon, Tuareg)

Fulani civilians","Malian security forces 
JNIM 
JNIM-affiliated Katiba Macina 
ISGS 
Self-defense ethnic militias","Emergency","9","1","9","OK","current","2020-08-01","Mali plunged into crisis in 2012, when Tuareg rebels launched an insurgency in the north of the country. The resulting instability enabled the growth of Islamic groups which rapidly expanded into Central Mali. Since 2015, the Al-Qaeda-affiliated Jama’at Nusrat al-Islam wal-Muslimin (JNIM), the JNIM-affiliated and majoritarly Fulani Katiba Macina, and the Islamic State in the Greater Sahara (ISGS) are the main Jihadist groups active in the country. From 2019, violence against civilians along ethnic and inter-communal lines has escalated in Central Mali. Malian security forces, self-defence ethnic militias, and Islamic militant groups all participate in the spiraling of genocidal violence.","Draft — verify profile","https://www.genocidewatch.com/country-pages/mali","https://d0dbb2cb-698c-4513-aa47-eba3a335e06f.filesusr.com/ugd/28e65b_296998ced376474dad025d6f9f465cd1.pdf","https://www.genocidewatch.com/country-pages/mali","","","base_country","0","","Polygon","EPSG:4326","Natural Earth 1:50m topology-simplified","ADMIN=Mali","Base-country geometry standardised to Natural Earth 1:50m and simplified jointly as one polygon coverage. Shared borders remain edge-matched; tolerance 0.12 degrees.","aac38675a575ef677f480433ff285fbef08abd8e84f2b4703bd983aa926a506b","","POLYGON ((-11.3894 12.40439, -11.44878 12.53193, -11.39038 12.94199, -11.63496 13.36987, -11.83169 13.31582, -12.0542 13.63306, -11.96089 13.87529, -12.01919 14.20649, -12.22842 14.45859, -12.28062 14.80903, -12.10469 14.74536, -11.87285 14.99517, -11.76016 15.42554, -11.45522 15.62539, -10.94824 15.15112, -10.69658 15.42266, -9.94141 15.37378, -9.17681 15.49609, -5.5125 15.49629, -5.35991 16.28286, -5.62866 16.56865, -6.59409 24.99463, -4.82261 24.99561, -4.51699 24.80449, 1.14551 21.10225, 1.16572 20.81743, 1.61064 20.55557, 1.68545 20.37837, 2.21934 20.2478, 2.40615 20.06387, 2.86572 19.95596, 3.20371 19.7897, 3.25586 19.41094, 3.10605 19.1501, 3.40088 18.98843, 4.22764 19.14277, 4.23467 16.99639, 4.12129 16.35771, 3.87695 15.75527, 3.52051 15.48311, 3.5043 15.35635, 3.06016 15.4272, 3.00107 15.34097, 1.3002 15.27227, 0.96006 14.98691, 0.22871 14.96367, 0.21748 14.91147, -0.23589 15.05942, -0.76045 15.04775, -1.04956 14.81953, -1.76777 14.48604, -1.97305 14.45654, -2.11323 14.16846, -2.45723 14.27412, -2.87393 13.95073, -2.91709 13.67949, -3.19844 13.67285, -3.30176 13.28076, -3.57578 13.19419, -3.85347 13.37354, -4.05117 13.38242, -4.32871 13.11904, -4.2271 12.7937, -4.48062 12.67222, -4.42871 12.3376, -4.79795 12.03213, -5.10591 11.96753, -5.28813 11.82793, -5.22939 11.52246, -5.29985 11.20596, -5.49048 11.04238, -5.45708 10.77139, -5.52354 10.42603, -5.84385 10.38955, -6.03457 10.19482, -6.24131 10.2792, -6.26113 10.72407, -6.40752 10.57236, -6.65415 10.65645, -6.69326 10.34946, -6.95034 10.34233, -6.96816 10.17622, -7.36318 10.25937, -7.49795 10.43979, -7.66113 10.42744, -7.99062 10.1625, -8.00728 10.32187, -8.23149 10.43799, -8.3374 10.99062, -8.66392 11.03584, -8.40747 11.38628, -8.82202 11.67324, -8.81831 11.92251, -9.04307 12.40234, -9.39536 12.46465, -9.35811 12.25542, -9.8207 12.04248, -10.27485 12.21265, -10.46582 12.13867, -10.67734 11.89941, -10.9332 12.20518, -11.30518 12.01543, -11.5022 12.19863, -11.3894 12.40439))"
"22","22","Africa","West Africa","niger","Niger","Djerma civilians, Fulani civilians, supporters of President Bazoum, political opposition","ISGS (Islamic State in the Greater Sahara), Fulani jihadist militias, Djerma ethnic militias, Nigerien military, military junta","Watch","6,8","2","8","OK","current","2024-01-14","Niger remains one of the poorest countries in the world.  Poverty has led to internal insecurity, including armed banditry. Jihadists gained a foothold by providing some anti-bandit protection. But Fulani jihadist terrorism against the Djerma has included numerous genocidal massacres.","Draft — verify profile","https://www.genocidewatch.com/country-pages/niger","","https://www.genocidewatch.com/country-pages/niger","","","base_country","0","","Polygon","EPSG:4326","Natural Earth 1:50m topology-simplified","ADMIN=Niger","Base-country geometry standardised to Natural Earth 1:50m and simplified jointly as one polygon coverage. Shared borders remain edge-matched; tolerance 0.12 degrees.","26bc698c70b468b96ae12022a604a104c28c9e35c34d0ef374750cc1052befd0","","POLYGON ((13.60635 13.70459, 13.32383 13.67085, 12.65479 13.32656, 12.46318 13.09375, 12.11797 13.09043, 11.99004 13.1918, 11.41191 13.35361, 10.95889 13.37153, 10.18467 13.27012, 9.9293 13.13525, 9.61592 12.81064, 9.20156 12.82148, 8.75059 12.90815, 8.09502 13.29116, 7.78867 13.33789, 7.05674 13.0002, 6.8043 13.10767, 6.38633 13.60361, 5.49199 13.87285, 5.24189 13.75723, 4.82334 13.75977, 4.42139 13.64751, 4.14756 13.45771, 4.0874 13.05547, 3.94785 12.77505, 3.64668 12.52998, 3.59541 11.69629, 2.87813 12.36772, 2.36602 12.22192, 2.38916 11.89707, 2.09141 12.27798, 2.22627 12.46606, 2.07383 12.71396, 1.78984 12.61328, 1.56494 12.6354, 0.9873 13.04189, 0.98848 13.36484, 1.20117 13.35752, 0.97773 13.55195, 0.61816 13.70342, 0.35488 14.13901, 0.38252 14.2458, 0.16387 14.49722, 0.21748 14.91147, 0.22871 14.96367, 0.96006 14.98691, 1.3002 15.27227, 3.00107 15.34097, 3.06016 15.4272, 3.5043 15.35635, 3.52051 15.48311, 3.87695 15.75527, 4.12129 16.35771, 4.23467 16.99639, 4.22764 19.14277, 5.74834 19.43423, 5.83662 19.47915, 7.48174 20.8731, 11.96787 23.51787, 13.48125 23.18018, 14.23076 22.61846, 14.979 22.99619, 15.17227 21.92207, 15.18184 21.52339, 15.60732 20.95439, 15.58711 20.7333, 15.94883 20.30317, 15.73506 19.90405, 15.47432 16.9084, 14.36797 15.75015, 13.80713 14.96611, 13.44824 14.38066, 13.60635 13.70459))"
"23","23","Africa","West Africa","nigeria","Nigeria","Christians, Moderate Muslims, LGBTQIA+ People","Boko Haram,
ISWAP,
Fulani Jihadists","Emergency","9,10","2","10","OK","current","2021-07-14","Nigeria has three separate genocidal events taking place. Boko Haram has been kidnapping and attacking civilians, mainly in the Northeast, to pursue their mission of eliminating Western education and creating a fundamentalist Islamic state. Islamic State West Africa Province (ISWAP) is a splinter group of Boko Haram with a similar ideology but is distinct from Boko Haram; conflicts between the two groups recently killed Abubakar Shekau, the former leader of Boko Haram. Additionally, Fulani Jihadist herders have been killing Christian farmers in the middle belt. The death penalty is also in place, though not currently enforced, for homosexuality in Northern Nigeria, while LGBTQIA+ people face persecution throughout the country.","Draft — verify profile","https://www.genocidewatch.com/country-pages/nigeria","https://www.genocidewatch.com/_files/ugd/2f3638_0ce56a8107684d59ac3ff02705f07e91.docx?dn=Nigeria%2520Genocide%2520Emergency%25202024.docx","https://www.genocidewatch.com/country-pages/nigeria","","","base_country","0","","MultiPolygon","EPSG:4326","Natural Earth 1:50m topology-simplified","ADMIN=Nigeria","Base-country geometry standardised to Natural Earth 1:50m and simplified jointly as one polygon coverage. Shared borders remain edge-matched; tolerance 0.12 degrees.","1ad2fef3af50b1f29998b6f042297c15e7bc4a978733586da0b0f69fdf502c44","","MULTIPOLYGON (((7.30078 4.41816, 7.14043 4.39512, 7.22734 4.52734, 7.30078 4.41816)), ((13.60635 13.70459, 14.06396 13.07852, 14.19746 12.38379, 14.51895 12.29824, 14.62715 12.10869, 14.55977 11.49229, 13.89209 11.14009, 13.53535 10.60508, 13.41455 10.17144, 13.26992 10.03618, 13.17549 9.53965, 12.92949 9.42627, 12.80654 8.88662, 12.58271 8.62412, 12.40352 8.59556, 12.2334 8.28232, 12.01602 7.58975, 11.76738 7.27227, 11.86143 7.11641, 11.58008 6.88887, 11.55166 6.69727, 11.15332 6.43794, 11.03252 6.6979, 10.60625 7.06309, 10.48232 6.89126, 10.20547 6.8916, 10.14355 6.99644, 9.77988 6.76016, 9.65996 6.53198, 9.06016 6.00908, 8.93506 5.78101, 8.80098 5.19746, 8.55586 4.75522, 8.23379 4.90747, 8.29307 4.55762, 7.80078 4.52227, 7.28438 4.54766, 7.15469 4.5144, 7.01338 4.39731, 6.07656 4.29062, 5.58779 4.64722, 5.3833 5.129, 5.38584 5.40176, 4.86104 6.02632, 4.43135 6.34858, 4.12588 6.41138, 3.48662 6.40894, 3.75166 6.58384, 3.43018 6.525, 3.33555 6.39692, 2.70645 6.36924, 2.77461 6.71172, 2.72139 6.98027, 2.75049 7.39507, 2.68604 7.87373, 2.7748 9.04854, 3.04492 9.08384, 3.13613 9.45161, 3.3252 9.77847, 3.55723 9.90732, 3.57656 10.26836, 3.83447 10.60742, 3.71641 11.07959, 3.48779 11.39541, 3.59541 11.69629, 3.64668 12.52998, 3.94785 12.77505, 4.0874 13.05547, 4.14756 13.45771, 4.42139 13.64751, 4.82334 13.75977, 5.24189 13.75723, 5.49199 13.87285, 6.38633 13.60361, 6.8043 13.10767, 7.05674 13.0002, 7.78867 13.33789, 8.09502 13.29116, 8.75059 12.90815, 9.20156 12.82148, 9.61592 12.81064, 9.9293 13.13525, 10.18467 13.27012, 10.95889 13.37153, 11.41191 13.35361, 11.99004 13.1918, 12.11797 13.09043, 12.46318 13.09375, 12.65479 13.32656, 13.32383 13.67085, 13.60635 13.70459)))"
"24","24","Africa","West Africa","cameroon","Cameroon","Anglophone Civilians in Western Cameroon by National Army and Separatist militias, Civilians in Northern Cameroon by Boko Haram","Boko Haram, Francophone Goverment","Emergency","6,8,9","3","9","OK","current","2023-08-01","Since late 2016, government security forces have been engaged in violent conflict with armed separatist groups in the anglophone region of Cameroon. This violent clash has killed at least 4,000 civilians. Simultaneously, since 2014 Boko Haram has been expanding its quest to eliminate western education and create an Islamic state in Cameroon’s far north region. At least 80 civilians have been killed as a result of Boko Harams actions from December 2020 to April 2021.","Draft — verify profile","https://www.genocidewatch.com/country-pages/cameroon","https://www.genocidewatch.com/_files/ugd/df1038_1838e4a594144f3cb121922eadff1258.pdf","https://www.genocidewatch.com/country-pages/cameroon","","","base_country","0","","Polygon","EPSG:4326","Natural Earth 1:50m topology-simplified","ADMIN=Cameroon","Base-country geometry standardised to Natural Earth 1:50m and simplified jointly as one polygon coverage. Shared borders remain edge-matched; tolerance 0.12 degrees.","e56f668b344e9f77add83bbfe8db512bd39f93b527b858b121a70918b939869a","","POLYGON ((8.55586 4.75522, 8.80098 5.19746, 8.93506 5.78101, 9.06016 6.00908, 9.65996 6.53198, 9.77988 6.76016, 10.14355 6.99644, 10.20547 6.8916, 10.48232 6.89126, 10.60625 7.06309, 11.03252 6.6979, 11.15332 6.43794, 11.55166 6.69727, 11.58008 6.88887, 11.86143 7.11641, 11.76738 7.27227, 12.01602 7.58975, 12.2334 8.28232, 12.40352 8.59556, 12.58271 8.62412, 12.80654 8.88662, 12.92949 9.42627, 13.17549 9.53965, 13.26992 10.03618, 13.41455 10.17144, 13.53535 10.60508, 13.89209 11.14009, 14.55977 11.49229, 14.62715 12.10869, 14.51895 12.29824, 14.19746 12.38379, 14.06396 13.07852, 14.51621 12.97974, 14.54473 12.82021, 14.76123 12.65562, 15.08125 11.84551, 15.12197 11.54126, 15.02988 11.11367, 15.06865 10.85107, 15.27607 10.35737, 15.65488 10.00781, 14.83584 9.9417, 14.24326 9.97974, 13.97725 9.69155, 14.33232 9.20352, 15.11621 8.55732, 15.44297 7.85186, 15.5498 7.78789, 15.48008 7.52378, 15.2459 7.26357, 15.03457 6.78442, 14.73926 6.27979, 14.43115 6.03872, 14.61689 5.86514, 14.56299 5.27993, 14.64062 5.17905, 14.70898 4.66558, 15.02275 4.35854, 15.13691 4.06914, 15.12871 3.8269, 15.775 3.1272, 16.06348 2.90859, 16.1834 2.27007, 16.06963 2.02168, 16.05938 1.67622, 15.7416 1.91499, 14.90244 2.0123, 14.57891 2.19912, 14.48408 2.15474, 13.29355 2.16157, 13.22031 2.25645, 12.36133 2.296, 11.34844 2.29971, 11.32871 2.16743, 9.97988 2.16777, 9.80078 2.30444, 9.94844 3.07905, 9.87617 3.30977, 9.55615 3.79805, 9.73965 3.85293, 9.48369 4.06611, 9.42529 3.92231, 9.0001 4.0916, 8.91826 4.55376, 8.57441 4.52622, 8.55586 4.75522))"
"25","25","Africa","North Africa","egypt","Egypt","Muslim Brotherhood, Coptic Christians, Bedouins","Terrorist groups,
Egyptian Governmen","Emergency","8","1","8","OK","current","2020-12-01","The Coptic Christians are  targeted by Islamist terrorist organizations and many of their rights to worship are restricted by the Egyptian government. While the Egyptian government recognizes the right to freedom of religion, there are many restrictions on building churches and other practices. 

The Muslim Brotherhood serves as a major threat to the current Egyptian government. It was classified as a terrorist group in 2013 due to its opposition against Al-Sisi, Egypt's President. The government held mass trials for members of the Muslim Brotherhood, giving death sentences to those found guilty.

The Egyptian government instituted a resettlement plan to encourage citizens to move to the Sinai Desert, the homeland to the Bedouins, a traditionally nomadic minority. These resettlement plans would restrict their movement.","Draft — verify profile","https://www.genocidewatch.com/country-pages/egypt","https://d0dbb2cb-698c-4513-aa47-eba3a335e06f.filesusr.com/ugd/041a6e_34ca1b7e10e943b69326df555ef03b80.pdf","https://www.genocidewatch.com/country-pages/egypt","","","base_country","0","","Polygon","EPSG:4326","Natural Earth 1:50m topology-simplified","ADMIN=Egypt","Base-country geometry standardised to Natural Earth 1:50m and simplified jointly as one polygon coverage. Shared borders remain edge-matched; tolerance 0.12 degrees.","0b0640b7c5c1d2b3d53f96ca8cefe9cd9a2d05c1e601fd1a646b9a21c4229b91","","POLYGON ((36.87139 21.99673, 31.43447 21.99585, 31.3585 22.18862, 31.20918 21.99487, 24.98027 21.99585, 24.98027 29.18188, 24.72646 30.25059, 24.97393 30.77656, 24.85273 31.33481, 25.15049 31.65498, 25.38223 31.51279, 25.89326 31.6209, 27.24805 31.37788, 27.54004 31.2127, 27.96758 31.09741, 28.51484 31.05044, 29.07207 30.83027, 29.5916 31.01152, 29.92979 31.22749, 30.22266 31.2584, 30.39512 31.45762, 30.92354 31.56685, 30.56299 31.41699, 31.00176 31.46279, 31.05195 31.59155, 31.52441 31.45825, 31.88896 31.54141, 31.77109 31.29258, 32.10176 31.09282, 32.32354 31.25605, 32.60332 31.06875, 33.12988 31.16816, 33.19434 31.08452, 33.90254 31.18096, 34.19814 31.32261, 34.24531 31.2083, 34.65859 30.19146, 34.9043 29.47734, 34.73643 29.27061, 34.61719 28.75791, 34.44648 28.35732, 34.39971 28.01602, 34.22012 27.76431, 33.76025 28.04766, 33.24775 28.56772, 33.07578 29.07305, 32.72148 29.52178, 32.56572 29.97397, 32.35977 29.63066, 32.56504 29.38633, 32.63184 28.99224, 32.89824 28.56523, 33.20215 28.2083, 33.54707 27.89814, 33.5498 27.60737, 33.89307 27.04946, 33.95908 26.64902, 34.56514 25.69116, 35.19414 24.47515, 35.47783 24.15479, 35.78389 23.93779, 35.54082 23.92065, 35.52275 23.44253, 35.69785 22.94619, 35.91338 22.73965, 36.22969 22.62881, 36.41455 22.39419, 36.82969 22.09766, 36.87139 21.99673))"
"26","26","Africa","North Africa","libya","Libya","Libyan civilians, Refugees, Religious minorities","Libyan Arab Armed Forces (LAAF), Militias allied with the Government of National Accord (GNA)","Warning","3,5,6,8","4","8","OK","current","2024-01-01","Instability has plagued Libya since the Arab Spring, allied invasion, and subsequent ousting of Muammar Qaddafi in 2011. Control of the country remains up in the air; although a ceasefire between the Libyan Armed Arab Forces and the Government of National Accord was signed in October 2020, the civil war is far from over. Both sides have committed war crimes and the country has seen an increase in hate speech in print, radio, and social media. 2,300 refugees are being held in detention centers, where they face extortion, torture, rape, beatings, forced labor, lack of sanitation and food, and human trafficking.","Draft — verify profile","https://www.genocidewatch.com/country-pages/libya","https://d0dbb2cb-698c-4513-aa47-eba3a335e06f.filesusr.com/ugd/425a5b_b72e84331a3f457da38ff74cb1ebed7f.pdf","https://www.genocidewatch.com/country-pages/libya","","","base_country","0","","Polygon","EPSG:4326","Natural Earth 1:50m topology-simplified","ADMIN=Libya","Base-country geometry standardised to Natural Earth 1:50m and simplified jointly as one polygon coverage. Shared borders remain edge-matched; tolerance 0.12 degrees.","36def63780e9c75a0e28703e57263709096d9aea7eb7574a599bc2cd3f0c884f","","POLYGON ((9.51875 30.22939, 9.89502 30.3873, 10.21641 30.7832, 10.24336 31.03213, 10.11494 31.46377, 10.30605 31.70483, 10.47578 31.73604, 10.82637 32.08066, 11.50498 32.41367, 11.45391 32.64258, 11.50459 33.18193, 11.81348 33.0937, 12.27988 32.85854, 12.75352 32.80107, 13.2835 32.91465, 14.23711 32.68125, 14.51338 32.51108, 15.17656 32.39116, 15.35908 32.15967, 15.49639 31.65679, 15.70596 31.42642, 16.12305 31.26445, 16.78154 31.21475, 17.34922 31.08149, 18.19043 30.77729, 18.66982 30.41567, 18.93643 30.29043, 19.2917 30.28809, 19.71328 30.48838, 20.01318 30.80068, 20.15098 31.07861, 19.96123 31.55601, 19.92637 31.81753, 20.12148 32.21875, 20.62109 32.58018, 21.0623 32.77554, 21.42471 32.79917, 21.63594 32.9373, 22.1874 32.91826, 23.09063 32.61875, 23.10625 32.33145, 23.28633 32.21382, 23.79766 32.15869, 24.12969 32.00923, 24.68389 32.01597, 25.025 31.88335, 25.15049 31.65498, 24.85273 31.33481, 24.97393 30.77656, 24.72646 30.25059, 24.98027 29.18188, 24.98027 21.99585, 24.97949 20.00259, 23.98027 19.99595, 23.98027 19.49663, 15.98408 23.44521, 14.979 22.99619, 14.23076 22.61846, 13.48125 23.18018, 11.96787 23.51787, 11.53691 24.29082, 10.68613 24.55137, 10.43896 24.48022, 10.25586 24.59102, 10.02813 25.05103, 10.00068 25.33208, 9.44824 26.06714, 9.49141 26.33374, 9.85938 26.55195, 9.89443 26.84795, 9.74756 27.33086, 9.91602 27.78569, 9.81563 28.56021, 9.84258 28.96699, 9.67266 29.56699, 9.31025 30.11523, 9.51875 30.22939))"
"27","27","Africa","North Africa","algeria","Algeria","Kabyles (Amazigh ethnic minority)","Algerian government","Watch","3,8","2","8","OK","current","2024-01-01","Algerian authorities have severely repressed the Amazigh community. Over 300 people have been arbitrarily arrested on political charges and have reported excessive use of force, brutal interrogation tactics, and extended solitary confinement. The Amazigh, a third of the population, face discrimination and harassment for their former association with the French during its occupation of Algeria.","Draft — verify profile","https://www.genocidewatch.com/country-pages/algeria","https://www.genocidewatch.com/_files/ugd/425a5b_f8c2c7a364d641228eedac254b20ef4f.pdf","https://www.genocidewatch.com/country-pages/algeria","","","base_country","0","","Polygon","EPSG:4326","Natural Earth 1:50m topology-simplified","ADMIN=Algeria","Base-country geometry standardised to Natural Earth 1:50m and simplified jointly as one polygon coverage. Shared borders remain edge-matched; tolerance 0.12 degrees.","c483b4c2080d595e479bf1d6803686b1402f2d95d8f020c8a1b7cc16f5d6c575","","POLYGON ((8.57656 36.93721, 8.20879 36.49512, 8.34873 36.36797, 8.2457 35.87056, 8.39424 35.20386, 8.24561 34.73408, 8.12344 34.56392, 7.83828 34.4103, 7.51387 34.08052, 7.5002 33.83247, 7.73135 33.26851, 8.07559 33.08906, 8.21094 32.92671, 8.3334 32.5436, 9.04404 32.07236, 9.51875 30.22939, 9.31025 30.11523, 9.67266 29.56699, 9.84258 28.96699, 9.81563 28.56021, 9.91602 27.78569, 9.74756 27.33086, 9.89443 26.84795, 9.85938 26.55195, 9.49141 26.33374, 9.44824 26.06714, 10.00068 25.33208, 10.02813 25.05103, 10.25586 24.59102, 10.43896 24.48022, 10.68613 24.55137, 11.53691 24.29082, 11.96787 23.51787, 7.48174 20.8731, 5.83662 19.47915, 5.74834 19.43423, 4.22764 19.14277, 3.40088 18.98843, 3.10605 19.1501, 3.25586 19.41094, 3.20371 19.7897, 2.86572 19.95596, 2.40615 20.06387, 2.21934 20.2478, 1.68545 20.37837, 1.61064 20.55557, 1.16572 20.81743, 1.14551 21.10225, -4.51699 24.80449, -4.82261 24.99561, -5.51694 25.42378, -8.68335 27.28594, -8.68335 28.62075, -8.65991 28.7186, -7.68516 29.34951, -7.48574 29.39224, -7.09492 29.6252, -6.63535 29.5688, -6.50088 29.80913, -5.775 29.86904, -5.44878 29.95693, -5.18013 30.16616, -4.96826 30.46538, -4.32285 30.69888, -3.98535 30.91353, -3.702 30.94448, -3.62451 31.06577, -3.8334 31.1978, -3.82676 31.66191, -3.43979 31.70454, -3.01738 31.83428, -2.93086 32.04253, -2.44839 32.12998, -1.27534 32.08901, -1.24033 32.3376, -1.06553 32.46831, -1.51001 32.87764, -1.6792 33.31865, -1.70693 34.17607, -1.84966 34.60732, -1.79561 34.7519, -2.21963 35.1042, -1.91328 35.09424, -1.33584 35.36426, -0.91748 35.66841, -0.42612 35.86152, -0.18916 35.81909, 0.04795 35.90054, 0.15166 36.06313, 0.51494 36.26182, 1.25723 36.51958, 2.34287 36.6103, 2.59336 36.60068, 2.97285 36.78447, 3.52051 36.79512, 3.779 36.89619, 4.75811 36.89634, 5.19561 36.67681, 5.42461 36.67544, 6.24912 36.93833, 6.48652 37.08574, 6.92754 36.91943, 7.23848 36.96851, 7.2043 37.09238, 7.60771 36.99976, 7.91045 36.85635, 8.57656 36.93721))"
"28","28","Africa","North Africa","tunisia","Tunisia","Black Africans

Refugees, migrants, & asylum seekers

Opposition politicians & government critics","Saied administration officials

Police & National Guard officers","Warning","1,3,4,6,8","5","8","OK","current","2023-11-30","Tunisia has become the primary country of transit for migrants and refugees from Sub-Saharan Africa and Syria, which a severe economic crisis has exacerbated. This surge in migration has triggered a racist backlash from the Tunisian government, with the Tunisian police and National Guard targeting migrants and refugees with beatings, arbitrary arrests, and expulsion. Tunisian residents of African origin have also been subject to mob attacks and arbitrary detention by police.","Draft — verify profile","https://www.genocidewatch.com/de/country-pages/tunisia","https://d0dbb2cb-698c-4513-aa47-eba3a335e06f.filesusr.com/ugd/1d291b_622c8b709c3141789ce74073b1934949.pdf","https://www.genocidewatch.com/de/country-pages/tunisia","","","base_country","0","","MultiPolygon","EPSG:4326","Natural Earth 1:50m topology-simplified","ADMIN=Tunisia","Base-country geometry standardised to Natural Earth 1:50m and simplified jointly as one polygon coverage. Shared borders remain edge-matched; tolerance 0.12 degrees.","e6e2bec9c6d3a91766f24c700a96c938d302acc0bac43cbcf1f25e49e1d6586e","","MULTIPOLYGON (((11.50459 33.18193, 11.45391 32.64258, 11.50498 32.41367, 10.82637 32.08066, 10.47578 31.73604, 10.30605 31.70483, 10.11494 31.46377, 10.24336 31.03213, 10.21641 30.7832, 9.89502 30.3873, 9.51875 30.22939, 9.04404 32.07236, 8.3334 32.5436, 8.21094 32.92671, 8.07559 33.08906, 7.73135 33.26851, 7.5002 33.83247, 7.51387 34.08052, 7.83828 34.4103, 8.12344 34.56392, 8.24561 34.73408, 8.39424 35.20386, 8.2457 35.87056, 8.34873 36.36797, 8.20879 36.49512, 8.57656 36.93721, 8.82354 36.99761, 9.14199 37.19463, 9.68799 37.34038, 10.19639 37.20586, 10.18877 37.03389, 10.4123 36.73184, 10.57129 36.87944, 11.05391 37.07251, 11.12666 36.87407, 10.79814 36.49312, 10.52568 36.32334, 10.47656 36.17515, 10.59082 35.88726, 11.0043 35.63384, 11.12012 35.24028, 10.86621 34.88433, 10.53486 34.54473, 10.06484 34.21162, 10.15898 33.85005, 10.4543 33.6625, 10.71318 33.68901, 10.72275 33.5144, 10.95801 33.62632, 11.08457 33.56289, 11.20264 33.24922, 11.50459 33.18193)), ((11.27803 34.75381, 11.12363 34.68169, 11.25488 34.82031, 11.27803 34.75381)), ((10.85742 33.68716, 10.74521 33.88867, 11.0376 33.78506, 10.85742 33.68716)))"
"30","30","Africa","North Africa","mauritania","Mauritania","Black Mauritanians (Haratins and other black ethnic groups such as Halpulaar, Soninké, Wolof, Bambara)","Mauritanian government, Bidhans (Arab-Berber elites), slave-owning class, state institutions","Warning","3,4,6,8","4","8","OK","current","2023-01-01","90,000 remain enslaved. The Arab elite (Bidhans) are their owners. Although slavery was outlawed and made a criminal offense in 2007, no slaveholders are prosecuted.","Draft — verify profile","https://www.genocidewatch.com/country-pages/mauritania","https://www.genocidewatch.com/_files/ugd/df1038_312fccabd5cd454ca9b8f276ef4259a8.pdf","https://www.genocidewatch.com/country-pages/mauritania","","","base_country","0","","MultiPolygon","EPSG:4326","Natural Earth 1:50m topology-simplified","ADMIN=Mauritania","Base-country geometry standardised to Natural Earth 1:50m and simplified jointly as one polygon coverage. Shared borders remain edge-matched; tolerance 0.12 degrees.","a00fde8b2756f16b1984221b05f15a7c35ecbfdafb273e6b2e725b23f6b0dd73","","MULTIPOLYGON (((-16.43755 19.60928, -16.477 19.71035, -16.34365 19.86621, -16.43755 19.60928)), ((-12.28062 14.80903, -12.8585 15.24253, -12.99434 15.50488, -13.25801 15.70039, -13.34756 15.97349, -13.55552 16.14404, -13.86846 16.14814, -14.3001 16.58027, -14.53374 16.65596, -14.99062 16.6769, -15.12144 16.60361, -15.76821 16.48511, -16.23901 16.5313, -16.48008 16.09722, -16.53525 15.83838, -16.53574 16.28682, -16.34668 16.92642, -16.07891 17.54585, -16.03032 17.88794, -16.08496 18.52119, -16.21309 19.00332, -16.51445 19.36196, -16.2834 19.78716, -16.21045 20.22793, -16.42979 20.65234, -16.62251 20.63418, -16.87607 21.08613, -17.06396 20.89883, -16.96455 21.32925, -13.01621 21.33394, -13.09434 22.496, -13.1665 22.75322, -13.03149 23.00024, -12.62041 23.27134, -12.02344 23.46758, -12.01631 25.99541, -8.68223 25.99551, -8.68335 27.28594, -5.51694 25.42378, -4.82261 24.99561, -6.59409 24.99463, -5.62866 16.56865, -5.35991 16.28286, -5.5125 15.49629, -9.17681 15.49609, -9.94141 15.37378, -10.69658 15.42266, -10.94824 15.15112, -11.45522 15.62539, -11.76016 15.42554, -11.87285 14.99517, -12.10469 14.74536, -12.28062 14.80903)))"
"31","31","Africa","Southern Africa","angola","Angola","Cabindans, Indiginous groups, Religious minorities","Angolan government","Watch","3,6","2","6","OK","current","2021-08-01","Since the Angola gained independence in 1975, a struggle for power remains prevalent between the People's Movement for the Liberation of Angola (MPLA) and the National Union for the Total Independence of Angola (UNITA).  In this conflict, the reigning MPLA has posed many attacks against protestors and threats to their power, including Cabindans. Civil liberties are also at risk as unregistered religious minorities are unable to assemble and practice. 

Recently, the Angolan government imposed restrictions during the COVID-19 pandemic, which security forces have implemented using excessive force and brutality.","Draft — verify profile","https://www.genocidewatch.com/country-pages/angola","https://www.genocidewatch.com/_files/ugd/d73fc0_b6f1cb08fe784a6c8c38134f58a8a634.pdf","https://www.genocidewatch.com/country-pages/angola","","","base_country","0","","MultiPolygon","EPSG:4326","Natural Earth 1:50m topology-simplified","ADMIN=Angola","Base-country geometry standardised to Natural Earth 1:50m and simplified jointly as one polygon coverage. Shared borders remain edge-matched; tolerance 0.12 degrees.","63fdda342d2078804ba10df7e951b3e84487ac6c35fba4d6f46d059ce15ba2b0","","MULTIPOLYGON (((13.07275 -4.63477, 12.82969 -4.73662, 12.45146 -5.07148, 12.52236 -5.14893, 12.50371 -5.6958, 12.21367 -5.75869, 12.17715 -5.3248, 12.01836 -5.0043, 12.38457 -4.61914, 12.88105 -4.44512, 13.07275 -4.63477)), ((23.9665 -10.87178, 24.04668 -11.40537, 23.971 -11.63584, 23.99131 -12.42217, 23.88242 -12.79902, 23.96299 -12.98848, 21.97891 -13.00098, 21.97979 -15.95557, 22.15068 -16.59717, 22.30508 -16.68955, 23.38066 -17.64062, 21.41689 -18.00068, 21.11348 -17.95576, 20.74551 -18.01973, 20.39297 -17.8874, 19.07646 -17.81768, 18.71807 -17.70322, 18.39639 -17.39941, 13.93799 -17.38877, 13.40371 -17.00781, 13.10117 -16.96768, 12.54814 -17.2127, 12.01396 -17.16855, 11.74307 -17.24922, 11.81895 -16.7041, 11.79697 -15.98643, 11.75088 -15.83193, 11.96787 -15.63398, 12.28047 -14.6375, 12.37891 -14.03906, 12.55049 -13.43779, 12.89766 -13.02773, 12.9832 -12.77568, 13.41699 -12.52041, 13.68555 -12.12383, 13.78535 -11.81279, 13.84746 -11.05439, 13.72139 -10.63359, 13.53945 -10.4207, 13.20938 -9.70322, 13.15566 -9.38965, 12.99854 -9.04805, 13.35898 -8.68721, 13.37852 -8.36973, 12.8623 -7.23184, 12.82344 -6.95479, 12.52129 -6.59033, 12.30254 -6.09258, 12.79063 -6.00391, 13.06816 -5.86484, 13.97852 -5.85723, 14.39863 -5.89268, 16.31523 -5.86563, 16.53711 -5.96582, 16.71777 -6.24141, 16.74297 -6.61846, 16.91943 -6.93398, 16.98477 -7.25742, 17.53604 -8.07588, 17.91309 -8.06768, 18.65342 -7.93604, 18.89834 -7.99814, 19.34082 -7.9666, 19.37168 -7.65508, 19.52764 -7.14443, 19.66035 -7.03711, 20.48223 -6.91582, 20.59873 -6.93516, 20.60781 -7.27773, 21.75107 -7.30547, 21.8416 -7.421, 21.78008 -7.86543, 21.8959 -8.34111, 21.90537 -8.69336, 21.81318 -9.46875, 22.08916 -9.86279, 22.27451 -10.25908, 22.30703 -10.69131, 22.17793 -10.89229, 22.27881 -11.19414, 22.56104 -11.05586, 23.15674 -11.0748, 23.4002 -10.97646, 23.83389 -11.01367, 23.9665 -10.87178)))"
"32","32","Africa","Southern Africa","namibia","Namibia","Herero people, Nama people","German colonial government, Schutztruppen under General Lothar von Trotha, German scientists (e.g., Eugen Fischer)","Watch","10","1","10","OK","historical","","The German Empire in the early 20th century colonized Namibia calling the acquired territory German Southwest Africa. From 1904-1908, The German Imperial Army under General Lothar Von Trotha conducted a mass extermination campaign against the Herero and Nama people.","Draft — verify profile","https://www.genocidewatch.com/country-pages/namibia","https://d0dbb2cb-698c-4513-aa47-eba3a335e06f.filesusr.com/ugd/09ea84_a1ffa50314c14330a16042626a6ca3a9.pdf","https://www.genocidewatch.com/country-pages/namibia","","","base_country","0","","Polygon","EPSG:4326","Natural Earth 1:50m topology-simplified","ADMIN=Namibia","Base-country geometry standardised to Natural Earth 1:50m and simplified jointly as one polygon coverage. Shared borders remain edge-matched; tolerance 0.12 degrees.","307d86096c0f62815deed8eca65a33cc925c7c307c7bf6e3403a19643e7c21d1","","POLYGON ((23.38066 -17.64062, 24.2749 -17.48105, 24.93242 -17.54346, 25.25879 -17.79355, 24.90908 -17.82139, 24.53057 -18.05273, 24.35898 -17.97822, 23.58057 -18.45293, 23.29863 -18.02734, 23.0999 -18.00957, 22.01143 -18.19863, 20.97412 -18.31885, 20.97949 -21.96191, 20.971 -22.0002, 19.97734 -22.0002, 19.98047 -24.77676, 19.98047 -28.45127, 19.67148 -28.50391, 19.271 -28.77773, 19.16172 -28.93877, 18.83877 -28.86914, 18.10273 -28.87168, 17.44795 -28.69814, 17.38574 -28.35322, 17.05625 -28.03105, 16.9333 -28.06963, 16.75576 -28.45215, 16.44756 -28.61758, 15.71904 -27.96582, 15.3415 -27.38652, 15.13281 -26.7876, 15.16328 -26.6002, 14.96777 -26.31807, 14.84521 -25.72568, 14.83711 -25.0332, 14.50156 -24.20195, 14.47383 -23.28115, 14.40332 -22.96807, 14.52598 -22.70254, 14.32188 -22.18994, 13.97324 -21.76758, 13.83936 -21.47324, 13.45059 -20.9167, 13.16836 -20.18467, 13.04209 -20.02822, 12.4582 -18.92676, 12.0957 -18.54092, 11.77588 -18.00176, 11.74307 -17.24922, 12.01396 -17.16855, 12.54814 -17.2127, 13.10117 -16.96768, 13.40371 -17.00781, 13.93799 -17.38877, 18.39639 -17.39941, 18.71807 -17.70322, 19.07646 -17.81768, 20.39297 -17.8874, 20.74551 -18.01973, 21.11348 -17.95576, 21.41689 -18.00068, 23.38066 -17.64062))"
"33","33","Africa","Southern Africa","zimbabwe","Zimbabwe","Ndebele people, political opposition, women and girls, LGBTQ+ individuals","ZANU-PF government, Fifth Brigade, President Emmerson Mnangagwa","Watch","3,10","2","10","OK","historical","2023-01-01","State security forces violently arrest, rape, and kill civilians protesting unfair elections, political oppression, fuel prices, food shortages, and COVID-19 restrictions. The Zimbabwean government also continues to deny the 1983-1987 Gukurahundi genocide, during which the Zimbabwe National Army killed more than 20,000 Matabele civilians","Draft — verify profile","https://www.genocidewatch.com/country-pages/zimbabwe","https://www.genocidewatch.com/_files/ugd/df1038_630718d1d3d843eb9714ad85f8c0eced.pdf","https://www.genocidewatch.com/country-pages/zimbabwe","","","base_country","0","","Polygon","EPSG:4326","Natural Earth 1:50m topology-simplified","ADMIN=Zimbabwe","Base-country geometry standardised to Natural Earth 1:50m and simplified jointly as one polygon coverage. Shared borders remain edge-matched; tolerance 0.12 degrees.","c9adcbf4f29ebc2d0052089b6dd58ece6fe80dfa5b2698c7aced0feee073fc8c","","POLYGON ((31.28789 -22.40205, 30.91611 -22.29072, 30.46016 -22.329, 29.66309 -22.14629, 29.36484 -22.19395, 29.10684 -22.06572, 29.0373 -21.81133, 28.53203 -21.65127, 28.04561 -21.57305, 27.66943 -21.06426, 27.69961 -20.53066, 27.28076 -20.47871, 27.22148 -20.1458, 26.67822 -19.89277, 26.16807 -19.53828, 25.76123 -18.64922, 25.48926 -18.35127, 25.22402 -17.91523, 25.25879 -17.79355, 25.63965 -17.82412, 25.86328 -17.95195, 26.3334 -17.9293, 26.77988 -18.0415, 27.0208 -17.9584, 27.43789 -17.51191, 27.93223 -16.89619, 28.76064 -16.53193, 28.91309 -15.98779, 29.28789 -15.77646, 29.72959 -15.64463, 30.39609 -15.64307, 30.43779 -15.99531, 31.23623 -16.02363, 31.6876 -16.21416, 31.93984 -16.42881, 32.24326 -16.44873, 32.94805 -16.7123, 32.87627 -16.88359, 32.96934 -17.25156, 32.95557 -18.08291, 32.99307 -18.35957, 32.7165 -19.00186, 32.8498 -19.10439, 32.77764 -19.38877, 33.00674 -19.87383, 32.67256 -20.51611, 32.47764 -20.71299, 32.37109 -21.33486, 31.42949 -22.29883, 31.28789 -22.40205))"
"34","34","Africa","Southern Africa","malawi","Malawi","Regional Ethnic Minorities 

LGBTQ+ persons

Women and girls","State Actors","Watch","1,2,3,4","4","4","OK","current","2025-10-01","Although Malawi remains a stable and peaceful democracy, ethnic favoritism by political leaders has resulted in deep animosity between its three provinces. Elections in 2025 saw the return of former President Mutharika to Malawi's State House, who has further such favoritism in the past. Meanwhile, Malawi is suffering from a prolonged economic depression and nearly 80% of the country remains impoverished. The government remains hostile towards Malawi's significant LGBTQ+ community and has neglected much needed immigrant reform.","Draft — verify profile","https://www.genocidewatch.com/de/country-pages/malawi","https://d0dbb2cb-698c-4513-aa47-eba3a335e06f.filesusr.com/ugd/b82de0_82daacf9bec844279f2aac5cb6add916.pdf","https://www.genocidewatch.com/de/country-pages/malawi","","","base_country","0","","MultiPolygon","EPSG:4326","Natural Earth 1:50m topology-simplified","ADMIN=Malawi","Base-country geometry standardised to Natural Earth 1:50m and simplified jointly as one polygon coverage. Shared borders remain edge-matched; tolerance 0.12 degrees.","f928a9cd3f6d31c5b566586f22e44ec1ce6490b3a2bad5f8482525a6faaf603c","","MULTIPOLYGON (((34.66211 -12.10078, 34.67988 -12.00889, 34.746 -12.08838, 34.66211 -12.10078)), ((34.62178 -12.0666, 34.5416 -12.01865, 34.59141 -11.97109, 34.62178 -12.0666)), ((33.20176 -14.01338, 32.99209 -14.02217, 32.67207 -13.61035, 32.96758 -13.225, 33.02158 -12.63047, 33.39795 -12.48984, 33.25234 -12.1126, 33.30098 -11.88818, 33.22637 -11.53486, 33.37979 -11.15791, 33.26133 -10.89336, 33.65908 -10.59053, 33.52891 -10.23467, 33.31152 -10.03799, 33.35098 -9.86221, 33.1957 -9.62617, 32.996 -9.62285, 32.91992 -9.40742, 33.4209 -9.60801, 33.94395 -9.67217, 33.99561 -9.49541, 34.3209 -9.73154, 34.52422 -10.03018, 34.66709 -10.79248, 34.59766 -11.0375, 34.95947 -11.57812, 34.65957 -11.58867, 34.36084 -12.21055, 34.48291 -12.6668, 34.56367 -13.36016, 34.85049 -13.51602, 35.24746 -13.89688, 35.84717 -14.6709, 35.89277 -14.8918, 35.75527 -16.0583, 35.3585 -16.16055, 35.16719 -16.56025, 35.28115 -16.80781, 35.29043 -17.09697, 35.12461 -17.12725, 35.11211 -16.89854, 34.39551 -16.19922, 34.24824 -15.8875, 34.54082 -15.29727, 34.50527 -14.59814, 34.33252 -14.40859, 33.63643 -14.56816, 33.20176 -14.01338)))"
"35","35","Africa","Southern Africa","mozambique","Mozambique","Muslim Mwani civilians, children (as child soldiers), displaced civilians in Cabo Delgado","Al-Shabab insurgents (ISIS affiliate), Mozambican security forces (in counterinsurgency operations)","Emergency","5,8","2","8","OK","current","2026-06-01","Mozambique is under attack from an Islamic State (ISIS) insurgency in the northern province of Cabo Delgado. The terrorists are locally known as Al-Shabab, but they have few connections to the Somali terrorists with the same name. The group has carried out beheadings, destroyed schools and hospitals, and abducted children.","Draft — verify profile","https://www.genocidewatch.com/country-pages/mozambique","https://d0dbb2cb-698c-4513-aa47-eba3a335e06f.filesusr.com/ugd/0df67a_b8edeeb45b954099a40112dc13c9733e.pdf","https://www.genocidewatch.com/country-pages/mozambique","","","base_country","0","","Polygon","EPSG:4326","Natural Earth 1:50m topology-simplified","ADMIN=Mozambique","Base-country geometry standardised to Natural Earth 1:50m and simplified jointly as one polygon coverage. Shared borders remain edge-matched; tolerance 0.12 degrees.","0541c322373b92465084b503208b6af4cc6f37fb18c521d5ed63499a7ea377fe","","POLYGON ((31.28789 -22.40205, 31.42949 -22.29883, 32.37109 -21.33486, 32.47764 -20.71299, 32.67256 -20.51611, 33.00674 -19.87383, 32.77764 -19.38877, 32.8498 -19.10439, 32.7165 -19.00186, 32.99307 -18.35957, 32.95557 -18.08291, 32.96934 -17.25156, 32.87627 -16.88359, 32.94805 -16.7123, 32.24326 -16.44873, 31.93984 -16.42881, 31.6876 -16.21416, 31.23623 -16.02363, 30.43779 -15.99531, 30.39609 -15.64307, 30.23184 -14.99033, 30.67334 -14.81914, 31.72891 -14.49609, 33.20176 -14.01338, 33.63643 -14.56816, 34.33252 -14.40859, 34.50527 -14.59814, 34.54082 -15.29727, 34.24824 -15.8875, 34.39551 -16.19922, 35.11211 -16.89854, 35.12461 -17.12725, 35.29043 -17.09697, 35.28115 -16.80781, 35.16719 -16.56025, 35.3585 -16.16055, 35.75527 -16.0583, 35.89277 -14.8918, 35.84717 -14.6709, 35.24746 -13.89688, 34.85049 -13.51602, 34.56367 -13.36016, 34.48291 -12.6668, 34.36084 -12.21055, 34.65957 -11.58867, 34.95947 -11.57812, 35.63096 -11.58203, 35.78545 -11.45293, 36.08223 -11.5373, 36.19131 -11.6707, 36.51865 -11.71621, 36.87266 -11.57129, 37.37285 -11.71045, 37.8293 -11.48193, 37.92021 -11.29473, 38.17656 -11.27871, 38.4918 -11.41328, 38.79473 -11.22891, 39.32158 -11.12256, 39.98867 -10.8208, 40.46357 -10.46436, 40.61172 -10.66152, 40.40283 -11.33203, 40.53154 -12.00459, 40.48711 -12.49219, 40.58086 -12.63555, 40.43682 -12.98311, 40.56875 -12.98467, 40.54512 -13.46289, 40.60254 -14.16738, 40.71563 -14.21445, 40.64609 -14.53867, 40.81816 -14.46758, 40.83516 -14.7915, 40.61777 -15.11553, 40.55898 -15.47344, 40.10879 -15.9793, 39.98359 -16.22549, 39.79092 -16.29453, 39.84463 -16.43564, 39.24229 -16.79258, 39.08438 -16.97285, 38.14492 -17.24277, 37.24453 -17.73994, 36.93936 -17.99346, 36.89961 -18.129, 36.32725 -18.79316, 36.125 -18.84238, 35.65127 -19.16387, 35.36533 -19.49395, 34.94785 -19.8127, 34.75576 -19.82197, 34.69814 -20.40439, 34.98232 -20.80625, 35.12803 -21.39531, 35.26768 -21.65098, 35.38301 -22.45459, 35.49375 -22.12471, 35.49023 -22.65771, 35.57539 -22.96309, 35.37041 -23.79824, 35.54199 -23.82441, 35.43809 -24.17119, 35.15596 -24.54141, 34.60732 -24.82129, 33.34746 -25.26094, 32.79219 -25.64434, 32.59043 -26.0041, 32.84883 -26.26807, 32.95488 -26.08359, 32.88613 -26.84932, 32.11289 -26.83945, 32.04141 -26.28125, 32.06055 -26.01836, 31.94824 -25.95762, 31.98457 -25.63193, 31.98584 -24.46064, 31.79961 -23.89219, 31.54561 -23.48232, 31.53174 -23.27949, 31.28789 -22.40205), (34.62178 -12.0666, 34.5416 -12.01865, 34.59141 -11.97109, 34.62178 -12.0666), (34.66211 -12.10078, 34.67988 -12.00889, 34.746 -12.08838, 34.66211 -12.10078))"
"36","36","Africa","Southern Africa","south-africa","South Africa","Immigrants (especially African migrants), white farmers","Economic Freedom Front, South African Police Service (SAPS), Metro Police, xenophobic mobs","Watch","6","1","6","OK","current","2021-04-01","South Africa still is a product of British colonial and apartheid policies instituted by the white supremacist government. Police brutality is rampant, with almost 400 deaths, 124 cases of rape, and 270 cases of torture in 2019 alone. Xenophobic attacks on African immigrants, as well as murders of white farmers, continue with impunity.","Draft — verify profile","https://www.genocidewatch.com/country-pages/south-africa","","https://www.genocidewatch.com/country-pages/south-africa","","","base_country","0","","MultiPolygon","EPSG:4326","Natural Earth 1:50m topology-simplified","ADMIN=South Africa","Base-country geometry standardised to Natural Earth 1:50m and simplified jointly as one polygon coverage. Shared borders remain edge-matched; tolerance 0.12 degrees.","58252a5135a03eaa085bb291b5f66024616455f5c4422e024d3d93e4e9a7bc9f","","MULTIPOLYGON (((29.36484 -22.19395, 29.66309 -22.14629, 30.46016 -22.329, 30.91611 -22.29072, 31.28789 -22.40205, 31.53174 -23.27949, 31.54561 -23.48232, 31.79961 -23.89219, 31.98584 -24.46064, 31.98457 -25.63193, 31.94824 -25.95762, 31.87148 -25.98164, 31.41514 -25.74658, 31.20732 -25.84336, 30.80332 -26.41348, 30.79434 -26.76426, 31.06338 -27.1123, 31.46953 -27.29551, 31.9584 -27.30586, 31.99473 -26.81748, 32.11289 -26.83945, 32.88613 -26.84932, 32.65703 -27.60732, 32.53477 -28.19971, 32.28574 -28.62148, 32.02725 -28.83955, 31.77822 -28.93711, 31.33516 -29.37813, 31.02334 -29.90088, 30.28867 -30.97012, 29.97119 -31.32207, 29.73516 -31.47041, 29.12783 -32.00313, 28.85596 -32.29424, 27.86064 -33.05391, 27.07744 -33.52119, 26.42949 -33.75957, 25.98955 -33.71133, 25.65244 -33.84961, 25.63818 -34.01113, 25.00293 -33.97363, 24.82715 -34.16895, 23.58555 -33.98516, 23.26816 -34.08115, 22.55381 -34.01006, 22.24551 -34.06914, 21.78896 -34.37266, 21.24893 -34.40703, 21.06016 -34.36465, 20.52988 -34.46309, 20.02061 -34.78574, 19.63496 -34.75332, 19.09834 -34.3501, 18.83135 -34.36406, 18.80879 -34.1082, 18.53389 -34.08594, 18.46162 -34.34688, 18.35205 -34.18848, 18.46504 -33.88779, 18.26123 -33.42168, 17.87822 -32.96152, 17.85107 -32.82744, 18.25088 -32.65215, 18.32529 -32.50498, 18.31074 -32.12246, 18.21084 -31.74248, 17.67744 -31.01904, 17.18906 -30.0998, 16.95 -29.40342, 16.73945 -29.00938, 16.44756 -28.61758, 16.75576 -28.45215, 16.9333 -28.06963, 17.05625 -28.03105, 17.38574 -28.35322, 17.44795 -28.69814, 18.10273 -28.87168, 18.83877 -28.86914, 19.16172 -28.93877, 19.271 -28.77773, 19.67148 -28.50391, 19.98047 -28.45127, 19.98047 -24.77676, 20.34521 -25.02988, 20.79316 -25.91563, 20.81504 -26.16494, 20.62676 -26.44385, 20.73984 -26.84883, 21.64629 -26.8542, 22.09092 -26.58018, 22.21758 -26.38887, 22.64023 -26.07119, 22.87881 -25.45791, 23.26602 -25.2666, 23.52148 -25.34443, 23.89375 -25.60088, 24.74814 -25.81738, 25.44365 -25.71445, 25.58379 -25.60625, 25.91211 -24.74746, 26.45176 -24.58271, 26.83506 -24.24082, 26.98701 -23.70459, 27.14639 -23.52441, 27.7583 -23.19678, 28.21016 -22.69365, 28.83984 -22.48086, 29.12988 -22.21328, 29.36484 -22.19395), (29.09805 -29.91904, 29.39072 -29.26973, 29.30137 -29.08984, 28.95371 -28.88145, 28.62578 -28.58174, 28.23262 -28.70127, 27.73555 -28.94004, 27.29453 -29.51934, 27.05176 -29.66406, 27.35537 -30.15859, 27.38848 -30.31592, 27.75313 -30.6, 28.01816 -30.64229, 28.39209 -30.14756, 28.63438 -30.12871, 29.09805 -29.91904)), ((37.61182 -46.94648, 37.68486 -46.82402, 37.8877 -46.90166, 37.61182 -46.94648)))"
"37","37","Middle East","Middle East","iraq","Iraq","Journalists, human rights defenders, Yazidis, ethnic and religious minorities (Christians, Assyrians, Turkmen, Shabak, Mandeans, Armenians, Kakai), women, LGBTQ+ individuals","Iraqi government, Iraqi security forces, Kurdistan Regional Government (KRG), Iranian-backed militias, ISIS, armed gangs","Emergency","3,4,5,6,8","5","8","OK","current","2022-07-01","Disunity coupled with communalist violence have laid fertile grounds for a nation in which most of the main ethnic and religious groups face genocidal processes. Currently, Shi'ites, Yazidis and Christians are reeling from genocide faced under ISIS while Sunni Muslims suffer forced disappearences  at the hands of Shi'ite militias. ISIS also enforced the death penalty for homosexuality until its official defeat in 2019. The persecution of LGBTQIA+ people and women in Iraq continues. Activist and journalist are at risk for violence from state security forces.","Draft — verify profile","https://www.genocidewatch.com/country-pages/iraq","https://d0dbb2cb-698c-4513-aa47-eba3a335e06f.filesusr.com/ugd/2c476f_d372bb9c97d248d4925467898a3fc159.pdf","https://www.genocidewatch.com/country-pages/iraq","","","base_country","0","","Polygon","EPSG:4326","Natural Earth 1:50m topology-simplified","ADMIN=Iraq","Base-country geometry standardised to Natural Earth 1:50m and simplified jointly as one polygon coverage. Shared borders remain edge-matched; tolerance 0.12 degrees.","6596ca50c85999ed467f70a296bdca6d2f80fac5bd9b8853e89987764ff72512","","POLYGON ((42.35898 37.10859, 42.77461 37.37187, 43.09248 37.36738, 43.51582 37.24453, 43.83643 37.22354, 44.01318 37.31353, 44.2084 37.20264, 44.28184 36.97803, 44.60596 37.17603, 44.76514 37.14243, 45.03105 36.52607, 45.24111 36.35596, 45.36162 36.01533, 45.72344 35.83667, 46.16748 35.82056, 45.97109 35.52417, 46.13379 35.12764, 45.67813 34.79844, 45.6375 34.57383, 45.4376 34.41514, 45.52861 34.15254, 45.39707 33.97085, 45.73828 33.60283, 45.87939 33.60977, 46.1459 33.22964, 46.11279 32.95767, 46.37705 32.92925, 47.12139 32.4666, 47.37129 32.42373, 47.51191 32.15083, 47.82998 31.79443, 47.67949 31.40059, 47.67949 31.00239, 48.01064 30.98979, 48.01494 30.46562, 48.33105 30.28545, 48.54648 29.96235, 48.1417 30.04092, 47.97871 29.98281, 47.67275 30.09561, 47.33135 30.07969, 47.11436 29.96133, 46.90586 29.5375, 46.53145 29.09624, 46.35645 29.06367, 44.69082 29.20234, 42.85771 30.49521, 42.07441 31.08037, 40.36934 31.93896, 39.14541 32.12451, 39.24746 32.35098, 39.04141 32.30566, 39.05781 32.49316, 38.77354 33.37222, 40.68945 34.33203, 40.98701 34.42905, 41.19473 34.76899, 41.21641 35.28818, 41.3541 35.64043, 41.24561 36.07339, 41.296 36.38335, 41.4168 36.51465, 41.78857 36.59717, 42.35898 37.10859))"
"38","38","Middle East","Middle East","iran","Iran","Baha’is, women, ethnic minorities (Kurds, Ahwazi Arabs, Baluchis, Azerbaijani Turks), LGBTQIA+ individuals, religious minorities (Sunni Muslims, Christians, Jews, Gonabadi Dervishes)","Iranian government, Islamic Revolutionary Guard Corps (IRGC), morality police, Guardian Council","Emergency","3,4,5,8,9,10","6","10","OK","current","2024-08-01","Since the 1979 Islamic Revolution, Iranian civilians have lived under a strict, repressive regime, and minorities have been targeted with severe human rights abuses. Shia Islam is the dominant religion in Iran, while the Baha'i and Sunni religious minorities face high levels of discrimination, dehumanization, and persecution. Additionally, in a context of hostile regional geopolitics and tensions over Iran's nuclear program, the Iranian leadership has even incited genocide against Israel. The LGBTQIA+ community is also among the Iran's most persecuted minorities, and the Islamic Republic has executed thousands of gay people since 1979. Unlikely its neighbors, Iran permits and subdisizes thousands of gender reassignment surgeries, though this policy does not aim to accept the transgender identity but rather erase homosexuality. The country's 2021 presidential elections were unfree and unfair, and human rights defenders face ongoing persecution. After the US severed diplomatic relations with Iran under President Trump, the future of Iran's approach to human rights, nuclear development, and international relations remains uncertain.","Draft — verify profile","https://www.genocidewatch.com/country-pages/iran","https://d0dbb2cb-698c-4513-aa47-eba3a335e06f.filesusr.com/ugd/d84bd5_33e1ddbea24b438f82b1b678975eaf37.pdf","https://www.genocidewatch.com/country-pages/iran","","","base_country","0","","MultiPolygon","EPSG:4326","Natural Earth 1:50m topology-simplified","ADMIN=Iran","Base-country geometry standardised to Natural Earth 1:50m and simplified jointly as one polygon coverage. Shared borders remain edge-matched; tolerance 0.12 degrees.","cd87dd15c870bcfe60a738d1a20b7c4cca826746ccf83e3ab58702bc7f1b4b52","","MULTIPOLYGON (((56.09492 26.80117, 55.42373 26.58311, 55.34697 26.64795, 56.21396 27.00327, 56.09492 26.80117)), ((53.91416 37.34355, 54.1916 37.33247, 54.74521 37.5019, 54.84863 37.72266, 55.07559 37.90249, 55.57842 38.09976, 56.22881 38.07339, 56.44063 38.24941, 57.19355 38.21641, 57.33574 37.98994, 58.10879 37.78306, 58.43574 37.63853, 58.81543 37.6835, 59.30176 37.51064, 59.56221 37.17891, 60.06279 36.96289, 60.34131 36.63765, 61.11963 36.64258, 61.26201 35.61958, 61.14961 35.09375, 60.95117 34.65386, 60.72627 34.51826, 60.88945 34.31943, 60.64268 34.30718, 60.48574 34.09478, 60.51084 33.63892, 60.91699 33.50522, 60.56055 33.13784, 60.8293 32.24941, 60.8207 31.49517, 61.66016 31.38242, 61.81426 31.07256, 61.78418 30.83193, 60.84336 29.85869, 61.31836 29.37261, 61.62305 28.7916, 61.88984 28.54653, 62.35303 28.41475, 62.7625 28.20205, 62.81201 27.49702, 62.75273 27.26562, 63.1668 27.25249, 63.30518 27.12456, 63.16807 26.66558, 62.43926 26.56104, 62.23936 26.35703, 61.86982 26.24243, 61.66865 25.76899, 61.58789 25.20234, 61.41221 25.1021, 60.66387 25.28223, 60.51055 25.43706, 60.4002 25.31157, 59.61602 25.40327, 59.45605 25.48149, 59.04609 25.41729, 58.79785 25.55459, 58.31426 25.58086, 57.93662 25.69165, 57.33457 25.79155, 57.1043 26.37144, 56.98223 26.90547, 56.81289 27.08999, 56.35615 27.20024, 55.65029 26.97754, 55.42402 26.77056, 55.29414 26.78594, 54.8958 26.55669, 54.64492 26.50894, 54.24707 26.69663, 53.70576 26.72559, 53.45498 26.94326, 52.6916 27.32339, 52.47588 27.6165, 52.03076 27.82441, 51.66631 27.84497, 51.27891 28.13135, 51.06201 28.72612, 50.86699 28.87017, 50.87578 29.0627, 50.6752 29.14658, 50.64961 29.42007, 50.16895 29.92124, 50.07158 30.19854, 49.55488 30.02896, 49.0543 30.30693, 49.22451 30.47231, 48.89121 30.32764, 48.91914 30.1209, 48.54648 29.96235, 48.33105 30.28545, 48.01494 30.46562, 48.01064 30.98979, 47.67949 31.00239, 47.67949 31.40059, 47.82998 31.79443, 47.51191 32.15083, 47.37129 32.42373, 47.12139 32.4666, 46.37705 32.92925, 46.11279 32.95767, 46.1459 33.22964, 45.87939 33.60977, 45.73828 33.60283, 45.39707 33.97085, 45.52861 34.15254, 45.4376 34.41514, 45.6375 34.57383, 45.67813 34.79844, 46.13379 35.12764, 45.97109 35.52417, 46.16748 35.82056, 45.72344 35.83667, 45.36162 36.01533, 45.24111 36.35596, 45.03105 36.52607, 44.76514 37.14243, 44.79414 37.29038, 44.57402 37.4354, 44.56123 37.74463, 44.21133 37.90806, 44.43086 38.35679, 44.31963 38.37471, 44.27168 38.83604, 44.02324 39.37744, 44.38936 39.42212, 44.58711 39.76855, 44.81719 39.65044, 45.14121 39.2543, 45.47969 39.00625, 46.11445 38.87778, 46.49063 38.90669, 46.85254 39.14844, 47.77285 39.64858, 47.9959 39.68394, 48.32217 39.39907, 48.13604 39.31235, 48.24199 38.97896, 48.02324 38.81904, 48.59268 38.41108, 48.86875 38.4355, 48.95996 37.89014, 49.08096 37.66758, 49.47012 37.49668, 50.13047 37.40713, 50.5332 37.01367, 51.11855 36.74258, 51.76201 36.6145, 52.19014 36.62173, 53.37412 36.86875, 53.97012 36.81831, 54.01719 36.95249, 53.91416 37.34355)))"
"39","39","Middle East","Middle East","israel","Israel","Palestinians in the OPT; Palestinian citizens of Israel; Israeli war crime victims; LGBTQIA+ people; Residents of Lebanon","Israeli government; Israeli Defence Force; Hamas","Emergency","8,9,10","3","10","OK","current","2026-07-11","Since the partition of Palestine in 1947 and the creation of Israel in 1948, Israelis and Palestinians have been in an ongoing state of conflict. Both populations have historical claims to the disputed territory, have experienced intergenerational trauma, and face some form of existential threat. On the one hand, Palestinians have faced discrimination, dispossession, persecution, and the erasure of their cultural heritage, and 5.7 million refugees cannot access their homelands after the exodus of Palestinians in 1948. In the Occupied Palestinian Territories (OPT), Israel has subjected Palestinians to military occupation in the West Bank and a blockade in Gaza. On the other hand, many Jewish people sought protection in Israel's creation following centuries of persecution and genocide in Europe. Hamas, a terrorist group whose charter expresses the aim to destroy Israel, now controls Gaza. Both Hamas and Israel have committed war crimes in recent conflicts, with Palestinians suffering overwhelmingly. However, Israelis and Palestinians have campaigned together for peaceful co-existence. LGBTQI+ people have also won hard-fought rights in Israel. However, they face ongoing persecution in the OPT and even the threat of death in Gaza.","Draft — verify profile","https://www.genocidewatch.com/country-pages/israel%2Fpalestine","https://www.genocidewatch.com/_files/ugd/b89303_82fd0f606538424bb5a3b5acf5bd2ca6.pdf","https://www.genocidewatch.com/country-pages/israel%2Fpalestine","","","base_country","0","","Polygon","EPSG:4326","Natural Earth 1:50m topology-simplified","ADMIN=Israel","Base-country geometry standardised to Natural Earth 1:50m and simplified jointly as one polygon coverage. Shared borders remain edge-matched; tolerance 0.12 degrees.","2b43c8dc2c879dfec3f6de8c57a64f231d30aaa764a4a216b2a9bba4309a1710","","POLYGON ((35.84072 33.41567, 35.81612 33.36188, 35.88798 32.94438, 35.7873 32.73491, 35.57285 32.64087, 35.55146 32.39551, 35.19326 32.53442, 35.06504 32.46045, 34.95596 32.16094, 34.98975 31.91328, 35.20371 31.75, 34.95098 31.60229, 34.87275 31.39687, 35.10117 31.36621, 35.45059 31.4793, 35.43926 31.13242, 35.14062 30.4209, 35.1416 30.1417, 34.9043 29.47734, 34.65859 30.19146, 34.24531 31.2083, 34.52559 31.52563, 35.10859 33.08369, 35.41123 33.07568, 35.53252 33.25049, 35.84072 33.41567))"
"41","41","Middle East","Middle East","lebanon","Lebanon","Syrian and Palestinian refugees, LGBTQ+ individuals, women (especially migrant workers), victims of civil war atrocities","Lebanese government, security forces, political militias (e.g., Lebanese Forces), legal system under confessionalism","Warning","3,10","2","10","OK","current","2021-02-14","Lebanon has failed to attain justice for the victims of its deadly civil war that lasted from 1975-1990 and resulted in the disappearance of 17,000 and the loss of over 150,000 lives. Lebanon has been witnessing massive protests against corruption, government failure during the 2020 Bierut blasts and a collapsing economy. The security forces illegally detain and torture protestors. The LGBTQ community continues to face harassment and persecution by the security forces. Women, especially migrant women, suffer due to the discriminatory practices prevalent in the country.","Draft — verify profile","https://www.genocidewatch.com/country-pages/lebanon","","https://www.genocidewatch.com/country-pages/lebanon","","","base_country","0","","Polygon","EPSG:4326","Natural Earth 1:50m topology-simplified","ADMIN=Lebanon","Base-country geometry standardised to Natural Earth 1:50m and simplified jointly as one polygon coverage. Shared borders remain edge-matched; tolerance 0.12 degrees.","881cca264726d7f2e621ebcde8b372d22804df21f6a059950fd9d1be67416f7f","","POLYGON ((35.97627 34.6292, 36.43301 34.61348, 36.58496 34.22124, 36.29785 33.95864, 36.34854 33.82705, 36.09219 33.83159, 35.86914 33.43174, 35.84072 33.41567, 35.53252 33.25049, 35.41123 33.07568, 35.10859 33.08369, 35.61182 34.03218, 35.64785 34.24824, 35.97627 34.6292))"
"42","42","Middle East","Middle East","syria","Syria","Kurds, Ezidis, Assyrians, Christians, Armenians in Syria and Iraq
Alert Status: Genocide Emergency","Turkish government, Turkish Armed Forces, Recep Tayyip Erdogan","Emergency","6,7,8,9","4","9","OK","current","2022-11-14","In November 2022, Turkey launched over 1500 airstrikes across northern Syria and Iraq targeting the Kurdish population and Kurdish towns. Turkey claimed the attacks were in reprisal for a terrorist attack in Istanbul. Ankara blamed two Kurdish parties: the PKK (Kurdistan Workers’ Party) and the PYD (Syria’s Democratic Union Party). Both parties deny any connection with the Syrian bomber. Turkey’s ‘reprisals’ in northern Syria and Iraq targeted Kurdish towns such as Kobani, Tel Rifat, and Sinjar, where many Kurdish refugees have fled. Turkey’s goal is to collectively punish all Kurds for an unrelated attack in Istanbul for which Turkey needs a scapegoat.","Draft — verify profile","https://www.genocidewatch.com/country-pages/syria","","https://www.genocidewatch.com/country-pages/syria","","","base_country","0","","Polygon","EPSG:4326","Natural Earth 1:50m topology-simplified","ADMIN=Syria","Base-country geometry standardised to Natural Earth 1:50m and simplified jointly as one polygon coverage. Shared borders remain edge-matched; tolerance 0.12 degrees.","9d40bb59d418ea0ea2cada026ce23aa23dbccd83cbdf4e844ffcf449393d1bbe","","POLYGON ((35.89268 35.91655, 36.15361 35.83389, 36.37539 36.17124, 36.63672 36.23398, 36.5375 36.45742, 36.65859 36.80254, 37.06621 36.65264, 37.43633 36.64331, 38.1917 36.90156, 38.44375 36.86226, 38.7666 36.69312, 39.35664 36.68159, 40.01641 36.82607, 40.70566 37.09771, 41.51553 37.08916, 42.26855 37.27656, 42.35898 37.10859, 41.78857 36.59717, 41.4168 36.51465, 41.296 36.38335, 41.24561 36.07339, 41.3541 35.64043, 41.21641 35.28818, 41.19473 34.76899, 40.98701 34.42905, 40.68945 34.33203, 38.77354 33.37222, 36.81836 32.31729, 36.37207 32.38691, 35.7873 32.73491, 35.88798 32.94438, 35.81612 33.36188, 35.86914 33.43174, 36.09219 33.83159, 36.34854 33.82705, 36.29785 33.95864, 36.58496 34.22124, 36.43301 34.61348, 35.97627 34.6292, 35.89932 34.8521, 35.94307 35.22383, 35.76445 35.57158, 35.89268 35.91655))"
"43","43","Middle East","Middle East","turkey","Turkey","Political opposition leaders

Human rights advocates

Kurdish civilians

Kurdish fighters in Northern Syria","Turkish government and President Recep Tayyip Erdoğan

Pro-Erdoğan forces in the army and police","Emergency","1,3,5,6,8,10","6","10","OK","current","2025-07-14","Following a failed coup d’état in July 2016, repression of freedom of expression, disappearances, torture, and arbitrary arrests all drastically increased. Journalists and human rights defenders are regularly arrested under dubious charges of “membership in a terrorist organization.” Turkey committed war crimes during its October 2019 invasion of northeast Syria in which its forces targeted Kurdish civilians and fighters that had defeated ISIS in the region. Turkey continues to deny the Armenian, Assyrian, and Pontic Greek genocides perpetrated by the Ottoman Empire. In 2025, the regime engaged in a widespread political crackdown on opposition groups, media, and activists.","Draft — verify profile","https://www.genocidewatch.com/country-pages/turkey","https://d0dbb2cb-698c-4513-aa47-eba3a335e06f.filesusr.com/ugd/b74bf7_79a53a449ee4430089b21900abfafd76.pdf","https://www.genocidewatch.com/country-pages/turkey","","","base_country","0","","MultiPolygon","EPSG:4326","Natural Earth 1:50m topology-simplified","ADMIN=Turkey","Base-country geometry standardised to Natural Earth 1:50m and simplified jointly as one polygon coverage. Shared borders remain edge-matched; tolerance 0.12 degrees.","4e67279cc89e52c10d83b6ea6a8c5f2ecf77ae9a7f333442000ed70dff3fc5b3","","MULTIPOLYGON (((25.97002 40.13633, 25.74023 40.10547, 25.91836 40.23799, 25.97002 40.13633)), ((41.51006 41.51748, 42.46641 41.43984, 42.78789 41.56372, 43.43945 41.10713, 43.72266 40.71953, 43.56934 40.48237, 43.70986 40.1665, 44.00537 40.01411, 44.28926 40.04038, 44.76826 39.70352, 44.81719 39.65044, 44.58711 39.76855, 44.38936 39.42212, 44.02324 39.37744, 44.27168 38.83604, 44.31963 38.37471, 44.43086 38.35679, 44.21133 37.90806, 44.56123 37.74463, 44.57402 37.4354, 44.79414 37.29038, 44.76514 37.14243, 44.60596 37.17603, 44.28184 36.97803, 44.2084 37.20264, 44.01318 37.31353, 43.83643 37.22354, 43.51582 37.24453, 43.09248 37.36738, 42.77461 37.37187, 42.35898 37.10859, 42.26855 37.27656, 41.51553 37.08916, 40.70566 37.09771, 40.01641 36.82607, 39.35664 36.68159, 38.7666 36.69312, 38.44375 36.86226, 38.1917 36.90156, 37.43633 36.64331, 37.06621 36.65264, 36.65859 36.80254, 36.5375 36.45742, 36.63672 36.23398, 36.37539 36.17124, 36.15361 35.83389, 35.89268 35.91655, 35.95693 35.99814, 35.81094 36.30986, 36.18848 36.65898, 36.04893 36.9106, 35.5374 36.59702, 35.17617 36.63486, 34.81123 36.79927, 34.60137 36.78447, 34.29961 36.6042, 34.02344 36.34077, 33.69473 36.18198, 32.92949 36.0957, 32.79482 36.03589, 32.37773 36.18364, 32.02197 36.5353, 31.35254 36.80107, 30.64404 36.86567, 30.48359 36.3104, 30.23164 36.30732, 29.68906 36.15669, 29.14326 36.39722, 29.03828 36.69346, 28.71768 36.70088, 28.30371 36.81196, 27.65586 36.67461, 27.45391 36.71216, 27.93447 36.80928, 28.24238 37.02905, 27.34893 37.01958, 27.53506 37.16387, 27.21924 37.38916, 27.07783 37.6877, 27.22441 37.72544, 27.23242 37.97866, 26.68281 38.19834, 26.29072 38.2772, 26.51357 38.62949, 26.59502 38.4186, 27.09863 38.41572, 26.83779 38.55757, 26.76367 38.70962, 27.01367 38.88687, 26.68184 39.29224, 26.91094 39.51733, 26.82705 39.56289, 26.11309 39.46738, 26.18135 39.99009, 26.31338 40.025, 26.73809 40.40024, 27.28457 40.45562, 27.47559 40.31992, 27.84854 40.38174, 28.63027 40.37646, 29.05518 40.42417, 28.78789 40.53403, 28.95801 40.63057, 29.84492 40.73809, 29.36475 40.80928, 29.04551 41.00757, 29.14814 41.22104, 29.91934 41.15083, 30.34492 41.19692, 30.81006 41.08486, 31.25488 41.10762, 31.45801 41.32002, 32.08643 41.58921, 32.30645 41.72959, 33.38135 42.01758, 34.75049 41.95684, 35.00645 42.06328, 35.29775 41.72852, 35.55801 41.63403, 36.05176 41.68257, 36.1792 41.42656, 36.50967 41.2625, 36.77773 41.36348, 37.06621 41.18442, 37.76562 41.07891, 38.38105 40.92451, 39.42637 41.10645, 39.80791 40.98252, 40.26523 40.96133, 40.95947 41.21162, 41.51006 41.51748)), ((28.01445 41.96904, 27.9873 41.85488, 28.34639 41.46636, 29.05723 41.22974, 28.95625 41.0082, 28.78037 40.97417, 28.17217 41.08071, 27.9252 40.99058, 27.49941 40.97314, 27.25801 40.68735, 26.77207 40.49805, 26.20273 40.07539, 26.25381 40.3147, 26.79209 40.62661, 26.10547 40.61133, 26.03896 40.72676, 26.33105 40.95449, 26.33066 41.23877, 26.6249 41.40176, 26.58135 41.60127, 26.3209 41.71655, 26.61533 41.96489, 27.29492 42.07954, 27.53486 41.9208, 28.01445 41.96904)))"
"44","44","Middle East","Middle East","qatar","Qatar","Migrant workers

Women

Baha'is","Qatari government

Employers of migrant workers","Watch","3","1","3","OK","current","2026-07-14","Qatar has faced international condemnation for ongoing human rights abuses. Demands for reform have focused on Qatar’s exploitative treatment of migrant workers through the kafala labor system, restrictions on public expression, threats of arbitrary arrest, and insufficient protection of women’s rights. Global attention has especially drawn to Qatar's patterns of exploitation of migrant workers after the nation's hosting of the 2022 FIFA World Cup, which led to over 6,500 worker deaths and thousands still awaiting proper compensation for injury and/or work.","Draft — verify profile","https://www.genocidewatch.com/country-pages/qatar","https://d0dbb2cb-698c-4513-aa47-eba3a335e06f.filesusr.com/ugd/293d42_5a2c6531d30140c78be6b22be91b5af1.pdf","https://www.genocidewatch.com/country-pages/qatar","","","base_country","0","","Polygon","EPSG:4326","Natural Earth 1:50m topology-simplified","ADMIN=Qatar","Base-country geometry standardised to Natural Earth 1:50m and simplified jointly as one polygon coverage. Shared borders remain edge-matched; tolerance 0.12 degrees.","7eb2b9bafe144fc1636a0703859613cc19ee13280606e5209004b25bcd7e017b","","POLYGON ((51.26797 24.60723, 50.96602 24.57393, 50.80439 24.78926, 50.84678 24.88857, 50.76289 25.44473, 51.00313 25.98145, 51.2623 26.15327, 51.54307 25.90239, 51.48535 25.52471, 51.60195 25.14795, 51.42793 24.66826, 51.26797 24.60723))"
"45","45","Middle East","Middle East","united-arab-emirates","United Arab Emirates","Migrant workers, women, LGBTQ+ people, refugees, journalists, activists.","Government authorities","Watch","3,5","2","5","OK","current","2026-05-01","Details
Due to the systematic exclusion of migrant workers, women, LGBTQ+ people, and refugees from basic legal protections, and the denial of political rights to the approximately 90% of the population who are non-citizens, Genocide Watch considers UAE to be at Stage 3: Discrimination. Due to the UAE's alleged arming of the Rapid Support Forces (RSF) in Sudan in violation of UN arms embargoes, enabling a militia accused of committing genocide against the Masalit people of Darfur, and the operation of the State Security Agency as an organized apparatus of surveillance, arbitrary detention, and torture against perceived opponents, Genocide Watch considers the UAE to be at Stage 5: Organization.","Draft — verify profile","https://www.genocidewatch.com/de/copy-of-country-pages/united-arab-emirates","https://d0dbb2cb-698c-4513-aa47-eba3a335e06f.filesusr.com/ugd/b74bf7_6fe547a5f0964915afd9a322926556c5.pdf","https://www.genocidewatch.com/de/copy-of-country-pages/united-arab-emirates","","","base_country","0","","MultiPolygon","EPSG:4326","Natural Earth 1:50m topology-simplified","ADMIN=United Arab Emirates","Base-country geometry standardised to Natural Earth 1:50m and simplified jointly as one polygon coverage. Shared borders remain edge-matched; tolerance 0.12 degrees.","b1092bf51c55cb88c026c828e459209dc1ff4ced04a7b62666726b76376f8280","","MULTIPOLYGON (((55.18584 22.7041, 55.1043 22.62148, 52.55508 22.93281, 51.59258 24.07886, 51.56836 24.28618, 51.76758 24.25439, 51.90605 23.98535, 52.25088 23.99521, 52.64824 24.15464, 53.89336 24.07705, 54.39707 24.27817, 54.74678 24.81045, 55.09814 25.0416, 55.52285 25.49814, 55.94121 25.79399, 56.16748 26.04746, 56.14463 25.69053, 56.36348 25.56938, 56.37285 25.01831, 56.06387 24.73877, 55.91582 24.97178, 55.7957 24.86812, 55.76084 24.24268, 55.98516 24.06338, 55.46846 23.94111, 55.5085 23.72461, 55.1999 23.03477, 55.18584 22.7041), (56.28184 25.23555, 56.23428 25.30381, 56.21055 25.21328, 56.28184 25.23555)), ((53.19092 24.29092, 53.44531 24.37119, 53.38262 24.28086, 53.19092 24.29092)), ((52.6 24.2813, 52.58359 24.35234, 52.65762 24.33262, 52.6 24.2813)), ((53.92813 24.14336, 53.63447 24.16978, 53.83379 24.25894, 53.92813 24.14336)), ((54.45664 24.42334, 54.33477 24.47104, 54.39834 24.50635, 54.45664 24.42334)))"
"46","46","Middle East","Middle East","saudi-arabia","Saudi Arabia","Yemeni civilians (especially in Houthi-controlled areas), Shi'a Muslims, religious minorities, political dissidents, human rights activists","Saudi government, Saudi-led coalition (including UAE), U.S. and U.K. arms suppliers (complicit)","Warning","1,3,4,5,8,10","6","10","OK","current","2025-09-01","Under Mohammed bin Salman’s rule, the Kingdom of Saudi Arabia has undertaken a series of modernization projects. These initiatives aim to counter the perception of the State as authoritarian. Despite making some progress on human rights issues, Saudi Arabia still ranks as one of the most authoritarian countries in the world, scoring 9 points out of 100 on Freedom House’s index.

Saudi Arabia’s 10-year-long military campaign against the Houthis in Yemen has caused the worst humanitarian crisis in modern history. Hundreds of thousands of people have been killed since the fighting began in March 2015. According to the United Nations (U.N.), 17 million people in Yemen face food insecurity, over half of the country’s population. On March 30, 2022, Saudi Arabia announced the cessation of hostilities and began seeking a diplomatic resolution. Even though Saudi Arabia has refrained from direct military action in the last three years, it has yet to take accountability for the deaths and destruction it inflicted.","Draft — verify profile","https://www.genocidewatch.com/country-pages/saudi-arabia","https://d0dbb2cb-698c-4513-aa47-eba3a335e06f.filesusr.com/ugd/b74bf7_c30b7570eeb14677ab43bbc7c5e6bb41.pdf","https://www.genocidewatch.com/country-pages/saudi-arabia","","","base_country","0","","MultiPolygon","EPSG:4326","Natural Earth 1:50m topology-simplified","ADMIN=Saudi Arabia","Base-country geometry standardised to Natural Earth 1:50m and simplified jointly as one polygon coverage. Shared borders remain edge-matched; tolerance 0.12 degrees.","3cf2a8d3c7f36f6ed09e761f4db8c9abc9637bfc7d55be875aa18ae1c9c807b9","","MULTIPOLYGON (((36.8752 25.38306, 36.74756 25.55874, 36.92441 25.42554, 36.8752 25.38306)), ((42.17041 16.70864, 42.15781 16.5707, 41.80156 16.77876, 41.86045 17.00254, 41.94668 16.74893, 42.17041 16.70864)), ((51.97764 18.99614, 49.19238 18.62134, 49.04199 18.58179, 48.17217 18.15693, 47.57959 17.44834, 47.4418 17.11187, 47.14355 16.94668, 46.97568 16.95347, 46.68203 17.26855, 46.31035 17.2313, 45.40654 17.31978, 45.14805 17.42744, 44.15596 17.39854, 43.91699 17.32471, 43.41797 17.51626, 43.19092 17.35938, 43.1165 16.94199, 43.16504 16.6894, 42.79932 16.37178, 42.69883 16.73696, 42.3833 17.12246, 42.29395 17.43496, 41.75 17.88574, 41.43174 18.45244, 41.22949 18.67842, 41.11602 19.08218, 40.75918 19.75547, 40.08066 20.26592, 39.88408 20.29297, 39.61367 20.51768, 39.27607 20.97397, 39.09355 21.31035, 39.14707 21.51899, 38.98789 21.88174, 39.0959 22.39277, 39.00742 22.77007, 38.79688 23.04858, 38.70605 23.30552, 38.28887 23.91099, 37.91973 24.1854, 37.54307 24.29165, 37.18086 24.82002, 37.26631 24.96006, 37.14883 25.29111, 36.9207 25.64116, 36.7627 25.75132, 36.6752 26.03887, 36.51875 26.10488, 36.24961 26.59478, 35.58135 27.43247, 35.18047 28.03486, 34.61621 28.14834, 34.77988 28.50732, 34.95078 29.35352, 36.01543 29.19048, 36.47607 29.49512, 36.75527 29.86602, 37.46924 29.99507, 37.63359 30.31328, 37.98008 30.5, 36.95859 31.4915, 38.9623 31.99492, 39.14541 32.12451, 40.36934 31.93896, 42.07441 31.08037, 42.85771 30.49521, 44.69082 29.20234, 46.35645 29.06367, 46.53145 29.09624, 47.4332 28.98955, 47.67129 28.53315, 48.44248 28.54292, 48.77373 27.95908, 48.79717 27.72432, 49.2375 27.49272, 49.40527 27.18096, 49.98613 26.82891, 50.02734 26.52686, 50.18496 26.40493, 50.15547 26.10054, 50.03164 26.11099, 50.28125 25.56611, 50.45518 25.4248, 50.55791 25.08667, 50.80439 24.78926, 50.96602 24.57393, 51.26797 24.60723, 51.41123 24.5708, 51.30986 24.34038, 51.56836 24.28618, 51.59258 24.07886, 52.55508 22.93281, 55.1043 22.62148, 55.18584 22.7041, 55.64102 22.00186, 54.97734 19.99595, 51.97764 18.99614)), ((36.58613 25.69922, 36.54395 25.73428, 36.58271 25.85552, 36.58613 25.69922)))"
"47","47","Middle East","Middle East","yemen","Yemen","Yemeni Civilians

Migrants

LGBTQIA+ People","Israel

Houthis

Yemeni Government

Saudi-led Coalition

Southern Transitional Council","Emergency","9,10","2","10","OK","current","2025-08-01","The conflict between the Houthi rebel movement and the Yemeni government stems from longstanding political and economic grievances. The Houthis, lacking recognized statehood or formal political institutions, first appeared in the 1990s as a revivalist movement for the Zaydi sect of Islam, a minority faith in Yemen. Over the years, the group evolved into an armed political actor and developed close ties with Iran, situating itself within the broader “axis of resistance” opposing Western influence. Tensions with the Yemeni state escalated during the 2000s, as the Houthis launched repeated uprisings against President Ali Abdullah Saleh, demanding greater autonomy and resources for the northern regions. Their position solidified in 2014 when they captured Sana’a, citing the need for government reform and protesting steep fuel price increases.
Northern Yemen’s neglect of infrastructure, education, and healthcare fueled resentment against central authorities. Houthi grievances escalated during the Arab Spring, when protests in Sana’a against President Saleh turned violent. By 2013, Abdul Malik al-Houthi mobilized mass demonstrations against fuel subsidy cuts, channeling public anger into demands for regime change. Iranian backing further strengthened the group’s insurgency","Draft — verify profile","https://www.genocidewatch.com/country-pages/yemen","https://d0dbb2cb-698c-4513-aa47-eba3a335e06f.filesusr.com/ugd/b74bf7_ee7d27b6bf5f4bc3aa29c2ce0a368d8d.pdf","https://www.genocidewatch.com/country-pages/yemen","","","base_country","0","","MultiPolygon","EPSG:4326","Natural Earth 1:50m topology-simplified","ADMIN=Yemen","Base-country geometry standardised to Natural Earth 1:50m and simplified jointly as one polygon coverage. Shared borders remain edge-matched; tolerance 0.12 degrees.","ea66e520162733b4a406510c0f8b7e23a91549d11fb6cec1e215bf745cf32ba4","","MULTIPOLYGON (((51.97764 18.99614, 49.19238 18.62134, 49.04199 18.58179, 48.17217 18.15693, 47.57959 17.44834, 47.4418 17.11187, 47.14355 16.94668, 46.97568 16.95347, 46.68203 17.26855, 46.31035 17.2313, 45.40654 17.31978, 45.14805 17.42744, 44.15596 17.39854, 43.91699 17.32471, 43.41797 17.51626, 43.19092 17.35938, 43.1165 16.94199, 43.16504 16.6894, 42.79932 16.37178, 42.83965 16.03203, 42.71719 15.65464, 42.7999 15.37163, 42.65781 15.23281, 42.85566 15.13296, 43.02109 14.55488, 43.08906 14.01099, 43.28262 13.63984, 43.23193 13.26709, 43.47529 12.83901, 43.92979 12.6165, 44.3585 12.66914, 44.61777 12.81724, 45.03867 12.81587, 45.16387 12.99829, 45.39355 13.06704, 45.65732 13.33872, 46.78887 13.46558, 47.40771 13.66162, 47.98994 14.0481, 48.27783 13.99766, 48.66836 14.05015, 49.04805 14.45645, 49.3499 14.63779, 49.90635 14.82812, 50.16689 14.85103, 50.52705 15.03818, 51.01514 15.14077, 51.60371 15.33682, 52.21748 15.65552, 52.17402 15.95684, 52.32773 16.29355, 52.58145 16.47036, 53.08564 16.64839, 52.80059 17.26792, 52.7292 17.30039, 51.97764 18.99614)), ((42.55869 15.2812, 42.56973 15.40732, 42.62451 15.36797, 42.55869 15.2812)), ((42.68975 13.67363, 42.73496 13.75298, 42.79414 13.76611, 42.68975 13.67363)), ((42.77422 13.95024, 42.69404 14.00791, 42.76211 14.06748, 42.77422 13.95024)), ((53.8248 12.6248, 54.1874 12.66401, 54.51113 12.55278, 54.12949 12.36064, 53.59834 12.34229, 53.31582 12.53315, 53.63848 12.70737, 53.8248 12.6248)))"
"48","48","Asia","East Asia","china","China","Uyghurs, Other Turkic minorities in Xinjiang","Government officials/police","Emergency","3,8,9,10","4","10","OK","current","2025-01-01","Xinjiang, China, serious human rights issues pertaining to its  millions of Uyghur Muslim population. Allegations include mass surveillance, forced assimilation, and arbitrary detentions. Religious and linguistic constraints, forced abortion and sterlization of women; forced labour camps guised as ""re-education camps"". As global attention heightens, calls for comprehensive investigations to address these alleged violations of human rights grow louder.","Draft — verify profile","https://www.genocidewatch.com/country-pages/china","https://d0dbb2cb-698c-4513-aa47-eba3a335e06f.filesusr.com/ugd/001731_c137d4d1bb95463ba5878b7776f00431.pdf","https://www.genocidewatch.com/country-pages/china","","","base_country","0","","MultiPolygon","EPSG:4326","Natural Earth 1:50m topology-simplified","ADMIN=China","Base-country geometry standardised to Natural Earth 1:50m and simplified jointly as one polygon coverage. Shared borders remain edge-matched; tolerance 0.12 degrees.","f2b8e588bb67c2c2de82452128c447ddcb2a3ecb4b0acaf4a6bdf85a612d0ab3","","MULTIPOLYGON (((118.18301 24.49629, 118.09053 24.44614, 118.10381 24.55234, 118.18301 24.49629)), ((121.78047 31.46377, 121.33643 31.64375, 121.21113 31.80537, 121.46416 31.75645, 121.8083 31.55215, 121.78047 31.46377)), ((122.02402 30.01333, 121.96943 30.14312, 122.32227 30.0314, 122.02402 30.01333)), ((122.16904 29.66025, 122.0623 29.77275, 122.11963 29.78223, 122.16904 29.66025)), ((122.39404 29.84609, 122.33184 29.93496, 122.40156 29.95024, 122.39404 29.84609)), ((119.70029 25.43271, 119.696 25.59087, 119.82871 25.60737, 119.70029 25.43271)), ((110.52158 21.08311, 110.50391 20.96772, 110.28096 21.00117, 110.52158 21.08311)), ((121.25137 28.08643, 121.13154 28.0626, 121.20547 28.20439, 121.25137 28.08643)), ((113.56367 22.75791, 113.42607 22.85859, 113.46494 22.90454, 113.56367 22.75791)), ((112.77109 21.58184, 112.7127 21.69795, 112.8626 21.75264, 112.77109 21.58184)), ((112.64375 21.63965, 112.525 21.62305, 112.64766 21.71025, 112.64375 21.63965)), ((107.97266 21.50796, 107.80205 21.64517, 107.35117 21.60889, 107.00645 21.89341, 106.66357 21.97891, 106.6542 22.24146, 106.53633 22.39541, 106.78027 22.77891, 106.5418 22.90835, 105.84297 22.9228, 105.54814 23.07266, 105.27539 23.34521, 104.86475 23.13638, 104.7957 22.91113, 104.37178 22.70405, 104.05391 22.75229, 103.91504 22.53823, 103.62021 22.78203, 103.471 22.59741, 103.30059 22.7644, 103.00537 22.45298, 102.51719 22.74102, 102.42793 22.73281, 102.12744 22.3792, 101.67148 22.4623, 101.52451 22.25366, 101.73652 21.82651, 101.70479 21.15015, 101.22441 21.22373, 101.13887 21.56748, 101.07979 21.75586, 100.53135 21.45811, 100.21475 21.46299, 99.97822 21.70161, 99.91768 22.02803, 99.19297 22.12598, 99.3377 22.49805, 99.38516 22.8251, 99.50713 22.95913, 99.34082 23.0959, 98.86377 23.19126, 98.83223 23.62437, 98.68086 23.8418, 98.83398 24.09058, 98.49941 24.11567, 98.01689 24.06543, 97.56455 23.91104, 97.69063 24.13081, 97.6666 24.37998, 97.53145 24.4917, 97.5833 24.7748, 97.72383 24.84199, 97.81953 25.25186, 97.91797 25.23613, 98.17256 25.59453, 98.33379 25.58677, 98.62539 25.82671, 98.73184 26.5834, 98.65117 27.57246, 98.50449 27.64766, 98.29883 27.5501, 98.09893 28.14229, 97.86494 28.36357, 97.53789 28.51021, 97.32246 28.21797, 97.07539 28.36895, 96.60264 28.45991, 96.28145 28.41206, 96.58086 28.76367, 96.43574 29.05068, 96.16221 28.90972, 96.12236 29.08208, 96.33975 29.20981, 96.03535 29.44717, 95.51582 29.20635, 95.42021 29.0543, 94.76943 29.17588, 94.62305 29.3124, 94.29326 29.14463, 93.90225 28.80322, 93.20654 28.59082, 93.11924 28.40229, 92.70186 28.14712, 92.66436 27.94893, 92.48066 27.84595, 91.97764 27.73037, 91.63193 27.75996, 91.60557 27.95171, 91.22588 28.07124, 91.07773 27.97446, 90.71572 28.07173, 90.35273 28.08022, 90.34824 28.24395, 89.98105 28.31118, 89.53691 28.10742, 88.94756 27.46401, 88.89141 27.31606, 88.74902 27.52188, 88.84883 27.86865, 88.62109 28.09185, 88.10898 27.93301, 88.10977 27.87061, 87.68271 27.82139, 87.14141 27.83833, 86.55449 28.08521, 86.40869 27.92866, 86.07871 28.08359, 85.9541 27.92822, 85.67832 28.27744, 85.12246 28.31597, 85.15908 28.59224, 84.71426 28.59556, 84.22871 28.91177, 84.10137 29.21997, 83.93594 29.27949, 83.5835 29.18359, 83.15547 29.61265, 82.8543 29.6834, 82.15898 30.11519, 82.04336 30.32676, 81.64189 30.3875, 81.41719 30.3376, 81.25508 30.09331, 81.01025 30.1645, 80.68213 30.41484, 80.19121 30.56841, 80.19434 30.75923, 79.79463 30.96826, 79.56543 30.94907, 79.33877 31.10571, 79.10713 31.40264, 78.7916 31.29365, 78.80293 31.61807, 78.69346 31.74038, 78.73545 31.95796, 78.4959 32.21577, 78.38965 32.51987, 78.70088 32.59702, 78.91895 32.3582, 79.21934 32.50107, 79.20225 32.94604, 79.1125 33.22627, 78.80186 33.49971, 78.75303 34.0877, 78.97061 34.22822, 78.6708 34.51816, 78.28203 34.65391, 78.01221 35.25103, 78.04746 35.44941, 77.79941 35.4959, 77.44648 35.47559, 76.76689 35.66172, 76.55127 35.88706, 76.14785 35.829, 75.90488 36.08848, 75.97441 36.38242, 75.84023 36.64971, 75.42422 36.73823, 75.34668 36.91348, 74.54141 37.02217, 74.37217 37.15771, 74.72666 37.29072, 74.89131 37.23164, 75.11875 37.38569, 74.89424 37.60142, 74.93828 37.77251, 74.78965 38.10361, 74.83594 38.4043, 74.74502 38.51001, 74.27744 38.65977, 74.02559 38.53984, 73.80166 38.60688, 73.69609 38.8543, 73.79561 39.00215, 73.60732 39.2292, 73.63164 39.44888, 73.91465 39.60649, 73.83535 39.80015, 73.9916 40.04312, 74.41191 40.13721, 74.8418 40.34497, 74.86563 40.49351, 75.24102 40.48027, 75.5835 40.60532, 75.67715 40.30581, 75.87197 40.30322, 76.48018 40.44951, 76.82402 40.98232, 76.98662 41.03916, 77.58174 40.99277, 78.12344 41.07563, 78.3624 41.37163, 79.29355 41.78281, 79.76611 41.89888, 79.84043 41.99575, 80.21621 42.03242, 80.20938 42.19004, 80.16504 42.66553, 80.25029 42.79727, 80.53896 42.87349, 80.39023 43.04312, 80.78574 43.16157, 80.496 43.89209, 80.35527 44.09727, 80.33633 44.43838, 80.45547 44.74609, 79.99717 44.79722, 79.87187 44.88379, 80.05918 45.00645, 80.85332 45.1293, 81.69199 45.34937, 81.98926 45.16187, 82.2666 45.21909, 82.47871 45.12358, 82.58252 45.44258, 82.32666 45.51992, 82.55508 46.15869, 83.0041 47.0335, 83.19307 47.18657, 84.01602 46.97051, 84.6666 46.97236, 84.78613 46.83071, 85.2335 47.03638, 85.48477 47.06353, 85.65664 47.25464, 85.52598 47.91562, 85.74941 48.38506, 86.54941 48.52861, 86.71797 48.69717, 86.75313 49.00884, 86.88594 49.09058, 87.32285 49.08579, 87.81426 49.1623, 87.74316 48.88164, 88.02793 48.7356, 87.97969 48.55513, 88.51709 48.38447, 88.57598 48.22017, 89.04766 48.00254, 89.56094 48.00396, 89.77812 47.827, 90.02793 47.87769, 90.31328 47.67617, 90.49619 47.28516, 90.71553 47.00386, 90.86992 46.95449, 91.03389 46.529, 90.91152 46.27065, 91.00176 46.03579, 90.70967 45.73081, 90.66182 45.52524, 90.87725 45.19609, 91.05 45.21743, 91.58438 45.07651, 92.42383 45.00894, 92.78789 45.03574, 93.65645 44.90098, 93.95791 44.67495, 94.19932 44.64517, 94.71201 44.35083, 95.0498 44.25942, 95.35029 44.27808, 95.35645 44.00596, 95.52559 43.95396, 95.9125 43.20649, 96.29951 42.92871, 96.38545 42.72036, 97.20566 42.78979, 99.46787 42.56821, 99.98379 42.67734, 101.71387 42.46582, 101.97295 42.21587, 103.07285 42.00596, 103.71113 41.75132, 104.49824 41.877, 104.49824 41.65869, 104.98203 41.59551, 105.19707 41.73804, 105.86758 41.99399, 106.77002 42.28872, 108.17119 42.44731, 108.6873 42.41611, 109.44316 42.45596, 110.40039 42.77368, 111.00723 43.34141, 111.54736 43.49629, 111.9332 43.71143, 111.83691 43.93467, 111.40225 44.36729, 111.62129 44.82715, 111.89805 45.06406, 112.41133 45.0582, 112.59678 44.91768, 113.58701 44.7457, 114.03027 44.94258, 114.41914 45.20259, 114.51719 45.3646, 115.68105 45.45825, 116.24063 45.796, 116.21299 45.88691, 116.5626 46.28979, 116.85908 46.38794, 117.3334 46.36201, 117.40557 46.5709, 117.67109 46.52207, 118.30869 46.71704, 118.72295 46.69189, 118.84395 46.76021, 119.16211 46.63867, 119.70664 46.60601, 119.89785 46.85781, 119.71113 47.15, 119.12295 47.5585, 118.75996 47.75762, 118.49844 47.98398, 118.14707 48.02891, 117.76836 47.98789, 117.35078 47.6522, 117.06973 47.8064, 116.76055 47.86978, 116.23115 47.8582, 115.89824 47.68691, 115.55762 47.94502, 115.5251 48.13086, 115.78555 48.24824, 115.82051 48.57725, 115.95381 48.68936, 116.6833 49.82378, 117.24561 49.62485, 117.87344 49.51348, 118.45156 49.84448, 119.25986 50.06641, 119.34629 50.27896, 119.16367 50.40601, 119.4457 50.70283, 119.57344 50.94678, 120.06689 51.60068, 120.68145 51.97305, 120.74453 52.20547, 120.65615 52.56665, 120.06758 52.63291, 120.09453 52.78721, 120.7041 53.17183, 120.98545 53.28457, 121.40547 53.31704, 122.33779 53.48501, 122.51582 53.45698, 123.30957 53.55562, 123.60781 53.54653, 124.21992 53.37012, 124.46592 53.22964, 124.88213 53.12974, 124.9709 53.19731, 125.64902 53.04229, 125.72813 52.89072, 126.04814 52.73945, 126.01602 52.61021, 126.31289 52.39976, 126.51055 51.92583, 126.80547 51.50566, 126.9248 51.10015, 127.30703 50.70796, 127.30605 50.45352, 127.59023 50.20898, 127.50244 49.87344, 127.71113 49.67153, 127.99961 49.5686, 128.704 49.60015, 129.12012 49.36206, 129.49814 49.38882, 130.196 48.89165, 130.55313 48.86118, 130.55215 48.60249, 130.8043 48.3415, 130.73262 48.01924, 131.00273 47.69146, 131.31934 47.72783, 131.78525 47.68052, 132.56191 47.76851, 132.70723 47.94727, 133.14404 48.10566, 133.46836 48.09717, 133.84219 48.27373, 134.29336 48.37344, 134.56357 48.32173, 134.66934 48.15332, 134.56602 48.02251, 134.75234 47.71543, 134.4835 47.44736, 134.16768 47.3022, 134.20215 47.12808, 133.8666 46.49912, 133.86133 46.24775, 133.51309 45.87881, 133.43643 45.60469, 133.18604 45.49482, 133.11348 45.13071, 132.93604 45.02993, 131.97754 45.24399, 131.85186 45.32686, 131.44688 44.98403, 131.08232 44.91001, 131.06064 44.65967, 131.25527 44.07158, 131.17422 43.70474, 131.26182 43.43306, 131.06855 42.90225, 130.4248 42.72705, 130.52695 42.5354, 130.24668 42.74482, 130.24033 42.8918, 129.89824 42.99814, 129.71973 42.475, 129.31367 42.41357, 129.19551 42.21846, 128.92344 42.03823, 128.04521 41.9875, 128.29092 41.56279, 128.11123 41.38926, 127.17969 41.53135, 126.90352 41.78105, 126.60127 41.64097, 126.49043 41.35806, 125.98906 40.90464, 125.72832 40.8667, 125.41689 40.65991, 124.88936 40.45981, 124.38662 40.10425, 124.36211 40.00405, 124.10576 39.84102, 123.76016 39.82241, 123.03223 39.67354, 122.33486 39.36611, 121.6499 38.86509, 121.16357 38.73164, 121.10674 38.9208, 121.67988 39.10869, 121.62764 39.22017, 121.81846 39.38652, 121.27549 39.38477, 121.26748 39.54468, 121.51758 39.63896, 121.51738 39.84482, 121.80098 39.95054, 122.19092 40.35825, 122.275 40.54185, 121.85879 40.84209, 121.17451 40.90127, 120.7707 40.58906, 120.4791 40.23096, 119.59111 39.90264, 119.39111 39.75249, 119.22461 39.40806, 118.9123 39.16641, 118.62637 39.17686, 118.29785 39.06709, 118.04092 39.22676, 117.78467 39.13447, 117.55781 38.62515, 117.7667 38.31167, 118.01494 38.1834, 118.94004 38.04277, 119.08916 37.70073, 118.95264 37.33115, 119.11182 37.20117, 119.4499 37.12476, 119.76055 37.15508, 119.88291 37.35083, 120.31152 37.62271, 120.25723 37.679, 120.75 37.83394, 121.21953 37.60015, 121.64023 37.46035, 122.05664 37.52891, 122.3377 37.40527, 122.66699 37.40283, 122.44668 37.06812, 122.51973 36.94683, 122.34092 36.83223, 122.1624 36.95864, 121.93271 36.95947, 120.98994 36.59795, 120.79668 36.60723, 120.8958 36.44414, 120.68223 36.34072, 120.68096 36.16836, 120.39307 36.05386, 120.32773 36.22817, 120.09414 36.1189, 120.28477 35.98442, 120.05469 35.86113, 119.42969 35.30142, 119.21582 35.01177, 119.20098 34.74844, 120.20146 34.32568, 120.32266 34.16899, 120.50479 33.63818, 120.87109 33.0165, 120.85322 32.66138, 121.40098 32.37192, 121.40391 32.20625, 121.83242 31.89976, 121.86631 31.70356, 121.35195 31.85879, 120.97354 31.86938, 120.7917 32.03174, 120.52012 32.10586, 120.18408 31.96616, 120.71553 31.98374, 120.78779 31.81978, 121.05537 31.71943, 121.66064 31.31973, 121.87793 30.91699, 121.52754 30.84097, 120.99766 30.55825, 120.82148 30.35464, 120.4498 30.38784, 120.6334 30.13315, 120.90449 30.16064, 121.15938 30.30176, 121.43271 30.22666, 121.67793 29.9791, 122.08291 29.87036, 121.50625 29.48457, 121.94121 29.60591, 121.91777 29.13501, 121.71748 29.25635, 121.44766 29.13135, 121.66494 29.0106, 121.63008 28.76792, 121.4752 28.64141, 121.60205 28.3666, 121.27227 28.22212, 121.09844 28.29053, 120.95859 28.03701, 120.5875 27.58076, 120.53984 27.31836, 120.27871 27.09707, 120.08672 26.67158, 119.88223 26.61045, 119.82422 26.84639, 119.63818 26.62119, 119.88105 26.33418, 119.46309 26.05469, 119.13945 26.12178, 119.26377 25.9748, 119.61875 26.00356, 119.53945 25.59126, 119.59277 25.36802, 119.42178 25.45962, 119.14629 25.41431, 119.28555 25.23223, 119.02461 25.22344, 118.90908 24.92891, 118.63691 24.83555, 118.56035 24.58037, 118.08711 24.627, 118.05605 24.24609, 117.62822 23.83672, 117.46641 23.84058, 117.08252 23.57876, 116.91064 23.64668, 116.86094 23.45308, 116.62939 23.35386, 116.4707 22.9459, 116.25186 22.98135, 115.85215 22.80156, 115.64043 22.85342, 115.49834 22.71885, 115.1958 22.81729, 114.85381 22.6168, 114.65166 22.75527, 114.5542 22.52891, 114.34062 22.59321, 113.93115 22.53105, 113.61963 22.86143, 113.62051 23.12749, 113.33105 22.91201, 113.55303 22.59404, 113.54912 22.2252, 113.14902 22.075, 113.08877 22.20796, 112.98379 21.93823, 112.80859 21.94463, 112.58633 21.77686, 112.42129 21.88062, 112.30498 21.7417, 111.94395 21.84966, 111.60273 21.55908, 111.31914 21.48613, 111.01689 21.51172, 110.56719 21.21406, 110.41094 21.33813, 110.19355 21.03765, 110.18037 20.85859, 110.36543 20.8376, 110.31309 20.67168, 110.51152 20.51826, 110.44951 20.35542, 110.12314 20.26372, 109.79199 20.62188, 109.6626 20.91689, 109.68125 21.13164, 109.93076 21.48057, 109.54404 21.53794, 109.08154 21.44028, 109.03057 21.62651, 108.77168 21.63047, 108.47988 21.90464, 108.52568 21.67139, 108.3248 21.69351, 108.24629 21.5584, 107.97266 21.50796)), ((110.9707 19.8833, 111.01367 19.65547, 110.82227 19.55791, 110.57217 19.17188, 110.45127 18.74795, 109.51934 18.21826, 109.02988 18.36777, 108.70156 18.53525, 108.63564 18.90771, 108.69355 19.33828, 109.27666 19.76113, 109.31484 19.90439, 110.39355 20.05923, 110.58818 19.97637, 110.67852 20.13706, 110.9707 19.8833)))"
"50","50","Asia","East Asia","north-korea","North Korea","Political dissidents, religious practitioners, defectors, forced laborers, women, prison camp detainees, North Korean refugees (post-repatriation)","Kim regime, Korean People's Army, police and intelligence agencies, Ministry of State Security","Emergency","3,7,8,9,10","5","10","OK","current","2023-12-01","For over seven decades, the Democratic People’s Republic of Korea (DPRK) has been governed by three generations of the Kim dynasty. Under current Supreme Leader Kim Jong-un, North Korea continues to be an isolated totalitarian regime. The police and army brutally suppress any perceived threat to the communist regime. Political dissidents, religious practitioners, and defectors are regarded as enemies of the state.","Draft — verify profile","https://www.genocidewatch.com/country-pages/north-korea","https://d0dbb2cb-698c-4513-aa47-eba3a335e06f.filesusr.com/ugd/392c32_20437446ef984e848dfe2834443dfcd1.pdf","https://www.genocidewatch.com/country-pages/north-korea","","","base_country","0","","MultiPolygon","EPSG:4326","Natural Earth 1:50m topology-simplified","ADMIN=North Korea","Base-country geometry standardised to Natural Earth 1:50m and simplified jointly as one polygon coverage. Shared borders remain edge-matched; tolerance 0.12 degrees.","73477c1087e68b127581471c71ba6bf4020e1467cd5720e31c5ebec9cdfc6b42","","MULTIPOLYGON (((128.37461 38.62344, 128.03896 38.30854, 127.16953 38.30454, 127.00967 38.24053, 126.6668 37.91719, 126.63389 37.78184, 126.36992 37.87837, 126.1167 37.74292, 125.76914 37.98535, 125.35781 37.7248, 125.31074 37.84351, 124.98877 37.93145, 125.24668 38.05684, 124.69092 38.1292, 124.87451 38.2334, 125.06738 38.55674, 125.30967 38.66538, 125.15732 38.87153, 125.40967 39.28838, 125.36084 39.52661, 124.77529 39.75806, 124.63828 39.61509, 124.36211 40.00405, 124.38662 40.10425, 124.88936 40.45981, 125.41689 40.65991, 125.72832 40.8667, 125.98906 40.90464, 126.49043 41.35806, 126.60127 41.64097, 126.90352 41.78105, 127.17969 41.53135, 128.11123 41.38926, 128.29092 41.56279, 128.04521 41.9875, 128.92344 42.03823, 129.19551 42.21846, 129.31367 42.41357, 129.71973 42.475, 129.89824 42.99814, 130.24033 42.8918, 130.24668 42.74482, 130.52695 42.5354, 130.6873 42.30254, 130.45752 42.30171, 130.06826 42.04575, 129.75635 41.71226, 129.70869 40.85732, 129.34111 40.72632, 129.10977 40.49106, 128.70137 40.31753, 128.30449 40.03594, 127.9666 39.99561, 127.56816 39.78198, 127.54893 39.46108, 127.39453 39.20791, 127.78613 39.08413, 128.37461 38.62344)), ((124.90527 39.53628, 124.84609 39.55889, 124.93457 39.60781, 124.90527 39.53628)))"
"51","51","Asia","East Asia","south-korea","South Korea","Journalists & media personnel

Women

North Korean defectors","South Korean government","Watch","3","1","3","OK","current","2026-03-11","Despite its strong record on democratic governance and human rights, South Korea has faced persistent challenges in freedom of expression, labor rights, gender equality, and LGBTQ+ rights. Its growing relationship with the Democratic People’s Republic of Korea (DPRK, or North Korea) is also of concern, including the South Korean government's shift away from calling for accountability for North Korean human rights violations. The risks to South Korea's democracy must be addressed.","Draft — verify profile","https://www.genocidewatch.com/country-pages/south-korea","https://d0dbb2cb-698c-4513-aa47-eba3a335e06f.filesusr.com/ugd/444029_9e13608e6a274f51adb430ea75f70154.pdf","https://www.genocidewatch.com/country-pages/south-korea","","","base_country","0","","MultiPolygon","EPSG:4326","Natural Earth 1:50m topology-simplified","ADMIN=South Korea","Base-country geometry standardised to Natural Earth 1:50m and simplified jointly as one polygon coverage. Shared borders remain edge-matched; tolerance 0.12 degrees.","024567a7e92087cb746a5b132f41e62111cadffa7e7612ecd33a88fedb8dce75","","MULTIPOLYGON (((128.37461 38.62344, 128.03896 38.30854, 127.16953 38.30454, 127.00967 38.24053, 126.6668 37.91719, 126.63389 37.78184, 126.56338 37.7165, 126.74639 37.19355, 126.95801 36.90615, 126.57773 37.01958, 126.21719 36.87095, 126.18086 36.6916, 126.4877 36.6938, 126.54043 36.16616, 126.69346 36.01416, 126.71738 35.76885, 126.48848 35.64707, 126.49277 35.50127, 126.29111 35.15415, 126.52451 34.6979, 126.26445 34.67324, 126.48174 34.49395, 126.53145 34.31426, 126.75479 34.51187, 126.89746 34.43887, 127.24707 34.75513, 127.17344 34.54614, 127.32461 34.46328, 127.4791 34.62524, 127.4043 34.8231, 127.63242 34.69023, 127.71484 34.95469, 128.03623 35.02197, 128.44395 34.87036, 128.51094 35.10098, 128.98008 35.10151, 129.21416 35.18184, 129.41914 35.49785, 129.57285 36.05054, 129.40352 36.05215, 129.47344 36.74189, 129.33516 37.27456, 129.05156 37.67764, 128.61885 38.17607, 128.37461 38.62344)), ((128.64668 34.73687, 128.48926 34.86528, 128.72188 35.01357, 128.64668 34.73687)), ((128.05469 34.70806, 127.83223 34.87451, 128.03799 34.87861, 128.05469 34.70806)), ((126.16973 34.35518, 126.24746 34.56333, 126.37988 34.49795, 126.16973 34.35518)), ((126.5207 37.73682, 126.42334 37.62363, 126.41162 37.82266, 126.5207 37.73682)), ((126.76992 34.29644, 126.64609 34.35112, 126.7 34.3959, 126.76992 34.29644)), ((127.78779 34.58408, 127.7373 34.63091, 127.78711 34.68213, 127.78779 34.58408)), ((126.40381 36.42788, 126.31855 36.61255, 126.38662 36.57114, 126.40381 36.42788)), ((126.11523 34.71421, 126.00752 34.86748, 126.16855 34.82969, 126.11523 34.71421)), ((130.87061 37.44873, 130.83838 37.53721, 130.93428 37.52974, 130.87061 37.44873)), ((126.24023 33.21484, 126.3377 33.4604, 126.69551 33.54932, 126.90117 33.51514, 126.87285 33.34116, 126.24023 33.21484)))"
"52","52","Asia","East Asia","japan","Japan","Chinese; Koreans; Philippinos","Government of Japan; Imperial Japanese Army","Watch","10","1","10","OK","historical","","The profile addresses historical denial and unresolved accountability for atrocities committed by Imperial Japan, alongside discrimination affecting minorities in contemporary Japan.","Draft — verify profile","https://www.genocidewatch.com/japan","https://www.genocidewatch.com/japan","https://www.genocidewatch.com/country-pages/japan","","","base_country","0","","MultiPolygon","EPSG:4326","Natural Earth 1:50m topology-simplified","ADMIN=Japan","Base-country geometry standardised to Natural Earth 1:50m and simplified jointly as one polygon coverage. Shared borders remain edge-matched; tolerance 0.12 degrees.","81a9a240e764674cb2924b178a72932d8e9bc706765444594a41be262c1b29bd","","MULTIPOLYGON (((133.23926 36.17876, 133.2957 36.34014, 133.38125 36.24639, 133.23926 36.17876)), ((138.34404 37.82212, 138.24619 37.99458, 138.50361 38.31592, 138.45361 38.07568, 138.5752 38.06553, 138.34404 37.82212)), ((134.82441 34.20293, 134.66787 34.29414, 135.00469 34.54404, 134.82441 34.20293)), ((130.44561 30.2647, 130.49717 30.46553, 130.67324 30.36689, 130.44561 30.2647)), ((130.95977 30.39692, 130.94736 30.67119, 131.08262 30.79087, 130.95977 30.39692)), ((130.00352 32.19399, 130.00977 32.52163, 130.16777 32.54121, 130.19951 32.34058, 130.00352 32.19399)), ((129.18643 34.14502, 129.21484 34.32065, 129.33711 34.28477, 129.18643 34.14502)), ((129.36533 34.30552, 129.32588 34.60728, 129.47539 34.54043, 129.36533 34.30552)), ((128.66533 32.78389, 128.89453 32.65215, 128.65732 32.62842, 128.66533 32.78389)), ((130.38105 32.42373, 130.2417 32.46279, 130.46143 32.51572, 130.38105 32.42373)), ((141.03398 45.26934, 140.97168 45.46548, 141.05674 45.44956, 141.03398 45.26934)), ((141.22598 45.11221, 141.13535 45.2062, 141.25186 45.23247, 141.22598 45.11221)), ((139.43135 42.19956, 139.5584 42.23521, 139.50508 42.09639, 139.43135 42.19956)), ((134.25186 34.42305, 134.18213 34.51924, 134.37227 34.52236, 134.25186 34.42305)), ((139.4457 34.67954, 139.36689 34.72051, 139.42617 34.77588, 139.4457 34.67954)), ((129.05195 32.82949, 128.99727 32.95186, 129.10977 33.13257, 129.05195 32.82949)), ((129.4918 33.22305, 129.37041 33.17603, 129.46191 33.33125, 129.4918 33.22305)), ((129.7957 33.74883, 129.6748 33.7397, 129.71729 33.8584, 129.7957 33.74883)), ((132.54941 34.0751, 132.46094 34.08726, 132.54346 34.17266, 132.54941 34.0751)), ((132.44492 33.91318, 132.35996 33.84702, 132.20801 33.9478, 132.44492 33.91318)), ((129.68682 31.63965, 129.70684 31.71826, 129.79365 31.74248, 129.68682 31.63965)), ((142.16992 26.61567, 142.10713 26.72153, 142.20215 26.64878, 142.16992 26.61567)), ((144.10137 44.10156, 144.48184 43.94956, 144.79854 43.94023, 145.34277 44.33389, 145.35195 44.22979, 145.10107 43.76455, 145.34082 43.30254, 145.83301 43.38594, 145.50508 43.17422, 144.63076 42.94692, 144.30156 42.98442, 143.96934 42.8814, 143.42949 42.4189, 143.23652 42.0002, 142.5082 42.25796, 141.85137 42.57905, 141.40664 42.54692, 140.98613 42.34214, 140.70977 42.55562, 140.48047 42.55937, 140.31523 42.33428, 140.52754 42.13179, 140.73379 42.11636, 141.15098 41.80508, 140.99951 41.7374, 140.65986 41.81558, 140.38496 41.51929, 140.14863 41.42324, 139.99531 41.57642, 140.1084 41.91294, 139.8209 42.3876, 139.89111 42.64922, 140.22412 42.79551, 140.48643 43.0499, 140.39238 43.30312, 140.78066 43.21499, 141.29629 43.19966, 141.4123 43.38149, 141.39766 43.64263, 141.64473 44.01943, 141.78223 44.71636, 141.58301 45.15596, 141.66797 45.40127, 141.9377 45.50952, 142.41602 45.125, 142.7041 44.81919, 143.28857 44.39663, 143.75908 44.13164, 144.10137 44.10156)), ((131.41875 33.58442, 131.58301 33.65239, 131.71064 33.50234, 131.5374 33.27407, 131.89658 33.25459, 131.97666 32.84395, 131.73213 32.59282, 131.46025 31.8835, 131.33721 31.40469, 131.0708 31.43687, 131.09844 31.25615, 130.68574 31.01514, 130.78975 31.26909, 130.65508 31.71841, 130.52813 31.45967, 130.58877 31.17852, 130.20068 31.29189, 130.32197 31.60146, 130.18789 31.76885, 130.19443 32.09077, 130.46201 32.30493, 130.64053 32.61924, 130.38174 33.09258, 130.12686 33.10483, 130.175 32.85132, 130.34043 32.70186, 130.0541 32.7708, 129.76855 32.571, 129.82676 32.72534, 129.6791 33.05996, 129.9917 32.85156, 129.89678 33.02236, 129.58008 33.23628, 129.65996 33.36499, 130.36504 33.63447, 130.48379 33.83462, 130.71563 33.92778, 130.95312 33.87202, 131.05811 33.67285, 131.41875 33.58442)), ((134.6375 34.22661, 134.73887 33.82051, 134.37705 33.6084, 134.18164 33.24722, 133.95869 33.44834, 133.63203 33.51099, 133.28594 33.35996, 132.97725 32.84199, 132.6418 32.76245, 132.70898 32.90249, 132.49512 32.9166, 132.51143 33.29307, 132.41279 33.43047, 132.08584 33.34014, 132.64307 33.68994, 132.78428 33.99243, 132.99014 34.08813, 133.13369 33.92729, 133.58203 34.01714, 133.70625 34.23735, 134.07588 34.3584, 134.6375 34.22661)), ((141.26875 41.35381, 141.45547 41.40474, 141.4 41.09634, 141.46279 40.61113, 141.79707 40.29116, 141.97783 39.84443, 141.97695 39.42881, 141.90078 39.11133, 141.65859 38.97485, 141.46748 38.40415, 141.1084 38.33794, 140.92793 37.94961, 141.03633 37.46724, 140.96836 37.00205, 140.7918 36.84688, 140.62734 36.50278, 140.62197 36.05923, 140.87402 35.72495, 140.45742 35.51025, 140.4165 35.26699, 139.92041 34.89961, 139.79922 34.95693, 139.82646 35.29668, 140.08633 35.54043, 139.83477 35.65806, 139.65 35.40913, 139.63594 35.14214, 139.47441 35.29854, 139.24941 35.27803, 139.11582 35.09712, 139.08604 34.83916, 138.8375 34.61924, 138.80273 34.9748, 138.57715 35.08647, 138.18906 34.59634, 137.54336 34.66421, 137.06172 34.58281, 137.2752 34.77251, 136.88457 34.80586, 136.85186 35.05952, 136.69004 34.98413, 136.53301 34.67837, 136.88027 34.43359, 136.85371 34.32407, 136.32988 34.17686, 135.91621 33.56172, 135.69531 33.48696, 135.45283 33.55337, 135.17539 33.89805, 135.1001 34.28838, 135.38477 34.50044, 135.35518 34.6543, 135.0417 34.63101, 134.74004 34.76523, 134.2083 34.69766, 133.96826 34.52729, 133.44531 34.43315, 133.14238 34.30244, 132.65654 34.24609, 132.42129 34.35337, 132.23809 34.227, 132.14648 33.83877, 131.74053 34.05205, 131.23262 33.948, 130.91885 33.97573, 130.88926 34.26182, 131.0042 34.39258, 131.35439 34.41318, 131.85605 34.72632, 132.92295 35.51128, 133.26719 35.55654, 133.37646 35.45884, 134.21406 35.53926, 134.45605 35.62793, 135.17432 35.74707, 135.32695 35.52554, 135.68027 35.50312, 136.09531 35.76763, 136.00625 35.99058, 136.69814 36.74204, 136.71924 37.19839, 136.84346 37.38213, 137.32266 37.52207, 137.3375 37.43745, 136.92402 37.17197, 137.0167 36.83721, 137.34258 36.77036, 137.51406 36.95156, 138.31992 37.21841, 138.70938 37.56064, 138.88506 37.84395, 139.40098 38.14258, 139.58018 38.59888, 139.80195 38.88159, 140.04814 39.46372, 140.05469 39.74927, 139.81035 39.87773, 140.01445 40.31489, 139.92285 40.59844, 140.25234 40.80879, 140.38594 41.22979, 140.62764 41.19541, 140.67939 40.89326, 141.11855 40.88228, 141.26211 41.10269, 141.20039 41.2436, 140.80059 41.13882, 140.93691 41.50557, 141.26875 41.35381)), ((124.23428 24.35806, 124.08477 24.43584, 124.21055 24.45864, 124.23428 24.35806)), ((123.88867 24.28013, 123.68066 24.28804, 123.77148 24.41445, 123.88867 24.28013)), ((125.44414 24.74316, 125.26895 24.73252, 125.28359 24.87192, 125.44414 24.74316)), ((128.25879 26.65278, 127.95127 26.45649, 127.65313 26.09473, 127.72891 26.43394, 128.04678 26.64331, 128.25488 26.88188, 128.25879 26.65278)), ((128.9 27.72778, 128.95166 27.91025, 129.01641 27.77021, 128.9 27.72778)), ((129.36641 28.12773, 129.16465 28.24976, 129.6417 28.41128, 129.36641 28.12773)), ((129.33057 28.08159, 129.23242 28.10112, 129.19248 28.19248, 129.33057 28.08159)), ((139.82383 33.04546, 139.77744 33.12515, 139.87363 33.09351, 139.82383 33.04546)))"
"53","53","Asia","South-East Asia","cambodia","Cambodia","Cambodian citizens, Cambodian National Rescue Party (CNRP)","Cambodian government, Cambodian People’s Party (CPP)","Watch","3,4,5,8","4","8","OK","current","2024-07-01","The Dega are a group of peoples that live in the Central Highlands region of Vietnam, Cambodia, and Laos. The Dega were known as Montagnards by French colonial authorities, a term meaning “mountain dwellers.” The Dega are divided into sub-groups, including the Jarai, Rhade, Bahnar, and Koho. They are culturally and linguistically distinct from the majority Kinh (Vietnamese) population. The Dega have a long history of conflict with and discrimination at the hands of the Vietnamese majority.","Draft — verify profile","https://www.genocidewatch.com/country-pages/cambodia","https://d0dbb2cb-698c-4513-aa47-eba3a335e06f.filesusr.com/ugd/001731_e084c3f77217466fb53e56be60a6a2ea.pdf","https://www.genocidewatch.com/country-pages/cambodia","","","base_country","0","","MultiPolygon","EPSG:4326","Natural Earth 1:50m topology-simplified","ADMIN=Cambodia","Base-country geometry standardised to Natural Earth 1:50m and simplified jointly as one polygon coverage. Shared borders remain edge-matched; tolerance 0.12 degrees.","61a2b11a51b42b0507dfc484cb322b5dd35b4d2c8511d98515a2b5b661c6cfce","","MULTIPOLYGON (((103.04512 11.28506, 102.99336 11.29043, 103.03682 11.38994, 103.04512 11.28506)), ((103.31777 10.71851, 103.28125 10.67969, 103.22344 10.78198, 103.31777 10.71851)), ((107.51943 14.70508, 107.33145 14.12661, 107.60547 13.43779, 107.47539 13.03037, 107.55547 12.53999, 107.39336 12.2605, 107.15898 12.27705, 106.93066 12.07749, 106.41387 11.94844, 106.39922 11.68701, 106.00605 11.75801, 105.85146 11.63501, 105.85605 11.29429, 106.16797 11.0123, 106.16396 10.79492, 105.85332 10.86357, 105.75508 10.98999, 105.38652 10.94009, 105.31465 10.84517, 105.02227 10.88687, 105.06113 10.73379, 104.85059 10.53447, 104.42637 10.41123, 104.2624 10.54126, 103.93711 10.58662, 103.66191 10.50894, 103.53223 10.60464, 103.72188 10.89014, 103.53242 11.14668, 103.35361 10.92158, 103.15283 10.91372, 103.12549 11.46064, 102.93389 11.70669, 102.73662 12.08979, 102.75566 12.42627, 102.49961 12.66997, 102.46172 13.01504, 102.33076 13.28823, 102.31973 13.53999, 102.54688 13.58569, 102.90928 14.13672, 103.19941 14.33262, 103.60039 14.42109, 103.81836 14.36216, 104.41162 14.36958, 104.779 14.42783, 105.07412 14.22744, 105.1833 14.34624, 105.3502 14.10957, 105.53154 14.15615, 105.90449 13.92451, 106.12471 14.04912, 105.97891 14.34302, 106.35498 14.45479, 106.50146 14.57822, 106.81992 14.3147, 107.10938 14.4167, 107.51943 14.70508)))"
"54","54","Asia","South-East Asia","thailand","Thailand","Protestors, Refugees, Asylum-seekers, Migrants","Thai government","Watch","3","1","3","OK","current","","The profile describes repression of protest, harassment of rights organizations and abusive detention or refoulement risks for refugees and migrants.","Draft — verify profile","https://www.genocidewatch.com/country-pages/thailand","","https://www.genocidewatch.com/country-pages/thailand","","","base_country","0","","MultiPolygon","EPSG:4326","Natural Earth 1:50m topology-simplified","ADMIN=Thailand","Base-country geometry standardised to Natural Earth 1:50m and simplified jointly as one polygon coverage. Shared borders remain edge-matched; tolerance 0.12 degrees.","813880ba7f82a6251eff2cd66648e4f45f7ba82bac6e7003c8d23449cb75eb62","","MULTIPOLYGON (((102.60645 11.67651, 102.58994 11.57217, 102.53281 11.61494, 102.60645 11.67651)), ((102.42998 11.96475, 102.30195 11.98081, 102.31885 12.14165, 102.42998 11.96475)), ((98.29629 7.77607, 98.30137 8.13623, 98.43496 8.08564, 98.29629 7.77607)), ((100.12246 20.31665, 100.31797 20.38589, 100.54307 20.08867, 100.39766 19.7561, 100.62549 19.49985, 100.9665 19.61079, 101.21191 19.54834, 101.28633 18.97715, 101.05059 18.40703, 101.11328 18.03354, 100.9085 17.58389, 101.10518 17.47954, 101.6875 17.8894, 101.7748 18.0334, 102.10146 18.21064, 102.71758 17.89224, 103.05137 18.02852, 103.25176 18.37349, 103.48799 18.41816, 103.94961 18.31899, 104.42813 17.69897, 104.73965 17.46167, 104.81602 17.30029, 104.75059 16.64756, 105.04717 16.16025, 105.40625 15.98745, 105.39893 15.82988, 105.62207 15.69995, 105.51318 15.36089, 105.54668 14.93247, 105.47559 14.53013, 105.1833 14.34624, 105.07412 14.22744, 104.779 14.42783, 104.41162 14.36958, 103.81836 14.36216, 103.60039 14.42109, 103.19941 14.33262, 102.90928 14.13672, 102.54688 13.58569, 102.31973 13.53999, 102.33076 13.28823, 102.46172 13.01504, 102.49961 12.66997, 102.75566 12.42627, 102.73662 12.08979, 102.93389 11.70669, 102.59414 12.20303, 102.54023 12.10923, 102.03438 12.53188, 101.72363 12.68936, 101.44492 12.61895, 100.86328 12.7145, 100.9627 13.43198, 100.65605 13.52129, 100.23564 13.48447, 100.01748 13.35317, 100.08994 13.04565, 99.96396 12.69004, 99.98906 12.1708, 99.62734 11.46289, 99.48691 10.88955, 99.16504 10.31982, 99.16074 9.73403, 99.39385 9.21372, 99.72383 9.31421, 99.90469 9.11289, 99.96064 8.67124, 100.27939 8.26851, 100.45352 7.44229, 100.31738 7.71597, 100.1582 7.72812, 100.20488 7.50054, 100.42354 7.18784, 100.58623 7.17598, 101.01787 6.86094, 101.49795 6.86528, 101.79922 6.47461, 102.10107 6.24224, 101.87363 5.82529, 101.55605 5.90776, 101.11396 5.63677, 100.98164 5.77104, 101.07559 5.95649, 101.05352 6.24258, 100.87393 6.24541, 100.79375 6.42617, 100.34541 6.5499, 100.17676 6.67183, 100.11914 6.44199, 99.696 6.87666, 99.72031 7.1062, 99.59697 7.35562, 99.35859 7.37222, 99.05107 7.88784, 98.78867 8.05981, 98.5792 8.34429, 98.421 8.17822, 98.23818 8.4231, 98.2418 8.76787, 98.37139 9.29053, 98.70254 10.19038, 98.75723 10.66094, 99.19014 11.10527, 99.61475 11.7812, 99.46289 12.19023, 99.40508 12.5479, 99.21982 12.73975, 99.10742 13.10352, 99.17617 13.23306, 99.13682 13.7167, 98.93359 14.04985, 98.57002 14.35991, 98.246 14.81475, 98.19102 15.2041, 98.56523 15.40356, 98.59238 16.05068, 98.81797 16.18081, 98.83545 16.41758, 98.68926 16.30542, 98.47813 16.73223, 98.43887 16.97568, 97.79297 17.68125, 97.71973 18.0374, 97.48496 18.49424, 97.754 18.6208, 97.70605 18.93179, 97.80391 19.13047, 97.8168 19.45996, 98.01504 19.74951, 98.23906 19.69067, 98.9167 19.7729, 99.0207 20.0418, 99.50166 20.18774, 99.45889 20.36304, 99.63867 20.32046, 99.89033 20.42441, 100.12246 20.31665)), ((100.06445 9.67998, 99.9834 9.79355, 100.04346 9.79165, 100.06445 9.67998)), ((100.0707 9.58604, 99.9624 9.42163, 99.95361 9.58101, 100.0707 9.58604)), ((99.60664 6.59683, 99.654 6.71411, 99.70137 6.57056, 99.60664 6.59683)), ((98.57998 7.91704, 98.52939 8.10854, 98.6043 8.05732, 98.57998 7.91704)), ((98.30752 9.05146, 98.25078 9.04082, 98.30117 9.13911, 98.30752 9.05146)), ((99.10439 7.47129, 99.0377 7.54849, 99.04512 7.63652, 99.10439 7.47129)))"
"55","55","Asia","South-East Asia","myanmar","Myanmar","Rohingya Muslims, pro-democracy activists, ethnic minority groups, women and children, National League for Democracy (NLD) members","Tatmadaw (Myanmar military), Commander-in-Chief Min Aung Hlaing, Myanmar authorities","Emergency","3,8,9","3","9","OK","current","2026-01-01","Myanmar (Burma) has persecuted its Rohingya population since independence from Britain in 1948. This persecution culminated in genocide when the Burmese Army (the Tatmadaw) attacked and burned hundreds of Rohingya villages in Rakhine province, murdered thousands of Rohingya, and forced over a million Rohingya to flee their homes and seek refuge in Bangladesh. On February 1, 2021, the Tatmadaw seized control of the government, claiming without evidence that widespread fraud occurred in the November 2020 election. The Tatmadaw responded to the resulting peaceful protests with violence, killing more than 800 civilians and detaining more than 4,000 since the coup.","Draft — verify profile","https://www.genocidewatch.com/single-post/myanmar-genocide-emergency-2026","https://download-files.wixmp.com/ugd/df1038_84b7523a2ee2459e9c23dd7cfa6ed491.pdf?token=eyJhbGciOiJIUzI1NiIsInR5cCI6IkpXVCJ9.eyJvYmoiOltbeyJwYXRoIjoiL3VnZC9kZjEwMzhfODRiNzUyM2EyZWUyNDU5ZTljMjNkZDdjZmE2ZWQ0OTEucGRmIn1dXSwiZGlzIjp7ImZpbGVuYW1lIjoiTXlhbm1hciBHZW5vY2lkZSBFbWVyZ2VuY3kgMjAyNi5wZGYiLCJ0eXBlIjoiYXR0YWNobWVudCJ9LCJhdWQiOlsidXJuOnNlcnZpY2U6ZmlsZS5kb3dubG9hZCJdLCJleHAiOjE3ODU5NzYwNTgsImp0aSI6ImE0Y2Q1NzliLTA1MDktNDE5NS1iNzk4LTkxOWUyZDQ3MDk3NCIsImlhdCI6MTc4NTk0MDA1OCwiaXNzIjoidXJuOmFwcDplNjY2MzBlNzE0ZjA0OTBhYWVhMWYxNDliM2I2OWUzMiIsInN1YiI6InVybjphcHA6ZTY2NjMwZTcxNGYwNDkwYWFlYTFmMTQ5YjNiNjllMzIifQ.yZ4ePjeuD2CeeTuUehq1qOmoDTXR6uR6TTTeJMFd0SI","https://www.genocidewatch.com/country-pages/myanmar%2Fburma","","","base_country","0","","MultiPolygon","EPSG:4326","Natural Earth 1:50m topology-simplified","ADMIN=Myanmar","Base-country geometry standardised to Natural Earth 1:50m and simplified jointly as one polygon coverage. Shared borders remain edge-matched; tolerance 0.12 degrees.","67cc0b0225b1e24ea777ab9d677afb0f2d9686f9bbce586af8d48e39609917c2","","MULTIPOLYGON (((100.12246 20.31665, 99.89033 20.42441, 99.63867 20.32046, 99.45889 20.36304, 99.50166 20.18774, 99.0207 20.0418, 98.9167 19.7729, 98.23906 19.69067, 98.01504 19.74951, 97.8168 19.45996, 97.80391 19.13047, 97.70605 18.93179, 97.754 18.6208, 97.48496 18.49424, 97.71973 18.0374, 97.79297 17.68125, 98.43887 16.97568, 98.47813 16.73223, 98.68926 16.30542, 98.83545 16.41758, 98.81797 16.18081, 98.59238 16.05068, 98.56523 15.40356, 98.19102 15.2041, 98.246 14.81475, 98.57002 14.35991, 98.93359 14.04985, 99.13682 13.7167, 99.17617 13.23306, 99.10742 13.10352, 99.21982 12.73975, 99.40508 12.5479, 99.46289 12.19023, 99.61475 11.7812, 99.19014 11.10527, 98.75723 10.66094, 98.70254 10.19038, 98.5626 10.03496, 98.46494 10.67583, 98.67559 10.98691, 98.74141 11.5917, 98.87598 11.71973, 98.63633 11.73838, 98.69629 12.22524, 98.57598 13.16191, 98.24541 13.7335, 98.14951 13.64761, 98.1002 14.16152, 97.8123 14.85894, 97.71035 15.87554, 97.58428 16.01958, 97.63369 16.45767, 97.72598 16.56855, 97.37588 16.52295, 97.17832 17.06201, 96.97012 17.31733, 96.90859 17.03096, 96.62246 16.56392, 95.76328 16.16904, 95.67949 15.97676, 95.38955 15.72275, 95.33301 16.03325, 95.17695 15.82568, 94.94258 15.81826, 94.89316 16.18281, 94.66152 15.90439, 94.71992 16.39873, 94.4416 16.09438, 94.22383 16.01646, 94.27129 16.51729, 94.35342 16.63994, 94.58896 17.56934, 94.43076 18.20166, 94.09131 18.84922, 94.04492 19.2874, 93.9292 18.89966, 93.70547 19.0269, 93.49307 19.36948, 93.8249 19.23848, 93.96201 19.32935, 93.99814 19.44087, 93.3623 20.0583, 93.15664 20.04077, 93.12949 19.85801, 93.00195 20.07485, 93.0668 20.37764, 92.88213 20.15215, 92.89111 20.34033, 92.70898 20.56396, 92.72285 20.29561, 92.32412 20.79185, 92.17959 21.29312, 92.33057 21.43979, 92.63164 21.3062, 92.5749 21.97808, 92.68896 22.13096, 92.96455 22.00376, 93.16201 22.36021, 93.07871 22.71821, 93.16416 23.03203, 93.36602 23.13252, 93.41494 23.68208, 93.30732 24.02188, 93.6834 24.00654, 94.12764 23.87646, 94.29307 24.32187, 94.70762 25.04873, 94.55439 25.24346, 94.62285 25.41001, 94.99199 25.77046, 95.13242 26.04126, 95.05977 26.47397, 95.12871 26.59727, 95.90527 27.04663, 96.06143 27.21709, 96.66572 27.33926, 97.03809 27.10205, 97.10371 27.16333, 96.90195 27.4396, 96.89971 27.64385, 97.33516 27.93774, 97.32246 28.21797, 97.53789 28.51021, 97.86494 28.36357, 98.09893 28.14229, 98.29883 27.5501, 98.50449 27.64766, 98.65117 27.57246, 98.73184 26.5834, 98.62539 25.82671, 98.33379 25.58677, 98.17256 25.59453, 97.91797 25.23613, 97.81953 25.25186, 97.72383 24.84199, 97.5833 24.7748, 97.53145 24.4917, 97.6666 24.37998, 97.69063 24.13081, 97.56455 23.91104, 98.01689 24.06543, 98.49941 24.11567, 98.83398 24.09058, 98.68086 23.8418, 98.83223 23.62437, 98.86377 23.19126, 99.34082 23.0959, 99.50713 22.95913, 99.38516 22.8251, 99.3377 22.49805, 99.19297 22.12598, 99.91768 22.02803, 99.97822 21.70161, 100.21475 21.46299, 100.53135 21.45811, 101.07979 21.75586, 101.13887 21.56748, 100.75664 21.31265, 100.52227 20.92192, 100.18389 20.58911, 100.12246 20.31665)), ((98.29346 10.77969, 98.25176 10.74443, 98.16729 10.98032, 98.29346 10.77969)), ((98.11807 9.87788, 98.14023 9.97466, 98.2917 10.05132, 98.11807 9.87788)), ((98.1873 11.47241, 98.27812 11.7584, 98.26328 11.52363, 98.1873 11.47241)), ((98.47432 11.89941, 98.45449 12.06128, 98.60957 11.95664, 98.47432 11.89941)), ((98.52842 11.53867, 98.37646 11.7915, 98.52354 11.80493, 98.52842 11.53867)), ((98.46826 12.57134, 98.31387 12.33599, 98.31211 12.67817, 98.46826 12.57134)), ((98.13672 12.15044, 98.0373 12.23247, 98.12246 12.27871, 98.13672 12.15044)), ((94.41191 15.84839, 94.38789 15.99414, 94.60127 16.20552, 94.41191 15.84839)), ((97.575 16.25322, 97.46914 16.46104, 97.59961 16.42954, 97.575 16.25322)), ((93.67402 18.67568, 93.4875 18.86753, 93.74473 18.86553, 93.67402 18.67568)), ((93.4918 19.89258, 93.51328 19.75479, 93.41289 19.95034, 93.4918 19.89258)), ((93.71484 19.55825, 93.9457 19.42861, 93.75586 19.32568, 93.71484 19.55825)), ((98.5417 10.96152, 98.47744 10.97974, 98.52656 11.08696, 98.5417 10.96152)), ((98.02109 11.6959, 98.01035 11.86025, 98.08076 11.7332, 98.02109 11.6959)), ((98.06611 12.38979, 98.00234 12.279, 97.93867 12.34609, 98.06611 12.38979)), ((98.31543 13.09907, 98.30918 12.93472, 98.25459 13.18857, 98.31543 13.09907)), ((94.78438 15.79385, 94.7335 15.82305, 94.82803 15.93301, 94.78438 15.79385)), ((93.02324 19.82886, 92.9127 19.9998, 92.95957 20.04619, 93.02324 19.82886)))"
"56","56","Asia","South-East Asia","malaysia","Malaysia","Rohingya refugees, other undocumented migrants, LGBTQ+ individuals, ethnic minorities (Chinese, Indian, Orang Asli), political dissidents","Malaysian government, Malaysian police and immigration authorities, Sharia courts, populist political leaders","Warning","3,4,6,8","4","8","OK","current","2023-01-01","The Malaysian government's repression of free speech and public protests remains pervasive. Ethnic and racial minorities face discrimination in political and social life. Malaysia violates its international legal obligations by forcibly returning refugees to Myanmar where they are likely to experience persecution. The state runs 'rehabilitation' camps to 'convert' LGBTQ+ people and criminalizes same sex relationships.","Draft — verify profile","https://www.genocidewatch.com/country-pages/malaysia","https://d0dbb2cb-698c-4513-aa47-eba3a335e06f.filesusr.com/ugd/392c32_a1a0","https://www.genocidewatch.com/country-pages/malaysia","","","base_country","0","","MultiPolygon","EPSG:4326","Natural Earth 1:50m topology-simplified","ADMIN=Malaysia","Base-country geometry standardised to Natural Earth 1:50m and simplified jointly as one polygon coverage. Shared borders remain edge-matched; tolerance 0.12 degrees.","732477cf427ec15e64081b339bdb2cae0033e18c087f0876b13dc14d597e7433","","MULTIPOLYGON (((102.10107 6.24224, 101.87363 5.82529, 101.55605 5.90776, 101.11396 5.63677, 100.98164 5.77104, 101.07559 5.95649, 101.05352 6.24258, 100.87393 6.24541, 100.79375 6.42617, 100.34541 6.5499, 100.17676 6.67183, 100.11914 6.44199, 100.34326 5.98418, 100.35264 5.5877, 100.47344 5.04429, 100.61455 4.65225, 100.61455 4.37344, 100.79551 4.02339, 100.71543 3.96621, 101.2999 3.25327, 101.3543 3.01113, 101.29551 2.88521, 101.78125 2.57358, 102.14561 2.24849, 102.54824 2.04238, 102.72715 1.85557, 103.35684 1.54614, 103.48027 1.32949, 103.69453 1.44966, 103.9915 1.45479, 103.98145 1.62363, 104.17637 1.36489, 104.28848 1.48066, 104.21855 1.72285, 103.81221 2.58047, 103.43945 2.93311, 103.45352 3.52061, 103.36201 3.76914, 103.46875 4.39326, 103.41582 4.85029, 103.19697 5.26216, 102.98242 5.52495, 102.53438 5.86255, 102.34014 6.17202, 102.10107 6.24224)), ((117.57441 4.17061, 117.10059 4.33706, 116.51475 4.3708, 116.41455 4.3082, 115.89619 4.34868, 115.67881 4.19302, 115.56846 3.93877, 115.56611 3.44575, 115.45439 3.03433, 115.24697 3.02593, 115.08633 2.84111, 115.1791 2.52319, 114.78643 2.25049, 114.83057 1.98003, 114.5459 1.46714, 113.90234 1.43428, 113.62227 1.23594, 112.98828 1.45713, 112.94297 1.56699, 112.47617 1.55908, 112.18574 1.43906, 112.07852 1.14336, 111.76973 0.99946, 110.93809 1.01733, 110.50576 0.86196, 110.31523 0.996, 109.654 1.61489, 109.53896 1.89619, 109.62891 2.02754, 109.71963 1.85781, 109.98457 1.71763, 110.34922 1.71973, 111.09844 1.40088, 111.04658 1.63364, 111.1542 1.73877, 111.26816 2.13975, 111.24219 2.43574, 111.35137 2.36445, 111.44385 2.38154, 111.44326 2.63433, 111.72773 2.85381, 112.7373 3.07046, 113.04473 3.20522, 113.44609 3.74058, 113.92393 4.24321, 113.98428 4.5458, 114.22412 4.47788, 114.6083 4.02397, 114.84023 4.39321, 114.74668 4.71807, 115.02676 4.89971, 115.10703 4.39043, 115.32676 4.38076, 115.14004 4.89976, 115.3749 4.93276, 115.58203 5.19414, 115.41904 5.41318, 115.60391 5.60342, 115.79688 5.53613, 116.05977 5.88237, 116.13838 6.12954, 116.49473 6.52168, 116.7498 6.9771, 116.91328 6.65967, 117.12852 6.9689, 117.29404 6.6769, 117.6457 6.47368, 117.61719 5.94072, 118.00381 6.05332, 118.11582 5.8625, 118.45635 5.76343, 118.59482 5.59209, 118.95732 5.429, 119.22344 5.41265, 119.13223 5.10049, 118.67207 4.96406, 118.26055 4.98887, 118.18535 4.82852, 118.5625 4.50215, 118.49805 4.36235, 118.0082 4.25024, 117.74102 4.33755, 117.57441 4.17061)), ((104.22158 2.73174, 104.1291 2.76724, 104.18477 2.87173, 104.22158 2.73174)), ((100.19102 5.28286, 100.20391 5.44687, 100.33887 5.41006, 100.19102 5.28286)), ((99.91865 6.35859, 99.74375 6.26328, 99.64629 6.41836, 99.91865 6.35859)), ((117.06426 7.26069, 117.26406 7.35166, 117.23936 7.18477, 117.06426 7.26069)), ((101.31855 2.98848, 101.26807 2.97041, 101.31123 3.06738, 101.31855 2.98848)), ((111.31152 2.4376, 111.30039 2.74116, 111.37832 2.70933, 111.31152 2.4376)), ((117.88477 4.18613, 117.64902 4.16899, 117.66211 4.2502, 117.88477 4.18613)))"
"57","57","Asia","South-East Asia","vietnam","Vietnam","Pro-democracy activists and protesters

Women and LGBTQ+ community members

Dega and Montgnard Teams

Chams","Vietnamese government and authorities","Watch","3,4,7,8","4","8","OK","current","2024-06-30","Details
The Dega are a group of peoples that live in the Central Highlands region of Vietnam, Cambodia, and Laos. The Dega were known as Montagnards by French colonial authorities, a term meaning “mountain dwellers.” The Dega are divided into sub-groups, including the Jarai, Rhade, Bahnar, and Koho. They are culturally and linguistically distinct from the majority Kinh (Vietnamese) population. The Dega have a long history of conflict with and discrimination at the hands of the Vietnamese majority.","Draft — verify profile","https://www.genocidewatch.com/de/country-pages/vietnam","https://www.genocidewatch.com/de/_files/ugd/001731_02ace3b13dd14a9aa49834b683250f34.docx?dn=Country%2520Report%2520Vietnam2024%2520(1).docx","https://www.genocidewatch.com/de/country-pages/vietnam","","","base_country","0","","MultiPolygon","EPSG:4326","Natural Earth 1:50m topology-simplified","ADMIN=Vietnam","Base-country geometry standardised to Natural Earth 1:50m and simplified jointly as one polygon coverage. Shared borders remain edge-matched; tolerance 0.12 degrees.","3341107fea4971c5a8e8a962a9781b1a602da66fa04a4af5eaa55c7bd2fac766","","MULTIPOLYGON (((104.08301 10.34111, 104.01846 10.0292, 103.84951 10.37109, 104.08301 10.34111)), ((107.97266 21.50796, 107.40996 21.28481, 107.3543 21.05518, 107.16475 20.94873, 106.6834 21.00029, 106.75342 20.73506, 106.55078 20.52656, 106.51797 20.28887, 106.16572 19.99204, 105.98408 19.93906, 105.81396 19.58745, 105.79111 19.29419, 105.62178 18.96631, 105.88828 18.50249, 106.49902 17.94644, 106.47891 17.71958, 106.73574 17.36719, 107.11992 17.05552, 107.18037 16.89795, 107.54932 16.64258, 107.83379 16.32246, 108.02939 16.3311, 108.67422 15.48359, 108.82129 15.37793, 109.08486 14.71616, 109.08701 14.55259, 109.30332 13.85645, 109.24707 13.85474, 109.27188 13.27935, 109.42393 12.95596, 109.44492 12.59961, 109.33555 12.7519, 109.21895 12.6458, 109.19863 11.72485, 109.03965 11.59268, 108.98672 11.33638, 108.8208 11.31543, 108.27168 10.93428, 107.26152 10.39839, 107.00664 10.66055, 106.90205 10.38281, 106.72734 10.53564, 106.75742 10.2958, 106.46406 10.29829, 106.78525 10.11646, 106.59561 9.85986, 106.13643 10.22168, 106.50742 9.82124, 106.57246 9.64111, 106.37803 9.5561, 105.83096 10.00073, 106.1125 9.67358, 106.16836 9.39673, 105.50098 9.09321, 105.32227 8.80112, 105.11436 8.6292, 104.77041 8.59766, 104.81855 8.80186, 104.84521 9.60615, 104.90322 9.81626, 105.09258 9.90098, 105.02783 10.06743, 104.66348 10.16992, 104.42637 10.41123, 104.85059 10.53447, 105.06113 10.73379, 105.02227 10.88687, 105.31465 10.84517, 105.38652 10.94009, 105.75508 10.98999, 105.85332 10.86357, 106.16396 10.79492, 106.16797 11.0123, 105.85605 11.29429, 105.85146 11.63501, 106.00605 11.75801, 106.39922 11.68701, 106.41387 11.94844, 106.93066 12.07749, 107.15898 12.27705, 107.39336 12.2605, 107.55547 12.53999, 107.47539 13.03037, 107.60547 13.43779, 107.33145 14.12661, 107.51943 14.70508, 107.48037 14.97988, 107.65312 15.25522, 107.16592 15.80249, 107.39639 16.04302, 106.93066 16.35312, 106.83242 16.52627, 106.69609 16.45898, 106.54619 16.65073, 106.50225 16.9541, 106.26953 17.2168, 105.69141 17.73784, 105.4582 18.1543, 105.08584 18.4501, 105.14648 18.65098, 104.7165 18.80342, 103.89639 19.33999, 104.06289 19.48257, 104.03203 19.67515, 104.54629 19.61055, 104.92793 20.01812, 104.61885 20.37451, 104.36777 20.44141, 104.5832 20.64668, 104.05205 20.94121, 103.63506 20.69707, 103.10449 20.89165, 102.85117 21.26592, 102.94961 21.68135, 102.81592 21.80737, 102.69531 21.66211, 102.58252 21.9043, 102.12744 22.3792, 102.42793 22.73281, 102.51719 22.74102, 103.00537 22.45298, 103.30059 22.7644, 103.471 22.59741, 103.62021 22.78203, 103.91504 22.53823, 104.05391 22.75229, 104.37178 22.70405, 104.7957 22.91113, 104.86475 23.13638, 105.27539 23.34521, 105.54814 23.07266, 105.84297 22.9228, 106.5418 22.90835, 106.78027 22.77891, 106.53633 22.39541, 106.6542 22.24146, 106.66357 21.97891, 107.00645 21.89341, 107.35117 21.60889, 107.80205 21.64517, 107.97266 21.50796)), ((106.56797 8.70093, 106.65859 8.76636, 106.65254 8.70112, 106.56797 8.70093)), ((107.08379 10.33657, 107.07793 10.3875, 107.19492 10.4457, 107.08379 10.33657)), ((106.8541 20.79639, 106.76943 20.86421, 106.79531 20.92793, 106.8541 20.79639)), ((107.60273 21.2168, 107.40352 21.09365, 107.47627 21.26895, 107.60273 21.2168)), ((107.52129 20.92661, 107.39922 20.90347, 107.55127 21.03403, 107.52129 20.92661)), ((106.99004 20.74307, 106.95342 20.86704, 107.06396 20.79976, 106.99004 20.74307)))"
"58","58","Asia","South-East Asia","laos","Laos","Ethnic Minorities (Hmong, Khmu, indigenous hill tribes)

Religious Minorities (especially Christian Hmong

Political dissidents and human rights activists opposing the government","","Emergency","4,6,8","3","8","OK","current","2025-03-30","Since 1975, Laos has been ruled by a one-party communist government that suppresses dissent and restricts freedoms. Ethnic minorities like the Hmong and religious minorities, especially Christians, face systematic discrimination, forced displacement, and state violence. The government seizes ancestral lands, conducts military offensives, and restricts humanitarian access, raising serious concerns about ongoing persecution and risks of genocide","Draft — verify profile","https://www.genocidewatch.com/de/country-pages/laos","https://d0dbb2cb-698c-4513-aa47-eba3a335e06f.filesusr.com/ugd/1fc0cd_bd0e731a33f148d69f25b18f85eaba54.pdf","https://www.genocidewatch.com/de/country-pages/laos","","","base_country","0","","Polygon","EPSG:4326","Natural Earth 1:50m topology-simplified","ADMIN=Laos","Base-country geometry standardised to Natural Earth 1:50m and simplified jointly as one polygon coverage. Shared borders remain edge-matched; tolerance 0.12 degrees.","1e87f55c6117c24f7989b4df4513dc8642e7f9bda98e459f1f70b4c4d94c500b","","POLYGON ((102.12744 22.3792, 102.58252 21.9043, 102.69531 21.66211, 102.81592 21.80737, 102.94961 21.68135, 102.85117 21.26592, 103.10449 20.89165, 103.63506 20.69707, 104.05205 20.94121, 104.5832 20.64668, 104.36777 20.44141, 104.61885 20.37451, 104.92793 20.01812, 104.54629 19.61055, 104.03203 19.67515, 104.06289 19.48257, 103.89639 19.33999, 104.7165 18.80342, 105.14648 18.65098, 105.08584 18.4501, 105.4582 18.1543, 105.69141 17.73784, 106.26953 17.2168, 106.50225 16.9541, 106.54619 16.65073, 106.69609 16.45898, 106.83242 16.52627, 106.93066 16.35312, 107.39639 16.04302, 107.16592 15.80249, 107.65312 15.25522, 107.48037 14.97988, 107.51943 14.70508, 107.10938 14.4167, 106.81992 14.3147, 106.50146 14.57822, 106.35498 14.45479, 105.97891 14.34302, 106.12471 14.04912, 105.90449 13.92451, 105.53154 14.15615, 105.3502 14.10957, 105.1833 14.34624, 105.47559 14.53013, 105.54668 14.93247, 105.51318 15.36089, 105.62207 15.69995, 105.39893 15.82988, 105.40625 15.98745, 105.04717 16.16025, 104.75059 16.64756, 104.81602 17.30029, 104.73965 17.46167, 104.42813 17.69897, 103.94961 18.31899, 103.48799 18.41816, 103.25176 18.37349, 103.05137 18.02852, 102.71758 17.89224, 102.10146 18.21064, 101.7748 18.0334, 101.6875 17.8894, 101.10518 17.47954, 100.9085 17.58389, 101.11328 18.03354, 101.05059 18.40703, 101.28633 18.97715, 101.21191 19.54834, 100.9665 19.61079, 100.62549 19.49985, 100.39766 19.7561, 100.54307 20.08867, 100.31797 20.38589, 100.12246 20.31665, 100.18389 20.58911, 100.52227 20.92192, 100.75664 21.31265, 101.13887 21.56748, 101.22441 21.22373, 101.70479 21.15015, 101.73652 21.82651, 101.52451 22.25366, 101.67148 22.4623, 102.12744 22.3792))"
"59","59","Asia","South-East Asia","indonesia","Indonesia","Indigenous Papuans, Christians, Ahmadiyah Muslims, Shia Muslims, other religious minorities","Indonesian government, Indonesian military and security forces, fundamentalist Islamist groups","Warning","1,2,3,4,5,6,8","7","8","OK","current","2026-05-01","Indonesian security forces are accused of extrajudicial killings, rape, and torture of ethnic West Papuans. Military operations in West Papua have displaced over 105,000 people. The Indonesian government discriminates against minority religious groups via the 1965 Blasphemy law and other regulations on religious practices. Islamist militants in Indonesia are also known to attack minority religious groups. There is continued social hostility and political rhetoric against minorities such as LGBTQ+.","Draft — verify profile","https://www.genocidewatch.com/country-pages/indonesia","https://d0dbb2cb-698c-4513-aa47-eba3a335e06f.filesusr.com/ugd/c93605_a9717c08379e4384886fd197846dcda5.pdf","https://www.genocidewatch.com/country-pages/indonesia","","","base_country","0","","MultiPolygon","EPSG:4326","Natural Earth 1:50m topology-simplified","ADMIN=Indonesia","Base-country geometry standardised to Natural Earth 1:50m and simplified jointly as one polygon coverage. Shared borders remain edge-matched; tolerance 0.12 degrees.","2c2a254d7905226307a8ffaf4ac972d323248abecc07ed903d0f0899c00f4523","","MULTIPOLYGON (((97.93193 0.97393, 97.87646 0.62832, 97.68398 0.59609, 97.60391 0.83389, 97.40537 0.94697, 97.0792 1.42549, 97.35596 1.53975, 97.93193 0.97393)), ((99.07178 -1.7835, 98.87432 -1.66367, 98.60176 -1.19785, 98.67607 -0.97051, 98.86904 -0.91563, 99.06504 -1.24072, 99.27148 -1.73848, 99.07178 -1.7835)), ((116.51426 -8.821, 116.37725 -8.929, 115.87461 -8.82559, 116.07646 -8.74492, 116.06113 -8.4374, 116.40156 -8.2042, 116.73408 -8.38691, 116.51426 -8.821)), ((115.54941 -8.2083, 115.7043 -8.40713, 115.33379 -8.61572, 115.23613 -8.79756, 114.84209 -8.42852, 114.61318 -8.37832, 114.47529 -8.11943, 114.99814 -8.17441, 115.154 -8.06572, 115.54941 -8.2083)), ((106.16172 -1.86699, 106.20879 -2.18867, 106.36592 -2.46484, 106.81846 -2.57334, 106.61201 -2.89551, 106.66719 -3.07178, 105.99873 -2.8249, 105.93906 -2.49346, 105.78584 -2.18135, 105.55273 -2.079, 105.1334 -2.04258, 105.3748 -1.81318, 105.37314 -1.65732, 105.58545 -1.52676, 106.02734 -1.59316, 106.16172 -1.86699)), ((123.17979 -4.55117, 123.1957 -4.82266, 123.05518 -4.74824, 122.98105 -5.18574, 123.20195 -5.27334, 122.98574 -5.39355, 122.81211 -5.67129, 122.58496 -5.54463, 122.7665 -5.21016, 122.85332 -4.61836, 122.94688 -4.44268, 123.17979 -4.55117)), ((122.56387 -5.3875, 122.28311 -5.31953, 122.39629 -5.06982, 122.36895 -4.76719, 122.70195 -4.61865, 122.75986 -4.93389, 122.56387 -5.3875)), ((108.31602 3.68965, 108.10039 3.70454, 108.00352 4.04258, 108.20195 4.20049, 108.39287 3.98618, 108.31602 3.68965)), ((108.16729 -3.14277, 107.97715 -3.22178, 107.8582 -3.08633, 107.61445 -3.20938, 107.59814 -2.79971, 107.66631 -2.56631, 108.07441 -2.59697, 108.29063 -2.82998, 108.16729 -3.14277)), ((135.38301 -0.65137, 135.89355 -0.72578, 136.37529 -1.09404, 136.11035 -1.2168, 135.83877 -1.11943, 135.74707 -0.82305, 135.6457 -0.88193, 135.38301 -0.65137)), ((135.47422 -1.5918, 136.20156 -1.65498, 136.89258 -1.79971, 136.22813 -1.89365, 135.4876 -1.66836, 135.47422 -1.5918)), ((130.81328 -0.0041, 131.27686 -0.1498, 131.25752 -0.36572, 131.00537 -0.36074, 130.62217 -0.08594, 130.89629 -0.41602, 130.68867 -0.29658, 130.23662 -0.20967, 130.29492 -0.10146, 130.81328 -0.0041)), ((128.2959 2.03472, 128.21797 2.29746, 128.33037 2.46934, 128.60215 2.59761, 128.68848 2.47368, 128.54756 2.09707, 128.2959 2.03472)), ((128.06123 -1.7124, 127.56162 -1.72852, 127.39219 -1.64482, 127.64668 -1.33242, 128.14873 -1.60371, 128.06123 -1.7124)), ((125.97793 -2.41543, 125.86289 -2.07715, 125.99268 -2.01182, 126.06572 -2.36582, 125.97793 -2.41543)), ((126.33174 -1.82285, 125.95645 -1.9166, 125.43262 -1.93809, 125.5209 -1.80088, 126.33174 -1.82285)), ((125.32021 -1.81006, 125.00674 -1.94307, 124.83447 -1.89443, 124.41777 -2.00518, 124.38086 -1.6875, 124.66396 -1.63594, 125.32021 -1.81006)), ((131.30918 -8.01084, 131.08682 -7.86504, 131.26006 -7.47051, 131.64346 -7.11279, 131.69111 -7.43887, 131.62441 -7.62617, 131.30918 -8.01084)), ((126.8127 -7.73789, 126.47207 -7.95039, 126.1084 -7.88398, 125.79824 -7.98457, 125.97529 -7.66338, 126.21367 -7.70674, 126.60957 -7.57178, 126.8127 -7.73789)), ((125.12461 -8.20479, 125.09678 -8.35283, 124.44424 -8.44463, 124.43066 -8.1832, 125.12461 -8.20479)), ((130.9666 -1.34346, 130.78232 -1.25547, 130.67295 -0.95977, 130.89717 -0.89004, 131.07393 -0.96826, 130.9666 -1.34346)), ((96.61523 5.22021, 96.84268 5.27446, 97.54717 5.20586, 97.9084 4.87998, 98.0207 4.63521, 98.24844 4.41455, 98.30732 4.09287, 98.65869 3.92812, 98.77793 3.75942, 99.15117 3.58125, 99.73232 3.18306, 100.45703 2.25742, 100.88789 1.94824, 100.82822 2.24258, 101.04619 2.25747, 101.30078 2.01182, 101.47666 1.69307, 101.78477 1.62139, 102.15723 1.25889, 102.23906 0.99033, 102.46924 0.7793, 102.84941 0.71548, 103.0665 0.49199, 102.55 0.21646, 102.77959 0.24448, 103.27656 0.49453, 103.47891 0.48018, 103.78672 0.04697, 103.42852 -0.1918, 103.43115 -0.53359, 103.72109 -0.88672, 104.19854 -1.0543, 104.36055 -1.03838, 104.56875 -1.92178, 104.84521 -2.09297, 104.66846 -2.38555, 104.73574 -2.5709, 105.02588 -2.35752, 105.39697 -2.38018, 105.58203 -2.49199, 106.04434 -3.10625, 105.90146 -3.41006, 105.85156 -3.73057, 105.93047 -3.83301, 105.83145 -4.16289, 105.88721 -5.00957, 105.81611 -5.67656, 105.61855 -5.79961, 105.34941 -5.54951, 105.08135 -5.74551, 104.63955 -5.52041, 104.68398 -5.89268, 104.60156 -5.90459, 104.0668 -5.38594, 103.83145 -5.07959, 102.91895 -4.4707, 102.5377 -4.15215, 102.12754 -3.59922, 101.57861 -3.16699, 101.30566 -2.72871, 101.11855 -2.58779, 100.84805 -2.14395, 100.85527 -1.93418, 100.48652 -1.29912, 100.3082 -0.82666, 99.86006 -0.31377, 99.59766 0.10244, 99.15918 0.35176, 98.79639 1.49463, 98.56426 1.90215, 98.00508 2.23818, 97.70078 2.35854, 97.59082 2.84658, 97.39131 2.97529, 96.96895 3.57515, 96.80098 3.70854, 96.44473 3.81631, 95.49473 4.76138, 95.20664 5.28403, 95.22783 5.56479, 95.39609 5.62881, 95.84131 5.5145, 96.1333 5.29429, 96.61523 5.22021)), ((122.47021 -8.72549, 122.09414 -8.74473, 121.65137 -8.89873, 121.41465 -8.81484, 121.03525 -8.93545, 120.55049 -8.80186, 120.1209 -8.77695, 119.90938 -8.85762, 119.80791 -8.69766, 119.91826 -8.44512, 120.23115 -8.28984, 120.61025 -8.24043, 121.44453 -8.57783, 121.9665 -8.45518, 122.26309 -8.6249, 122.4335 -8.60078, 122.60352 -8.40244, 122.97832 -8.15195, 123.00596 -8.3291, 122.84678 -8.56221, 122.47021 -8.72549)), ((120.29111 -9.64785, 120.50371 -9.67402, 120.83262 -10.0375, 120.69805 -10.20664, 120.43916 -10.29404, 120.14482 -10.2001, 119.93066 -9.9665, 119.60107 -9.77354, 119.08545 -9.70693, 118.95879 -9.51934, 119.18564 -9.38447, 119.79512 -9.38047, 119.94209 -9.30146, 120.29111 -9.64785)), ((118.29238 -8.35723, 118.61191 -8.28066, 118.71387 -8.41494, 118.98779 -8.3377, 119.12969 -8.66816, 118.47861 -8.85645, 118.37891 -8.67461, 118.18994 -8.84053, 117.06133 -9.09902, 116.78848 -9.00635, 116.83506 -8.53242, 117.16484 -8.36719, 117.56709 -8.42637, 117.80605 -8.71113, 118.23486 -8.59189, 117.81484 -8.34209, 117.75527 -8.14951, 118.11748 -8.12227, 118.29238 -8.35723)), ((124.88887 0.99531, 124.42754 0.47061, 123.75381 0.30552, 123.26543 0.32661, 123.08252 0.48584, 122.28076 0.48105, 121.84199 0.43657, 121.42578 0.49482, 121.01299 0.4417, 120.70039 0.5147, 120.34902 0.44922, 120.12734 0.16655, 120.01328 -0.19619, 120.09746 -0.6499, 120.26982 -0.89922, 120.51758 -1.03945, 120.66738 -1.37012, 121.03369 -1.40654, 121.51934 -0.85557, 121.96963 -0.9333, 122.27998 -0.75703, 122.88877 -0.75518, 122.82949 -0.65889, 123.17148 -0.5707, 123.37969 -0.64854, 123.37793 -1.0041, 123.04941 -0.87236, 122.80742 -0.96602, 122.50664 -1.34785, 122.15762 -1.59395, 121.85859 -1.69326, 121.71875 -1.86279, 121.39473 -1.83379, 121.34883 -1.946, 121.84824 -2.33154, 122.08262 -2.74951, 122.2917 -2.90762, 122.39902 -3.20088, 122.25293 -3.62041, 122.87734 -4.10908, 122.89736 -4.34912, 122.11426 -4.54023, 122.07324 -4.7917, 121.91699 -4.84795, 121.58867 -4.75957, 121.48652 -4.58105, 121.61807 -4.09268, 121.3127 -3.91943, 120.91426 -3.55576, 121.0543 -3.16709, 120.99014 -2.67031, 120.65361 -2.66758, 120.34141 -2.86963, 120.2541 -3.05283, 120.39238 -3.34814, 120.43662 -3.70732, 120.3625 -4.08574, 120.42012 -4.61738, 120.2793 -5.14609, 120.43037 -5.59102, 119.95156 -5.57764, 119.71729 -5.69336, 119.37617 -5.4248, 119.61172 -4.42354, 119.62363 -4.03438, 119.41982 -3.47539, 118.99463 -3.5376, 118.8125 -3.15664, 118.78369 -2.76475, 119.09219 -2.48291, 119.17227 -2.14004, 119.32188 -1.92969, 119.30898 -1.4082, 119.5082 -0.90674, 119.71133 -0.68076, 119.84434 -0.86191, 119.72188 -0.08848, 119.86563 0.04009, 119.80928 0.23867, 120.05645 0.69253, 120.32246 0.98315, 120.5166 0.81753, 120.91211 1.28896, 121.08174 1.32764, 121.44004 1.2144, 121.5918 1.06797, 121.86738 1.08853, 122.43662 1.01807, 122.89248 0.85, 123.27812 0.92808, 123.84668 0.83818, 124.27363 1.02227, 124.7877 1.46758, 124.98926 1.70103, 125.23379 1.50229, 124.88887 0.99531)), ((107.6668 -6.21582, 108.29502 -6.26504, 108.51592 -6.47119, 108.67783 -6.79053, 109.29424 -6.86699, 109.50059 -6.81016, 109.821 -6.90244, 110.42627 -6.94727, 110.58359 -6.80566, 110.73691 -6.47236, 110.97227 -6.43564, 111.15439 -6.66904, 111.54033 -6.64824, 112.0873 -6.89336, 112.53926 -6.92646, 112.64873 -7.22129, 112.79434 -7.30449, 112.79453 -7.55244, 113.24844 -7.71816, 113.74746 -7.70303, 114.0707 -7.63301, 114.38271 -7.77109, 114.44424 -7.89561, 114.38691 -8.40518, 114.58379 -8.76963, 113.69258 -8.47803, 113.25332 -8.28672, 112.67881 -8.40918, 112.11514 -8.32393, 111.50996 -8.30508, 110.60723 -8.14941, 110.03867 -7.89053, 109.28164 -7.70488, 108.74121 -7.66709, 108.45176 -7.79697, 107.91748 -7.72412, 107.28496 -7.47168, 106.45527 -7.36865, 106.51973 -7.05371, 105.94434 -6.85898, 105.25547 -6.83525, 105.3709 -6.66436, 105.48369 -6.78154, 105.65508 -6.46953, 105.78691 -6.45693, 105.86826 -6.11641, 106.075 -5.91416, 106.8252 -6.09824, 107.04629 -5.9042, 107.33184 -5.97813, 107.6668 -6.21582)), ((117.57441 4.17061, 117.10059 4.33706, 116.51475 4.3708, 116.41455 4.3082, 115.89619 4.34868, 115.67881 4.19302, 115.56846 3.93877, 115.56611 3.44575, 115.45439 3.03433, 115.24697 3.02593, 115.08633 2.84111, 115.1791 2.52319, 114.78643 2.25049, 114.83057 1.98003, 114.5459 1.46714, 113.90234 1.43428, 113.62227 1.23594, 112.98828 1.45713, 112.94297 1.56699, 112.47617 1.55908, 112.18574 1.43906, 112.07852 1.14336, 111.76973 0.99946, 110.93809 1.01733, 110.50576 0.86196, 110.31523 0.996, 109.654 1.61489, 109.53896 1.89619, 109.62891 2.02754, 109.37852 1.92271, 109.07588 1.4959, 108.90586 0.79395, 108.94453 0.35566, 109.25752 0.03115, 109.13027 -0.44541, 109.37275 -0.63818, 109.271 -0.73203, 109.7874 -1.01133, 110.01924 -1.39883, 109.95986 -1.86279, 110.075 -1.94639, 110.30254 -2.98535, 110.57402 -2.89141, 110.93008 -3.07109, 111.36758 -2.93369, 111.82305 -3.05723, 111.82207 -3.53252, 112.28496 -3.321, 112.60029 -3.40049, 112.97148 -3.18711, 113.03398 -2.9335, 113.34316 -3.24648, 113.61006 -3.1957, 113.63359 -3.41992, 113.7958 -3.45625, 114.08223 -3.27891, 114.446 -3.48184, 114.52559 -3.37666, 114.62529 -4.11172, 114.69355 -4.16973, 115.95615 -3.59502, 116.05752 -3.34824, 116.25723 -3.12637, 116.35254 -2.52158, 116.5293 -2.51055, 116.52812 -2.20791, 116.42432 -1.78486, 116.27549 -1.78486, 116.71523 -1.37578, 116.79707 -1.18379, 117.00322 -1.1877, 117.24072 -0.92568, 117.5625 -0.7709, 117.46289 -0.32373, 117.52217 0.23589, 117.74512 0.72964, 117.92305 0.83135, 117.91162 1.09868, 118.19609 0.87437, 118.53477 0.81353, 118.98496 0.98213, 118.63896 1.31899, 118.08037 1.70186, 117.78926 2.02686, 118.0666 2.31782, 117.88574 2.54175, 117.61064 3.06436, 117.35244 3.19375, 117.38467 3.36538, 117.17158 3.63896, 117.77725 3.68926, 117.46533 4.07607, 117.57441 4.17061)), ((127.88105 0.83213, 127.96729 1.04258, 128.16074 1.15781, 128.15742 1.3166, 128.42412 1.51753, 128.68838 1.57256, 128.70264 1.1064, 128.29883 0.87681, 128.26064 0.73379, 128.65527 0.50825, 128.89961 0.21626, 128.44648 0.39155, 127.98311 0.47187, 127.8874 0.29834, 127.97783 -0.24834, 128.25352 -0.73164, 128.42549 -0.89268, 128.04639 -0.70605, 127.6916 -0.24189, 127.70869 0.28809, 127.55537 0.48965, 127.60801 0.84824, 127.42031 1.25195, 127.63174 1.8437, 128.03643 2.19902, 127.88682 1.83296, 128.01094 1.70122, 128.01172 1.33174, 127.65283 1.01387, 127.88105 0.83213)), ((129.98438 -2.97666, 130.3791 -2.98936, 130.56992 -3.13086, 130.67109 -3.3915, 130.85996 -3.57031, 130.80508 -3.85771, 130.01953 -3.47471, 129.84414 -3.32715, 129.51172 -3.32852, 129.46768 -3.45322, 128.75127 -3.30049, 128.63896 -3.4334, 128.41924 -3.41602, 128.13203 -3.15742, 127.92041 -3.50605, 127.87793 -3.22207, 128.19854 -2.86592, 129.05771 -2.83848, 129.11631 -2.93701, 129.54297 -2.79033, 129.98438 -2.97666)), ((127.02549 -3.16602, 127.22734 -3.39102, 127.22959 -3.63301, 126.68633 -3.82363, 126.21455 -3.60518, 126.05654 -3.421, 126.02646 -3.17051, 126.55508 -3.06523, 127.02549 -3.16602)), ((124.92227 -8.94248, 125.14941 -9.12295, 124.97754 -9.19492, 125.06816 -9.51191, 124.96309 -9.66563, 124.42754 -10.14863, 124.17598 -10.1833, 123.85762 -10.34355, 123.64414 -10.31094, 123.71641 -10.07861, 123.58926 -9.9668, 123.70938 -9.61484, 124.03633 -9.3416, 124.28232 -9.42793, 124.44443 -9.19033, 124.92227 -8.94248)), ((134.74697 -5.70703, 134.75586 -6.17061, 134.6376 -6.36533, 134.44111 -6.33486, 134.15313 -6.01953, 134.30195 -6.00977, 134.34131 -5.71289, 134.6165 -5.43857, 134.74697 -5.70703)), ((134.53682 -6.44229, 134.35596 -6.81484, 134.2 -6.90879, 134.05918 -6.76934, 134.16807 -6.17627, 134.53682 -6.44229)), ((138.29629 -8.40518, 137.6877 -8.41172, 137.68516 -8.26221, 138.00752 -7.6416, 138.29551 -7.43848, 138.76982 -7.39043, 138.98906 -7.69609, 138.78594 -8.05908, 138.29629 -8.40518)), ((140.97344 -2.60977, 140.975 -6.34609, 140.8623 -6.74004, 140.9752 -6.90537, 140.97617 -9.11875, 139.93477 -8.10117, 139.38564 -8.18906, 139.19297 -8.08613, 138.9335 -8.2624, 138.85615 -8.14512, 139.08799 -7.58721, 138.74795 -7.25146, 139.04902 -7.20059, 138.72002 -7.06982, 138.6002 -6.91074, 138.86455 -6.8584, 138.43867 -6.34336, 138.29629 -5.94902, 138.37461 -5.84365, 138.06592 -5.67598, 138.06084 -5.46523, 137.75908 -5.25615, 137.08926 -4.92441, 136.61885 -4.81875, 135.97969 -4.53086, 135.19561 -4.45068, 134.7542 -4.19541, 134.70654 -3.95479, 134.26621 -3.9458, 133.97383 -3.81797, 133.72305 -3.57793, 133.70039 -3.0875, 133.65313 -3.36436, 133.24873 -4.0623, 132.96855 -4.09492, 132.75391 -3.70361, 132.86973 -3.55098, 132.75137 -3.29463, 132.34824 -2.9751, 132.05391 -2.91455, 131.97119 -2.78857, 132.23066 -2.68037, 132.725 -2.78906, 133.03379 -2.4874, 133.19102 -2.43779, 133.60869 -2.54717, 133.90488 -2.39092, 133.79102 -2.29365, 133.92158 -2.10205, 133.48779 -2.22559, 132.96279 -2.27256, 132.30762 -2.24229, 132.02344 -1.99033, 131.93037 -1.55967, 131.29375 -1.39346, 130.9959 -1.42471, 131.2541 -1.00693, 131.25723 -0.85547, 131.8043 -0.70381, 132.12842 -0.4541, 132.6251 -0.35889, 133.07715 -0.51182, 133.47266 -0.72617, 133.97451 -0.74434, 134.25957 -1.36299, 134.10586 -1.721, 134.15566 -2.19521, 134.45996 -2.83232, 134.4833 -2.58301, 134.62744 -2.53672, 134.70215 -2.93359, 134.84336 -2.90918, 134.91719 -3.2499, 135.0374 -3.33311, 135.48662 -3.34512, 135.85918 -2.99531, 136.01299 -2.73428, 136.24326 -2.58311, 136.38994 -2.27334, 136.84326 -2.19766, 137.17109 -2.02549, 137.12344 -1.84092, 137.80625 -1.4832, 138.6498 -1.79111, 139.78955 -2.34824, 140.15459 -2.35, 140.62256 -2.4458, 140.74746 -2.60713, 140.97344 -2.60977)), ((138.84551 -8.40176, 138.56338 -8.30908, 138.79619 -8.17363, 138.84551 -8.40176)), ((101.77354 1.94346, 101.60273 1.71572, 101.40342 1.90132, 101.45029 2.06782, 101.64072 2.12671, 101.77354 1.94346)), ((102.32529 1.00703, 102.22861 1.34785, 102.44287 1.23423, 102.32529 1.00703)), ((102.49941 1.33091, 102.07871 1.49858, 102.04219 1.62539, 102.46953 1.51006, 102.49941 1.33091)), ((102.97148 0.73652, 102.45391 0.8895, 102.54922 1.13022, 103.00244 0.85928, 102.97148 0.73652)), ((103.08672 0.84814, 102.70186 1.05371, 102.79014 1.16548, 103.06758 1.01475, 103.08672 0.84814)), ((103.28447 0.54194, 103.13955 0.54907, 103.1874 0.69976, 103.28447 0.54194)), ((103.42969 0.65088, 103.38613 0.86958, 103.49746 0.72271, 103.42969 0.65088)), ((104.13984 1.16558, 104.06611 0.98955, 103.95537 1.13745, 104.13984 1.16558)), ((104.58535 1.21611, 104.5752 0.83193, 104.36182 1.18149, 104.58535 1.21611)), ((104.91426 -0.32334, 104.44707 -0.18916, 104.54268 0.01772, 104.91426 -0.32334)), ((104.47422 -0.33467, 104.59014 -0.4666, 104.36318 -0.65859, 104.25713 -0.46328, 104.47422 -0.33467)), ((103.73652 -0.34795, 103.46133 -0.35762, 103.54893 -0.22754, 103.73652 -0.34795)), ((109.71025 -1.18066, 109.42813 -1.24121, 109.47598 -0.98535, 109.74336 -1.03936, 109.71025 -1.18066)), ((113.4707 -7.21846, 113.04043 -7.21182, 112.72588 -7.07275, 112.86807 -6.8999, 113.97471 -6.87305, 114.08301 -6.98936, 113.4707 -7.21846)), ((134.96533 -1.11602, 134.80889 -1.0376, 134.88926 -0.93848, 134.96533 -1.11602)), ((127.11914 -0.52051, 127.12646 -0.27861, 127.29004 -0.28438, 127.11914 -0.52051)), ((127.68242 -0.46836, 127.60498 -0.61016, 127.88018 -0.80869, 127.4627 -0.80596, 127.3 -0.50029, 127.3251 -0.33584, 127.52734 -0.30664, 127.68242 -0.46836)), ((133.11465 -5.31064, 133.11963 -5.57598, 132.97109 -5.73584, 133.11465 -5.31064)), ((132.68145 -5.9126, 132.69785 -5.60898, 132.8043 -5.78887, 132.68145 -5.9126)), ((128.2499 -3.71113, 127.97803 -3.771, 128.01621 -3.60088, 128.3291 -3.51592, 128.2499 -3.71113)), ((126.8166 4.0335, 126.75732 4.5479, 126.92109 4.29102, 126.8166 4.0335)), ((125.65811 3.43604, 125.51152 3.46113, 125.54346 3.67041, 125.65811 3.43604)), ((131.02012 -8.09131, 131.17637 -8.13076, 130.90811 -8.2457, 131.02012 -8.09131)), ((129.71348 -8.04072, 129.60898 -7.80342, 129.81299 -7.81973, 129.71348 -8.04072)), ((127.82344 -8.09883, 128.11924 -8.1707, 128.02354 -8.25537, 127.82344 -8.09883)), ((130.35332 -1.69053, 130.41885 -1.97129, 130.24805 -2.04775, 129.88652 -1.98643, 129.7377 -1.86689, 130.35332 -1.69053)), ((102.28594 -5.4835, 102.11074 -5.32256, 102.37178 -5.36641, 102.28594 -5.4835)), ((100.46514 -3.32852, 100.2043 -2.98682, 100.24561 -2.7832, 100.45459 -3.00195, 100.46514 -3.32852)), ((100.01494 -2.81973, 100.01191 -2.51025, 100.20195 -2.67969, 100.01494 -2.81973)), ((99.84785 -2.36973, 99.60703 -2.25752, 99.68643 -2.06338, 99.84785 -2.36973)), ((98.45928 -0.53047, 98.30967 -0.53184, 98.42715 -0.22646, 98.54414 -0.25762, 98.45928 -0.53047)), ((96.46367 2.36001, 95.80859 2.65562, 95.80625 2.91602, 96.41729 2.51519, 96.46367 2.36001)), ((121.97959 -5.46475, 121.8085 -5.25615, 121.96572 -5.07559, 122.06182 -5.22129, 121.97959 -5.46475)), ((123.23779 -1.38936, 123.43477 -1.23682, 123.54727 -1.3374, 123.2374 -1.57695, 123.15039 -1.30449, 122.89043 -1.58721, 122.81084 -1.43213, 122.90801 -1.18223, 123.1583 -1.15752, 123.23779 -1.38936)), ((121.86436 -0.40684, 121.88125 -0.50264, 121.72178 -0.49473, 121.86436 -0.40684)), ((120.4873 -6.46484, 120.44648 -5.87627, 120.54922 -5.96924, 120.4873 -6.46484)), ((115.2958 -6.98779, 115.24053 -6.86123, 115.54609 -6.93867, 115.2958 -6.98779)), ((116.30332 -3.86816, 116.09336 -4.0541, 116.01836 -3.6999, 116.11738 -3.33955, 116.26973 -3.25107, 116.30332 -3.86816)), ((122.82617 -10.89912, 123.37109 -10.4749, 123.41816 -10.65127, 123.21484 -10.80615, 122.82617 -10.89912)), ((124.28662 -8.32949, 124.06572 -8.55166, 123.97148 -8.3541, 124.23955 -8.20342, 124.28662 -8.32949)), ((123.55303 -8.5668, 123.23008 -8.53066, 123.47588 -8.32227, 123.77598 -8.19043, 123.55303 -8.5668)), ((123.29727 -8.39863, 123.025 -8.39551, 123.1335 -8.25381, 123.29727 -8.39863)), ((134.66084 -6.55889, 134.63369 -6.47725, 134.72852 -6.50586, 134.66084 -6.55889)), ((103.42969 0.99336, 103.31543 1.07129, 103.37998 1.13364, 103.42969 0.99336)), ((103.83398 0.77222, 103.74238 0.82998, 103.75195 0.89136, 103.83398 0.77222)), ((104.17676 0.80488, 104.12275 0.94399, 104.22705 0.87988, 104.17676 0.80488)), ((104.69814 0.03467, 104.60352 0.09521, 104.54385 0.22329, 104.69814 0.03467)), ((106.28369 3.08823, 106.20098 3.20488, 106.27119 3.21631, 106.28369 3.08823)), ((105.70615 2.88887, 105.69219 3.0625, 105.83672 2.97651, 105.70615 2.88887)), ((108.8875 2.90542, 108.78652 2.88564, 108.88574 2.99897, 108.8875 2.90542)), ((108.83789 -1.66162, 108.80371 -1.56777, 108.95684 -1.56406, 108.83789 -1.66162)), ((107.43281 -2.92529, 107.41934 -2.83809, 107.49971 -2.84502, 107.43281 -2.92529)), ((106.86973 -3.02529, 106.74287 -2.93281, 106.91064 -2.93398, 106.86973 -3.02529)), ((114.39766 -7.17314, 114.29883 -7.09756, 114.38359 -7.08066, 114.39766 -7.17314)), ((112.69795 -5.84648, 112.60215 -5.84365, 112.64854 -5.73086, 112.69795 -5.84648)), ((105.25283 -6.64043, 105.12139 -6.61494, 105.26055 -6.52393, 105.25283 -6.64043)), ((97.32832 2.05327, 97.1083 2.21689, 97.29141 2.20083, 97.32832 2.05327)), ((95.34258 5.78413, 95.21768 5.8895, 95.35918 5.87676, 95.34258 5.78413)), ((123.59756 -1.7043, 123.48252 -1.68145, 123.54854 -1.5082, 123.59756 -1.7043)), ((123.14453 -4.2333, 123.0249 -3.98096, 123.21191 -3.99756, 123.14453 -4.2333)), ((123.86602 -1.9957, 123.80352 -1.99434, 123.7835 -1.87832, 123.86602 -1.9957)), ((123.15254 -1.8165, 123.07881 -1.89893, 123.10645 -1.78672, 123.15254 -1.8165)), ((119.38555 -8.73604, 119.44648 -8.4292, 119.53633 -8.58936, 119.38555 -8.73604)), ((119.02998 -8.24004, 119.03662 -8.15781, 119.13486 -8.19707, 119.02998 -8.24004)), ((115.58193 -8.8042, 115.48047 -8.71543, 115.61328 -8.71318, 115.58193 -8.8042)), ((117.88477 4.18613, 117.64902 4.16899, 117.73682 4.004, 117.88477 4.18613)), ((117.6458 3.24775, 117.54785 3.43198, 117.68086 3.40752, 117.6458 3.24775)), ((124.04209 -6.02158, 123.97227 -5.93936, 124.02295 -5.90215, 124.04209 -6.02158)), ((123.62676 -5.27158, 123.62275 -5.37305, 123.5501 -5.33184, 123.62676 -5.27158)), ((120.64082 -7.11582, 120.6334 -7.01826, 120.78174 -7.06309, 120.64082 -7.11582)), ((117.55635 -8.36729, 117.49053 -8.1834, 117.66504 -8.14824, 117.55635 -8.36729)), ((116.38779 -3.63672, 116.32656 -3.53906, 116.42695 -3.3999, 116.38779 -3.63672)), ((127.37266 0.79131, 127.28643 0.81191, 127.31982 0.86201, 127.37266 0.79131)), ((134.34521 -2.13877, 134.35078 -2.03691, 134.41904 -2.05176, 134.34521 -2.13877)), ((133.62188 -4.29932, 133.33301 -4.16963, 133.3209 -4.11104, 133.62188 -4.29932)), ((130.83242 -0.86289, 130.40244 -0.92393, 130.48428 -0.83252, 130.83242 -0.86289)), ((130.62666 -0.52871, 130.46543 -0.48652, 130.61592 -0.41729, 130.62666 -0.52871)), ((129.50566 -0.18984, 129.30879 0.04541, 129.54199 -0.13926, 129.50566 -0.18984)), ((127.44863 -0.03662, 127.39678 0.0166, 127.43135 0.14258, 127.44863 -0.03662)), ((127.37363 0.63486, 127.38262 0.74355, 127.44258 0.73345, 127.37363 0.63486)), ((127.28906 -0.80156, 127.15645 -0.76094, 127.2582 -0.62344, 127.28906 -0.80156)), ((128.72246 -3.54688, 128.61953 -3.58857, 128.59492 -3.49482, 128.72246 -3.54688)), ((128.5626 -3.58545, 128.3916 -3.63789, 128.45156 -3.51475, 128.5626 -3.58545)), ((126.72178 3.83252, 126.6375 4.04194, 126.73965 3.91772, 126.72178 3.83252)), ((126.83555 3.75693, 126.77754 3.81343, 126.85703 3.8124, 126.83555 3.75693)), ((125.39727 2.62954, 125.36006 2.74683, 125.44648 2.76299, 125.39727 2.62954)), ((131.96953 -7.25137, 131.75078 -7.1168, 131.92227 -7.10449, 131.96953 -7.25137)), ((128.625 -7.20859, 128.52979 -7.13457, 128.62773 -7.06875, 128.625 -7.20859)), ((127.35527 -7.64648, 127.3707 -7.51279, 127.4752 -7.53105, 127.35527 -7.64648)), ((123.41621 -10.30264, 123.32598 -10.3375, 123.40508 -10.22715, 123.41621 -10.30264)), ((121.83311 -10.60215, 121.70469 -10.55566, 121.99834 -10.44697, 121.83311 -10.60215)), ((134.81953 -6.43418, 134.79531 -6.39307, 134.88584 -6.32354, 134.81953 -6.43418)), ((134.65742 -6.76533, 134.6291 -6.71279, 134.72607 -6.66865, 134.65742 -6.76533)), ((127.98789 -2.93652, 127.9377 -3.02002, 127.83428 -3.00439, 127.98789 -2.93652)), ((127.6293 -3.35918, 127.4877 -3.28818, 127.55449 -3.2543, 127.6293 -3.35918)), ((122.94551 -8.604, 122.93281 -8.49707, 123.08945 -8.43984, 122.94551 -8.604)))"
"61","61","Asia","South-East Asia","timor-leste","Timor-Leste","Women

LGBTQI+ persons

Religious minorities","Timor-Leste government","Watch","3","1","3","OK","current","2021-07-16","Details
From 1975-1999, Indonesia occupied and committed genocide in Timor-Leste, with 100,000-200,000 individuals dying during this period. Indonesian officials have taken little to no accountability for the genocide and continue to resist ongoing investigations and trials. Though Timor-Leste experienced periods of increased violence following independence, the country has since stabilized. The current government has faced criticism for discriminating against religious minorities. Gender-based violence and domestic violence against women and LGBTQI+ individuals are widespread, and investigations into and accountability for such violence are inadequate.","Draft — verify profile","https://www.genocidewatch.com/de/copy-of-country-pages/timor-leste","","https://www.genocidewatch.com/de/copy-of-country-pages/timor-leste","","","base_country","0","","MultiPolygon","EPSG:4326","Natural Earth 1:50m topology-simplified","ADMIN=East Timor","Base-country geometry standardised to Natural Earth 1:50m and simplified jointly as one polygon coverage. Shared borders remain edge-matched; tolerance 0.12 degrees.","6837ad71492d8ed4165ed9f5eb328f753c804abf84697e759a0437f1b2730b4d","","MULTIPOLYGON (((125.64609 -8.13994, 125.57949 -8.31182, 125.50713 -8.2751, 125.64609 -8.13994)), ((124.92227 -8.94248, 125.14941 -9.12295, 124.97754 -9.19492, 125.06816 -9.51191, 125.40801 -9.27578, 126.16426 -8.99668, 126.38252 -8.95762, 126.91523 -8.71523, 127.29609 -8.42451, 126.96641 -8.31572, 126.61973 -8.45947, 125.8043 -8.49219, 125.17803 -8.64785, 124.92227 -8.94248)), ((124.03633 -9.3416, 124.44443 -9.19033, 124.28232 -9.42793, 124.03633 -9.3416)))"
"62","62","Asia","South-East Asia","philippines","Philippines","Drug users, journalists, activists, farmers, Indigenous peoples in Mindanao, women (esp. WWII sexual slavery survivors)","Philippine government under President Ferdinand Marcos Jr., police, military, Vice President Sara Duterte","Warning","5,6,8,10","4","10","OK","current","2023-10-01","Since President Rodigro Duterte’s “War on Drugs” began in 2016, state forces and vigilante death squads have conducted an ongoing campaign of extrajudicial killings of at least 12,000 alleged ""drug dealers.” Perpetrators typically fake and plant evidence at the scene. Almost none of the perpetrators have been prosecuted for their crimes.

Government police and military personnel target, threaten, arbitrarily arrest, and kill human rights defenders, political opposition group leaders, leftist lawyers, indigenous peoples’ leaders, and environmental activists. Attacks on the free press include politically motivated legal action and sham prosecutions against journalists and left-leaning media companies.","Draft — verify profile","https://www.genocidewatch.com/country-pages/philippines","","https://www.genocidewatch.com/country-pages/philippines","","","base_country","0","","MultiPolygon","EPSG:4326","Natural Earth 1:50m topology-simplified","ADMIN=Philippines","Base-country geometry standardised to Natural Earth 1:50m and simplified jointly as one polygon coverage. Shared borders remain edge-matched; tolerance 0.12 degrees.","c5b70213cdfabf74558a9ae802e083ca52583918ed2cc6db2225cb1b09123355","","MULTIPOLYGON (((121.10156 18.61528, 121.84561 18.29541, 122.14668 18.48657, 122.2998 18.40278, 122.15098 17.75649, 122.23682 17.43486, 122.51914 17.12485, 122.13516 16.18481, 121.78867 16.07744, 121.59531 15.93325, 121.60703 15.66982, 121.39229 15.32441, 121.69541 14.7373, 121.64854 14.48149, 121.80049 14.11387, 122.21172 13.93018, 122.19971 14.14805, 122.49082 14.32236, 122.85605 14.25078, 123.071 13.95996, 123.05996 13.78877, 123.23145 13.74736, 123.32031 14.06167, 123.85762 13.79961, 123.54961 13.64575, 123.81924 13.26948, 123.78516 13.11055, 124.14277 13.03579, 124.05977 12.56709, 123.87783 12.6897, 123.94854 12.91641, 123.62676 12.91177, 123.31094 13.04409, 123.16328 13.44175, 122.86348 13.61724, 122.59521 13.90762, 122.46797 13.88672, 122.6751 13.25317, 122.51523 13.26001, 122.40693 13.49277, 122.07275 13.78838, 121.77793 13.93765, 121.20352 13.64028, 120.84072 13.88472, 120.63711 13.80449, 120.6168 14.18804, 120.92207 14.49312, 120.88809 14.71577, 120.58369 14.88125, 120.58867 14.48311, 120.43877 14.45337, 120.25078 14.79331, 120.08213 14.85107, 119.93281 15.43091, 119.8916 15.8377, 119.76895 16.00845, 119.83076 16.32656, 120.15977 16.04766, 120.38926 16.22163, 120.30527 16.52925, 120.40889 16.95562, 120.42451 17.43833, 120.3584 17.63818, 120.59971 18.50786, 121.10156 18.61528)), ((117.21855 8.36729, 117.3499 8.71357, 117.88477 9.24067, 118.11484 9.34668, 119.02383 10.35356, 119.28701 10.57402, 119.26113 10.84517, 119.50127 11.34644, 119.52666 10.95317, 119.68437 10.55171, 119.59521 10.40742, 119.28477 10.25171, 119.1915 10.06108, 118.78213 9.91611, 118.77383 9.7668, 118.43496 9.25601, 118.13408 9.10137, 117.98955 8.8771, 117.21855 8.36729)), ((122.6127 11.56416, 123.1583 11.53555, 123.0165 11.1165, 122.80293 10.99004, 122.76992 10.82383, 122.19766 10.6229, 121.98838 10.4583, 121.96436 10.87168, 122.05088 11.09736, 122.10352 11.64292, 121.89121 11.79087, 121.96367 11.89736, 122.6127 11.56416)), ((122.99473 9.05884, 122.8666 9.31982, 122.5625 9.48281, 122.41094 9.6939, 122.47148 9.96152, 122.85557 10.08691, 122.81699 10.50381, 122.9833 10.88662, 123.25664 10.99395, 123.51064 10.92305, 123.56758 10.78076, 123.16201 9.86426, 123.1498 9.60615, 123.32051 9.27295, 123.19248 9.08789, 122.99473 9.05884)), ((124.64434 11.30811, 124.82109 11.40142, 125.02656 11.21172, 125.01318 10.78569, 125.1877 10.58486, 125.25332 10.26382, 125.14258 10.18945, 124.9875 10.36758, 125.02656 10.03311, 124.78076 10.16807, 124.78672 10.7814, 124.6627 10.96196, 124.44551 10.92358, 124.33066 11.53521, 124.64434 11.30811)), ((125.32021 12.32183, 125.53564 12.19141, 125.45654 11.95254, 125.50576 11.54424, 125.704 11.16479, 125.2334 11.14507, 124.91699 11.5584, 124.88428 11.77549, 124.38486 12.24399, 124.29473 12.56934, 124.56582 12.52622, 125.1502 12.57256, 125.32021 12.32183)), ((120.91533 13.50107, 121.20273 13.43232, 121.52275 13.1312, 121.54063 12.63818, 121.39434 12.30059, 121.23672 12.2188, 120.92217 12.51162, 120.76367 12.96982, 120.5083 13.26006, 120.40127 13.51704, 120.91533 13.50107)), ((126.00596 9.32095, 126.19336 9.27671, 126.31953 8.84473, 126.1416 8.62729, 126.36533 8.48389, 126.45869 8.20283, 126.43535 7.83281, 126.57012 7.67725, 126.58154 7.24775, 126.43906 7.01235, 126.19209 6.85254, 126.18936 6.30967, 126.08008 6.73335, 125.82441 7.3333, 125.40098 6.79575, 125.58848 6.46577, 125.66797 5.97866, 125.45586 5.66426, 125.28789 5.63228, 125.26846 6.03315, 125.03535 5.87065, 124.63633 5.99819, 124.21279 6.23325, 124.07812 6.40444, 123.98525 6.9937, 124.20664 7.39644, 123.96846 7.66465, 123.66582 7.81777, 123.49307 7.80791, 123.39092 7.40752, 123.09668 7.70044, 122.84297 7.5293, 122.7918 7.72246, 122.49795 7.67275, 122.17617 7.0042, 121.96426 6.96821, 121.92461 7.19951, 122.04717 7.36357, 122.13184 7.8105, 122.33711 8.02842, 122.99629 8.22051, 123.01758 8.39834, 123.43457 8.70332, 123.68008 8.62061, 123.84922 8.43271, 123.87744 8.18882, 123.75313 8.05825, 124.15938 8.20146, 124.45127 8.60635, 124.73115 8.56299, 124.86895 8.97227, 125.14102 8.86875, 125.20967 9.02715, 125.49873 9.01475, 125.5334 9.14092, 125.41396 9.66919, 125.5209 9.75913, 125.87666 9.51313, 126.00596 9.32095)), ((123.33174 9.42295, 123.38623 9.96709, 123.71143 10.47368, 124.03887 11.27354, 124.05127 10.5856, 123.95215 10.3166, 123.64336 10.02021, 123.49355 9.58931, 123.33174 9.42295)), ((121.8582 18.8229, 121.88887 18.99155, 121.98789 18.95664, 121.8582 18.8229)), ((121.5209 19.36196, 121.53125 19.27134, 121.38291 19.32847, 121.5209 19.36196)), ((121.96006 20.36587, 121.94121 20.45371, 122.03115 20.46938, 121.96006 20.36587)), ((121.87813 20.78188, 121.79648 20.74663, 121.84785 20.84126, 121.87813 20.78188)), ((121.3915 6.0021, 120.93066 5.89619, 121.0377 6.096, 121.3915 6.0021)), ((117.07988 7.8834, 116.96953 7.89492, 117.07705 8.06914, 117.07988 7.8834)), ((119.79316 10.45527, 119.85205 10.64014, 120.0084 10.57012, 119.79316 10.45527)), ((120.31455 12.0124, 120.01055 12.00825, 119.89668 12.31343, 120.31455 12.0124)), ((119.96387 11.66938, 119.86094 11.95396, 120.03594 11.91724, 119.96387 11.66938)), ((122.53838 10.42495, 122.67256 10.73882, 122.68125 10.49824, 122.53838 10.42495)), ((124.58428 9.75049, 124.35986 9.63022, 123.93564 9.62397, 123.81719 9.81738, 124.17285 10.13521, 124.57715 10.02671, 124.58428 9.75049)), ((119.95811 5.07954, 119.82734 5.13315, 120.20801 5.34009, 119.95811 5.07954)), ((121.95918 6.41582, 121.80869 6.61372, 122.0583 6.74072, 122.28809 6.63892, 122.20098 6.48291, 121.95918 6.41582)), ((126.04678 9.76079, 126.07383 10.05923, 126.17256 9.79995, 126.04678 9.76079)), ((125.67256 9.88647, 125.49482 10.1187, 125.6668 10.44014, 125.67256 9.88647)), ((120.27285 13.68296, 120.1042 13.78237, 120.21143 13.82065, 120.27285 13.68296)), ((122.11455 13.46318, 122.00488 13.20498, 121.8292 13.32861, 121.86621 13.56616, 122.11455 13.46318)), ((122.01396 12.10562, 121.92324 12.3313, 122.00156 12.59854, 122.14502 12.65264, 122.01396 12.10562)), ((122.60332 12.2856, 122.42295 12.45508, 122.60361 12.4916, 122.60332 12.2856)), ((123.36719 12.70083, 122.94902 13.05869, 123.04355 13.11338, 123.36719 12.70083)), ((123.7415 12.39854, 123.58721 12.6333, 123.70869 12.61079, 123.7415 12.39854)), ((123.9083 12.16909, 124.04551 11.75244, 123.53105 12.19663, 123.41885 12.19424, 123.15781 11.92563, 123.26719 12.39546, 123.23643 12.5835, 123.46299 12.50122, 123.9083 12.16909)), ((124.32705 13.56738, 124.03887 13.66313, 124.2249 14.07759, 124.41719 13.87104, 124.32705 13.56738)), ((122.17539 14.04883, 121.95625 14.15605, 121.95918 14.22876, 122.17539 14.04883)), ((122.0335 15.00503, 121.92305 14.8, 121.83984 15.03813, 122.0335 15.00503)), ((124.28848 10.60146, 124.33467 10.70669, 124.38135 10.63257, 124.28848 10.60146)), ((125.2877 9.93271, 125.15898 10.06294, 125.23096 10.11567, 125.2877 9.93271)), ((122.94365 7.36104, 122.80469 7.31597, 122.82217 7.42847, 122.94365 7.36104)), ((125.76895 6.90576, 125.68301 7.07319, 125.7834 7.13066, 125.76895 6.90576)), ((124.4835 11.48584, 124.36035 11.66592, 124.62227 11.54956, 124.4835 11.48584)), ((124.77793 9.08311, 124.66582 9.13232, 124.73682 9.24316, 124.77793 9.08311)), ((121.24668 19.01519, 121.18486 19.10142, 121.24473 19.14302, 121.24668 19.01519)), ((119.86143 11.52534, 119.85488 11.39307, 119.72998 11.43193, 119.86143 11.52534)), ((123.75703 11.2833, 123.81563 11.15073, 123.73672 11.15146, 123.75703 11.2833)), ((122.31084 12.52881, 122.26094 12.50308, 122.2875 12.58926, 122.31084 12.52881)), ((125.92207 9.62148, 125.96777 9.75908, 125.99297 9.68457, 125.92207 9.62148)), ((124.85439 11.59478, 124.78105 11.58076, 124.73086 11.71533, 124.85439 11.59478)), ((117.28701 8.19102, 117.28086 8.31499, 117.35371 8.28926, 117.28701 8.19102)), ((123.70625 9.13354, 123.49346 9.19209, 123.65488 9.27876, 123.70625 9.13354)))"
"64","64","Asia","Former Soviet Union","russia","Russia","Ukrainians, journalists, political dissidents, LGBTQ+ individuals, human rights defenders","Russian government, Russian Armed Forces, Wagner Group, Chechen security forces under Ramzan Kadyrov, Russian Parliament, Russian Supreme Court","Emergency","8,9,10","3","10","OK","current","2024-01-01","Russia has a long history of persecuting ethnic minorities and societal dissidents. On Feb. 24, 2022, following its illegal annexation of Crimea in 2014, Russia began a full-scale invasion of Ukraine. It is now committing genocide, war crimes, and crimes against humanity in Ukraine. Russia denies responsibility for the genocide in Ukraine. Russia uses the invasion of Ukraine to justify its suppression of Russian media and civil society groups. Russia continues to attack LGBTQ+ rights. Since 2017, Chechnya has initiated multiple campaigns aimed at detaining and torturing gay men.","Draft — verify profile","https://www.genocidewatch.com/country-pages/russia","https://d0dbb2cb-698c-4513-aa47-eba3a335e06f.filesusr.com/ugd/7813cd_a8ef4858eeed484da3083c1cf058dbba.pdf","https://www.genocidewatch.com/country-pages/russia","","","base_country","0","","MultiPolygon","EPSG:4326","Natural Earth 1:50m topology-simplified","ADMIN=Russia","Base-country geometry standardised to Natural Earth 1:50m and simplified jointly as one polygon coverage. Shared borders remain edge-matched; tolerance 0.12 degrees.","6d839e4f9bfc4c980948eced195685f254faa49cbb150f030edfbf70f879bc87","","MULTIPOLYGON (((145.93115 43.45703, 145.89395 43.41982, 145.86914 43.45786, 145.93115 43.45703)), ((146.33232 43.61992, 146.27383 43.62983, 146.31016 43.65186, 146.33232 43.61992)), ((146.04561 43.40933, 146.02803 43.42036, 146.08857 43.44902, 146.04561 43.40933)), ((137.17861 55.10044, 137.05527 54.92676, 136.71465 54.95615, 137.17861 55.10044)), ((150.58994 59.01875, 150.47021 59.05405, 150.66621 59.16016, 150.58994 59.01875)), ((120.26133 73.08984, 119.79209 73.04541, 119.64043 73.12432, 120.07852 73.15674, 120.26133 73.08984)), ((124.54297 73.8501, 124.33652 73.92837, 124.54766 73.93384, 124.54297 73.8501)), ((106.27041 78.2062, 106.45684 78.34004, 106.71895 78.26499, 106.27041 78.2062)), ((107.30225 77.2415, 107.36641 77.34663, 107.67949 77.26826, 107.30225 77.2415)), ((97.58838 76.59937, 97.43037 76.59072, 97.38164 76.70669, 97.58838 76.59937)), ((96.79785 76.18843, 96.87793 76.35522, 97.05303 76.30259, 96.79785 76.18843)), ((99.91543 79.60161, 99.95576 79.69033, 100.30029 79.67026, 99.91543 79.60161)), ((76.75605 73.4458, 76.23447 73.47622, 76.25068 73.55527, 76.75605 73.4458)), ((82.61279 74.05645, 82.32939 74.1311, 82.52559 74.16143, 82.61279 74.05645)), ((84.71045 74.3998, 84.38945 74.45444, 84.87285 74.51553, 84.71045 74.3998)), ((87.12432 74.93989, 86.92715 74.83076, 86.25859 74.89351, 86.60547 74.99282, 87.12432 74.93989)), ((59.09697 81.29229, 58.63447 81.36035, 59.075 81.39771, 59.37461 81.32505, 59.09697 81.29229)), ((-179.47085 68.9124, -178.87388 68.7541, -178.69263 68.546, -178.09746 68.4248, -178.05581 68.26489, -177.79678 68.33799, -178.24985 68.54141, -177.40752 68.24517, -175.34521 67.67808, -175.23252 67.44668, -174.84985 67.34888, -174.93813 67.09302, -174.77119 66.78433, -174.9249 66.62314, -174.50376 66.53794, -174.39409 66.34424, -174.08477 66.4731, -174.06504 66.22959, -173.77397 66.43467, -174.23159 66.63188, -174.00552 66.77861, -174.08643 66.94287, -174.44761 67.10312, -173.67969 67.14478, -173.15781 67.06909, -173.22827 66.96855, -172.64058 66.925, -172.58296 66.97783, -171.79556 66.93174, -171.3605 66.67676, -170.92666 66.52974, -170.24395 66.16929, -169.77788 66.14312, -169.83169 65.99893, -170.15942 66.00806, -170.54067 65.86543, -170.66631 65.62153, -171.45117 65.79424, -171.05425 65.54995, -171.90713 65.49595, -172.43569 65.66963, -172.7833 65.68105, -172.21157 65.4252, -172.30928 65.27563, -172.21318 65.04814, -172.59282 64.90796, -172.99912 64.87661, -172.80107 64.79053, -172.90088 64.62886, -172.4874 64.54419, -172.40146 64.41392, -172.73916 64.41226, -172.94902 64.50737, -173.00913 64.29746, -173.37568 64.35488, -173.32749 64.53955, -173.60361 64.36548, -174.00137 64.44897, -174.31802 64.63765, -175.03604 64.81367, -175.39512 64.80239, -175.85386 65.01084, -175.92295 65.35249, -176.09326 65.47104, -177.05625 65.61362, -177.48877 65.50371, -178.31021 65.48486, -178.50464 65.53721, -178.50234 65.74043, -178.93906 66.03276, -178.74673 66.01367, -178.52656 66.40156, -178.91553 66.17993, -179.10688 66.34609, -179.34014 66.2875, -179.3272 66.1626, -179.78364 66.01797, -179.72832 65.80381, -179.36597 65.63862, -179.3521 65.51675, -179.70459 65.18721, -180 65.06724, -179.99995 68.98345, -179.47085 68.9124)), ((130.6873 42.30254, 130.52695 42.5354, 130.4248 42.72705, 131.06855 42.90225, 131.26182 43.43306, 131.17422 43.70474, 131.25527 44.07158, 131.06064 44.65967, 131.08232 44.91001, 131.44688 44.98403, 131.85186 45.32686, 131.97754 45.24399, 132.93604 45.02993, 133.11348 45.13071, 133.18604 45.49482, 133.43643 45.60469, 133.51309 45.87881, 133.86133 46.24775, 133.8666 46.49912, 134.20215 47.12808, 134.16768 47.3022, 134.4835 47.44736, 134.75234 47.71543, 134.56602 48.02251, 134.66934 48.15332, 134.56357 48.32173, 134.29336 48.37344, 133.84219 48.27373, 133.46836 48.09717, 133.14404 48.10566, 132.70723 47.94727, 132.56191 47.76851, 131.78525 47.68052, 131.31934 47.72783, 131.00273 47.69146, 130.73262 48.01924, 130.8043 48.3415, 130.55215 48.60249, 130.55313 48.86118, 130.196 48.89165, 129.49814 49.38882, 129.12012 49.36206, 128.704 49.60015, 127.99961 49.5686, 127.71113 49.67153, 127.50244 49.87344, 127.59023 50.20898, 127.30605 50.45352, 127.30703 50.70796, 126.9248 51.10015, 126.80547 51.50566, 126.51055 51.92583, 126.31289 52.39976, 126.01602 52.61021, 126.04814 52.73945, 125.72813 52.89072, 125.64902 53.04229, 124.9709 53.19731, 124.88213 53.12974, 124.46592 53.22964, 124.21992 53.37012, 123.60781 53.54653, 123.30957 53.55562, 122.51582 53.45698, 122.33779 53.48501, 121.40547 53.31704, 120.98545 53.28457, 120.7041 53.17183, 120.09453 52.78721, 120.06758 52.63291, 120.65615 52.56665, 120.74453 52.20547, 120.68145 51.97305, 120.06689 51.60068, 119.57344 50.94678, 119.4457 50.70283, 119.16367 50.40601, 119.34629 50.27896, 119.25986 50.06641, 118.45156 49.84448, 117.87344 49.51348, 117.24561 49.62485, 116.6833 49.82378, 116.13457 50.01079, 115.71777 49.88062, 115.27451 49.94888, 114.74316 50.23369, 114.29707 50.27441, 113.57422 50.00703, 113.16416 49.79717, 113.05557 49.61626, 112.80645 49.52358, 112.49492 49.53232, 112.07969 49.42422, 111.33662 49.35586, 110.82793 49.16616, 110.42783 49.21997, 110.1999 49.17041, 109.23672 49.33491, 108.61367 49.3228, 108.03379 49.59399, 107.94785 49.92471, 107.2333 49.9894, 106.71113 50.3126, 106.21787 50.30459, 105.38359 50.47373, 104.46631 50.30615, 104.17969 50.16943, 103.63291 50.13857, 102.6833 50.38716, 102.28838 50.58511, 102.11152 51.35347, 101.5709 51.46719, 101.38125 51.45264, 100.53623 51.71348, 99.92168 51.75552, 98.89316 52.11729, 98.64053 51.80117, 98.35273 51.71763, 98.21992 51.50562, 97.94688 51.34844, 97.82529 50.98525, 98.02979 50.64463, 98.27949 50.53325, 98.10342 50.07783, 97.58936 49.91147, 97.20859 49.73081, 96.98574 49.88281, 96.31504 49.90112, 95.85195 50.01294, 95.56719 49.94385, 95.11143 49.93545, 94.93027 50.04375, 94.61475 50.02373, 94.35469 50.22183, 94.25107 50.5564, 93.10313 50.60391, 92.94131 50.77822, 92.62666 50.68828, 92.35479 50.86416, 92.19238 50.70059, 91.8043 50.6936, 91.34082 50.47007, 91.02158 50.41548, 90.65508 50.22236, 90.00498 50.06929, 89.64385 49.90303, 89.6541 49.71748, 89.24395 49.62705, 89.0084 49.4728, 88.19258 49.45171, 88.11572 49.2563, 87.81426 49.1623, 87.32285 49.08579, 86.61426 49.60972, 86.61016 49.76914, 86.18086 49.49932, 85.37158 49.62393, 85.29189 49.59946, 85.00078 49.89414, 84.98945 50.06143, 84.32324 50.23916, 83.94512 50.77466, 83.35732 50.99458, 82.76084 50.89336, 82.49395 50.72759, 81.93369 50.76636, 81.46592 50.73984, 81.38828 50.95649, 81.07148 50.96875, 81.12725 51.19106, 80.87734 51.28145, 80.44805 51.18335, 80.42363 50.94629, 79.98623 50.77456, 79.46885 51.49312, 78.47549 52.63843, 77.85996 53.26919, 77.70439 53.37915, 76.57568 53.94253, 76.42168 54.15151, 76.65459 54.14526, 76.8373 54.44238, 76.2666 54.31196, 75.65684 54.10601, 75.05215 53.82671, 74.83418 53.82568, 74.45195 53.64727, 74.35156 53.48765, 73.85898 53.61973, 73.37188 53.45439, 73.28574 53.59839, 73.39941 53.81147, 73.67891 53.92944, 73.61797 54.06738, 73.38066 53.96284, 73.11934 53.98076, 72.91406 54.10732, 72.62227 54.13433, 72.4043 53.96445, 72.26914 54.27212, 72.00449 54.20566, 71.33643 54.15835, 71.09316 54.21221, 71.18555 54.59932, 70.91016 55.12798, 70.73809 55.30518, 70.18242 55.16245, 69.49326 55.35688, 68.97725 55.3896, 68.5248 55.20483, 68.20625 55.16094, 68.24404 55.05244, 67.69336 54.87241, 66.22266 54.66738, 65.91426 54.69331, 65.47695 54.62329, 65.15781 54.3644, 64.46123 54.38418, 64.00391 54.26709, 63.19131 54.17104, 63.07393 54.10522, 61.92871 53.94648, 61.33369 54.04927, 61.14375 53.96382, 60.97949 53.62173, 61.53496 53.52329, 61.22891 53.4459, 61.19922 53.28716, 61.65986 53.22847, 62.01465 53.10786, 61.97422 52.94375, 61.40078 52.996, 61.04746 52.97246, 60.80234 52.74473, 60.97949 52.39478, 60.9376 52.28057, 60.06553 51.97646, 60.46475 51.65117, 61.36309 51.44189, 61.58506 51.22969, 61.38945 50.86104, 60.94229 50.69551, 60.28809 50.70415, 59.95518 50.79927, 59.8124 50.58203, 59.52305 50.49287, 59.45234 50.62041, 58.88369 50.69443, 58.35918 51.06382, 57.83887 51.09165, 57.44219 50.88887, 57.01172 51.06519, 56.49141 51.01953, 55.79766 50.60205, 55.54229 50.60181, 54.72715 50.9981, 54.54609 50.94604, 54.65 50.66016, 54.47148 50.58379, 54.42148 50.78032, 54.0415 51.11519, 53.68809 51.25181, 53.33809 51.48237, 52.57119 51.48164, 52.33105 51.6813, 52.00713 51.67271, 51.60908 51.48398, 51.34453 51.47534, 51.16348 51.64746, 50.79395 51.7292, 50.24688 51.2895, 49.82227 51.13188, 49.49805 51.08359, 49.32344 50.85171, 48.8084 50.60132, 48.6251 50.6127, 48.84326 50.01313, 48.43428 49.82852, 48.2248 49.93193, 47.70576 50.37798, 47.50361 50.40273, 47.32646 50.27354, 47.29521 50.0585, 46.99199 49.85273, 46.80205 49.36709, 47.01426 49.09834, 46.70264 48.80557, 46.66094 48.41226, 47.0043 48.28447, 47.09326 47.94771, 47.29238 47.74092, 47.48193 47.80391, 48.10996 47.74541, 48.55254 47.321, 48.95938 46.77461, 48.60527 46.76592, 48.61016 46.56646, 49.23223 46.33716, 49.07959 46.18921, 48.68369 46.08618, 48.74961 45.92056, 48.48701 45.93486, 48.15918 45.73701, 47.52949 45.53022, 47.08379 44.81699, 46.75527 44.65654, 46.75303 44.42065, 47.02363 44.34326, 47.36152 43.99336, 47.50898 43.50972, 47.46318 43.03506, 48.22861 42.18096, 48.57285 41.84448, 48.39141 41.6019, 48.05605 41.45869, 47.86113 41.21274, 47.26113 41.31509, 47.20527 41.45562, 46.74932 41.8126, 46.42988 41.89097, 45.954 42.0354, 45.63857 42.20508, 45.72754 42.47505, 45.34375 42.52979, 44.871 42.7564, 44.77109 42.6168, 44.50586 42.74863, 43.95742 42.56655, 43.73838 42.61699, 43.78262 42.74702, 43.08916 42.98906, 42.9916 43.0915, 42.41904 43.22422, 41.58057 43.21924, 40.64805 43.53389, 40.1502 43.56978, 39.97832 43.41982, 39.32939 43.89727, 38.71729 44.28809, 38.18125 44.41968, 37.85146 44.69883, 37.41133 44.73535, 37.20479 44.97197, 36.65078 45.12646, 36.94121 45.2897, 37.64717 45.3772, 37.66924 45.65405, 38.01426 46.04775, 38.49229 46.09053, 38.07773 46.39434, 37.91387 46.40649, 37.7665 46.63613, 38.22998 46.70127, 38.50098 46.66367, 38.43867 46.81309, 39.29346 47.10576, 39.1957 47.26885, 38.21436 47.09146, 38.2874 47.55918, 38.71895 47.71411, 38.90029 47.85513, 39.73594 47.84482, 39.95791 48.2689, 39.83564 48.54277, 39.64473 48.59121, 39.79287 48.80771, 39.98916 48.85142, 39.68652 49.00791, 40.07002 49.20029, 40.12617 49.36885, 40.03066 49.59673, 39.78057 49.57202, 39.1748 49.85596, 38.91836 49.82471, 38.25859 50.05234, 38.04688 49.92002, 37.7042 50.10908, 37.42285 50.41147, 36.75908 50.29185, 36.61943 50.20923, 35.89023 50.43711, 35.67373 50.346, 35.41162 50.5397, 35.44014 50.72769, 35.31191 51.0439, 35.06406 51.20342, 34.7123 51.17222, 34.23418 51.2438, 34.12109 51.67915, 34.39785 51.78042, 34.11309 51.97964, 33.92207 52.25146, 33.73525 52.34478, 33.14844 52.34043, 32.89971 52.25635, 32.50791 52.30854, 32.28281 52.11401, 31.97383 52.04663, 31.76338 52.10107, 31.57734 52.3123, 31.53516 52.79824, 31.25879 53.0167, 31.41787 53.19604, 32.14199 53.09116, 32.7043 53.33633, 32.46963 53.54697, 32.4502 53.69292, 32.20039 53.78125, 31.7542 53.81045, 31.79199 54.05591, 31.40361 54.19595, 31.12129 54.64849, 30.79883 54.78325, 30.97773 55.05049, 30.81445 55.27871, 30.90684 55.57002, 30.23359 55.84521, 29.93701 55.84526, 29.48223 55.68457, 29.375 55.93872, 29.0874 56.02114, 28.79473 55.94258, 28.56396 56.09199, 28.28428 56.05591, 28.14795 56.14292, 28.10313 56.5457, 27.80605 56.86709, 27.63945 56.84565, 27.81455 57.16689, 27.79688 57.31694, 27.35195 57.52812, 27.54209 57.79941, 27.75283 57.84102, 27.48779 58.27007, 27.46445 58.84131, 27.75762 59.052, 27.89766 59.27764, 28.15107 59.37441, 28.0125 59.48428, 28.01396 59.72476, 28.33457 59.69253, 28.51816 59.84956, 28.94727 59.82876, 29.14727 59.99976, 30.12256 59.87358, 30.17266 59.95713, 29.72119 60.19531, 29.06914 60.19146, 28.64316 60.37529, 28.65059 60.61099, 28.51279 60.67729, 28.1793 60.571, 27.79766 60.53613, 28.40742 60.89692, 29.25166 61.28779, 29.69014 61.54609, 30.56563 62.12759, 31.28564 62.56782, 31.53398 62.8854, 31.18086 63.2083, 30.41855 63.50405, 30.0041 63.74731, 30.50391 64.02061, 30.48789 64.23652, 30.10811 64.36611, 29.98555 64.55771, 30.07285 64.76504, 29.7832 64.8043, 29.6042 64.96841, 29.81084 65.10791, 29.62969 65.22388, 29.81943 65.56875, 30.09531 65.68169, 29.90342 66.09106, 29.09307 66.84922, 29.08701 66.97095, 29.94121 67.54746, 29.9792 67.68857, 29.34385 68.06187, 28.68516 68.18979, 28.4707 68.48838, 28.75205 68.77144, 28.41406 68.90415, 29.11855 69.04995, 29.38828 69.29814, 29.99404 69.39248, 30.22754 69.63379, 30.86074 69.53843, 30.86973 69.78345, 31.45273 69.6896, 32.03057 69.8353, 31.98457 69.95366, 32.9417 69.75186, 32.99463 69.62617, 32.17676 69.67402, 32.37773 69.4791, 33.38486 69.44429, 33.32773 69.15186, 33.68438 69.31025, 34.22939 69.31313, 34.86396 69.22808, 35.28984 69.27544, 35.85791 69.19175, 37.73057 68.69214, 38.43018 68.35562, 38.83154 68.3249, 39.56895 68.07173, 39.74629 68.16221, 40.38066 67.83188, 40.96641 67.71348, 41.13389 67.26694, 41.35879 67.20967, 41.18896 66.82617, 40.52158 66.44663, 40.10332 66.29995, 39.28906 66.13203, 38.39756 66.06445, 37.62822 66.12959, 37.29482 66.22505, 35.51348 66.3958, 34.82461 66.61113, 34.48262 66.55034, 34.45156 66.65122, 33.48203 66.76455, 33.1502 66.84395, 32.84756 67.02153, 32.93047 67.08682, 31.89531 67.16143, 32.50098 67.00386, 32.46367 66.91631, 32.92871 66.7041, 33.18057 66.67993, 33.21738 66.53164, 33.65596 66.44263, 33.36055 66.32954, 34.1127 66.22524, 34.3998 66.12842, 34.78633 65.86455, 34.61572 65.50991, 34.40645 65.39575, 34.80352 64.98599, 34.86953 64.56001, 35.03535 64.44023, 35.43203 64.34678, 35.64707 64.37832, 36.14648 64.18901, 36.36494 64.00283, 37.44219 63.81338, 38.0708 64.02583, 37.95371 64.32012, 37.74063 64.39697, 37.18369 64.4085, 36.52822 64.84736, 36.78594 64.98716, 36.88281 65.17236, 37.14082 65.19429, 37.52813 65.10825, 38.00938 64.87876, 39.05352 64.71392, 39.56738 64.57056, 39.75801 64.57705, 40.05781 64.77075, 40.44492 64.77871, 40.28125 64.9981, 39.79805 65.34985, 39.8165 65.59795, 40.32783 65.75171, 40.6916 65.96343, 41.47578 66.12344, 42.21055 66.51968, 42.60215 66.42251, 43.2332 66.41553, 43.65313 66.25098, 43.54189 66.12339, 43.84375 66.14238, 44.10439 66.00859, 44.09717 66.23506, 44.48867 66.67178, 44.40391 67.0042, 44.2918 67.09966, 43.85537 67.18862, 43.85635 67.43931, 44.22539 67.99561, 44.16914 68.3271, 43.404 68.60854, 43.47197 68.67983, 44.04805 68.54883, 45.07812 68.57817, 45.89199 68.47969, 46.68359 67.97046, 46.69043 67.84883, 45.52871 67.75757, 44.93945 67.47744, 44.93945 67.35078, 45.56221 67.1856, 45.98604 66.85312, 46.49238 66.8002, 47.65586 66.97593, 47.9082 67.45469, 47.87471 67.58418, 48.87793 67.73135, 48.6957 67.87422, 49.15527 67.87041, 49.93125 68.06514, 50.83887 68.34995, 51.33613 68.40244, 51.99473 68.53877, 52.28535 68.45938, 52.32227 68.3397, 52.72266 68.48403, 52.34404 68.60815, 52.68359 68.7312, 53.80195 68.9959, 54.49121 68.99233, 53.87441 68.92661, 53.97061 68.84429, 53.75889 68.63398, 53.93086 68.43555, 53.34258 68.34321, 53.26055 68.26748, 53.96787 68.22734, 54.56123 68.27305, 54.86133 68.20186, 54.92305 68.37383, 55.41807 68.56782, 56.04365 68.64888, 57.12686 68.554, 58.17305 68.88975, 59.05732 69.00605, 59.37051 68.73838, 59.1123 68.61631, 59.09902 68.44434, 59.6043 68.35112, 59.89736 68.42192, 59.896 68.70635, 60.48916 68.72896, 60.93359 68.98677, 60.85859 69.14551, 60.66455 69.11025, 60.17061 69.59092, 61.01592 69.85146, 61.77051 69.76304, 62.63125 69.74312, 63.36143 69.67529, 64.19043 69.53467, 65.03154 69.26982, 65.73574 69.13232, 66.41611 68.94785, 67.00244 68.87358, 67.14922 68.75396, 67.73076 68.51367, 68.37119 68.31426, 68.82949 68.56743, 69.14053 68.95063, 68.54277 68.96709, 68.11738 69.23623, 68.00586 69.48003, 67.06445 69.6937, 66.89668 69.55381, 66.804 69.65923, 66.92637 70.01426, 67.23926 70.10806, 67.14648 70.21992, 67.28477 70.73872, 67.14336 70.83755, 66.82246 70.79736, 66.66611 70.90059, 66.84707 71.06372, 66.63965 71.0814, 66.91758 71.28237, 67.5418 71.41201, 68.26924 71.68281, 68.60742 72.01274, 69.03906 72.66992, 69.39141 72.95552, 69.64512 72.89756, 70.65537 72.89038, 71.5002 72.91367, 71.92959 72.81968, 72.44639 72.79033, 72.81211 72.69141, 72.75293 72.34316, 72.62441 72.07944, 72.27949 71.69551, 71.91201 71.54795, 72.0793 71.30669, 72.58135 71.15112, 72.73164 70.82285, 72.7 70.45732, 72.46943 70.27495, 72.52969 70.17251, 72.61563 69.48403, 72.52734 69.08052, 72.81191 68.81523, 73.54805 68.57451, 73.13945 68.18135, 73.15215 67.86504, 72.94873 67.69624, 72.59434 67.58696, 71.84746 67.00762, 71.36523 66.96152, 71.55117 66.76045, 70.93945 66.54814, 70.38281 66.60249, 70.69072 66.74531, 70.2834 66.68579, 69.87715 66.84546, 69.01348 66.78833, 69.19434 66.57866, 70.33945 66.34238, 71.14551 66.36665, 71.91699 66.24673, 72.32158 66.33213, 72.41738 66.56079, 73.51357 66.86108, 73.8833 67.08496, 74.07451 67.41411, 74.76953 67.76636, 74.74268 68.07354, 74.39141 68.42061, 74.57959 68.75122, 75.12461 68.86172, 76.10752 68.97573, 76.45918 68.97827, 77.23848 68.46958, 77.24844 67.94102, 77.17441 67.77852, 77.6751 67.5896, 77.98555 67.55918, 78.92246 67.58911, 77.58828 67.7519, 77.53594 68.00767, 77.66484 68.19038, 77.99512 68.25947, 77.65068 68.90303, 76.00098 69.23506, 75.42002 69.23862, 74.81484 69.09058, 74.3626 69.14458, 73.97744 69.11465, 73.77568 69.19824, 73.89092 69.41797, 73.56016 69.70723, 73.83018 70.17568, 74.34336 70.57871, 74.31094 70.65361, 73.57656 71.2165, 73.08623 71.44492, 73.67178 71.84507, 74.31123 71.95781, 74.99219 72.14482, 75.09707 72.42065, 74.78682 72.81187, 75.15244 72.85273, 75.36934 72.79663, 75.60352 72.58105, 75.74141 72.29624, 75.24746 71.81338, 75.50322 71.65464, 75.28027 71.43008, 75.33203 71.34175, 76.11045 71.21855, 77.58965 71.16792, 78.06826 70.98633, 78.52578 70.91182, 79.08389 71.002, 78.5877 70.9939, 78.2126 71.26631, 77.48105 71.31157, 76.31211 71.59546, 76.03242 71.9104, 76.42168 72.00601, 76.87139 72.03301, 77.55078 71.84209, 77.77754 71.83643, 78.23242 71.95229, 78.01641 72.09204, 77.49287 72.07173, 77.47158 72.19214, 77.96816 72.32871, 78.48262 72.39497, 79.42207 72.38076, 79.95391 72.22305, 80.7625 72.08916, 80.85605 71.97021, 81.51123 71.74614, 82.07988 71.70684, 82.98613 71.74868, 83.23359 71.66816, 82.91797 71.41992, 82.32285 71.26001, 82.23916 70.99771, 82.33594 70.80737, 82.16318 70.59814, 82.2584 70.5436, 82.59248 70.88994, 82.86914 70.95483, 83.05107 70.81523, 83.03018 70.58052, 82.68232 70.21772, 83.08076 70.09302, 83.07383 70.27671, 83.49707 70.34526, 83.73594 70.54648, 83.57891 70.76592, 83.15127 71.10361, 83.57129 71.59438, 83.20029 71.87471, 82.64541 71.92524, 82.31914 72.07183, 82.18359 72.23755, 81.79287 72.32661, 81.28271 72.35884, 80.82705 72.48828, 80.65625 72.71201, 80.8416 72.94917, 80.50967 73.08608, 80.39805 73.35684, 80.5832 73.56846, 81.81699 73.65884, 83.54473 73.6665, 84.73789 73.76284, 85.44834 73.73462, 85.61143 73.82158, 86.59141 73.89429, 87.02949 73.82417, 85.82705 73.49277, 85.81816 73.32695, 86.67705 73.10679, 85.9708 73.34707, 85.93896 73.45649, 86.37627 73.56885, 87.12012 73.61504, 87.57119 73.81074, 87.20967 73.87866, 86.57109 74.24375, 86.00137 74.31602, 86.18291 74.42305, 86.66475 74.41426, 86.89795 74.32534, 87.22969 74.36387, 86.7001 74.52246, 85.79102 74.64512, 86.20127 74.81621, 86.65146 74.68242, 87.41934 74.94092, 87.46758 75.01323, 86.93906 75.06812, 87.1708 75.19175, 87.67139 75.12959, 89.31025 75.47012, 89.59512 75.45825, 90.18496 75.59106, 91.47949 75.64966, 91.84541 75.72368, 93.5498 75.8541, 94.15635 75.95923, 93.40605 75.90127, 92.89043 75.90996, 92.97158 76.0751, 93.64844 76.05415, 94.57559 76.15176, 95.35928 76.1396, 96.07549 76.08198, 95.65332 75.89219, 96.50859 76.00557, 96.49707 75.89121, 98.66201 76.24268, 99.5627 76.10933, 99.77041 76.02876, 99.60938 75.81128, 99.85137 75.93027, 99.82539 76.13594, 98.80566 76.48066, 100.32236 76.47915, 100.84375 76.5252, 101.59775 76.43921, 101.68379 76.4855, 100.92803 76.55674, 101.09932 76.704, 100.92041 76.82251, 100.98994 76.99048, 101.51768 77.1981, 102.61016 77.50854, 103.13145 77.62646, 103.56074 77.63193, 104.01455 77.73042, 104.81426 77.6521, 104.96523 77.59473, 105.71025 77.52524, 106.05957 77.39053, 105.38457 77.23784, 104.20244 77.10181, 105.6459 77.10068, 105.71201 77.00146, 106.33867 77.04785, 106.9416 77.03438, 107.42979 76.92656, 106.63877 76.57339, 106.41357 76.51226, 106.82539 76.48008, 107.62422 76.51011, 107.90225 76.56968, 108.02793 76.71846, 109.36934 76.74922, 109.98115 76.71187, 110.47148 76.7584, 111.11484 76.72305, 111.78613 76.60356, 112.09395 76.48032, 112.61953 76.38354, 112.79844 76.12964, 113.04668 76.11411, 112.98799 76.23975, 113.27266 76.25166, 113.56387 75.89165, 113.871 75.85601, 113.61992 75.59268, 112.6292 75.8354, 112.95566 75.57192, 113.16152 75.62051, 113.72617 75.45063, 113.61357 75.29297, 112.9249 75.01504, 112.19199 74.85317, 111.86826 74.74004, 111.29902 74.65845, 110.37354 74.46606, 109.84033 74.32197, 109.81025 74.16919, 109.075 74.03232, 108.19951 73.69409, 107.76543 73.625, 107.27109 73.62104, 106.67939 73.33066, 106.18867 73.30801, 105.67715 72.95928, 105.14395 72.77705, 105.7082 72.83667, 106.47793 73.1394, 107.75039 73.17314, 108.35146 73.31021, 109.08994 73.37842, 109.33105 73.48745, 109.85527 73.47246, 110.86816 73.73071, 109.75273 73.72256, 109.86914 73.93062, 110.26143 74.01743, 111.05625 73.93936, 111.13086 74.05283, 111.55059 74.02852, 111.22813 73.96855, 111.40039 73.82773, 112.14727 73.70894, 112.79541 73.74609, 112.83594 73.96206, 113.18154 73.8374, 113.41621 73.64761, 113.15693 73.45957, 113.49092 73.34609, 113.47461 73.04785, 113.12783 72.83066, 113.31221 72.65737, 113.66455 72.63452, 113.21553 72.80586, 113.54277 73.05435, 113.55889 73.23262, 113.88623 73.3458, 113.51035 73.50498, 114.06055 73.58467, 114.81602 73.60718, 115.3377 73.70259, 116.49551 73.67607, 117.30859 73.59917, 118.4502 73.58979, 118.93643 73.4812, 118.45703 73.4644, 118.43027 73.24653, 118.96035 73.11729, 119.75039 72.9791, 120.59795 72.9811, 120.99717 72.93672, 121.88604 72.96089, 122.02979 72.89722, 122.75195 72.90649, 122.61523 73.02793, 123.16035 72.95488, 123.62227 73.19326, 123.38389 73.34731, 123.30508 73.53291, 123.49111 73.66636, 123.79688 73.62676, 124.38809 73.75483, 124.79629 73.71177, 125.61709 73.52061, 125.59854 73.44741, 126.25449 73.54819, 126.25742 73.41978, 126.55254 73.33491, 127.03135 73.54746, 127.74033 73.48154, 128.88867 73.19023, 129.05371 73.04541, 128.59902 72.89517, 129.01729 72.87246, 129.25039 72.70518, 128.41826 72.53516, 129.1166 72.48574, 129.41172 72.31548, 129.2835 72.09204, 128.93496 72.07949, 127.80342 72.43403, 127.84141 72.30825, 128.35879 72.08833, 128.91143 71.75532, 129.21025 71.91694, 129.46084 71.73931, 128.84326 71.66348, 129.13428 71.59287, 129.76191 71.11953, 130.28125 70.94731, 131.15742 70.74219, 131.56201 70.90103, 131.90645 71.20264, 132.22764 71.64277, 132.65391 71.92598, 132.76855 71.79873, 133.42617 71.49097, 134.10283 71.37896, 134.70273 71.38682, 135.02236 71.51504, 135.88477 71.63057, 136.40615 71.57075, 137.31543 71.35942, 137.93965 71.1334, 137.84404 71.22681, 138.31406 71.32554, 137.91836 71.38408, 138.11846 71.56616, 138.5252 71.56274, 138.67002 71.63481, 139.20938 71.44478, 139.98418 71.4915, 139.69512 71.70044, 139.72295 71.88496, 139.35928 71.95137, 139.64023 71.99834, 139.84707 72.14858, 140.13438 72.20962, 139.61699 72.22568, 139.17637 72.16348, 139.14082 72.32974, 139.60117 72.49609, 140.45059 72.49312, 141.0793 72.58691, 140.70811 72.89004, 141.30977 72.85771, 142.06143 72.7208, 143.51582 72.69824, 145.48574 72.54209, 146.25293 72.44224, 146.23477 72.34971, 144.77637 72.38228, 144.16924 72.25879, 144.4707 72.17476, 145.03916 72.25986, 146.59414 72.30244, 146.80703 72.23657, 146.40166 72.0355, 146.00586 71.94546, 146.23027 72.1375, 145.70967 72.20635, 145.75674 71.94131, 145.12578 71.92715, 144.98965 71.75337, 145.18857 71.6958, 145.80479 71.74648, 146.36797 71.92207, 146.89473 72.19751, 147.26182 72.32788, 148.40205 72.31196, 149.50156 72.16431, 149.96309 71.99219, 149.88105 71.84302, 149.04873 71.79575, 148.96816 71.69048, 149.49805 71.66401, 150.06084 71.51084, 150.5998 71.52012, 150.66777 71.45522, 150.24297 71.26719, 150.96777 71.38047, 151.58242 71.28696, 152.09277 71.02329, 151.76201 70.98247, 152.50879 70.83447, 153.79414 70.87998, 155.02949 71.03423, 155.5959 71.03862, 155.89521 71.09551, 157.44736 71.07451, 158.03701 71.03926, 159.35068 70.79072, 159.72793 70.64966, 160.00645 70.30967, 159.72939 69.87021, 159.83252 69.78496, 160.91074 69.60635, 161.03555 69.09819, 161.36514 68.823, 161.56562 68.90518, 161.48008 69.20171, 161.53691 69.37954, 161.94512 69.54512, 162.37568 69.64907, 163.20137 69.71475, 164.15957 69.71929, 164.51328 69.60913, 165.76074 69.58442, 166.88438 69.4999, 167.62812 69.74033, 167.9501 69.69917, 168.15 69.57739, 168.30303 69.27148, 169.31064 69.07954, 169.60986 68.78604, 170.5376 68.82539, 170.99541 69.04531, 170.99668 69.13472, 170.58223 69.58335, 170.16094 69.62656, 170.50312 69.85654, 170.48682 70.10757, 171.24668 70.07612, 172.55957 69.96836, 173.27744 69.82383, 173.43867 69.94683, 173.94805 69.87412, 175.29561 69.86006, 175.75117 69.90415, 176.10752 69.8603, 176.92441 69.646, 177.39453 69.61162, 177.93369 69.49561, 178.84834 69.38721, 180 68.98345, 180 65.06724, 179.44824 64.82202, 178.51953 64.60298, 177.74863 64.71704, 177.1792 65.01411, 176.88086 65.08193, 176.64551 65.00718, 177.0373 64.99966, 177.22285 64.86167, 177.06875 64.78667, 176.42949 64.85518, 176.06113 64.96089, 175.78115 64.84404, 175.09775 64.77686, 175.67793 64.78247, 176.05654 64.90474, 176.35098 64.70513, 176.73096 64.62485, 177.3875 64.77402, 177.43291 64.44448, 177.95332 64.22227, 178.22949 64.3644, 178.65029 63.96528, 178.73145 63.66709, 178.44043 63.60557, 178.79297 63.54033, 179.02813 63.28242, 179.33232 63.19019, 179.25957 63.0083, 179.51094 62.86279, 179.57051 62.6875, 179.17695 62.46919, 179.1207 62.32036, 178.01924 62.54697, 177.29258 62.59902, 177.33896 62.78135, 177.02354 62.77725, 177.15947 62.56099, 176.70254 62.50576, 176.32842 62.34604, 175.26787 62.10239, 174.71504 61.9479, 174.51436 61.82363, 174.13887 61.79517, 173.82236 61.67939, 173.62344 61.71606, 173.13184 61.40664, 172.85654 61.46919, 172.39277 61.06177, 170.94932 60.52295, 170.6082 60.43491, 170.35098 59.96553, 169.98262 60.06709, 169.61836 60.43804, 169.22676 60.59595, 168.1375 60.57393, 167.22676 60.4063, 166.96406 60.30703, 166.33184 59.87241, 166.13604 59.97935, 166.35215 60.48481, 165.28525 60.13491, 165.08457 60.09858, 165.01895 59.86074, 164.8543 59.84097, 164.66973 59.99746, 164.37686 60.05806, 164.13506 59.98438, 163.78008 60.04111, 163.40996 59.83496, 163.26904 59.52002, 163.27285 59.30259, 163.0043 59.02017, 162.45303 58.70859, 162.1416 58.44741, 161.96006 58.0769, 162.03965 57.91826, 162.46699 57.76621, 162.71836 57.94609, 163.14502 57.8373, 163.21387 57.68682, 162.7793 57.35762, 162.80264 56.81147, 163.25654 56.68804, 163.33555 56.23252, 163.04736 56.04468, 162.84033 56.06562, 162.62812 56.23228, 163.03838 56.52188, 162.48867 56.39912, 162.52822 56.26069, 162.08496 56.08965, 161.77559 55.65483, 161.72939 55.35801, 162.10557 54.75215, 161.72568 54.53296, 161.29404 54.52056, 161.12988 54.59824, 160.77266 54.54136, 160.07441 54.18916, 159.84375 53.78364, 159.95586 53.5522, 159.89766 53.38076, 160.0251 53.12959, 159.58594 53.2377, 158.95205 53.04756, 158.60879 52.87363, 158.48076 52.62666, 158.46348 52.30498, 158.10352 51.80962, 157.53096 51.47988, 157.20225 51.21274, 156.74775 50.96929, 156.54346 51.31162, 156.48984 51.91304, 156.36475 52.50938, 156.22861 52.62627, 156.09883 53.00649, 155.90488 53.92812, 155.62031 54.86455, 155.55488 55.34849, 155.7166 56.07222, 155.98252 56.69521, 156.72842 57.15225, 156.97676 57.46631, 156.7916 57.74795, 156.98574 57.83018, 157.45039 57.79927, 157.66641 58.01978, 158.21045 58.02529, 159.03691 58.42393, 159.5915 58.80366, 159.84736 59.12715, 160.54746 59.54736, 160.85527 59.62686, 161.44932 60.02734, 161.75352 60.15229, 162.00361 60.42017, 162.97314 60.78291, 163.35234 60.80044, 163.70996 60.9168, 163.55352 61.02563, 164.00547 61.3438, 163.80439 61.46138, 164.01953 61.71069, 164.07422 62.04502, 164.20723 62.29224, 164.59834 62.47056, 165.12412 62.41152, 165.39658 62.4939, 164.79238 62.57109, 164.25566 62.69658, 163.33174 62.55093, 163.16348 62.25957, 163.00928 61.7915, 163.25781 61.69946, 162.99395 61.54419, 162.85596 61.70503, 162.39258 61.66211, 161.03711 60.96289, 160.7666 60.75332, 160.17363 60.63843, 160.37891 61.02549, 159.79043 60.95664, 159.94922 61.12861, 159.88311 61.2918, 160.1627 61.5375, 160.31738 61.79336, 160.18252 61.90283, 159.55234 61.71948, 159.29502 61.91416, 159.07666 61.92227, 158.07012 61.75361, 157.46934 61.79893, 156.68027 61.48062, 156.62969 61.27246, 156.05596 60.99561, 155.85332 60.77715, 155.42783 60.54985, 154.9708 60.37666, 154.29307 59.83335, 154.1498 59.52852, 154.58252 59.54009, 155.1667 59.36016, 155.16045 59.19014, 154.70352 59.14131, 154.45801 59.21655, 154.01094 59.07554, 153.69521 59.22476, 153.36113 59.21479, 152.88223 58.93906, 152.40068 59.02642, 152.08789 58.91045, 151.32676 58.8751, 151.12109 59.08252, 151.50498 59.16401, 151.99004 59.16006, 152.26064 59.22358, 151.79805 59.32324, 151.48574 59.52412, 150.66729 59.55635, 149.64258 59.77041, 149.06523 59.63052, 149.20498 59.48818, 148.79707 59.53232, 148.74414 59.37354, 148.91406 59.28271, 148.49121 59.2623, 148.25742 59.41421, 147.87461 59.38804, 147.51445 59.26855, 146.44434 59.43047, 146.27344 59.22148, 145.93164 59.19839, 145.55459 59.41353, 144.4834 59.37627, 143.86875 59.41138, 143.52383 59.34365, 143.19219 59.37012, 142.58027 59.24014, 142.02539 58.99966, 141.75469 58.74526, 141.34707 58.52808, 140.9877 58.41685, 140.68496 58.21216, 140.44688 57.81367, 140.00234 57.6875, 139.44385 57.32969, 139.18164 57.26152, 138.66211 56.96553, 138.21777 56.629, 138.07383 56.43311, 137.6915 56.13936, 136.79355 55.69419, 136.46025 55.57671, 136.1752 55.35225, 135.54063 55.11377, 135.2625 54.94331, 135.25771 54.73149, 135.85156 54.58394, 136.79727 54.621, 136.68301 53.9313, 136.71885 53.8041, 137.15537 53.82168, 137.25801 54.02524, 137.09619 54.12856, 137.37773 54.28232, 137.66602 54.2833, 137.33926 54.10054, 137.83477 53.94673, 137.51699 53.70708, 137.22148 53.5792, 137.73818 53.5603, 138.25293 53.72642, 138.37891 53.90928, 138.56914 53.8188, 138.24971 53.52402, 138.45068 53.53701, 138.66074 53.74478, 138.6957 54.32002, 139.31973 54.19297, 139.70742 54.27715, 140.17871 54.05156, 140.34707 53.8126, 140.6876 53.59644, 141.00566 53.49458, 141.40205 53.18398, 141.18125 53.01528, 140.87451 53.03984, 141.25586 52.84014, 141.16982 52.36841, 141.48525 52.17852, 141.36689 51.92065, 140.93262 51.61992, 140.6877 51.23228, 140.47637 50.546, 140.53545 50.13076, 140.4627 49.91147, 140.51719 49.59614, 140.30898 49.05391, 140.17061 48.52368, 139.99844 48.32378, 139.37266 47.88735, 139.00137 47.3833, 138.58682 47.05723, 138.33691 46.54341, 137.68545 45.81836, 136.80352 45.17114, 136.25117 44.6668, 136.14229 44.48911, 135.87461 44.37354, 135.4834 43.83501, 135.13105 43.52573, 133.70938 42.82993, 133.15996 42.69697, 132.70898 42.87583, 132.30381 42.8833, 132.30957 43.31353, 131.8666 43.09517, 132.01309 43.28003, 131.79473 43.25527, 131.1583 42.62603, 130.70938 42.6564, 130.83418 42.52295, 130.6873 42.30254)), ((47.44199 80.85366, 48.4457 80.80601, 48.68359 80.63325, 48.04434 80.66816, 47.6001 80.74194, 47.30391 80.6062, 46.67754 80.56133, 46.14141 80.44673, 45.96904 80.56948, 45.64082 80.53696, 44.90498 80.61128, 45.12451 80.65225, 46.79912 80.75522, 47.44199 80.85366)), ((50.80107 80.91416, 51.70361 80.68765, 50.96084 80.54048, 49.846 80.49766, 49.58594 80.37656, 48.89609 80.36919, 48.97754 80.1626, 48.58174 80.19536, 48.38623 80.0958, 47.63242 80.11196, 47.97754 80.21255, 47.44434 80.23013, 46.99102 80.18276, 46.64443 80.30034, 47.65605 80.50054, 48.40264 80.5688, 48.6251 80.5083, 49.08779 80.51577, 49.24434 80.82139, 50.12432 80.92388, 50.80107 80.91416)), ((66.28242 75.98369, 64.2626 75.71968, 63.65947 75.66875, 61.35596 75.31484, 60.65537 75.05503, 60.24111 74.97075, 60.50137 74.90464, 59.98232 74.74463, 59.74727 74.7459, 59.596 74.61372, 59.24014 74.69297, 59.10098 74.50752, 58.53467 74.49893, 58.66504 74.28926, 58.44141 74.12886, 57.76738 74.01382, 57.75596 73.76919, 57.29092 73.81455, 57.54258 73.6582, 57.13438 73.50439, 56.96387 73.36655, 56.43037 73.29722, 55.54922 73.35684, 55.00684 73.45386, 54.2999 73.35098, 54.20459 73.54204, 53.76289 73.76616, 54.64268 73.95957, 55.34092 74.41963, 56.07832 74.4813, 55.58223 74.62769, 55.91367 74.79609, 56.49873 74.95708, 55.99805 75.00337, 55.81006 75.1249, 56.03555 75.19424, 56.57031 75.09775, 57.0875 75.38384, 57.60684 75.34126, 58.0583 75.66309, 58.88125 75.85479, 60.03613 75.98384, 60.2793 76.09624, 60.94219 76.07129, 61.20166 76.28203, 61.78711 76.29102, 62.47109 76.23047, 62.97148 76.23667, 63.52617 76.30952, 64.46348 76.37817, 64.95 76.48433, 65.86289 76.61333, 66.06299 76.74609, 66.82881 76.92383, 67.53496 77.00776, 68.48574 76.93369, 68.87334 76.7896, 68.8998 76.57295, 68.16543 76.28486, 66.28242 75.98369)), ((55.31982 73.3083, 56.1377 73.25615, 56.42959 73.20117, 56.18896 73.03301, 56.08379 72.7894, 55.72344 72.76641, 55.61641 72.59907, 55.35596 72.46509, 55.51807 72.22065, 55.29785 71.93535, 56.04316 71.34561, 56.45439 71.10737, 56.89482 70.927, 57.62539 70.72881, 57.1459 70.58911, 56.26006 70.71475, 56.56133 70.59355, 56.14248 70.65786, 55.79688 70.61558, 55.6873 70.69219, 54.60117 70.68008, 53.38359 70.87354, 53.61357 70.91465, 53.58779 71.05229, 54.15566 71.12549, 53.40996 71.34014, 53.36387 71.54165, 52.90898 71.49502, 52.41885 71.53687, 51.8126 71.49131, 51.59043 71.57114, 51.43867 71.77681, 51.58252 72.07119, 51.88545 72.15322, 52.25205 72.12974, 52.62207 72.30098, 52.9166 72.6689, 52.52852 72.73735, 52.81221 72.87524, 53.36982 72.91675, 53.19795 73.14756, 53.75322 73.29326, 54.09102 73.27646, 54.80391 73.38765, 55.31982 73.3083)), ((96.75498 80.95786, 97.83184 80.79829, 97.85645 80.6981, 97.22139 80.65244, 97.02539 80.53555, 97.41699 80.32314, 97.1752 80.24102, 94.56504 80.12607, 93.87236 80.01011, 92.20156 80.1793, 91.6374 80.26992, 91.52383 80.35854, 91.89668 80.47754, 92.57793 80.53325, 93.2625 80.79126, 92.59258 80.78086, 93.06514 80.98848, 94.61162 81.11465, 95.06094 81.18809, 95.15957 81.271, 95.80068 81.28047, 96.47109 81.09927, 96.75498 80.95786)), ((98.01777 80.02285, 97.62695 79.85044, 97.65166 79.76064, 98.06455 79.90107, 98.27324 79.87412, 98.59648 80.0522, 99.29492 80.01636, 99.72656 79.91992, 100.06123 79.7771, 99.78164 79.62827, 99.68066 79.32334, 99.0418 79.29302, 99.51729 79.13018, 99.81465 79.09585, 99.9293 78.96143, 99.43955 78.83423, 98.41113 78.78779, 97.55547 78.82656, 96.80781 78.98496, 95.79648 79.00142, 95.53105 79.0981, 95.1332 79.04961, 94.79102 79.08662, 94.21875 79.40234, 93.0708 79.49531, 93.40469 79.63159, 94.25713 79.82974, 94.34727 79.94194, 94.9873 80.09683, 95.28135 80.03052, 95.49756 80.10562, 96.4166 80.10435, 97.58682 80.16826, 98.01777 80.02285)), ((102.88477 79.25396, 102.4123 78.83545, 102.95039 79.05576, 103.80078 79.14927, 104.09111 79.01318, 104.4042 78.9771, 104.6332 78.83516, 105.146 78.81885, 105.3126 78.4999, 104.83262 78.35273, 104.29746 78.33506, 103.71934 78.25825, 101.2041 78.19194, 100.08223 77.975, 99.50029 77.97607, 99.28711 78.03809, 100.01895 78.33892, 100.28398 78.6792, 100.61963 78.79741, 100.87559 78.78359, 100.90137 78.98008, 101.19609 79.20444, 101.82422 79.37021, 102.25127 79.25605, 102.28242 79.43008, 102.78984 79.39214, 103.09795 79.29912, 102.88477 79.25396)), ((140.04873 75.82896, 140.38906 75.79585, 140.81592 75.63071, 140.94414 75.70049, 141.03262 75.98896, 141.48545 76.13716, 141.74229 76.10806, 142.46035 75.90361, 143.18516 75.81362, 143.68584 75.86367, 145.25527 75.5856, 144.72676 75.36558, 144.8835 75.26895, 144.40781 75.10229, 144.01973 75.04468, 143.17031 75.11689, 142.72949 75.33765, 142.73447 75.54458, 143.00244 75.65986, 142.55156 75.7209, 142.08623 75.66064, 142.15107 75.45757, 142.6168 75.13325, 143.12793 74.97031, 142.47275 74.82041, 141.9873 74.99126, 140.26787 74.84692, 139.60586 74.94561, 139.32559 74.68682, 139.09912 74.65654, 138.09229 74.79746, 137.68301 75.00854, 137.21797 75.12373, 136.98242 75.36533, 137.28975 75.34863, 137.26885 75.74941, 137.70654 75.75957, 137.50117 75.90967, 137.62539 75.98818, 138.20762 76.11494, 138.91953 76.19673, 140.04873 75.82896)), ((146.79521 75.37075, 147.49697 75.44053, 148.43242 75.41353, 148.475 75.27241, 150.10391 75.21924, 150.53057 75.09985, 150.82236 75.15654, 150.64629 74.94458, 149.59688 74.77261, 149.0502 74.77246, 148.09238 74.82568, 147.62686 74.95894, 147.14404 74.99844, 146.14854 75.19829, 146.25762 75.39375, 146.5375 75.58179, 146.79521 75.37075)), ((178.79258 70.82207, 178.62832 71.04736, 178.89111 71.2311, 179.54766 71.44766, 180 71.53774, 180 70.99302, 179.64766 70.89893, 178.79258 70.82207)), ((142.76104 54.39395, 142.97617 54.14097, 142.91797 53.79424, 143.22363 53.29604, 143.32471 52.96309, 143.32363 52.61357, 143.17227 52.34937, 143.15557 52.08374, 143.32051 51.58325, 143.45547 51.47148, 143.81602 50.28262, 144.04795 49.89575, 144.27207 49.31133, 144.621 48.81484, 144.12549 49.20854, 143.73232 49.31201, 143.10498 49.19883, 142.57422 48.07217, 142.55693 47.73789, 142.67012 47.53691, 143.00557 47.22271, 143.21768 46.79487, 143.48564 46.75205, 143.58066 46.36069, 143.43164 46.02866, 143.28232 46.55898, 142.8293 46.60527, 142.57803 46.70078, 142.40645 46.55469, 142.07715 45.91704, 141.96162 46.01348, 141.83037 46.45107, 142.03867 47.14028, 141.96406 47.58745, 142.18174 48.01338, 142.13535 48.29009, 141.86631 48.7501, 142.02012 49.07847, 142.14229 49.56914, 142.15313 50.21675, 142.07109 50.51499, 142.20791 50.99849, 142.20674 51.22256, 142.00596 51.52051, 141.72236 51.73633, 141.66084 52.27295, 141.80332 52.55562, 141.87363 53.03892, 141.82354 53.3395, 142.14199 53.49561, 142.52617 53.44746, 142.70596 53.8957, 142.33496 54.28071, 142.76104 54.39395)), ((-178.35356 71.5292, -177.53218 71.26309, -177.52358 71.16689, -177.82178 71.06758, -179.50669 70.92344, -179.99995 70.99302, -179.99995 71.53774, -179.11157 71.59619, -178.35356 71.5292)), ((35.81611 65.18208, 35.77871 64.97666, 35.52891 65.15107, 35.81611 65.18208)), ((42.67559 66.68809, 42.47734 66.73506, 42.63145 66.78223, 42.67559 66.68809)), ((52.90332 71.36499, 53.20518 71.15972, 53.02266 70.9687, 52.73838 71.18066, 52.24961 71.28491, 52.5126 71.38506, 52.90332 71.36499)), ((168.08135 54.51274, 167.48809 54.79497, 167.88262 54.69048, 168.08135 54.51274)), ((160.71895 70.82271, 160.50479 70.81973, 160.44854 70.93403, 160.71895 70.82271)), ((161.46113 68.99561, 161.13652 69.11025, 161.11074 69.46982, 161.50518 69.63945, 161.54033 69.43652, 161.35088 69.36934, 161.46113 68.99561)), ((152.78633 76.08579, 152.55859 76.1436, 152.79941 76.19482, 152.78633 76.08579)), ((149.1502 76.65991, 148.39863 76.64824, 148.71963 76.74658, 149.40645 76.78208, 149.1502 76.65991)), ((137.95986 71.50767, 137.71182 71.42324, 137.07871 71.5022, 137.28184 71.57993, 137.8168 71.58789, 137.95986 71.50767)), ((107.48164 78.05776, 106.41553 78.13984, 107.5083 78.1894, 107.48164 78.05776)), ((112.63252 76.55298, 112.53164 76.45005, 112.01113 76.63286, 112.39414 76.6438, 112.63252 76.55298)), ((96.61396 76.26382, 96.30059 76.12173, 95.31113 76.21475, 95.37988 76.28906, 96.2707 76.30537, 96.61396 76.26382)), ((96.20986 76.99214, 95.27031 77.01885, 96.52842 77.20552, 96.56133 77.12959, 96.20986 76.99214)), ((89.51426 77.18882, 89.1417 77.22681, 89.61621 77.31104, 89.51426 77.18882)), ((74.63838 72.86377, 74.18066 72.97534, 74.19854 73.10908, 74.96152 73.0625, 74.74258 73.03271, 74.63838 72.86377)), ((75.375 73.47739, 76.05156 73.54927, 75.82715 73.45913, 75.375 73.47739)), ((83.41064 74.03955, 82.81777 74.0916, 83.1498 74.15161, 83.61836 74.08945, 83.41064 74.03955)), ((67.26396 69.44253, 67.02588 69.4832, 67.21611 69.57539, 67.26396 69.44253)), ((66.56855 70.50146, 66.44863 70.56104, 66.45771 70.69878, 66.56855 70.50146)), ((69.84473 66.48975, 69.50273 66.75107, 70.07666 66.6959, 70.11006 66.56909, 69.84473 66.48975)), ((49.9709 80.06074, 49.55605 80.15894, 49.88369 80.23022, 50.31914 80.17236, 49.9709 80.06074)), ((51.43125 79.92051, 50.4541 79.92441, 50.09141 79.98057, 50.93633 80.09424, 51.25439 80.04863, 51.43125 79.92051)), ((50.51816 81.04556, 50.36846 81.12251, 50.71592 81.17065, 50.94619 81.10815, 50.51816 81.04556)), ((55.47969 80.27383, 54.97969 80.25645, 55.24004 80.32539, 55.47969 80.27383)), ((54.27588 80.42134, 53.81191 80.47622, 53.87725 80.60527, 54.40713 80.54014, 54.27588 80.42134)), ((59.33066 79.92305, 58.94609 80.04233, 59.54453 80.11885, 59.91104 79.99429, 59.33066 79.92305)), ((58.62236 81.04165, 58.90254 80.89766, 58.85996 80.77939, 57.93789 80.79336, 57.40518 80.91514, 57.21094 81.01709, 57.65625 81.03154, 58.04951 81.11846, 58.62236 81.04165)), ((47.96768 45.46997, 47.92031 45.56206, 47.94717 45.64707, 47.96768 45.46997)), ((50.09395 69.12554, 49.62627 68.85972, 48.66699 68.73315, 48.43906 68.80488, 48.27881 69.04033, 48.31992 69.26924, 48.63135 69.43604, 49.2252 69.51123, 50.16729 69.25708, 50.09395 69.12554)), ((63.37383 80.7001, 63.00215 80.71284, 62.52031 80.82188, 63.11582 80.9668, 64.0957 80.99834, 64.31016 81.1752, 64.80205 81.19727, 65.38203 81.05674, 65.4374 80.93071, 64.54834 80.75542, 63.37383 80.7001)), ((57.8001 80.10405, 57.28145 80.1939, 57.075 80.49395, 58.48047 80.46475, 59.25547 80.34321, 58.39795 80.31875, 58.25547 80.20181, 57.8001 80.10405)), ((62.22773 80.79438, 62.07578 80.61694, 61.68125 80.58633, 61.05127 80.4186, 60.27832 80.49443, 59.6498 80.43125, 59.30439 80.52153, 59.38652 80.71255, 59.59229 80.8165, 60.09453 80.84858, 60.48154 80.80425, 61.59746 80.89292, 62.10293 80.8666, 62.22773 80.79438)), ((60.82676 80.92969, 60.0582 80.98462, 60.58662 81.0877, 61.45742 81.10396, 61.56738 81.05029, 60.82676 80.92969)), ((53.52139 80.18521, 52.85635 80.17324, 52.21338 80.26372, 52.68057 80.31851, 52.85391 80.40239, 53.3292 80.40239, 53.85166 80.26836, 53.52139 80.18521)), ((57.12266 80.31699, 57.08018 80.09468, 56.20059 80.07646, 55.72402 80.10474, 56.01221 80.20391, 56.02441 80.34131, 57.12266 80.31699)), ((58.56387 81.41841, 57.85869 81.36807, 58.01533 81.25483, 57.45098 81.13555, 56.82188 81.23794, 56.5125 81.17524, 56.19199 81.22397, 55.7167 81.18848, 55.46602 81.31118, 56.15684 81.30308, 57.0915 81.54121, 57.7166 81.56465, 58.56387 81.41841)), ((54.71895 81.11597, 55.4707 81.01987, 56.17012 81.02915, 57.69414 80.79229, 56.81475 80.66362, 55.7125 80.6373, 55.11719 80.7519, 54.66816 80.73867, 54.0666 80.81362, 54.36729 80.90381, 54.71895 81.11597)), ((63.52852 81.59658, 62.88496 81.60889, 62.10645 81.67935, 62.79492 81.71895, 63.70957 81.6873, 63.52852 81.59658)), ((57.96484 81.69565, 58.13457 81.82798, 59.26182 81.8542, 59.35645 81.75898, 57.96484 81.69565)), ((92.15371 79.68467, 91.12607 79.90493, 91.07031 79.98149, 91.42598 80.04922, 92.17344 80.04546, 93.80313 79.90454, 93.60352 79.81675, 92.92627 79.70449, 92.15371 79.68467)), ((91.22285 81.06382, 89.97578 81.11313, 90.06992 81.21372, 91.47783 81.18394, 91.22285 81.06382)), ((141.01025 73.99946, 140.50723 73.91865, 140.1832 74.00459, 140.10156 74.18428, 140.40742 74.26646, 140.84922 74.27378, 141.09746 74.16782, 141.01025 73.99946)), ((142.63916 73.80308, 143.34375 73.56875, 143.49131 73.24644, 143.19326 73.22075, 141.59668 73.31084, 140.66279 73.452, 140.02695 73.36143, 139.68555 73.42573, 140.38066 73.48301, 141.08477 73.86587, 141.93184 73.91494, 142.63916 73.80308)), ((135.45195 75.38955, 135.69863 75.84526, 136.16895 75.60557, 136.02051 75.43838, 135.45195 75.38955)), ((136.12168 73.88501, 135.40244 74.20171, 135.62832 74.21992, 136.25918 73.98496, 136.12168 73.88501)), ((138.20615 55.03354, 137.99121 54.8207, 137.66113 54.65327, 137.4627 54.87339, 137.23291 54.79058, 137.57734 55.19702, 138.20615 55.03354)), ((168.91572 69.57144, 168.34805 69.66436, 167.78887 69.83687, 168.35791 70.01567, 169.3748 69.88262, 169.2458 69.60112, 168.91572 69.57144)), ((163.47139 58.50938, 163.72656 58.79854, 163.76094 59.01504, 164.57266 59.22114, 164.61572 58.8856, 163.96006 58.74375, 163.47139 58.50938)), ((166.65029 54.83906, 166.64512 54.69409, 166.3248 54.86455, 165.99189 55.19048, 165.75107 55.29453, 166.27578 55.31196, 166.24805 55.16543, 166.65029 54.83906)), ((154.61299 49.38062, 154.8249 49.64692, 154.82988 49.3479, 154.61299 49.38062)), ((156.32578 50.63906, 156.16797 50.73188, 156.37646 50.86211, 156.48311 50.75122, 156.32578 50.63906)), ((155.79238 50.20205, 155.39717 50.04126, 155.24307 50.09463, 155.21836 50.29785, 155.68018 50.40073, 155.88477 50.68413, 156.09688 50.77187, 156.04443 50.45176, 155.79238 50.20205)), ((154.04297 48.73877, 154.12637 48.90444, 154.22842 48.89209, 154.04297 48.73877)), ((155.55352 50.8106, 155.46738 50.91357, 155.63965 50.9105, 155.55352 50.8106)), ((153.05381 47.7061, 152.98428 47.72793, 153.0792 47.80874, 153.05381 47.7061)), ((152.00205 46.89717, 151.86436 46.86899, 152.28887 47.14219, 152.00205 46.89717)), ((149.6877 45.64204, 149.44707 45.59336, 149.66592 45.83979, 150.34863 46.21343, 150.55313 46.20854, 150.19502 45.9332, 149.6877 45.64204)), ((148.2623 45.21685, 147.91377 44.99038, 147.65781 44.97715, 147.20742 44.55356, 146.89746 44.4043, 147.24658 44.85605, 147.88555 45.22563, 148.32422 45.28242, 148.6123 45.48467, 148.81221 45.51001, 148.79072 45.32397, 148.2623 45.21685)), ((146.60859 43.74048, 146.82461 43.8605, 146.89902 43.80415, 146.60859 43.74048)), ((146.56777 44.44043, 146.1123 44.24595, 145.58682 43.84512, 145.66631 43.99907, 146.11211 44.50015, 146.56777 44.44043)), ((113.38721 74.40044, 113.25889 74.27271, 112.78242 74.09507, 112.1958 74.14624, 111.50342 74.35308, 111.87979 74.36382, 112.08447 74.54897, 112.95176 74.47959, 113.38721 74.40044)), ((77.36016 79.55684, 77.58896 79.5019, 76.64951 79.49341, 76.15371 79.57876, 76.14844 79.66445, 77.36016 79.55684)), ((79.09854 80.81206, 79.21738 80.96035, 79.80664 80.97539, 80.42793 80.92769, 80.34482 80.86792, 79.09854 80.81206)), ((70.04072 73.03716, 69.92012 73.08452, 69.9959 73.35938, 70.35 73.47764, 70.94023 73.5144, 71.58955 73.28315, 71.62617 73.17397, 70.04072 73.03716)), ((77.14561 72.28188, 76.90312 72.36558, 77.57871 72.63086, 78.2791 72.55322, 78.36514 72.48242, 77.78086 72.30854, 77.14561 72.28188)), ((79.43066 72.71069, 78.88057 72.75161, 78.65684 72.89229, 79.16426 73.09434, 79.54131 72.91865, 79.43066 72.71069)), ((82.22158 75.35054, 81.97852 75.24712, 81.50059 75.36792, 82.16563 75.51562, 82.22158 75.35054)), ((60.44023 69.72593, 60.21592 69.6877, 59.57822 69.73862, 59.50264 69.86621, 58.95273 69.89277, 58.47305 70.26685, 59.00527 70.46519, 59.63633 70.19702, 60.39258 69.9624, 60.44023 69.72593)), ((22.76621 54.35679, 22.16846 54.35986, 20.2082 54.42075, 19.60439 54.45918, 19.94414 54.75, 19.97451 54.92119, 20.52031 54.99487, 20.8875 54.90947, 21.18887 54.93521, 21.23574 55.26411, 22.07236 55.06367, 22.56729 55.05913, 22.83125 54.83848, 22.67988 54.49302, 22.76621 54.35679)), ((33.59414 46.09624, 33.65997 46.21957, 34.68688 45.97695, 34.79973 45.79075, 35.00167 45.73338, 35.37393 45.35361, 35.55801 45.31089, 36.17051 45.45308, 36.575 45.39355, 36.39336 45.06538, 35.87012 45.00532, 35.47256 45.09849, 35.0877 44.80264, 34.71689 44.80713, 34.46992 44.72168, 34.28174 44.53843, 33.90996 44.3876, 33.45068 44.55366, 33.61221 44.90781, 33.55518 45.09766, 33.18691 45.19478, 32.91865 45.34814, 32.50801 45.40381, 33.14229 45.74922, 33.66484 45.94707, 33.59414 46.09624)))"
"65","65","Asia","Former Soviet Union","ukraine","Ukraine","Ukrainian civilians, Ukrainian national group","Russian government, Russian Armed Forces, Vladimir Putin","Emergency","4,8,9,10","4","10","OK","current","2022-08-01","Details
Ukrainian history has several instances of genocide and mass killings. In the 1930s, Joseph Stalin deliberately starved the Ukrainian people in a genocidal famine known as the Holodomor. During the Second World War, the Nazis and their Ukrainian collaborators killed an estimated 1.5 million Jews, with 33,000 killed at the Babi Yar ravine outside Kyiv. Joseph Stalin also deported the entire population of Crimean Tatars from their homes to deportations camps in Central Asia. Many Crimean Tatar's were not allowed to return to their homes until the 1990s and many of their homes and land have been since given to ethnic Ukrainians and Russians. The Russian Federation, under President Vladimir Putin, illegally annexed the Crimea peninsula in 2014 and continues to support Russian separatists in the breakaway regions of Donbas and Lukhansk, frequently targeting ethnic Ukrainians. Groups such as Right-Sector, Azov,  Svoboda, and S-14; have openly expressed neo-nazi, anti-Semitic, and xenophobic ideology and have subsequently violently attacked minority communities.

On February 24th, 2022, Russia began a war of aggression against Ukraine. Since then, its invasion has been met with staunch resistance and Russian forces have been driven from the suburbs of Kyiv. However, the conflict has led to an increasing number of war crimes and attacks on civilian targets perpetrated by Russian soldiers. In Bucha and a number of other towns occupied by the Russian Army, investigators have uncovered mass graves. Reports of torture, forced deportation, and sexual violence are also common. As the conflict continues with no end in sight, more Ukrainians are falling victim to Russia’s genocidal campaign.","No details found","https://www.genocidewatch.com/country-pages/ukraine","https://d0dbb2cb-698c-4513-aa47-eba3a335e06f.filesusr.com/ugd/b3be20_eea90f3cb7fd4c6ca73c59f7d2d89eb1.pdf","https://www.genocidewatch.com/country-pages/ukraine","","","base_country","0","","MultiPolygon","EPSG:4326","Natural Earth 1:50m topology-simplified","ADMIN=Ukraine","Base-country geometry standardised to Natural Earth 1:50m and simplified jointly as one polygon coverage. Shared borders remain edge-matched; tolerance 0.12 degrees.","0b2f68964551aa7b66c364ee319e20dea3dd7a7b945c15ff2905cab4bf63f78e","","MULTIPOLYGON (((38.21436 47.09146, 37.54336 47.07456, 37.33984 46.91689, 36.27949 46.65859, 35.82715 46.62432, 35.28018 46.27949, 35.23037 46.44063, 34.84961 46.18989, 35.00167 45.73338, 34.79973 45.79075, 34.68688 45.97695, 33.65997 46.21957, 33.59414 46.09624, 33.20225 46.17573, 32.47676 46.08369, 31.77998 46.32466, 32.0085 46.42998, 31.55488 46.5543, 32.36133 46.47495, 32.57803 46.61563, 32.12725 46.59722, 31.97432 46.70879, 31.93955 46.98198, 31.87285 46.64976, 31.53213 46.66475, 30.79629 46.552, 30.51152 46.10537, 30.21904 45.86675, 29.60166 45.68252, 29.70586 45.25991, 29.40371 45.41968, 28.76074 45.23413, 28.45127 45.29219, 28.2125 45.45044, 28.47139 45.50718, 28.4916 45.66577, 28.94775 46.04995, 28.92744 46.42412, 29.14629 46.5269, 29.83789 46.35054, 30.13105 46.4231, 29.92432 46.53887, 29.87783 46.82891, 29.57197 46.96401, 29.54932 47.24683, 29.15977 47.45566, 29.21074 47.73154, 29.09297 47.97544, 28.97334 47.93301, 28.77383 48.11958, 28.46309 48.09053, 27.54922 48.47773, 27.22852 48.37144, 26.84707 48.38716, 26.61895 48.25986, 26.30566 48.20376, 26.1627 47.99253, 25.46426 47.91079, 24.89336 47.71777, 24.57891 47.93105, 24.17773 47.90605, 23.20264 48.08452, 22.87666 47.94727, 22.76914 48.10962, 22.3502 48.25605, 22.13184 48.40532, 22.53867 49.07271, 22.80977 49.02075, 22.70566 49.17119, 22.64941 49.53901, 23.03633 49.89907, 23.71172 50.37734, 23.97266 50.41006, 24.10576 50.84497, 23.66445 51.31006, 23.60527 51.51792, 23.70684 51.64131, 23.95117 51.58506, 24.36191 51.86753, 25.26719 51.93774, 25.92529 51.91353, 26.45342 51.81343, 27.14199 51.75205, 27.27012 51.61357, 27.60137 51.60161, 27.74131 51.48257, 27.85859 51.59238, 28.18379 51.60786, 28.79326 51.51035, 29.13564 51.61729, 29.34648 51.38257, 30.16074 51.47788, 30.54453 51.26504, 30.63252 51.35542, 30.53301 51.59634, 30.66729 51.81411, 30.98066 52.04619, 31.76338 52.10107, 31.97383 52.04663, 32.28281 52.11401, 32.50791 52.30854, 32.89971 52.25635, 33.14844 52.34043, 33.73525 52.34478, 33.92207 52.25146, 34.11309 51.97964, 34.39785 51.78042, 34.12109 51.67915, 34.23418 51.2438, 34.7123 51.17222, 35.06406 51.20342, 35.31191 51.0439, 35.44014 50.72769, 35.41162 50.5397, 35.67373 50.346, 35.89023 50.43711, 36.61943 50.20923, 36.75908 50.29185, 37.42285 50.41147, 37.7042 50.10908, 38.04688 49.92002, 38.25859 50.05234, 38.91836 49.82471, 39.1748 49.85596, 39.78057 49.57202, 40.03066 49.59673, 40.12617 49.36885, 40.07002 49.20029, 39.68652 49.00791, 39.98916 48.85142, 39.79287 48.80771, 39.64473 48.59121, 39.83564 48.54277, 39.95791 48.2689, 39.73594 47.84482, 38.90029 47.85513, 38.71895 47.71411, 38.2874 47.55918, 38.21436 47.09146)), ((32.1501 46.15469, 31.7002 46.21406, 31.63848 46.27256, 32.1501 46.15469)))"
"66","66","Asia","Former Soviet Union","belarus","Belarus","Journalists, Protestors, Political Opposition, LGBTQ+ Populations","Belarusian Government","Warning","6,8","2","8","OK","current","2025-11-01","Five years since mass protests swept Belarus in 2020, the Lukashenko government has deepened its repression and involvement in human rights violations. Belarusians are denied the ability to exercise basic rights, including freedom of expression, association, and peaceful assembly.","Draft — verify profile","https://www.genocidewatch.com/country-pages/belarus","https://d0dbb2cb-698c-4513-aa47-eba3a335e06f.filesusr.com/ugd/444029_f7385234265a4d288b629ff7bc6650cc.pdf","https://www.genocidewatch.com/country-pages/belarus","","","base_country","0","","Polygon","EPSG:4326","Natural Earth 1:50m topology-simplified","ADMIN=Belarus","Base-country geometry standardised to Natural Earth 1:50m and simplified jointly as one polygon coverage. Shared borders remain edge-matched; tolerance 0.12 degrees.","4a3adeee22f042ecea7861050c1e4caaa03fea67b5f85d7a50f863a3f69fc386","","POLYGON ((31.76338 52.10107, 30.98066 52.04619, 30.66729 51.81411, 30.53301 51.59634, 30.63252 51.35542, 30.54453 51.26504, 30.16074 51.47788, 29.34648 51.38257, 29.13564 51.61729, 28.79326 51.51035, 28.18379 51.60786, 27.85859 51.59238, 27.74131 51.48257, 27.60137 51.60161, 27.27012 51.61357, 27.14199 51.75205, 26.45342 51.81343, 25.92529 51.91353, 25.26719 51.93774, 24.36191 51.86753, 23.95117 51.58506, 23.70684 51.64131, 23.60527 51.51792, 23.54482 51.71025, 23.65244 52.04038, 23.19697 52.25693, 23.47959 52.55156, 23.84473 52.66421, 23.88711 53.02754, 23.59893 53.59922, 23.48467 53.93979, 24.19131 53.95044, 24.31797 53.89297, 24.76816 53.97466, 24.86953 54.14517, 25.04609 54.13306, 25.46113 54.29277, 25.57305 54.13989, 25.74922 54.15698, 25.55752 54.31069, 25.85928 54.91929, 26.1752 55.00327, 26.2918 55.1396, 26.60117 55.13018, 26.77568 55.2731, 26.45762 55.34248, 26.59355 55.66753, 27.05254 55.83057, 27.57676 55.79878, 27.89629 56.07617, 28.14795 56.14292, 28.28428 56.05591, 28.56396 56.09199, 28.79473 55.94258, 29.0874 56.02114, 29.375 55.93872, 29.48223 55.68457, 29.93701 55.84526, 30.23359 55.84521, 30.90684 55.57002, 30.81445 55.27871, 30.97773 55.05049, 30.79883 54.78325, 31.12129 54.64849, 31.40361 54.19595, 31.79199 54.05591, 31.7542 53.81045, 32.20039 53.78125, 32.4502 53.69292, 32.46963 53.54697, 32.7043 53.33633, 32.14199 53.09116, 31.41787 53.19604, 31.25879 53.0167, 31.53516 52.79824, 31.57734 52.3123, 31.76338 52.10107))"
"68","68","Asia","Former Soviet Union","armenia","Armenia","Azerbaijanis","Armenia and Artsakh","Watch","6,10","2","10","OK","historical","","The profile highlights the expulsion and killing of Azerbaijanis during the first Nagorno-Karabakh war and continuing denial surrounding the Khojaly massacre.","Draft — verify profile","https://www.genocidewatch.com/country-pages/armenia","https://d0dbb2cb-698c-4513-aa47-eba3a335e06f.filesusr.com/ugd/09ea84_d96a70c082674d63aa5bbd691606874e.pdf","https://www.genocidewatch.com/country-pages/armenia","","","base_country","0","","MultiPolygon","EPSG:4326","Natural Earth 1:50m topology-simplified","ADMIN=Armenia","Base-country geometry standardised to Natural Earth 1:50m and simplified jointly as one polygon coverage. Shared borders remain edge-matched; tolerance 0.12 degrees.","3b9cdcac21a541fe2ca1c3f5bd7077766e19c9674711adf00c4a186c6a2f406a","","MULTIPOLYGON (((44.76826 39.70352, 44.28926 40.04038, 44.00537 40.01411, 43.70986 40.1665, 43.56934 40.48237, 43.72266 40.71953, 43.43945 41.10713, 44.22734 41.21333, 44.84141 41.21138, 45.00137 41.29097, 45.5875 40.84692, 45.37617 40.63809, 45.56953 40.41685, 45.96465 40.23379, 45.85811 40.01128, 45.57979 39.97754, 46.20205 39.59448, 46.48145 39.55518, 46.37842 39.38228, 46.58477 39.22368, 46.42031 39.20737, 46.49063 38.90669, 46.11445 38.87778, 45.76631 39.37847, 45.75049 39.56294, 45.45684 39.49448, 45.17256 39.57061, 45.03164 39.76514, 44.76826 39.70352), (45.02109 41.07798, 44.96143 41.07925, 44.96904 41.02725, 45.02109 41.07798)), ((45.55234 40.61606, 45.47881 40.60698, 45.50449 40.66484, 45.55234 40.61606)))"
"69","69","Asia","Former Soviet Union","azerbaijan","Azerbaijan","Armenians","Azerbaijani Government & Armed Forces, Turkic Ultranationalists","Warning","8,9,10","3","10","OK","current","","In September 2020, Azerbaijan had invaded the sovereign territory of Artsakh. After a long and costly war, Azerbaijan has occupied half of Artsakh's territory and displaced thousands of ethnic Armenians. Azerbaijan has begun to attack destroy Armenian culture in heritage Artsakh and often uses hate speech to demonize and degrade ethnic Armenians.","Draft — verify profile","https://www.genocidewatch.com/country-pages/azerbaijan","https://d0dbb2cb-698c-4513-aa47-eba3a335e06f.filesusr.com/ugd/09ea84_26e1e4aa71814cf4a78032503d8b55ec.pdf","https://www.genocidewatch.com/country-pages/azerbaijan","","","base_country","0","","MultiPolygon","EPSG:4326","Natural Earth 1:50m topology-simplified","ADMIN=Azerbaijan","Base-country geometry standardised to Natural Earth 1:50m and simplified jointly as one polygon coverage. Shared borders remain edge-matched; tolerance 0.12 degrees.","c0dbbd7a39f44c2e9a992c4b7c331cedb4e41075330f3887bc9d1722c9c26f68","","MULTIPOLYGON (((44.81719 39.65044, 44.76826 39.70352, 45.03164 39.76514, 45.17256 39.57061, 45.45684 39.49448, 45.75049 39.56294, 45.76631 39.37847, 46.11445 38.87778, 45.47969 39.00625, 45.14121 39.2543, 44.81719 39.65044)), ((48.86875 38.4355, 48.59268 38.41108, 48.02324 38.81904, 48.24199 38.97896, 48.13604 39.31235, 48.32217 39.39907, 47.9959 39.68394, 47.77285 39.64858, 46.85254 39.14844, 46.49063 38.90669, 46.42031 39.20737, 46.58477 39.22368, 46.37842 39.38228, 46.48145 39.55518, 46.20205 39.59448, 45.57979 39.97754, 45.85811 40.01128, 45.96465 40.23379, 45.56953 40.41685, 45.37617 40.63809, 45.5875 40.84692, 45.00137 41.29097, 45.28096 41.44956, 45.71563 41.33765, 45.79277 41.22441, 46.1707 41.19785, 46.45791 41.07021, 46.67256 41.28682, 46.18213 41.65708, 46.42988 41.89097, 46.74932 41.8126, 47.20527 41.45562, 47.26113 41.31509, 47.86113 41.21274, 48.05605 41.45869, 48.39141 41.6019, 48.57285 41.84448, 49.10664 41.30171, 49.22646 41.02622, 49.77598 40.58398, 49.99063 40.57681, 50.30684 40.41221, 50.36592 40.27949, 49.91885 40.31641, 49.55117 40.19414, 49.32441 39.60835, 49.36279 39.34956, 49.1998 39.07266, 49.01348 39.13398, 48.85088 38.81533, 48.86875 38.4355), (45.55234 40.61606, 45.47881 40.60698, 45.50449 40.66484, 45.55234 40.61606)), ((45.02109 41.07798, 44.96143 41.07925, 44.96904 41.02725, 45.02109 41.07798)))"
"71","71","Asia","Former Soviet Union","georgia","Georgia","Ethnic Georgians","Russian military, South Ossetian and Abkhazian forces, the Georgian government","Watch","3,5,8,10","4","10","OK","current","2022-10-01","The profile describes displacement and alleged war crimes in Abkhazia and South Ossetia, as well as growing repression of opposition and civil society by the current government.","Draft — verify profile","https://www.genocidewatch.com/country-pages/georgia","https://d0dbb2cb-698c-4513-aa47-eba3a335e06f.filesusr.com/ugd/b3be20_bdecb1b2882f401caf43b1a8a0b06a31.pdf","https://www.genocidewatch.com/country-pages/georgia","","","base_country","0","","Polygon","EPSG:4326","Natural Earth 1:50m topology-simplified","ADMIN=Georgia","Base-country geometry standardised to Natural Earth 1:50m and simplified jointly as one polygon coverage. Shared borders remain edge-matched; tolerance 0.12 degrees.","1c0a1694aac3936666ebd32b6c68680f0afd4ff99312054435cfa9fce743d33c","","POLYGON ((43.43945 41.10713, 42.78789 41.56372, 42.46641 41.43984, 41.51006 41.51748, 41.70176 41.70542, 41.76299 41.97002, 41.48877 42.65933, 41.12871 42.82812, 40.83662 43.06348, 40.52402 43.12104, 39.97832 43.41982, 40.1502 43.56978, 40.64805 43.53389, 41.58057 43.21924, 42.41904 43.22422, 42.9916 43.0915, 43.08916 42.98906, 43.78262 42.74702, 43.73838 42.61699, 43.95742 42.56655, 44.50586 42.74863, 44.77109 42.6168, 44.871 42.7564, 45.34375 42.52979, 45.72754 42.47505, 45.63857 42.20508, 45.954 42.0354, 46.42988 41.89097, 46.18213 41.65708, 46.67256 41.28682, 46.45791 41.07021, 46.1707 41.19785, 45.79277 41.22441, 45.71563 41.33765, 45.28096 41.44956, 45.00137 41.29097, 44.84141 41.21138, 44.22734 41.21333, 43.43945 41.10713))"
"72","72","Asia","Former Soviet Union","kazakhstan","Kazakhstan","Ethnic minorities (e.g., Dungan community), political dissidents, striking workers","Kazakh government, Kazakh vigilante mobs, security forces under Nazarbayev regime","Watch","3,6,8","3","8","OK","current","2025-10-14","he Nazarbayev Regime is one of the most corrupt and oppressive regimes in the world. While Nursultan Nazarbayev officially left the Presidency in 2019, many believe he is still in control. Journalists,  political/civil opposition, and activists are frequently detained, oftentimes tortured, and executed. Ethnic minorities also face persecution as Kazakh nationalism begins to grow in the country.","Draft — verify profile","https://www.genocidewatch.com/country-pages/kazakhstan","https://d0dbb2cb-698c-4513-aa47-eba3a335e06f.filesusr.com/ugd/97db86_896d1fcf94da4461a3e34e9f324b874a.pdf","https://www.genocidewatch.com/country-pages/kazakhstan","","","base_country","0","","MultiPolygon","EPSG:4326","Natural Earth 1:50m topology-simplified","ADMIN=Kazakhstan","Base-country geometry standardised to Natural Earth 1:50m and simplified jointly as one polygon coverage. Shared borders remain edge-matched; tolerance 0.12 degrees.","ef69ed28e8bf3f33f22a4ff3f1ad7f2c9ce53a886523fdc3531fcf9e4fde564d","","MULTIPOLYGON (((50.18447 44.85464, 50.09531 44.83062, 50.03887 44.94912, 50.18447 44.85464)), ((50.27725 44.95859, 50.25615 45.02241, 50.34971 45.08301, 50.27725 44.95859)), ((52.66484 45.40132, 52.5543 45.47397, 52.60889 45.52803, 52.66484 45.40132)), ((70.94678 42.24868, 70.61328 42.05474, 70.41602 42.07856, 70.09561 41.82051, 69.66387 41.67212, 69.06494 41.36694, 68.98691 41.20503, 68.58408 40.87627, 68.60068 40.65996, 68.29189 40.6561, 68.04766 40.80928, 68.11309 41.02861, 67.93574 41.19658, 66.81426 41.14238, 66.70967 41.17915, 66.49863 41.99487, 66.00957 42.00488, 66.10029 42.99082, 65.80303 42.87695, 65.49619 43.31055, 64.90547 43.7147, 64.44316 43.55117, 63.20703 43.62798, 61.99023 43.49214, 61.16074 44.1686, 61.00791 44.3938, 58.66895 45.50757, 58.44941 45.54292, 55.97568 44.99492, 55.97744 41.32222, 55.54521 41.26274, 55.24961 41.45811, 54.90371 41.91909, 54.67793 42.07822, 54.121 42.33521, 53.2501 42.20586, 52.87051 42.0606, 52.49385 41.78037, 52.46211 42.10063, 52.61836 42.42822, 52.59658 42.76016, 52.18369 42.86875, 51.96074 42.85059, 51.61602 43.15845, 51.29541 43.17412, 51.30176 43.48237, 51.13965 43.64878, 50.83076 44.19277, 50.33115 44.32549, 50.29746 44.58154, 50.86035 44.62876, 51.17715 44.50137, 51.54355 44.53101, 51.05791 44.81157, 51.04033 44.98032, 51.41572 45.35786, 51.73262 45.39946, 52.53105 45.39863, 53.20039 45.33198, 52.77383 45.57275, 53.13525 46.19165, 53.07852 46.54746, 53.17021 46.66904, 52.91602 46.95439, 52.4832 46.99067, 52.08555 46.8396, 51.6501 47.01807, 51.17803 47.11016, 50.58291 46.88228, 50.41934 46.87949, 49.9998 46.63428, 49.34746 46.51914, 49.23223 46.33716, 48.61016 46.56646, 48.60527 46.76592, 48.95938 46.77461, 48.55254 47.321, 48.10996 47.74541, 47.48193 47.80391, 47.29238 47.74092, 47.09326 47.94771, 47.0043 48.28447, 46.66094 48.41226, 46.70264 48.80557, 47.01426 49.09834, 46.80205 49.36709, 46.99199 49.85273, 47.29521 50.0585, 47.32646 50.27354, 47.50361 50.40273, 47.70576 50.37798, 48.2248 49.93193, 48.43428 49.82852, 48.84326 50.01313, 48.6251 50.6127, 48.8084 50.60132, 49.32344 50.85171, 49.49805 51.08359, 49.82227 51.13188, 50.24688 51.2895, 50.79395 51.7292, 51.16348 51.64746, 51.34453 51.47534, 51.60908 51.48398, 52.00713 51.67271, 52.33105 51.6813, 52.57119 51.48164, 53.33809 51.48237, 53.68809 51.25181, 54.0415 51.11519, 54.42148 50.78032, 54.47148 50.58379, 54.65 50.66016, 54.54609 50.94604, 54.72715 50.9981, 55.54229 50.60181, 55.79766 50.60205, 56.49141 51.01953, 57.01172 51.06519, 57.44219 50.88887, 57.83887 51.09165, 58.35918 51.06382, 58.88369 50.69443, 59.45234 50.62041, 59.52305 50.49287, 59.8124 50.58203, 59.95518 50.79927, 60.28809 50.70415, 60.94229 50.69551, 61.38945 50.86104, 61.58506 51.22969, 61.36309 51.44189, 60.46475 51.65117, 60.06553 51.97646, 60.9376 52.28057, 60.97949 52.39478, 60.80234 52.74473, 61.04746 52.97246, 61.40078 52.996, 61.97422 52.94375, 62.01465 53.10786, 61.65986 53.22847, 61.19922 53.28716, 61.22891 53.4459, 61.53496 53.52329, 60.97949 53.62173, 61.14375 53.96382, 61.33369 54.04927, 61.92871 53.94648, 63.07393 54.10522, 63.19131 54.17104, 64.00391 54.26709, 64.46123 54.38418, 65.15781 54.3644, 65.47695 54.62329, 65.91426 54.69331, 66.22266 54.66738, 67.69336 54.87241, 68.24404 55.05244, 68.20625 55.16094, 68.5248 55.20483, 68.97725 55.3896, 69.49326 55.35688, 70.18242 55.16245, 70.73809 55.30518, 70.91016 55.12798, 71.18555 54.59932, 71.09316 54.21221, 71.33643 54.15835, 72.00449 54.20566, 72.26914 54.27212, 72.4043 53.96445, 72.62227 54.13433, 72.91406 54.10732, 73.11934 53.98076, 73.38066 53.96284, 73.61797 54.06738, 73.67891 53.92944, 73.39941 53.81147, 73.28574 53.59839, 73.37188 53.45439, 73.85898 53.61973, 74.35156 53.48765, 74.45195 53.64727, 74.83418 53.82568, 75.05215 53.82671, 75.65684 54.10601, 76.2666 54.31196, 76.8373 54.44238, 76.65459 54.14526, 76.42168 54.15151, 76.57568 53.94253, 77.70439 53.37915, 77.85996 53.26919, 78.47549 52.63843, 79.46885 51.49312, 79.98623 50.77456, 80.42363 50.94629, 80.44805 51.18335, 80.87734 51.28145, 81.12725 51.19106, 81.07148 50.96875, 81.38828 50.95649, 81.46592 50.73984, 81.93369 50.76636, 82.49395 50.72759, 82.76084 50.89336, 83.35732 50.99458, 83.94512 50.77466, 84.32324 50.23916, 84.98945 50.06143, 85.00078 49.89414, 85.29189 49.59946, 85.37158 49.62393, 86.18086 49.49932, 86.61016 49.76914, 86.61426 49.60972, 87.32285 49.08579, 86.88594 49.09058, 86.75313 49.00884, 86.71797 48.69717, 86.54941 48.52861, 85.74941 48.38506, 85.52598 47.91562, 85.65664 47.25464, 85.48477 47.06353, 85.2335 47.03638, 84.78613 46.83071, 84.6666 46.97236, 84.01602 46.97051, 83.19307 47.18657, 83.0041 47.0335, 82.55508 46.15869, 82.32666 45.51992, 82.58252 45.44258, 82.47871 45.12358, 82.2666 45.21909, 81.98926 45.16187, 81.69199 45.34937, 80.85332 45.1293, 80.05918 45.00645, 79.87187 44.88379, 79.99717 44.79722, 80.45547 44.74609, 80.33633 44.43838, 80.35527 44.09727, 80.496 43.89209, 80.78574 43.16157, 80.39023 43.04312, 80.53896 42.87349, 80.25029 42.79727, 80.16504 42.66553, 80.20938 42.19004, 79.92109 42.41313, 79.49014 42.45757, 79.12666 42.77573, 78.52422 42.86465, 78.02314 42.85752, 77.23555 42.91265, 77.05732 42.97065, 76.50918 42.9189, 75.78955 42.93291, 75.63564 42.8146, 75.04766 42.90439, 74.20908 43.24038, 73.94922 43.19502, 73.55625 43.00278, 73.42188 42.59351, 73.49297 42.40903, 72.75293 42.63789, 71.8168 42.82217, 71.25664 42.73354, 70.89287 42.33999, 70.94678 42.24868)))"
"73","73","Asia","Former Soviet Union","kyrgyzstan","Kyrgyzstan","Women

Government critics

Tajiks

Uzbeks","Kyrgyz government

Civil society","Watch","3,6","2","6","OK","current","2025-10-14","Kyrgyzstan has seen three drastic revolutions in less than 20 years, all resulting in new forms of authoritarianism. Current President Sadyr Japarov has drastically increased his powers as president and reduced the influence of the legislative Supreme Council. 

Border demarcations are a major source of violence and discrimination for the country's ethnic Tajik and Uzbek minorities. Border conflicts occasionally flare up between Kyrgyzstan and neighboring Tajikistan as a result of Soviet-era border establishment issues. Women face discrimination in civil society and domestic violence in the home with little to no paths for recourse. ""Bride kidnapping"" (ala kachu) is a long-established custom in Kyrgyzstan and forced marriages are still arranged.","Draft — verify profile","https://www.genocidewatch.com/country-pages/kyrgyzstan","https://d0dbb2cb-698c-4513-aa47-eba3a335e06f.filesusr.com/ugd/97db86_1df2842ea4c242c1b6dc68c81653ecb0.pdf","https://www.genocidewatch.com/country-pages/kyrgyzstan","","","base_country","0","","Polygon","EPSG:4326","Natural Earth 1:50m topology-simplified","ADMIN=Kyrgyzstan","Base-country geometry standardised to Natural Earth 1:50m and simplified jointly as one polygon coverage. Shared borders remain edge-matched; tolerance 0.12 degrees.","935c42076ef17ead163de9e0f93c36f0861256a46c4ff200e3aabffbade3404a","","POLYGON ((70.95801 40.23887, 71.30469 40.28691, 71.69248 40.15234, 72.13125 40.43862, 72.35771 40.40166, 72.40205 40.57808, 72.56748 40.52437, 73.11289 40.78604, 72.62041 40.88379, 72.16426 41.17373, 71.87861 41.19502, 71.66494 41.54121, 71.4084 41.13604, 70.78242 41.2625, 70.6459 41.46035, 70.47139 41.41265, 70.18096 41.57144, 70.84189 42.01963, 71.22852 42.16289, 70.94678 42.24868, 70.89287 42.33999, 71.25664 42.73354, 71.8168 42.82217, 72.75293 42.63789, 73.49297 42.40903, 73.42188 42.59351, 73.55625 43.00278, 73.94922 43.19502, 74.20908 43.24038, 75.04766 42.90439, 75.63564 42.8146, 75.78955 42.93291, 76.50918 42.9189, 77.05732 42.97065, 77.23555 42.91265, 78.02314 42.85752, 78.52422 42.86465, 79.12666 42.77573, 79.49014 42.45757, 79.92109 42.41313, 80.20938 42.19004, 80.21621 42.03242, 79.84043 41.99575, 79.76611 41.89888, 79.29355 41.78281, 78.3624 41.37163, 78.12344 41.07563, 77.58174 40.99277, 76.98662 41.03916, 76.82402 40.98232, 76.48018 40.44951, 75.87197 40.30322, 75.67715 40.30581, 75.5835 40.60532, 75.24102 40.48027, 74.86563 40.49351, 74.8418 40.34497, 74.41191 40.13721, 73.9916 40.04312, 73.83535 39.80015, 73.91465 39.60649, 73.63164 39.44888, 73.23496 39.37456, 72.63994 39.38599, 72.35771 39.33687, 72.22998 39.20752, 72.04277 39.35215, 71.80596 39.27559, 71.47031 39.60366, 70.73311 39.41328, 70.60781 39.5644, 69.59883 39.57378, 69.29766 39.5248, 69.2291 39.76108, 69.30723 39.96855, 69.43193 39.90977, 69.53027 40.09731, 69.9668 40.20225, 70.45137 40.04922, 70.95801 40.23887), (71.22871 40.04814, 70.97627 40.13325, 71.01172 39.89512, 71.22871 40.04814), (71.78994 39.99531, 71.66895 39.94609, 71.75293 39.90713, 71.78994 39.99531), (70.69824 39.84585, 70.48281 39.88271, 70.55957 39.79092, 70.69824 39.84585))"
"74","74","Asia","Former Soviet Union","tajikistan","Tajikistan","Pamirs (ethnic and religious minority in GBAO), political dissidents, civil society activists","Tajik government, security forces under President Emomali Rahmon","Warning","3,6,8","3","8","OK","current","2025-10-14","The profile describes border violence with Kyrgyzstan and severe repression of Pamiri communities and political dissent in Gorno-Badakhshan.","Draft — verify profile","https://www.genocidewatch.com/country-pages/tajikistan","https://d0dbb2cb-698c-4513-aa47-eba3a335e06f.filesusr.com/ugd/97db86_f8955b7a19174f7da1c3e83df6ac29ca.pdf","https://www.genocidewatch.com/country-pages/tajikistan","","","base_country","0","","MultiPolygon","EPSG:4326","Natural Earth 1:50m topology-simplified","ADMIN=Tajikistan","Base-country geometry standardised to Natural Earth 1:50m and simplified jointly as one polygon coverage. Shared borders remain edge-matched; tolerance 0.12 degrees.","3c5bf84b8dbceeced0f811675217d02a4e1eea6e8ee6f8f5bf097c897900c481","","MULTIPOLYGON (((67.75898 37.17222, 67.81436 37.48701, 68.34121 38.1168, 68.14414 38.38311, 68.04785 38.66929, 68.10352 38.96201, 67.67656 39.0085, 67.6165 39.15029, 67.34961 39.24209, 67.42617 39.46558, 67.71904 39.62139, 68.46328 39.53672, 68.63896 39.83887, 68.86875 39.90747, 68.92686 40.13633, 68.65254 40.18267, 69.2749 40.1981, 69.20625 40.56655, 69.41387 40.79717, 69.71289 40.65698, 70.29209 40.8917, 70.4415 41.02344, 70.75098 40.7396, 70.38262 40.45352, 70.65313 40.20117, 70.95801 40.23887, 70.45137 40.04922, 69.9668 40.20225, 69.53027 40.09731, 69.43193 39.90977, 69.30723 39.96855, 69.2291 39.76108, 69.29766 39.5248, 69.59883 39.57378, 70.60781 39.5644, 70.73311 39.41328, 71.47031 39.60366, 71.80596 39.27559, 72.04277 39.35215, 72.22998 39.20752, 72.35771 39.33687, 72.63994 39.38599, 73.23496 39.37456, 73.63164 39.44888, 73.60732 39.2292, 73.79561 39.00215, 73.69609 38.8543, 73.80166 38.60688, 74.02559 38.53984, 74.27744 38.65977, 74.74502 38.51001, 74.83594 38.4043, 74.78965 38.10361, 74.93828 37.77251, 74.89424 37.60142, 75.11875 37.38569, 74.89131 37.23164, 74.65938 37.39448, 74.25967 37.41543, 73.74961 37.23179, 73.72061 37.41875, 73.48135 37.47168, 73.21113 37.4085, 72.75703 37.17271, 72.65742 37.02905, 72.35879 36.98291, 71.73379 36.68403, 71.59746 36.73291, 71.43291 37.12754, 71.55195 37.93315, 71.27852 37.91841, 71.25586 38.30698, 70.87891 38.4564, 70.61582 38.33442, 70.21465 37.92441, 70.25146 37.66416, 70.11982 37.54351, 69.94063 37.60029, 69.49209 37.55308, 69.41445 37.20776, 69.26484 37.1084, 68.96045 37.32505, 68.66914 37.2584, 68.06777 36.9498, 67.75898 37.17222)), ((70.62275 40.93442, 70.55 41.01489, 70.61836 41.00166, 70.62275 40.93442)), ((70.69824 39.84585, 70.48281 39.88271, 70.55957 39.79092, 70.69824 39.84585)))"
"75","75","Asia","Former Soviet Union","turkmenistan","Turkmenistan","Non-Turkmen minorities, political dissidents, civil society leaders
Alert Status: Watch","Turkmen government","Warning","8","1","8","OK","current","2026-03-14","Turkmenistan is among the most repressive and authoritarian countries in the world. All basic human rights are illegal and any opposition to the government is violently repressed.","Draft — verify profile","https://www.genocidewatch.com/country-pages/turkmenistan","https://d0dbb2cb-698c-4513-aa47-eba3a335e06f.filesusr.com/ugd/97db86_198cd5d41d124cbb9bdd63ff5310ae14.pdf","https://www.genocidewatch.com/country-pages/turkmenistan","","","base_country","0","","MultiPolygon","EPSG:4326","Natural Earth 1:50m topology-simplified","ADMIN=Turkmenistan","Base-country geometry standardised to Natural Earth 1:50m and simplified jointly as one polygon coverage. Shared borders remain edge-matched; tolerance 0.12 degrees.","7fe692a56e2177cac50ad9853ee02f09766a90cf0340cf4f21c9fbd0ebfc0af5","","MULTIPOLYGON (((53.10957 38.80308, 53.0459 38.89722, 53.05518 39.03794, 53.10957 38.80308)), ((55.97744 41.32222, 57.01797 41.26348, 56.96406 41.85654, 57.38174 42.1563, 57.81426 42.18984, 58.02891 42.48765, 58.48584 42.31685, 58.15156 42.62808, 58.47715 42.66284, 58.58906 42.77847, 58.87695 42.56147, 59.12314 42.52378, 59.45107 42.29951, 59.8583 42.29517, 60.00605 42.19082, 59.9626 41.95439, 60.19209 41.83442, 60.07559 41.70054, 60.08965 41.39941, 60.45498 41.22163, 60.75488 41.24575, 61.32891 41.19512, 61.49697 41.27607, 61.95352 41.03062, 62.09502 40.6833, 62.375 40.33208, 62.4416 40.03623, 62.65068 39.8585, 63.50605 39.3771, 63.7208 39.18813, 64.16279 38.95361, 64.30996 38.97729, 64.65996 38.73604, 65.61289 38.23857, 65.85713 38.26875, 66.6293 37.93203, 66.52559 37.78574, 66.52227 37.34849, 66.1084 37.41475, 65.76504 37.56914, 65.55498 37.25117, 65.08965 37.23794, 64.81631 37.13208, 64.51104 36.34067, 63.8625 36.01235, 63.10859 35.8187, 63.16973 35.67812, 63.05664 35.4458, 62.61055 35.23315, 62.30781 35.1708, 61.98389 35.4437, 61.54277 35.45786, 61.26201 35.61958, 61.11963 36.64258, 60.34131 36.63765, 60.06279 36.96289, 59.56221 37.17891, 59.30176 37.51064, 58.81543 37.6835, 58.43574 37.63853, 58.10879 37.78306, 57.33574 37.98994, 57.19355 38.21641, 56.44063 38.24941, 56.22881 38.07339, 55.57842 38.09976, 55.07559 37.90249, 54.84863 37.72266, 54.74521 37.5019, 54.1916 37.33247, 53.91416 37.34355, 53.82354 37.92793, 53.86865 38.94927, 53.70459 39.20957, 53.33633 39.34082, 53.15664 39.26499, 53.23564 39.60854, 53.60313 39.54697, 53.47227 39.6688, 53.4873 39.90938, 52.9875 39.9876, 52.89824 39.9125, 52.73369 40.39873, 52.94346 41.03809, 53.14521 40.82495, 53.61523 40.81851, 53.76377 40.66567, 54.37734 40.69326, 54.31943 40.83457, 54.71006 40.89111, 54.59219 41.19355, 54.09482 41.51938, 53.84648 42.09116, 53.6249 42.13638, 53.16416 42.0938, 52.97002 41.97622, 52.8835 41.65254, 52.86182 41.21006, 52.49385 41.78037, 52.87051 42.0606, 53.2501 42.20586, 54.121 42.33521, 54.67793 42.07822, 54.90371 41.91909, 55.24961 41.45811, 55.54521 41.26274, 55.97744 41.32222)))"
"76","76","Asia","Former Soviet Union","uzbekistan","Uzbekistan","Tajiks, Islamists, political opponents","Uzbek government, President Karimov’s administration, Uzbek security forces","Watch","3,8,10","3","10","OK","current","2026-05-14","The profile notes limited reforms but continuing restrictions on dissent, religious freedom and the rights of minorities and vulnerable groups.","Draft — verify profile","https://www.genocidewatch.com/country-pages/uzbekistan","","https://www.genocidewatch.com/country-pages/uzbekistan","","","base_country","0","","MultiPolygon","EPSG:4326","Natural Earth 1:50m topology-simplified","ADMIN=Uzbekistan","Base-country geometry standardised to Natural Earth 1:50m and simplified jointly as one polygon coverage. Shared borders remain edge-matched; tolerance 0.12 degrees.","85802f8dccdf7b98596338731fa87ef97e4525a40faf1fe01d33fd606aab3811","","MULTIPOLYGON (((70.94678 42.24868, 71.22852 42.16289, 70.84189 42.01963, 70.18096 41.57144, 70.47139 41.41265, 70.6459 41.46035, 70.78242 41.2625, 71.4084 41.13604, 71.66494 41.54121, 71.87861 41.19502, 72.16426 41.17373, 72.62041 40.88379, 73.11289 40.78604, 72.56748 40.52437, 72.40205 40.57808, 72.35771 40.40166, 72.13125 40.43862, 71.69248 40.15234, 71.30469 40.28691, 70.95801 40.23887, 70.65313 40.20117, 70.38262 40.45352, 70.75098 40.7396, 70.4415 41.02344, 70.29209 40.8917, 69.71289 40.65698, 69.41387 40.79717, 69.20625 40.56655, 69.2749 40.1981, 68.65254 40.18267, 68.92686 40.13633, 68.86875 39.90747, 68.63896 39.83887, 68.46328 39.53672, 67.71904 39.62139, 67.42617 39.46558, 67.34961 39.24209, 67.6165 39.15029, 67.67656 39.0085, 68.10352 38.96201, 68.04785 38.66929, 68.14414 38.38311, 68.34121 38.1168, 67.81436 37.48701, 67.75898 37.17222, 67.31973 37.20957, 67.06885 37.33481, 66.52227 37.34849, 66.52559 37.78574, 66.6293 37.93203, 65.85713 38.26875, 65.61289 38.23857, 64.65996 38.73604, 64.30996 38.97729, 64.16279 38.95361, 63.7208 39.18813, 63.50605 39.3771, 62.65068 39.8585, 62.4416 40.03623, 62.375 40.33208, 62.09502 40.6833, 61.95352 41.03062, 61.49697 41.27607, 61.32891 41.19512, 60.75488 41.24575, 60.45498 41.22163, 60.08965 41.39941, 60.07559 41.70054, 60.19209 41.83442, 59.9626 41.95439, 60.00605 42.19082, 59.8583 42.29517, 59.45107 42.29951, 59.12314 42.52378, 58.87695 42.56147, 58.58906 42.77847, 58.47715 42.66284, 58.15156 42.62808, 58.48584 42.31685, 58.02891 42.48765, 57.81426 42.18984, 57.38174 42.1563, 56.96406 41.85654, 57.01797 41.26348, 55.97744 41.32222, 55.97568 44.99492, 58.44941 45.54292, 58.66895 45.50757, 61.00791 44.3938, 61.16074 44.1686, 61.99023 43.49214, 63.20703 43.62798, 64.44316 43.55117, 64.90547 43.7147, 65.49619 43.31055, 65.80303 42.87695, 66.10029 42.99082, 66.00957 42.00488, 66.49863 41.99487, 66.70967 41.17915, 66.81426 41.14238, 67.93574 41.19658, 68.11309 41.02861, 68.04766 40.80928, 68.29189 40.6561, 68.60068 40.65996, 68.58408 40.87627, 68.98691 41.20503, 69.06494 41.36694, 69.66387 41.67212, 70.09561 41.82051, 70.41602 42.07856, 70.61328 42.05474, 70.94678 42.24868), (70.62275 40.93442, 70.55 41.01489, 70.61836 41.00166, 70.62275 40.93442)), ((71.22871 40.04814, 70.97627 40.13325, 71.01172 39.89512, 71.22871 40.04814)), ((71.78994 39.99531, 71.66895 39.94609, 71.75293 39.90713, 71.78994 39.99531)))"
"77","77","Asia","South Asia","afghanistan","Afghanistan","Shi'ite Hazaras

Women

LGBTQ+ individuals

Journalists and civil rights activists

Former government employees","The Taliban

Islamic State (ISKP)","Emergency","3,5,8","3","8","OK","current","2022-02-01","The Taliban have dismantled protections for women and critics, carried out reprisals, and enabled severe persecution of Hazaras, LGBTQ+ people, activists and former officials; ISKP also targets Shia communities.","Draft — verify profile","https://www.genocidewatch.com/country-pages/afghanistan","https://d0dbb2cb-698c-4513-aa47-eba3a335e06f.filesusr.com/ugd/d0bbf9_57aacb43b9624e3ab8fc28d26fcdf3ca.pdf","https://www.genocidewatch.com/country-pages/afghanistan","","","base_country","0","","Polygon","EPSG:4326","Natural Earth 1:50m topology-simplified","ADMIN=Afghanistan","Base-country geometry standardised to Natural Earth 1:50m and simplified jointly as one polygon coverage. Shared borders remain edge-matched; tolerance 0.12 degrees.","cb711c52f499e64f745696e370e2dd36c9e5453ee9f8972d326a43ed6bea437e","","POLYGON ((66.52227 37.34849, 67.06885 37.33481, 67.31973 37.20957, 67.75898 37.17222, 68.06777 36.9498, 68.66914 37.2584, 68.96045 37.32505, 69.26484 37.1084, 69.41445 37.20776, 69.49209 37.55308, 69.94063 37.60029, 70.11982 37.54351, 70.25146 37.66416, 70.21465 37.92441, 70.61582 38.33442, 70.87891 38.4564, 71.25586 38.30698, 71.27852 37.91841, 71.55195 37.93315, 71.43291 37.12754, 71.59746 36.73291, 71.73379 36.68403, 72.35879 36.98291, 72.65742 37.02905, 72.75703 37.17271, 73.21113 37.4085, 73.48135 37.47168, 73.72061 37.41875, 73.74961 37.23179, 74.25967 37.41543, 74.65938 37.39448, 74.89131 37.23164, 74.72666 37.29072, 74.37217 37.15771, 74.54141 37.02217, 74.00186 36.8231, 73.76914 36.88848, 72.62285 36.82959, 72.15674 36.70088, 71.77266 36.43184, 71.62051 36.43647, 71.18506 36.04209, 71.42754 35.83374, 71.60059 35.40791, 71.62051 35.18301, 70.96563 34.53037, 71.0957 34.36943, 71.05156 34.04971, 70.41572 33.95044, 69.99473 34.05181, 69.86807 33.89766, 70.28418 33.36904, 69.92012 33.1125, 69.50156 33.02007, 69.40537 32.68271, 69.24141 32.43354, 69.2793 31.93682, 68.86895 31.63423, 68.59766 31.80298, 68.16104 31.80298, 68.01719 31.67798, 67.57822 31.50649, 67.73789 31.34395, 67.2873 31.21782, 66.92432 31.30562, 66.39717 30.91221, 66.28691 30.60791, 66.23848 30.10962, 66.31338 29.96855, 66.17705 29.8356, 65.09551 29.55947, 64.52109 29.5645, 64.09873 29.39194, 63.56758 29.498, 62.47656 29.40835, 60.84336 29.85869, 61.78418 30.83193, 61.81426 31.07256, 61.66016 31.38242, 60.8207 31.49517, 60.8293 32.24941, 60.56055 33.13784, 60.91699 33.50522, 60.51084 33.63892, 60.48574 34.09478, 60.64268 34.30718, 60.88945 34.31943, 60.72627 34.51826, 60.95117 34.65386, 61.14961 35.09375, 61.26201 35.61958, 61.54277 35.45786, 61.98389 35.4437, 62.30781 35.1708, 62.61055 35.23315, 63.05664 35.4458, 63.16973 35.67812, 63.10859 35.8187, 63.8625 36.01235, 64.51104 36.34067, 64.81631 37.13208, 65.08965 37.23794, 65.55498 37.25117, 65.76504 37.56914, 66.1084 37.41475, 66.52227 37.34849))"
"78","78","Asia","South Asia","bangladesh","Bangladesh","Jummas (Ethnic and indigenous peoples of the Chittagong Hill tracts), Dalits, Journalists and activists","Bangladesh government","Warning","3,5,8,10","4","10","OK","current","","The profile links unresolved recognition of the 1971 genocide with disappearances, political repression and discrimination against Dalits and minorities in the Chittagong Hill Tracts.","Draft — verify profile","https://www.genocidewatch.com/country-pages/bangladesh","https://d0dbb2cb-698c-4513-aa47-eba3a335e06f.filesusr.com/ugd/ba3a54_6254f83b4c8742c0917b826a73324bed.pdf","https://www.genocidewatch.com/country-pages/bangladesh","","","base_country","0","","MultiPolygon","EPSG:4326","Natural Earth 1:50m topology-simplified","ADMIN=Bangladesh","Base-country geometry standardised to Natural Earth 1:50m and simplified jointly as one polygon coverage. Shared borders remain edge-matched; tolerance 0.12 degrees.","2b46eda6e07c1973d7bf38b856af907aa1dd357d163d652b6dae1bd27a57fc31","","MULTIPOLYGON (((89.05146 22.09316, 88.85059 23.04053, 88.92813 23.18662, 88.72441 23.25498, 88.74082 23.43662, 88.56738 23.67441, 88.73359 24.23091, 88.64229 24.32598, 88.14551 24.48579, 88.02344 24.62783, 88.1498 24.91465, 88.31338 24.88184, 88.45625 25.18843, 88.89014 25.19438, 88.76914 25.49048, 88.45234 25.57441, 88.08457 25.88823, 88.15078 26.08716, 88.51826 26.51777, 88.68281 26.2917, 88.97041 26.25088, 89.01865 26.41025, 89.28926 26.0376, 89.5499 26.00527, 89.61904 26.21567, 89.82295 25.94141, 89.81406 25.30537, 90.43936 25.15771, 92.04971 25.16948, 92.46836 24.94414, 92.25127 24.89507, 92.06416 24.37437, 91.87695 24.19531, 91.36709 24.09351, 91.16045 23.66064, 91.31523 23.10439, 91.43623 23.1999, 91.61953 22.97969, 91.77383 23.1061, 91.7542 23.2873, 91.93789 23.50469, 91.92959 23.68599, 92.24609 23.68359, 92.36162 22.929, 92.49141 22.6854, 92.5749 21.97808, 92.63164 21.3062, 92.33057 21.43979, 92.17959 21.29312, 92.32412 20.79185, 92.05605 21.1748, 92.00801 21.68477, 91.8248 22.22866, 91.48008 22.88481, 91.15137 22.61406, 90.94561 22.59702, 90.63359 23.09424, 90.604 23.59136, 90.52275 23.34614, 90.59512 23.13394, 90.46602 23.05391, 90.55225 22.90488, 90.43506 22.7519, 90.59551 22.43584, 90.58945 22.25845, 90.23057 21.82979, 90.07119 21.88726, 90.20957 22.15659, 89.9542 22.02285, 89.88184 22.3876, 89.81191 21.9835, 89.56855 21.76743, 89.50059 21.91436, 89.35371 21.72109, 89.09395 21.87275, 89.05146 22.09316)), ((91.04473 22.10518, 91.07949 22.51973, 91.17822 22.28301, 91.04473 22.10518)), ((91.55674 22.38223, 91.41133 22.47568, 91.48398 22.57656, 91.55674 22.38223)), ((90.77764 22.08931, 90.51504 22.06514, 90.68047 22.32749, 90.50293 22.83535, 90.67227 22.81318, 90.86816 22.48486, 90.77764 22.08931)), ((91.8376 21.75024, 91.85068 21.92705, 91.88252 21.88364, 91.8376 21.75024)), ((91.94922 21.50806, 91.85703 21.70879, 91.93398 21.72217, 91.94922 21.50806)), ((90.65957 22.92002, 90.5623 22.97544, 90.57988 23.03545, 90.65957 22.92002)))"
"79","79","Asia","South Asia","india","India","Muslims, Dalits, Christians, journalists, human rights defenders, political opposition (e.g., Congress party)","Bharatiya Janata Party (BJP), Prime Minister Narendra Modi, Hindutva groups (e.g., Bajrang Dal), Indian police and security forces","Emergency","6,7,8,10","4","10","OK","current","2023-04-01","The profile describes Hindu-nationalist policies, Islamophobic rhetoric, anti-conversion laws and police or military violence affecting Muslims and other minorities.","Draft — verify profile","https://www.genocidewatch.com/country-pages/india","https://d0dbb2cb-698c-4513-aa47-eba3a335e06f.filesusr.com/ugd/2c7d82_22f5ff0c99e34bc2800da6a24aed8d69.pdf","https://www.genocidewatch.com/country-pages/india","","","base_country","0","","MultiPolygon","EPSG:4326","Natural Earth 1:50m topology-simplified","ADMIN=India","Base-country geometry standardised to Natural Earth 1:50m and simplified jointly as one polygon coverage. Shared borders remain edge-matched; tolerance 0.12 degrees.","8155e0ad929e64f1e687723b2a2b5fdb7f53256313ab9dce4f8973b09f2a6d0c","","MULTIPOLYGON (((68.16504 23.85732, 68.72412 23.9647, 68.72812 24.26562, 69.55918 24.2731, 69.71621 24.17261, 70.54678 24.41831, 70.71631 24.23799, 71.04404 24.4001, 71.04785 24.68774, 70.65205 25.4229, 70.64844 25.66694, 70.26465 25.70654, 70.1002 25.91006, 70.15684 26.47144, 70.05938 26.57876, 69.73594 26.62705, 69.47002 26.80444, 69.56797 27.17461, 69.89629 27.47363, 70.14453 27.84902, 70.40371 28.02505, 70.6291 27.93745, 70.7374 27.729, 71.87031 27.9625, 71.94805 28.17729, 72.1792 28.42178, 72.34189 28.7519, 72.90332 29.02876, 73.23115 29.55063, 73.38164 29.93437, 73.80918 30.09336, 73.9334 30.22207, 73.89932 30.43535, 74.33936 30.89355, 74.63281 31.03467, 74.51768 31.1856, 74.59395 31.46538, 74.50996 31.71294, 74.73945 31.94883, 75.2541 32.14033, 75.3335 32.2792, 74.9873 32.46221, 74.65781 32.51895, 74.66328 32.75767, 74.35459 32.7687, 74.30361 32.9918, 73.99424 33.24219, 74.15 33.50698, 74.00098 33.78818, 74.24648 33.99019, 73.9499 34.0188, 73.97949 34.19131, 73.80996 34.32534, 73.96123 34.65347, 74.30039 34.76538, 75.1875 34.63901, 75.70918 34.50308, 76.04102 34.66992, 76.59443 34.73584, 77.00088 34.99199, 77.04863 35.10991, 77.79941 35.4959, 78.04746 35.44941, 78.01221 35.25103, 78.28203 34.65391, 78.6708 34.51816, 78.97061 34.22822, 78.75303 34.0877, 78.80186 33.49971, 79.1125 33.22627, 79.20225 32.94604, 79.21934 32.50107, 78.91895 32.3582, 78.70088 32.59702, 78.38965 32.51987, 78.4959 32.21577, 78.73545 31.95796, 78.69346 31.74038, 78.80293 31.61807, 78.7916 31.29365, 79.10713 31.40264, 79.33877 31.10571, 79.56543 30.94907, 79.79463 30.96826, 80.19434 30.75923, 80.19121 30.56841, 80.68213 30.41484, 81.01025 30.1645, 80.90762 30.17192, 80.54902 29.8998, 80.25488 29.42334, 80.0707 28.83018, 80.41855 28.61201, 80.51787 28.66519, 81.16895 28.33501, 81.31084 28.17637, 81.85264 27.86709, 81.9877 27.91377, 82.45137 27.67183, 82.67734 27.67344, 82.7334 27.51899, 83.28975 27.371, 83.44717 27.46533, 83.82881 27.37783, 84.09102 27.49136, 84.61016 27.29868, 84.68535 27.04102, 85.29297 26.74102, 85.56846 26.83984, 85.7373 26.63975, 86.36611 26.57441, 86.70137 26.43506, 87.01641 26.55542, 87.2874 26.3603, 88.05488 26.43003, 88.16152 26.7248, 87.98438 27.13394, 88.14697 27.74922, 88.10977 27.87061, 88.10898 27.93301, 88.62109 28.09185, 88.84883 27.86865, 88.74902 27.52188, 88.89141 27.31606, 88.73877 27.17559, 88.85762 26.96147, 89.14824 26.81616, 89.33213 26.84863, 89.76387 26.70156, 90.12295 26.75459, 90.3459 26.89033, 90.73965 26.77168, 91.67158 26.802, 92.07344 26.91484, 91.99229 27.0999, 92.0834 27.29062, 91.99082 27.4502, 91.74307 27.44253, 91.59473 27.55767, 91.63193 27.75996, 91.97764 27.73037, 92.48066 27.84595, 92.66436 27.94893, 92.70186 28.14712, 93.11924 28.40229, 93.20654 28.59082, 93.90225 28.80322, 94.29326 29.14463, 94.62305 29.3124, 94.76943 29.17588, 95.42021 29.0543, 95.51582 29.20635, 96.03535 29.44717, 96.33975 29.20981, 96.12236 29.08208, 96.16221 28.90972, 96.43574 29.05068, 96.58086 28.76367, 96.28145 28.41206, 96.60264 28.45991, 97.07539 28.36895, 97.32246 28.21797, 97.33516 27.93774, 96.89971 27.64385, 96.90195 27.4396, 97.10371 27.16333, 97.03809 27.10205, 96.66572 27.33926, 96.06143 27.21709, 95.90527 27.04663, 95.12871 26.59727, 95.05977 26.47397, 95.13242 26.04126, 94.99199 25.77046, 94.62285 25.41001, 94.55439 25.24346, 94.70762 25.04873, 94.29307 24.32187, 94.12764 23.87646, 93.6834 24.00654, 93.30732 24.02188, 93.41494 23.68208, 93.36602 23.13252, 93.16416 23.03203, 93.07871 22.71821, 93.16201 22.36021, 92.96455 22.00376, 92.68896 22.13096, 92.5749 21.97808, 92.49141 22.6854, 92.36162 22.929, 92.24609 23.68359, 91.92959 23.68599, 91.93789 23.50469, 91.7542 23.2873, 91.77383 23.1061, 91.61953 22.97969, 91.43623 23.1999, 91.31523 23.10439, 91.16045 23.66064, 91.36709 24.09351, 91.87695 24.19531, 92.06416 24.37437, 92.25127 24.89507, 92.46836 24.94414, 92.04971 25.16948, 90.43936 25.15771, 89.81406 25.30537, 89.82295 25.94141, 89.61904 26.21567, 89.5499 26.00527, 89.28926 26.0376, 89.01865 26.41025, 88.97041 26.25088, 88.68281 26.2917, 88.51826 26.51777, 88.15078 26.08716, 88.08457 25.88823, 88.45234 25.57441, 88.76914 25.49048, 88.89014 25.19438, 88.45625 25.18843, 88.31338 24.88184, 88.1498 24.91465, 88.02344 24.62783, 88.14551 24.48579, 88.64229 24.32598, 88.73359 24.23091, 88.56738 23.67441, 88.74082 23.43662, 88.72441 23.25498, 88.92813 23.18662, 88.85059 23.04053, 89.05146 22.09316, 89.05166 21.6541, 88.85752 21.74468, 88.74502 21.58438, 88.74023 22.00542, 88.6416 22.12197, 88.58467 21.65972, 88.25371 21.62231, 88.05684 21.69414, 88.19629 22.13955, 87.94844 21.82544, 87.67822 21.65352, 87.10068 21.50078, 86.85957 21.23672, 86.97549 20.70015, 86.75039 20.31323, 86.49873 20.17163, 86.27949 19.91943, 85.575 19.69292, 85.45996 19.8959, 85.16279 19.6209, 85.4416 19.62656, 85.22559 19.50835, 84.771 19.12539, 84.46279 18.68975, 84.1041 18.29268, 83.6543 18.06987, 83.19834 17.60898, 82.59316 17.27393, 82.28193 16.93608, 82.35977 16.78281, 82.25879 16.55986, 81.76191 16.32949, 81.28613 16.33706, 80.97871 15.75835, 80.64658 15.89502, 80.29346 15.71074, 80.10107 15.32363, 80.05342 15.07402, 80.16543 14.57783, 80.11172 14.21221, 80.30654 13.48506, 80.15625 13.71377, 80.06211 13.60625, 80.34238 13.36133, 80.2291 12.69033, 79.8585 11.98877, 79.7541 11.57529, 79.84863 11.19688, 79.83818 10.32256, 79.39053 10.30596, 78.99629 9.68311, 78.97959 9.26855, 78.42148 9.10503, 78.19248 8.89087, 78.06016 8.38457, 77.51758 8.07832, 77.30146 8.14531, 76.96689 8.40728, 76.55342 8.90278, 76.32461 9.4521, 76.24238 9.9271, 76.34648 9.92212, 75.92256 10.78408, 75.72383 11.36177, 75.52451 11.70313, 75.19668 12.05752, 74.94551 12.56455, 74.77051 13.07734, 74.6709 13.66763, 74.49854 14.04634, 74.38223 14.49473, 73.94922 15.07476, 73.93193 15.39697, 73.47607 16.05425, 73.3376 16.45986, 73.15605 17.62192, 72.99395 18.09771, 72.8709 18.68306, 73.00557 19.02109, 72.83467 18.97559, 72.79941 19.51982, 72.66777 19.83096, 72.88115 20.56318, 72.81387 21.11719, 72.69238 21.17764, 72.61328 21.46182, 73.02246 21.69961, 72.54307 21.69658, 72.7002 21.97192, 72.52227 21.97622, 72.55303 22.15996, 72.80918 22.2333, 72.18281 22.26973, 72.30645 22.18921, 72.03721 21.82305, 72.25664 21.66123, 72.254 21.53101, 72.01523 21.15571, 71.02461 20.73887, 70.71934 20.74043, 70.12734 21.09468, 69.74844 21.50571, 69.00879 22.19678, 68.9835 22.3854, 69.27656 22.2855, 69.54922 22.4084, 70.17725 22.57275, 70.44043 22.97031, 70.25117 22.9709, 69.66465 22.75908, 69.23594 22.84854, 68.64072 23.18994, 68.41748 23.57148, 68.77676 23.8521, 68.23496 23.59697, 68.16504 23.85732)), ((93.82881 6.74868, 93.68418 7.18359, 93.85898 7.20684, 93.92959 6.97349, 93.82881 6.74868)), ((93.73359 7.35649, 93.63848 7.26187, 93.59727 7.31875, 93.73359 7.35649)), ((93.17061 8.21206, 93.06426 8.27495, 93.09697 8.34937, 93.17061 8.21206)), ((93.44258 7.87783, 93.30937 7.96401, 93.37549 8.01792, 93.44258 7.87783)), ((93.53691 8.05664, 93.47822 8.02446, 93.49404 8.22466, 93.53691 8.05664)), ((92.74355 9.13096, 92.71328 9.20488, 92.78574 9.24053, 92.74355 9.13096)), ((92.47266 10.52075, 92.35283 10.75112, 92.51035 10.89746, 92.57432 10.70425, 92.47266 10.52075)), ((92.69316 11.38115, 92.5957 11.38643, 92.64023 11.50913, 92.69316 11.38115)), ((92.70078 11.51255, 92.53389 11.87339, 92.69473 12.2147, 92.74004 12.77964, 92.85732 13.35811, 93.0623 13.54546, 93.07383 13.2521, 92.88623 12.94229, 92.99023 12.53853, 92.70078 11.51255)), ((93.01738 12.03682, 93.06211 11.89941, 92.95537 12.00244, 93.01738 12.03682)), ((92.68574 12.79995, 92.67969 12.93926, 92.73086 12.94854, 92.68574 12.79995)), ((72.77305 11.19609, 72.78184 11.24331, 72.78789 11.21592, 72.77305 11.19609)), ((73.05332 8.25669, 73.07949 8.3165, 73.07979 8.29307, 73.05332 8.25669)))"
"80","80","Asia","South Asia","nepal","Nepal","Dalits, women and girls, conflict-era victims, human rights defenders, survivors of caste and gender-based violence","Nepalese government, police forces, judiciary, caste-based and patriarchal social structures","Watch","3,4,8","3","8","OK","current","2024-02-01","The profile describes failures of post-conflict justice and continuing discrimination against Indigenous peoples, Dalits, women and religious minorities.","Draft — verify profile","https://www.genocidewatch.com/country-pages/nepal","https://www.genocidewatch.com/_files/ugd/462c19_81f3a74b050c463e8242ce8b257e1e1e.docx?dn=Nepal%2520Country%2520Report%25202024%2520by%2520Sera%2520Mishra%2520(FINAL%2520DRAFT).docx","https://www.genocidewatch.com/country-pages/nepal","","","base_country","0","","Polygon","EPSG:4326","Natural Earth 1:50m topology-simplified","ADMIN=Nepal","Base-country geometry standardised to Natural Earth 1:50m and simplified jointly as one polygon coverage. Shared borders remain edge-matched; tolerance 0.12 degrees.","5a1589f246ced337e0237c0e710be78bf523b0c438ab52ea11f14bcfb8c7c4d1","","POLYGON ((81.01025 30.1645, 80.90762 30.17192, 80.54902 29.8998, 80.25488 29.42334, 80.0707 28.83018, 80.41855 28.61201, 80.51787 28.66519, 81.16895 28.33501, 81.31084 28.17637, 81.85264 27.86709, 81.9877 27.91377, 82.45137 27.67183, 82.67734 27.67344, 82.7334 27.51899, 83.28975 27.371, 83.44717 27.46533, 83.82881 27.37783, 84.09102 27.49136, 84.61016 27.29868, 84.68535 27.04102, 85.29297 26.74102, 85.56846 26.83984, 85.7373 26.63975, 86.36611 26.57441, 86.70137 26.43506, 87.01641 26.55542, 87.2874 26.3603, 88.05488 26.43003, 88.16152 26.7248, 87.98438 27.13394, 88.14697 27.74922, 88.10977 27.87061, 87.68271 27.82139, 87.14141 27.83833, 86.55449 28.08521, 86.40869 27.92866, 86.07871 28.08359, 85.9541 27.92822, 85.67832 28.27744, 85.12246 28.31597, 85.15908 28.59224, 84.71426 28.59556, 84.22871 28.91177, 84.10137 29.21997, 83.93594 29.27949, 83.5835 29.18359, 83.15547 29.61265, 82.8543 29.6834, 82.15898 30.11519, 82.04336 30.32676, 81.64189 30.3875, 81.41719 30.3376, 81.25508 30.09331, 81.01025 30.1645))"
"81","81","Asia","South Asia","pakistan","Pakistan","Religious minorities (Christians, Hindus, Buddhists), women, children, LGBTQI+ individuals, transgender people, journalists, political opposition","Pakistani government, intelligence services (ISI), police, law enforcement agencies","Watch","3,5,6,9","4","9","OK","current","2026-03-01","The profile describes disappearances and security crackdowns, blasphemy-related mob violence and persecution of religious, ethnic and gender minorities.","Draft — verify profile","https://www.genocidewatch.com/country-pages/pakistan","https://d0dbb2cb-698c-4513-aa47-eba3a335e06f.filesusr.com/ugd/b74bf7_5b636e38c1d5467fae55766a8f938ea6.pdf","https://www.genocidewatch.com/country-pages/pakistan","","","base_country","0","","Polygon","EPSG:4326","Natural Earth 1:50m topology-simplified","ADMIN=Pakistan","Base-country geometry standardised to Natural Earth 1:50m and simplified jointly as one polygon coverage. Shared borders remain edge-matched; tolerance 0.12 degrees.","cb4f6445459cf289b6db25b6bdab92e65f0ad508457d970d20158ad66d731d90","","POLYGON ((76.76689 35.66172, 77.04863 35.10991, 77.00088 34.99199, 76.59443 34.73584, 76.04102 34.66992, 75.70918 34.50308, 75.1875 34.63901, 74.30039 34.76538, 73.96123 34.65347, 73.80996 34.32534, 73.97949 34.19131, 73.9499 34.0188, 74.24648 33.99019, 74.00098 33.78818, 74.15 33.50698, 73.99424 33.24219, 74.30361 32.9918, 74.35459 32.7687, 74.66328 32.75767, 74.65781 32.51895, 74.9873 32.46221, 75.3335 32.2792, 75.2541 32.14033, 74.73945 31.94883, 74.50996 31.71294, 74.59395 31.46538, 74.51768 31.1856, 74.63281 31.03467, 74.33936 30.89355, 73.89932 30.43535, 73.9334 30.22207, 73.80918 30.09336, 73.38164 29.93437, 73.23115 29.55063, 72.90332 29.02876, 72.34189 28.7519, 72.1792 28.42178, 71.94805 28.17729, 71.87031 27.9625, 70.7374 27.729, 70.6291 27.93745, 70.40371 28.02505, 70.14453 27.84902, 69.89629 27.47363, 69.56797 27.17461, 69.47002 26.80444, 69.73594 26.62705, 70.05938 26.57876, 70.15684 26.47144, 70.1002 25.91006, 70.26465 25.70654, 70.64844 25.66694, 70.65205 25.4229, 71.04785 24.68774, 71.04404 24.4001, 70.71631 24.23799, 70.54678 24.41831, 69.71621 24.17261, 69.55918 24.2731, 68.72812 24.26562, 68.72412 23.9647, 68.16504 23.85732, 68.11553 23.75337, 67.85996 23.90269, 67.66846 23.81099, 67.30938 24.1748, 67.17148 24.7561, 66.70303 24.86094, 66.69863 25.22632, 66.42861 25.57534, 66.23467 25.46436, 65.67969 25.35527, 65.40625 25.37432, 64.77666 25.30732, 64.65898 25.18408, 64.15205 25.33345, 63.55664 25.35317, 63.49141 25.21084, 62.57246 25.25474, 62.31533 25.13491, 61.74365 25.13818, 61.58789 25.20234, 61.66865 25.76899, 61.86982 26.24243, 62.23936 26.35703, 62.43926 26.56104, 63.16807 26.66558, 63.30518 27.12456, 63.1668 27.25249, 62.75273 27.26562, 62.81201 27.49702, 62.7625 28.20205, 62.35303 28.41475, 61.88984 28.54653, 61.62305 28.7916, 61.31836 29.37261, 60.84336 29.85869, 62.47656 29.40835, 63.56758 29.498, 64.09873 29.39194, 64.52109 29.5645, 65.09551 29.55947, 66.17705 29.8356, 66.31338 29.96855, 66.23848 30.10962, 66.28691 30.60791, 66.39717 30.91221, 66.92432 31.30562, 67.2873 31.21782, 67.73789 31.34395, 67.57822 31.50649, 68.01719 31.67798, 68.16104 31.80298, 68.59766 31.80298, 68.86895 31.63423, 69.2793 31.93682, 69.24141 32.43354, 69.40537 32.68271, 69.50156 33.02007, 69.92012 33.1125, 70.28418 33.36904, 69.86807 33.89766, 69.99473 34.05181, 70.41572 33.95044, 71.05156 34.04971, 71.0957 34.36943, 70.96563 34.53037, 71.62051 35.18301, 71.60059 35.40791, 71.42754 35.83374, 71.18506 36.04209, 71.62051 36.43647, 71.77266 36.43184, 72.15674 36.70088, 72.62285 36.82959, 73.76914 36.88848, 74.00186 36.8231, 74.54141 37.02217, 75.34668 36.91348, 75.42422 36.73823, 75.84023 36.64971, 75.97441 36.38242, 75.90488 36.08848, 76.14785 35.829, 76.55127 35.88706, 76.76689 35.66172))"
"83","83","Asia","South Asia","sri-lanka","Sri Lanka","Tamil civilians, Tamil political prisoners, Muslim minority, journalists, activists","Sri Lankan government, Sri Lankan Army, Bodu Bala Sena (BBS)","Watch","3,5,8,10","4","10","OK","historical","2021-09-14","The profile describes the failure to secure accountability for civil-war atrocities and continuing discrimination against Tamil and Muslim communities.","Draft — verify profile","https://www.genocidewatch.com/country-pages/sri-lanka","https://d0dbb2cb-698c-4513-aa47-eba3a335e06f.filesusr.com/ugd/09ea84_a5b42921a1224623b36a0fd4dcdfbbbd.pdf","https://www.genocidewatch.com/country-pages/sri-lanka","","","base_country","0","","MultiPolygon","EPSG:4326","Natural Earth 1:50m topology-simplified","ADMIN=Sri Lanka","Base-country geometry standardised to Natural Earth 1:50m and simplified jointly as one polygon coverage. Shared borders remain edge-matched; tolerance 0.12 degrees.","906db284dbcfa4cd240eec66ae02ed88fa5f7a452f34e247bf7ee9ed74cecd93","","MULTIPOLYGON (((79.96953 9.63066, 79.90684 9.61982, 79.88848 9.74116, 79.96953 9.63066)), ((79.90371 8.975, 79.74766 9.10459, 79.85996 9.06572, 79.90371 8.975)), ((79.98232 9.8127, 80.25283 9.79634, 80.71113 9.36636, 81.37285 8.43145, 81.43594 8.1189, 81.66543 7.78247, 81.87412 7.28833, 81.86143 6.90127, 81.6374 6.42515, 81.37998 6.24092, 80.72412 5.97905, 80.26738 6.00977, 80.09531 6.15317, 79.85938 6.8293, 79.79209 7.58521, 79.70781 8.06567, 79.80889 8.05, 79.9418 8.6915, 79.92891 8.89922, 80.06484 9.09565, 80.08633 9.57783, 79.98232 9.8127)))"
"84","84","Oceania","Oceania","australia","Australia","Indigenous Australians (Aboriginal people and Torres Strait Islander people )","Government","Watch","3,10","2","10","OK","historical","2022-10-01","The profile focuses on colonial killing and forced assimilation of Aboriginal and Torres Strait Islander peoples and the continuing structural discrimination they face.","Draft — verify profile","https://www.genocidewatch.com/country-pages/australia","https://d0dbb2cb-698c-4513-aa47-eba3a335e06f.filesusr.com/ugd/1585f1_6e4f2161c5cf484ca2f9307a03257d5e.pdf","https://www.genocidewatch.com/country-pages/australia","","","base_country","0","","MultiPolygon","EPSG:4326","Natural Earth 1:50m topology-simplified","ADMIN=Australia","Base-country geometry standardised to Natural Earth 1:50m and simplified jointly as one polygon coverage. Shared borders remain edge-matched; tolerance 0.12 degrees.","8323aa177c0e3b413f7067b38dcc4e0e486ef0aa9b15e48dfa23853a4d1ef768","","MULTIPOLYGON (((143.17891 -11.95449, 143.11025 -12.30352, 143.40156 -12.63994, 143.58662 -13.44365, 143.54844 -13.74102, 143.75635 -14.34883, 143.96182 -14.46289, 144.47305 -14.23184, 144.64805 -14.49248, 145.2877 -14.94316, 145.27158 -15.47666, 145.45801 -16.05645, 145.42607 -16.40615, 145.90195 -17.07021, 146.12588 -17.63525, 146.03223 -18.27285, 146.3332 -18.55371, 146.29688 -18.84121, 146.48115 -19.07871, 147.00264 -19.25605, 147.13877 -19.39316, 147.41855 -19.37813, 147.58604 -19.62275, 147.91563 -19.86924, 148.60049 -20.14521, 148.88477 -20.48086, 148.68369 -20.58018, 149.20488 -21.1251, 149.3293 -21.47607, 149.4541 -21.57871, 149.5957 -22.25762, 149.70391 -22.44053, 149.97441 -22.55068, 149.94189 -22.30811, 150.07617 -22.16445, 150.23486 -22.37295, 150.54131 -22.55908, 150.62285 -22.36729, 150.76387 -22.57617, 150.78301 -23.17656, 150.84316 -23.45801, 151.50078 -24.0124, 151.90273 -24.20098, 152.12988 -24.59756, 152.45635 -24.80244, 152.6543 -25.20195, 152.91348 -25.43213, 152.92051 -25.68857, 153.16494 -25.96416, 153.08418 -26.30381, 153.16211 -26.98271, 153.1168 -27.19443, 153.57568 -28.24053, 153.60459 -28.85449, 153.34805 -29.29043, 153.27236 -29.89248, 153.03057 -30.56338, 153.04785 -30.90713, 152.94395 -31.43486, 152.78584 -31.78633, 152.55928 -32.0457, 152.47041 -32.43906, 152.13652 -32.67813, 152.16426 -32.75742, 151.81289 -32.90107, 151.29209 -33.58096, 151.28027 -33.92666, 150.96035 -34.29707, 150.69033 -35.17773, 150.56748 -35.21426, 150.19531 -35.83359, 150.06279 -36.55039, 149.96025 -36.84551, 149.98633 -37.2584, 149.93271 -37.52852, 149.29844 -37.80215, 148.2625 -37.83066, 147.87676 -37.93418, 147.39561 -38.21914, 146.85684 -38.66348, 146.29258 -38.6998, 146.4666 -38.84033, 146.4 -39.14551, 146.1584 -38.86572, 145.93535 -38.90176, 145.79082 -38.66699, 145.39727 -38.53535, 145.54219 -38.39385, 145.47578 -38.24375, 145.29277 -38.2376, 144.95957 -38.50078, 144.71777 -38.34033, 144.91143 -38.34404, 145.11992 -38.09131, 144.89131 -37.8998, 144.39551 -38.13691, 144.66523 -38.20996, 144.10156 -38.4623, 143.81172 -38.69883, 143.53896 -38.8209, 143.22646 -38.74316, 142.61211 -38.45166, 142.1877 -38.39941, 141.725 -38.27139, 141.42422 -38.36348, 141.01094 -38.07695, 140.62725 -38.02842, 140.39043 -37.89668, 140.21211 -37.64219, 139.78428 -37.2458, 139.73848 -37.05957, 139.85732 -36.66211, 139.54873 -36.09668, 138.96895 -35.58076, 139.3251 -35.42666, 139.19277 -35.34727, 138.52188 -35.64238, 138.18438 -35.6127, 138.3998 -35.32578, 138.51113 -35.02441, 138.48994 -34.76357, 138.08926 -34.16982, 137.91924 -34.45605, 137.87412 -34.72744, 137.6917 -35.14297, 137.45957 -35.13135, 136.88359 -35.23975, 137.01426 -34.91582, 137.39102 -34.91328, 137.49297 -34.59775, 137.49385 -34.16113, 137.65039 -33.85908, 137.93184 -33.5791, 137.85234 -33.20078, 137.99258 -33.09424, 137.7832 -32.57812, 137.79092 -32.82324, 137.44229 -33.19355, 137.2373 -33.62949, 136.43066 -34.02998, 135.89102 -34.66094, 135.99854 -34.94375, 135.64756 -34.93965, 135.23066 -34.57979, 135.45 -34.58105, 135.18545 -33.90674, 134.88877 -33.62637, 134.79102 -33.32832, 134.60771 -33.19014, 134.30127 -33.16504, 134.10039 -32.74863, 134.23418 -32.54854, 133.55137 -32.18291, 133.21211 -32.18379, 132.75742 -31.95625, 132.21465 -32.00713, 131.72119 -31.69629, 131.14365 -31.4957, 130.78301 -31.604, 130.12979 -31.5791, 128.94619 -31.70264, 128.06768 -32.0665, 127.31982 -32.26406, 126.7793 -32.31094, 126.13652 -32.25684, 125.91719 -32.29697, 125.46367 -32.55654, 124.75879 -32.88271, 124.37324 -32.9584, 124.12607 -33.12939, 123.86836 -33.59639, 123.65039 -33.83633, 123.20762 -33.98828, 122.77754 -33.89082, 122.15098 -33.9918, 122.06113 -33.87441, 121.40508 -33.82676, 120.81455 -33.87129, 120.41836 -33.96309, 119.8541 -33.97471, 119.63516 -34.10117, 119.45059 -34.36826, 118.89531 -34.47988, 118.13555 -34.98662, 117.58193 -35.09775, 116.51719 -34.98789, 115.98672 -34.79502, 115.72627 -34.52607, 115.27764 -34.30391, 115.00879 -34.25586, 114.99385 -33.51533, 115.18164 -33.64346, 115.51533 -33.53135, 115.68301 -33.19287, 115.61855 -32.66699, 115.70791 -32.56797, 115.73809 -31.88789, 115.69844 -31.69453, 115.17686 -30.80801, 114.99453 -30.21621, 114.95898 -29.43359, 114.85684 -29.14297, 114.62842 -28.87178, 114.5374 -28.54287, 114.16514 -28.08066, 114.02812 -27.34727, 113.70938 -26.84775, 113.33301 -26.41738, 113.38896 -26.10557, 113.58164 -26.55811, 113.73369 -26.59512, 113.85283 -26.33213, 113.58906 -26.09863, 113.39531 -25.71328, 113.53945 -25.6252, 113.71309 -25.83076, 113.6917 -26.0917, 113.87988 -26.02764, 114.09033 -26.39365, 114.21572 -26.28945, 114.21426 -25.85156, 113.6708 -24.97705, 113.41768 -24.43564, 113.42129 -24.13232, 113.55293 -23.73281, 113.75703 -23.41816, 113.79492 -23.02363, 113.68281 -22.63779, 113.9584 -21.93916, 114.12393 -21.82861, 114.1416 -22.48311, 114.37773 -22.3415, 114.60283 -21.94219, 114.85908 -21.73594, 115.45615 -21.4917, 116.01094 -21.03037, 116.70674 -20.65381, 117.13906 -20.64092, 117.40625 -20.72119, 117.68389 -20.64277, 118.19922 -20.3752, 118.75146 -20.26191, 119.10449 -19.99531, 119.58594 -20.03828, 120.19629 -19.90947, 120.87842 -19.66504, 121.17979 -19.47793, 121.49355 -19.10645, 121.83379 -18.47705, 122.00625 -18.39365, 122.36094 -18.03691, 122.2374 -17.96855, 122.16025 -17.31367, 122.43203 -16.97041, 122.72041 -16.7877, 122.9707 -16.43682, 123.14209 -16.86309, 123.56309 -17.5209, 123.61768 -17.0083, 123.83105 -17.1208, 123.77812 -16.86777, 123.49043 -16.49072, 123.72891 -16.19248, 123.85918 -16.38232, 124.12979 -16.27881, 124.45449 -16.33525, 124.43457 -16.10381, 124.57686 -16.11367, 124.64834 -15.80547, 124.5043 -15.97246, 124.38164 -15.7582, 124.43955 -15.49355, 124.56162 -15.49629, 124.75049 -15.28525, 125.06299 -15.44229, 124.83906 -15.16074, 125.07295 -15.03232, 125.35566 -15.11982, 125.17871 -14.71475, 125.57979 -14.4832, 125.89062 -14.61797, 126.0207 -14.49453, 126.18428 -14.00205, 126.2585 -14.16357, 126.40312 -14.01895, 126.56973 -14.16094, 126.90322 -13.74414, 127.29307 -13.93477, 127.67285 -14.19512, 127.8876 -14.48516, 128.19941 -14.75176, 128.06943 -15.3293, 128.25469 -15.29854, 128.175 -15.04316, 128.47744 -14.78799, 129.0582 -14.88438, 129.21582 -15.16025, 129.26758 -14.87148, 129.63477 -15.13975, 129.63711 -14.85098, 129.84873 -14.82891, 129.60469 -14.64707, 129.69863 -14.57529, 129.37871 -14.39248, 129.70986 -13.97998, 129.83887 -13.57295, 130.25977 -13.30225, 130.16816 -12.95742, 130.3999 -12.68789, 130.61748 -12.64688, 130.62266 -12.43105, 130.86738 -12.55781, 130.87383 -12.36719, 131.2916 -12.06787, 131.43828 -12.27695, 132.25322 -12.18604, 132.41104 -12.29512, 132.63047 -12.03516, 132.67422 -11.64902, 132.4752 -11.4915, 132.13359 -11.50068, 131.81182 -11.27139, 131.96152 -11.18086, 132.19775 -11.30498, 132.2627 -11.204, 132.68281 -11.50557, 132.85713 -11.39111, 133.0249 -11.45283, 133.18525 -11.70566, 133.5332 -11.81621, 133.9042 -11.83203, 134.23711 -12.00771, 134.53809 -12.06084, 134.73027 -11.98438, 135.02969 -12.19375, 135.21797 -12.22168, 135.92246 -11.82578, 135.70254 -12.15156, 135.93779 -12.15215, 136.08184 -12.42246, 136.26064 -12.43379, 136.27012 -12.13164, 136.54023 -11.95762, 136.71943 -12.22646, 136.94746 -12.3499, 136.53701 -12.78428, 136.59434 -13.00381, 136.46104 -13.2252, 136.29414 -13.13799, 135.92734 -13.3043, 135.98955 -13.81016, 135.8834 -14.15313, 135.40518 -14.7582, 135.53076 -15.00039, 136.20537 -15.40342, 136.29141 -15.57012, 136.70488 -15.68525, 136.78467 -15.89424, 137.00215 -15.87832, 137.70371 -16.23301, 137.91289 -16.47656, 138.24502 -16.71836, 139.00986 -16.89932, 139.24844 -17.32861, 139.44053 -17.38057, 140.03584 -17.70264, 140.51113 -17.62451, 140.83047 -17.41445, 140.96602 -17.01455, 141.21914 -16.64619, 141.41191 -16.06953, 141.45156 -15.60527, 141.62549 -15.05664, 141.52295 -14.47012, 141.59434 -14.15283, 141.47256 -13.79756, 141.64541 -13.25908, 141.61357 -12.94346, 141.92031 -12.80293, 141.68857 -12.35107, 141.95156 -11.89619, 142.13896 -11.27324, 142.16836 -10.94658, 142.45645 -10.70732, 142.72305 -11.01045, 142.83682 -11.30693, 142.87256 -11.82139, 143.17891 -11.95449)), ((153.05195 -25.77832, 152.97666 -25.55137, 153.03809 -25.19316, 153.24199 -24.92256, 153.3502 -25.06309, 153.05195 -25.77832)), ((139.15957 -16.7417, 139.29297 -16.46729, 139.58789 -16.39521, 139.69775 -16.51494, 139.15957 -16.7417)), ((136.90557 -13.82695, 136.78818 -13.9458, 136.89434 -14.29307, 136.33545 -14.21182, 136.42471 -13.86484, 136.70195 -13.68164, 136.90557 -13.82695)), ((130.45928 -11.6793, 130.60625 -11.8166, 130.13125 -11.82451, 130.15283 -11.47754, 130.33926 -11.33701, 130.45928 -11.6793)), ((130.61885 -11.37607, 131.02305 -11.33438, 131.26826 -11.18984, 131.53857 -11.43691, 131.45859 -11.58789, 130.95098 -11.92646, 130.51191 -11.61787, 130.36855 -11.21494, 130.61885 -11.37607)), ((113.18301 -26.05313, 112.96426 -25.78311, 112.98242 -25.52021, 113.18301 -26.05313)), ((137.59648 -35.73867, 138.04658 -35.75518, 138.01191 -35.90762, 137.6709 -35.89795, 137.44844 -36.0748, 136.75508 -36.03311, 136.54063 -35.89014, 136.63867 -35.74883, 137.33408 -35.59248, 137.59648 -35.73867)), ((145.48652 -38.35488, 145.33584 -38.421, 145.29531 -38.31895, 145.48652 -38.35488)), ((145.31445 -38.49082, 145.12842 -38.52764, 145.21777 -38.45859, 145.31445 -38.49082)), ((148.93887 -20.28369, 148.98105 -20.15352, 149.04531 -20.27754, 148.93887 -20.28369)), ((148.88691 -20.14355, 148.96787 -20.04434, 148.95625 -20.13467, 148.88691 -20.14355)), ((151.24014 -23.52969, 151.18418 -23.74072, 151.0333 -23.53018, 151.24014 -23.52969)), ((150.4624 -22.30771, 150.48848 -22.21074, 150.54883 -22.30693, 150.4624 -22.30771)), ((149.89365 -22.22324, 149.87539 -22.07402, 149.9123 -22.04873, 149.89365 -22.22324)), ((153.53877 -27.43643, 153.45273 -27.71172, 153.43545 -27.40537, 153.53877 -27.43643)), ((153.4209 -27.33096, 153.37988 -27.04941, 153.4668 -27.03809, 153.4209 -27.33096)), ((142.2748 -10.70479, 142.19141 -10.76201, 142.19795 -10.59199, 142.2748 -10.70479)), ((142.27939 -10.2542, 142.19512 -10.19932, 142.29873 -10.14043, 142.27939 -10.2542)), ((142.14199 -10.18125, 142.09766 -10.12178, 142.19199 -10.08525, 142.14199 -10.18125)), ((146.27832 -18.23125, 146.23564 -18.45078, 146.09883 -18.25176, 146.27832 -18.23125)), ((136.52656 -11.43887, 136.78027 -11.0125, 136.74141 -11.19463, 136.52656 -11.43887)), ((136.18027 -11.67676, 136.44922 -11.48711, 136.37939 -11.5832, 136.18027 -11.67676)), ((137.09365 -15.77813, 136.94268 -15.71172, 137.00957 -15.59482, 137.09365 -15.77813)), ((136.84678 -15.62734, 136.87686 -15.50254, 136.89023 -15.58887, 136.84678 -15.62734)), ((136.59102 -15.62822, 136.52256 -15.54316, 136.6123 -15.54414, 136.59102 -15.62822)), ((139.42168 -17.13164, 139.49277 -16.99043, 139.5709 -17.09443, 139.42168 -17.13164)), ((136.12266 -13.8166, 136.21543 -13.66475, 136.27539 -13.79111, 136.12266 -13.8166)), ((132.57363 -11.31836, 132.48379 -11.0373, 132.57881 -10.96885, 132.57363 -11.31836)), ((125.13477 -14.6417, 125.11738 -14.49199, 125.19814 -14.4748, 125.13477 -14.6417)), ((124.59727 -15.40195, 124.48281 -15.34033, 124.55088 -15.27031, 124.59727 -15.40195)), ((115.38809 -20.86602, 115.30859 -20.81113, 115.43457 -20.66797, 115.38809 -20.86602)), ((145.04297 -40.78672, 145.28301 -40.76992, 145.82148 -41.02461, 146.31748 -41.16348, 146.72344 -41.07803, 146.84814 -41.16807, 146.98984 -40.99238, 147.45479 -41.00166, 147.62168 -40.84473, 147.96875 -40.77959, 148.29287 -40.94707, 148.30146 -42.03994, 148.21367 -41.97002, 148.02275 -42.25947, 147.92441 -42.57246, 147.98086 -43.15703, 147.78584 -43.22002, 147.64795 -43.02061, 147.8 -42.92812, 147.40801 -42.89385, 146.87393 -43.6125, 146.54854 -43.50889, 146.04316 -43.54717, 145.99443 -43.37607, 145.4876 -42.92666, 145.26816 -42.54434, 145.19883 -42.23086, 145.46826 -42.49287, 145.5166 -42.35449, 145.05537 -41.82676, 144.77793 -41.41885, 144.64609 -40.98086, 144.71855 -40.67227, 145.04297 -40.78672)), ((143.89873 -40.12021, 143.83857 -39.9041, 143.94883 -39.58369, 144.09131 -39.63809, 144.14102 -39.95381, 143.89873 -40.12021)), ((148.29736 -39.98574, 148.32324 -40.14443, 148.10566 -40.26211, 147.76719 -39.87031, 147.93301 -39.72598, 148.29736 -39.98574)), ((147.30889 -43.50078, 147.15381 -43.5002, 147.28389 -43.27891, 147.30889 -43.50078)), ((148.02969 -42.71484, 148.07256 -42.59316, 148.16953 -42.65176, 148.02969 -42.71484)), ((147.43457 -43.24072, 147.29609 -43.16172, 147.35254 -43.08027, 147.43457 -43.24072)), ((144.74805 -40.58945, 144.71016 -40.48525, 144.79082 -40.44033, 144.74805 -40.58945)), ((148.32627 -40.30693, 148.47422 -40.43242, 148.10254 -40.45166, 148.32627 -40.30693)), ((148.23691 -40.51514, 148.18779 -40.59258, 148.11729 -40.52148, 148.23691 -40.51514)), ((158.87881 -54.70977, 158.89697 -54.50605, 158.95889 -54.47236, 158.87881 -54.70977)))"
"85","85","Oceania","Oceania","papua-new-guinea","Papua New Guinea","Bougainvilleans, women and girls, highlands and islander communities affected by environmental degradation","Papua New Guinea government, foreign mining corporations, local gangs (Raskol)","Watch","3,5","2","5","OK","current","2021-11-01","The profile describes escalating tribal and gang violence, firearms proliferation and severe risks to women, children and LGBTQ+ people, alongside the legacy of the Bougainville conflict.","Draft — verify profile","https://www.genocidewatch.com/country-pages/papua-new-guinea","https://d0dbb2cb-698c-4513-aa47-eba3a335e06f.filesusr.com/ugd/09ea84_4f9406e4ea2a4f93b598a83e11cc671e.pdf","https://www.genocidewatch.com/country-pages/papua-new-guinea","","","base_country","0","","MultiPolygon","EPSG:4326","Natural Earth 1:50m topology-simplified","ADMIN=Papua New Guinea","Base-country geometry standardised to Natural Earth 1:50m and simplified jointly as one polygon coverage. Shared borders remain edge-matched; tolerance 0.12 degrees.","902340601901986c07e04c4f97b76c6c7ade5a36d8d9d3f2a2203643aed34ec4","","MULTIPOLYGON (((152.8917 -4.83242, 152.68066 -4.49844, 152.59844 -3.99482, 152.19219 -3.50586, 151.97295 -3.45342, 151.57852 -3.15352, 150.82646 -2.71289, 150.82539 -2.57295, 151.47539 -2.94248, 152.17939 -3.41035, 153.0168 -4.10566, 153.13252 -4.35244, 152.8917 -4.83242)), ((151.96758 -4.31699, 152.11719 -4.21221, 152.40566 -4.34072, 152.4 -4.73125, 152.25762 -4.95469, 152.01328 -5.00381, 152.14297 -5.35703, 151.86543 -5.56484, 151.51514 -5.55234, 151.2293 -5.91992, 150.42832 -6.27617, 149.65254 -6.29043, 149.38232 -6.07812, 149.12656 -6.12764, 148.80752 -5.91641, 148.40117 -5.76504, 148.34473 -5.54492, 148.99922 -5.48457, 149.24531 -5.57305, 149.83145 -5.52412, 149.96279 -5.44775, 150.04531 -5.03467, 150.10625 -5.429, 150.29873 -5.53564, 150.95293 -5.42373, 151.13779 -5.11289, 151.32656 -4.96035, 151.67119 -4.8833, 151.54424 -4.29922, 151.59307 -4.20078, 151.96758 -4.31699)), ((140.97344 -2.60977, 140.975 -6.34609, 140.8623 -6.74004, 140.9752 -6.90537, 140.97617 -9.11875, 141.1332 -9.22129, 141.40566 -9.15068, 141.62158 -9.21133, 142.22959 -9.16992, 142.64717 -9.32783, 143.36621 -8.96104, 143.39219 -8.80186, 143.11182 -8.47451, 142.70859 -8.27227, 143.09492 -8.31123, 143.61377 -8.20039, 143.55156 -7.98467, 143.94229 -7.94424, 143.72334 -7.49824, 143.89824 -7.67383, 144.22539 -7.76494, 144.50986 -7.56738, 144.86426 -7.63154, 144.97383 -7.80215, 145.72871 -7.95244, 146.0332 -8.07637, 146.18408 -8.24639, 146.69658 -9.02539, 146.96377 -9.05957, 147.01719 -9.38789, 147.4083 -9.67471, 147.76865 -10.07012, 148.3834 -10.18545, 148.71289 -10.16689, 148.93682 -10.25518, 149.7541 -10.35303, 150.0168 -10.57715, 150.31992 -10.65488, 150.64717 -10.51797, 150.44609 -10.30732, 150.66699 -10.25713, 149.87441 -10.01299, 149.76123 -9.80586, 149.97354 -9.66074, 149.47578 -9.58828, 149.20303 -9.40684, 149.24766 -9.071, 149.09746 -9.01689, 148.58311 -9.05176, 148.45117 -8.69453, 148.24688 -8.5543, 148.12676 -8.10361, 147.72432 -7.87627, 147.19004 -7.37813, 146.96074 -6.92881, 147.11914 -6.72168, 147.70957 -6.72363, 147.84551 -6.6624, 147.80205 -6.31523, 147.37666 -5.95078, 147.03428 -5.91924, 146.40342 -5.6166, 145.74521 -5.40244, 145.76699 -4.82305, 145.33457 -4.38525, 145.08779 -4.34912, 144.47773 -3.82529, 144.01582 -3.78359, 143.50898 -3.43115, 142.90518 -3.3207, 142.21152 -3.0835, 141.18564 -2.62783, 140.97344 -2.60977)), ((148.02578 -5.82637, 147.78105 -5.62725, 147.84648 -5.49082, 148.07607 -5.6502, 148.02578 -5.82637)), ((146.01934 -4.72617, 145.904 -4.73301, 145.9958 -4.53926, 146.01934 -4.72617)), ((152.64619 -3.22119, 152.54326 -3.09561, 152.63877 -3.04277, 152.64619 -3.22119)), ((152.09922 -2.94736, 152.05732 -2.99492, 151.97471 -2.84561, 152.09922 -2.94736)), ((149.76318 -1.58916, 149.5459 -1.47168, 149.72529 -1.43066, 149.76318 -1.58916)), ((151.12344 -10.02021, 151.29648 -9.95674, 151.23086 -10.19473, 150.95918 -10.09258, 150.77607 -9.70908, 151.12344 -10.02021)), ((150.33135 -9.51855, 150.10977 -9.36191, 150.32012 -9.26416, 150.33135 -9.51855)), ((151.08281 -8.56865, 151.00498 -8.52383, 151.11758 -8.41885, 151.08281 -8.56865)), ((154.28076 -11.36143, 154.06406 -11.41934, 154.10176 -11.31143, 154.28076 -11.36143)), ((143.58682 -8.48174, 143.32188 -8.36758, 143.58145 -8.39092, 143.58682 -8.48174)), ((147.00586 -5.30703, 147.13105 -5.19082, 147.22188 -5.38154, 147.00586 -5.30703)), ((147.06758 -1.96016, 147.40059 -2.0251, 147.20635 -2.18193, 146.74785 -2.14883, 146.54648 -2.20859, 146.65625 -1.97402, 147.06758 -1.96016)), ((150.43662 -2.66182, 150.16572 -2.66025, 149.96162 -2.47383, 150.22715 -2.38418, 150.42949 -2.47041, 150.43662 -2.66182)), ((150.78867 -9.41797, 150.89404 -9.66748, 150.43623 -9.62461, 150.4373 -9.35996, 150.78867 -9.41797)), ((152.81006 -8.96719, 152.96689 -9.20898, 152.72012 -9.1665, 152.57705 -8.97002, 152.81006 -8.96719)), ((153.75986 -11.58633, 153.379 -11.55957, 153.20361 -11.32412, 153.75986 -11.58633)), ((143.6082 -8.67715, 143.25381 -8.48955, 143.44336 -8.51895, 143.6082 -8.67715)), ((147.84453 -2.33574, 147.79023 -2.30557, 147.83584 -2.24678, 147.84453 -2.33574)), ((151.9334 -2.83037, 151.94639 -2.70859, 152.01133 -2.80918, 151.9334 -2.83037)), ((150.89873 -10.56533, 150.88467 -10.64346, 150.78574 -10.60342, 150.89873 -10.56533)), ((153.6501 -4.12305, 153.5915 -4.096, 153.66299 -4.04121, 153.6501 -4.12305)), ((155.95762 -6.68682, 155.71934 -6.86279, 155.34404 -6.72168, 155.20215 -6.30762, 154.78193 -5.9707, 154.7293 -5.44443, 155.09385 -5.62021, 155.46699 -6.14512, 155.82256 -6.38047, 155.95762 -6.68682)), ((154.62734 -5.44063, 154.54004 -5.11084, 154.72715 -5.21807, 154.62734 -5.44063)))"
"86","86","Oceania","Oceania","fiji","Fiji","Indigenous Fijians

Indo-Fijians","Indigenous Fijians

Indo-Fijians","Watch","1,3,6,8","4","8","OK","current","2025-04-30","","No details found","https://www.genocidewatch.com/de/country-pages/fiji","https://d0dbb2cb-698c-4513-aa47-eba3a335e06f.filesusr.com/ugd/efa679_3eb70eb9cf8e455d85b200c57a2057d1.pdf","","","","base_country","0","","MultiPolygon","EPSG:4326","Natural Earth 1:50m topology-simplified","ADMIN=Fiji","Base-country geometry standardised to Natural Earth 1:50m and simplified jointly as one polygon coverage. Shared borders remain edge-matched; tolerance 0.12 degrees.","831a305b5e36d0e947c99bcb15691be2f732fc61ba930df39c4ebe55299511a6","","MULTIPOLYGON (((179.61914 -16.52773, 179.56816 -16.74746, 179.93037 -16.51943, 179.92793 -16.74443, 179.41934 -16.80654, 179.20234 -16.7127, 179.00684 -16.9002, 178.70664 -16.97617, 178.49746 -16.78789, 178.58359 -16.62188, 178.80508 -16.63145, 179.09141 -16.4375, 179.55176 -16.2499, 180 -16.15293, 179.61914 -16.52773)), ((178.5916 -17.65146, 178.66768 -18.08086, 178.33154 -18.13525, 178.16016 -18.2502, 177.84707 -18.25488, 177.32139 -18.07754, 177.26396 -17.86348, 177.61797 -17.46104, 178.1876 -17.31299, 178.5916 -17.65146)), ((-180 -16.96299, -180 -16.78555, -179.82231 -16.76533, -180 -16.96299)), ((180 -16.96309, 179.89697 -16.96406, 180 -16.78574, 180 -16.96309)), ((178.16211 -19.12148, 177.95869 -19.12158, 178.33428 -18.93447, 178.16211 -19.12148)), ((-179.01841 -17.9918, -179.079 -17.94414, -178.99912 -17.94736, -179.01841 -17.9918)), ((-178.77363 -18.25244, -178.8479 -18.20205, -178.76309 -18.19141, -178.77363 -18.25244)), ((-178.25112 -17.95273, -178.35723 -17.9209, -178.28032 -17.88643, -178.25112 -17.95273)), ((-178.98184 -17.30703, -178.97148 -17.2127, -178.91484 -17.22305, -178.98184 -17.30703)), ((-178.59595 -19.15137, -178.58931 -19.11885, -178.54062 -19.15703, -178.59595 -19.15137)), ((-179.85122 -19.00293, -179.86733 -18.97842, -179.8311 -18.92422, -179.85122 -19.00293)), ((177.18281 -17.16387, 177.21016 -17.08428, 177.27578 -17.10488, 177.18281 -17.16387)), ((179.38896 -17.39385, 179.37314 -17.25615, 179.44717 -17.30625, 179.38896 -17.39385)), ((179.34043 -18.11045, 179.25352 -18.03057, 179.30645 -17.94404, 179.34043 -18.11045)), ((178.77607 -17.74678, 178.74766 -17.68574, 178.83105 -17.61885, 178.77607 -17.74678)), ((-179.92944 -16.50283, -179.99995 -16.48887, -179.90093 -16.43154, -179.92944 -16.50283)), ((-179.95615 -16.14922, -180 -16.16826, -179.96938 -16.12607, -179.95615 -16.14922)), ((180 -16.54004, 179.98467 -16.52217, 180 -16.48887, 180 -16.54004)), ((177.08242 -12.51562, 177.00625 -12.49111, 177.11807 -12.48232, 177.08242 -12.51562)), ((174.62188 -21.70586, 174.58721 -21.68008, 174.62773 -21.67598, 174.62188 -21.70586)), ((-178.70952 -20.67051, -178.7231 -20.6668, -178.72456 -20.6457, -178.70952 -20.67051)))"
"87","87","Oceania","Oceania","solomon-islands","Solomon Islands","Ethnic Chinese, Chinese business owners","Anti-government rioters (primarily from Malaita Province)","Warning","1,2,3,5,6","5","6","OK","current","","The profile describes anti-Chinese riots following the diplomatic switch from Taiwan to China, amid economic stagnation and political distrust.","Draft — verify profile","https://www.genocidewatch.com/country-pages/the-solomon-islands","https://d0dbb2cb-698c-4513-aa47-eba3a335e06f.filesusr.com/ugd/09ea84_73ffb65c0a5c42e0a983be791e4d78d0.pdf","https://www.genocidewatch.com/country-pages/the-solomon-islands","","","base_country","0","","MultiPolygon","EPSG:4326","Natural Earth 1:50m topology-simplified","ADMIN=Solomon Islands","Base-country geometry standardised to Natural Earth 1:50m and simplified jointly as one polygon coverage. Shared borders remain edge-matched; tolerance 0.12 degrees.","189ef670df79c1c491cea823b93367b3002d765646c94f06cb084f8bf3c7897e","","MULTIPOLYGON (((159.6877 -8.50791, 159.53848 -8.45137, 159.59463 -8.37949, 159.6877 -8.50791)), ((166.9292 -11.66514, 166.80596 -11.67734, 166.85547 -11.57881, 166.9292 -11.66514)), ((166.1332 -10.75781, 165.81934 -10.84404, 165.90918 -10.67432, 166.1332 -10.75781)), ((160.57627 -11.79785, 160.00352 -11.57959, 160 -11.47197, 160.57627 -11.79785)), ((161.55381 -9.76973, 161.40977 -9.68164, 161.40684 -9.36846, 161.55381 -9.76973)), ((159.18857 -9.12354, 159.03633 -9.075, 159.12979 -8.99307, 159.18857 -9.12354)), ((160.25352 -9.00732, 160.37148 -9.18125, 160.10537 -9.08076, 160.25352 -9.00732)), ((157.89844 -8.50635, 157.81934 -8.61201, 157.58789 -8.44541, 157.55801 -8.26992, 157.23242 -8.31484, 157.4334 -7.98467, 157.59883 -8.00596, 157.89844 -8.50635)), ((158.15537 -8.78594, 158.20996 -8.67813, 158.25342 -8.79736, 158.15537 -8.78594)), ((158.00947 -8.76309, 157.8793 -8.66875, 158.13223 -8.55664, 158.00947 -8.76309)), ((157.33389 -8.7, 157.2123 -8.56504, 157.37949 -8.4209, 157.33389 -8.7)), ((156.66875 -7.93682, 156.51094 -7.70781, 156.56094 -7.57402, 156.80908 -7.72285, 156.66875 -7.93682)), ((156.5917 -8.19629, 156.53965 -8.07295, 156.57031 -7.95879, 156.5917 -8.19629)), ((157.04121 -8.11748, 156.95898 -7.93799, 157.10273 -7.85547, 157.1915 -8.08184, 157.04121 -8.11748)), ((155.83984 -7.09717, 155.67754 -7.08896, 155.73896 -6.97295, 155.83984 -7.09717)), ((157.64316 -8.79404, 157.45791 -8.73018, 157.5793 -8.70371, 157.64316 -8.79404)), ((159.75039 -9.27266, 159.97061 -9.4333, 160.35459 -9.42158, 160.62549 -9.58887, 160.81895 -9.86279, 160.64922 -9.92861, 160.32109 -9.82129, 159.85371 -9.7915, 159.62188 -9.53213, 159.75039 -9.27266)), ((159.88086 -8.55742, 159.64453 -8.37168, 158.94404 -8.04072, 158.59697 -7.75908, 158.45742 -7.54473, 158.73438 -7.6043, 159.10938 -7.90352, 159.43145 -8.029, 159.84307 -8.32695, 159.88086 -8.55742)), ((157.51865 -7.36563, 157.10156 -7.32363, 156.45742 -6.71523, 156.47939 -6.60889, 157.10254 -6.95723, 157.14844 -7.11377, 157.51865 -7.36563)), ((160.74941 -8.31396, 160.99766 -8.61201, 160.94434 -8.79902, 161.15869 -8.96182, 161.32188 -9.58955, 161.19102 -9.39287, 160.87344 -9.15684, 160.59629 -8.32822, 160.74941 -8.31396)), ((161.84111 -10.44609, 162.10537 -10.45381, 162.37334 -10.82324, 162.12363 -10.82441, 161.53789 -10.56641, 161.47568 -10.23799, 161.84111 -10.44609)))"
"88","88","Americas","South America","argentina","Argentina","Indigenous Tribes, Leftists","Argentine Government","Watch","3,10","2","10","OK","historical","2021-07-01","The profile links denial of the Conquest of the Desert, the Selk’nam genocide and the Dirty War with continuing discrimination against Mapuche and other Indigenous communities.","Draft — verify profile","https://www.genocidewatch.com/country-pages/argentina","","https://www.genocidewatch.com/country-pages/argentina","","","base_country","0","","MultiPolygon","EPSG:4326","Natural Earth 1:50m topology-simplified","ADMIN=Argentina","Base-country geometry standardised to Natural Earth 1:50m and simplified jointly as one polygon coverage. Shared borders remain edge-matched; tolerance 0.12 degrees.","034c5901a734a499865cf26250cf5783c99dae25d3e6620e141478de90ffce7c","","MULTIPOLYGON (((-57.60889 -30.18779, -57.87251 -30.59102, -57.8106 -30.85859, -58.05386 -31.49492, -58.04233 -31.76924, -58.18901 -31.92422, -58.12305 -32.32188, -58.21997 -32.56396, -58.171 -32.95928, -58.42446 -33.11152, -58.54722 -33.66348, -58.39248 -34.19297, -58.52549 -34.29619, -58.28335 -34.6835, -57.76357 -34.89453, -57.30366 -35.18848, -57.15889 -35.50596, -57.35391 -35.72031, -57.26499 -36.14414, -56.6981 -36.42646, -56.67202 -36.85127, -57.0877 -37.44639, -57.39575 -37.74463, -57.54697 -38.08564, -58.1792 -38.43584, -59.00723 -38.67334, -59.82832 -38.83818, -61.11221 -38.99297, -61.60254 -38.99883, -62.37446 -38.85293, -62.29507 -39.24326, -62.05366 -39.37383, -62.13154 -39.82539, -62.28691 -39.89531, -62.40186 -40.19658, -62.3936 -40.45879, -62.24634 -40.67461, -62.39502 -40.89082, -62.95903 -41.10967, -63.773 -41.15, -64.12319 -41.00781, -64.85298 -40.81377, -65.1334 -40.88066, -65.15498 -41.10566, -65.01826 -41.56689, -65.05908 -41.96992, -64.89805 -42.16182, -64.51172 -42.27021, -64.571 -42.41602, -64.10088 -42.39512, -64.22852 -42.21826, -63.79556 -42.11387, -63.5959 -42.40654, -63.69248 -42.80527, -64.13066 -42.86143, -64.32427 -42.57227, -64.65049 -42.53145, -65.0269 -42.75889, -64.31914 -42.96895, -64.98555 -43.29355, -65.28359 -43.62998, -65.23857 -44.04873, -65.36128 -44.47734, -65.64761 -44.66143, -65.63877 -45.00781, -66.19014 -44.96475, -66.58506 -45.18291, -66.94141 -45.25732, -67.55664 -45.97012, -67.56338 -46.34541, -67.38662 -46.55381, -66.77686 -47.00586, -65.99854 -47.09375, -65.73809 -47.34492, -65.93423 -47.82676, -65.81006 -47.94111, -66.39336 -48.34238, -67.03311 -48.62773, -67.46631 -48.95176, -67.68486 -49.24668, -67.7835 -49.85889, -68.25723 -50.10459, -68.48789 -49.97793, -68.66758 -49.75254, -68.66162 -49.93574, -68.42188 -50.15791, -68.93945 -50.38232, -69.04478 -50.49912, -69.20103 -50.99365, -69.02959 -51.44648, -69.0583 -51.54717, -69.36055 -51.55947, -68.9168 -51.71465, -68.39375 -52.30703, -68.44336 -52.35664, -68.46099 -52.29043, -69.2062 -52.13613, -69.48843 -52.13613, -69.96025 -52.0082, -71.91865 -51.98955, -71.95347 -51.88037, -72.40767 -51.54082, -72.30322 -51.29893, -72.37681 -51.09541, -72.27632 -50.91025, -72.34023 -50.68184, -72.50981 -50.60752, -73.15293 -50.73828, -73.38662 -50.23115, -73.50127 -50.12529, -73.47041 -49.79453, -73.57627 -49.58291, -73.46157 -49.31387, -73.13525 -49.30068, -72.98174 -48.97676, -72.6144 -48.79287, -72.6084 -48.51934, -72.35474 -48.36582, -72.32832 -48.11006, -72.51792 -47.87637, -72.34595 -47.49268, -71.90498 -47.20166, -71.94023 -46.83125, -71.69521 -46.57842, -71.87568 -46.16055, -71.63154 -45.95371, -71.75063 -45.83906, -71.74619 -45.57891, -71.50811 -45.5127, -71.35376 -45.23047, -71.59629 -44.9792, -72.0417 -44.9042, -71.95703 -44.7915, -71.26113 -44.76309, -71.2126 -44.44121, -71.82002 -44.38311, -71.81235 -44.10605, -71.68008 -43.92959, -71.75063 -43.59014, -71.90498 -43.44014, -71.78149 -43.1668, -72.14644 -42.99004, -72.12461 -42.29834, -72.02612 -42.14795, -71.76094 -42.10146, -71.91128 -41.65039, -71.87305 -40.89297, -71.93213 -40.6917, -71.69531 -40.33525, -71.81831 -40.17666, -71.63789 -39.88682, -71.71992 -39.63525, -71.53945 -39.60244, -71.42002 -39.28721, -71.42559 -38.98564, -71.28574 -38.84541, -70.95161 -38.73848, -70.84766 -38.5416, -70.96797 -38.4459, -71.02817 -38.04121, -71.16758 -37.7623, -71.11841 -37.11436, -71.19219 -36.84365, -71.05552 -36.52373, -70.74927 -36.39258, -70.40479 -36.06172, -70.38018 -35.77188, -70.47041 -35.32617, -70.28994 -34.73281, -70.05205 -34.30078, -69.85244 -34.22432, -69.89434 -33.73135, -69.81963 -33.28379, -70.01982 -33.27148, -70.16963 -32.47168, -70.36377 -32.0835, -70.25439 -31.95771, -70.45015 -31.84189, -70.58521 -31.56943, -70.51958 -31.14844, -70.30908 -31.02266, -70.34814 -30.90234, -70.16143 -30.44023, -69.95635 -30.3582, -69.92764 -29.76914, -70.02681 -29.32402, -69.82788 -29.10322, -69.65693 -28.41357, -69.17441 -27.92471, -68.84634 -27.15371, -68.346 -27.02793, -68.31865 -26.87754, -68.58115 -26.51836, -68.4145 -26.15371, -68.60029 -25.48564, -68.54082 -25.23672, -68.38423 -25.09189, -68.56201 -24.8377, -68.50728 -24.62979, -68.25029 -24.39199, -67.3562 -24.03379, -67.00879 -23.00137, -67.19487 -22.82168, -66.71172 -22.21631, -66.36519 -22.11377, -66.22017 -21.80254, -65.77104 -22.09961, -65.05781 -22.10273, -64.60552 -22.22881, -64.32529 -22.82764, -64.26641 -22.60332, -63.97612 -22.07256, -63.81865 -22.00547, -62.84336 -21.99727, -62.62598 -22.29043, -62.21416 -22.6124, -61.92803 -23.05928, -60.83984 -23.85811, -59.89248 -24.09355, -59.37295 -24.45391, -58.36538 -24.95928, -58.13647 -24.97715, -57.82168 -25.13643, -57.57168 -25.53418, -57.75479 -25.69707, -57.89062 -26.00654, -58.08242 -26.13857, -58.20303 -26.38145, -58.19131 -26.62998, -58.64175 -27.19609, -58.60483 -27.31436, -58.16826 -27.27344, -57.11182 -27.47012, -56.60337 -27.46787, -56.43716 -27.55381, -56.16406 -27.32148, -55.71465 -27.41484, -55.42666 -27.00928, -55.13594 -26.93115, -54.82549 -26.65225, -54.67773 -26.30879, -54.61587 -25.57607, -54.44395 -25.625, -54.15459 -25.52305, -53.89116 -25.66885, -53.67129 -26.2251, -53.83818 -27.12109, -54.327 -27.42354, -54.8291 -27.55059, -55.10151 -27.8668, -55.72549 -28.2041, -55.68726 -28.38164, -55.85889 -28.3542, -56.22554 -28.73721, -56.93862 -29.59482, -57.22466 -29.78213, -57.60889 -30.18779)), ((-68.65322 -54.85361, -68.62993 -52.65264, -68.33877 -52.9001, -68.48853 -53.26094, -68.16113 -53.30645, -68.0085 -53.56406, -67.29424 -54.0498, -66.23564 -54.5335, -65.74707 -54.65342, -65.179 -54.67812, -65.346 -54.87793, -65.84199 -54.90996, -66.51113 -55.03213, -66.93047 -54.9249, -68.22012 -54.81758, -68.65322 -54.85361)), ((-64.54917 -54.71621, -63.81543 -54.7251, -64.3229 -54.79648, -64.63735 -54.90254, -64.75732 -54.82656, -64.54917 -54.71621)), ((-61.86597 -39.23486, -62.09302 -39.08623, -61.90713 -39.13564, -61.86597 -39.23486)))"
"89","89","Americas","South America","brazil","Brazil","Indigenous peoples 

Black Brazilians

LGBTQ+ community","Non-state Armed Groups

Brazilian Police

Brazilian State","Watch","3,7,8","3","8","OK","current","2026-07-01","The profile describes lethal police violence against Black and brown Brazilians, hostility toward LGBTQ+ people, and land seizures and attacks affecting Indigenous communities in the Amazon.","Draft — verify profile","https://www.genocidewatch.com/country-pages/brazil","https://d0dbb2cb-698c-4513-aa47-eba3a335e06f.filesusr.com/ugd/53360c_b9a6186d8e784647be9c348b91baab17.pdf","https://www.genocidewatch.com/country-pages/brazil","","","base_country","0","","MultiPolygon","EPSG:4326","Natural Earth 1:50m topology-simplified","ADMIN=Brazil","Base-country geometry standardised to Natural Earth 1:50m and simplified jointly as one polygon coverage. Shared borders remain edge-matched; tolerance 0.12 degrees.","258073e8a288ed4776f3284b5899fe6b0e2db25fe7886c4d08f8e799bfb67a3f","","MULTIPOLYGON (((-66.87603 1.22305, -66.30166 0.75195, -66.06006 0.78535, -65.68145 0.98345, -65.47339 0.69126, -65.10376 1.10811, -64.73154 1.25332, -64.48604 1.45278, -64.3042 1.45527, -64.11484 1.61929, -64.03545 1.90444, -63.39395 2.22251, -63.38926 2.41191, -63.92417 2.45244, -64.04883 2.5251, -64.03779 2.80151, -64.21885 3.20469, -64.22109 3.5874, -64.56792 3.8998, -64.81787 4.23228, -64.57637 4.13989, -64.25566 4.14033, -64.02148 3.9291, -63.29473 3.92227, -62.96865 3.59395, -62.7646 3.67295, -62.71211 4.01792, -62.41064 4.15674, -62.15312 4.09839, -61.55425 4.28779, -61.28008 4.51689, -61.00283 4.53525, -60.60449 4.99458, -60.74214 5.20205, -60.14204 5.23882, -59.99067 5.08286, -60.03179 4.74053, -60.14863 4.53325, -59.70327 4.3811, -59.73857 4.22676, -59.55112 3.93354, -59.85439 3.5875, -59.83115 3.34922, -59.97231 2.99048, -59.99434 2.68999, -59.88965 2.36294, -59.75522 2.27412, -59.7562 1.90063, -59.2312 1.37603, -58.8625 1.20361, -58.51187 1.28467, -58.34067 1.58755, -58.03467 1.52026, -57.98281 1.64844, -57.59443 1.7041, -57.4127 1.90894, -57.1189 2.01396, -56.83672 1.88125, -56.48281 1.94214, -56.01992 1.84224, -55.91533 2.03955, -56.12939 2.29951, -55.93594 2.5166, -55.73057 2.40615, -55.38535 2.44062, -54.97866 2.59766, -54.61626 2.32676, -54.13008 2.12104, -53.76777 2.35483, -53.50898 2.25312, -53.33442 2.33975, -53.22979 2.20488, -52.96484 2.18354, -52.70063 2.36367, -51.99062 3.702, -51.65254 4.06128, -51.54707 4.31089, -51.21992 4.0936, -51.07627 3.67168, -51.05239 3.28184, -50.67876 2.21035, -50.45889 1.82959, -49.95713 1.65986, -49.89888 1.16299, -50.29443 0.83574, -50.81636 0.17256, -51.28291 -0.08521, -51.40415 -0.39268, -51.70264 -0.7623, -51.72061 -1.01846, -52.02046 -1.39902, -52.22925 -1.3625, -52.66416 -1.55176, -51.94756 -1.58672, -51.29736 -1.22354, -50.89492 -0.9376, -50.91787 -1.11523, -50.69004 -1.76172, -50.40322 -2.01553, -49.99922 -1.83184, -49.71953 -1.92637, -49.31367 -1.73174, -49.55337 -2.51992, -49.52393 -2.59688, -49.21104 -1.9165, -48.99131 -1.82979, -48.71001 -1.4877, -48.46294 -1.61396, -48.4498 -1.14551, -48.11509 -0.7375, -47.3981 -0.62666, -46.81123 -0.77969, -46.61724 -0.97061, -46.21914 -1.03125, -45.64478 -1.34785, -45.45859 -1.35625, -45.32915 -1.71729, -45.07637 -1.46641, -44.78984 -1.7248, -44.65127 -1.7458, -44.53779 -2.05273, -44.75635 -2.26553, -44.6624 -2.37324, -44.43545 -2.16807, -44.38184 -2.36553, -44.52012 -2.40547, -44.72139 -3.14229, -44.43755 -2.94443, -44.30815 -2.53516, -44.10557 -2.49346, -44.19268 -2.80957, -43.93291 -2.5835, -43.45513 -2.50205, -43.38008 -2.37607, -42.93672 -2.46504, -42.24961 -2.79199, -41.87617 -2.74658, -41.64014 -2.87861, -41.31821 -2.93623, -40.47456 -2.79561, -39.9647 -2.86152, -39.01436 -3.39023, -38.68623 -3.65371, -38.47578 -3.71748, -38.04883 -4.21641, -37.62632 -4.59209, -37.30146 -4.71309, -37.17466 -4.9124, -36.59072 -5.09756, -35.97988 -5.05439, -35.54941 -5.12939, -35.39258 -5.25088, -35.23545 -5.5667, -35.09546 -6.18535, -34.98818 -6.39375, -34.80547 -7.28838, -34.87861 -7.74746, -34.83467 -7.97148, -35.15776 -8.93057, -35.34087 -9.23066, -35.84775 -9.77246, -36.39834 -10.48408, -36.93779 -10.82041, -37.41182 -11.49727, -37.68872 -12.1, -38.23975 -12.84424, -38.49893 -12.95664, -38.69097 -12.62393, -38.85176 -12.79014, -38.76372 -12.90723, -38.8353 -13.14717, -39.03091 -13.36514, -39.08936 -13.58818, -39.0085 -14.10117, -38.94233 -14.03066, -39.05957 -14.65479, -38.99619 -15.25381, -38.88062 -15.86426, -39.12505 -16.76357, -39.21523 -17.31582, -39.154 -17.70391, -39.48677 -17.99014, -39.65078 -18.25234, -39.73979 -18.63984, -39.69985 -19.27783, -39.84473 -19.64912, -40.00137 -19.74199, -40.29888 -20.29268, -40.39595 -20.56943, -40.78926 -20.90605, -41.04727 -21.50566, -40.98784 -21.92031, -41.12251 -22.08438, -41.70552 -22.30967, -41.98042 -22.58066, -42.04238 -22.94707, -42.9583 -22.96709, -43.08628 -22.72334, -43.229 -22.74766, -43.22417 -22.99121, -43.89883 -23.10146, -43.67598 -23.00947, -43.86616 -22.91055, -44.148 -23.01104, -44.63726 -23.05547, -44.56968 -23.27402, -44.95166 -23.38145, -45.42329 -23.68535, -45.46431 -23.80254, -45.97207 -23.79551, -46.86729 -24.23633, -47.13721 -24.49316, -47.87656 -24.99746, -47.92939 -25.16826, -48.20273 -25.4165, -48.40249 -25.27207, -48.47612 -25.44297, -48.69219 -25.4915, -48.40117 -25.59736, -48.54517 -25.81592, -48.61943 -26.17939, -48.74829 -26.26865, -48.65161 -26.40645, -48.67773 -26.70293, -48.55415 -27.196, -48.64258 -27.55791, -48.6208 -28.07559, -48.79966 -28.57529, -49.27129 -28.87119, -49.746 -29.36318, -50.03335 -29.80098, -50.29951 -30.42578, -50.61997 -30.89766, -51.15176 -31.48037, -51.79814 -31.90029, -52.03921 -32.11484, -52.06323 -31.83037, -51.68066 -31.77461, -51.17432 -31.33975, -51.16143 -31.11885, -50.98008 -31.09424, -50.94082 -30.90371, -50.68931 -30.7042, -50.64619 -30.23682, -50.93188 -30.37432, -51.1793 -30.21104, -51.15728 -30.36426, -51.35908 -30.67451, -51.46367 -31.05264, -51.97246 -31.38379, -52.19355 -31.88555, -52.12739 -32.16777, -52.34165 -32.43975, -52.65225 -33.13779, -53.37061 -33.74219, -53.53765 -33.62285, -53.53135 -33.1709, -53.12559 -32.73672, -53.60171 -32.40303, -53.76172 -32.05684, -54.22056 -31.85518, -54.58765 -31.48516, -55.25464 -31.22559, -55.55732 -30.87598, -56.00469 -31.0792, -55.99897 -30.83721, -56.17617 -30.62842, -56.83271 -30.10723, -57.12051 -30.14443, -57.21445 -30.2834, -57.60889 -30.18779, -57.22466 -29.78213, -56.93862 -29.59482, -56.22554 -28.73721, -55.85889 -28.3542, -55.68726 -28.38164, -55.72549 -28.2041, -55.10151 -27.8668, -54.8291 -27.55059, -54.327 -27.42354, -53.83818 -27.12109, -53.67129 -26.2251, -53.89116 -25.66885, -54.15459 -25.52305, -54.44395 -25.625, -54.61587 -25.57607, -54.47314 -25.22021, -54.2418 -24.04727, -54.62549 -23.8125, -54.98267 -23.97451, -55.36631 -23.99102, -55.53828 -23.58096, -55.51846 -23.41563, -55.65405 -22.81035, -55.61768 -22.67148, -55.84917 -22.30762, -56.18984 -22.28115, -56.39487 -22.09268, -56.63301 -22.23486, -56.93726 -22.27129, -57.95591 -22.10918, -57.83022 -20.99795, -58.00225 -20.46543, -58.15977 -20.16465, -57.86074 -19.97959, -58.13149 -19.74453, -57.80039 -19.08096, -57.57402 -18.2793, -57.58647 -18.12227, -57.83247 -17.51211, -57.99092 -17.51289, -58.396 -17.23428, -58.47061 -16.6502, -58.34561 -16.28438, -58.53794 -16.32822, -60.17559 -16.26934, -60.24233 -15.47959, -60.5832 -15.09834, -60.27334 -15.08877, -60.29888 -14.61855, -60.47466 -14.18477, -60.40498 -14.01924, -60.50659 -13.78984, -61.077 -13.48975, -61.78994 -13.52559, -62.17607 -13.13369, -62.76548 -12.99727, -63.06748 -12.66914, -63.34668 -12.68008, -63.58564 -12.51895, -63.93857 -12.52969, -64.42051 -12.43975, -64.51343 -12.25098, -64.99253 -11.9752, -65.32202 -11.43916, -65.3936 -11.18428, -65.32378 -11.0248, -65.43999 -10.58623, -65.31309 -10.25303, -65.30933 -9.87266, -65.39614 -9.7124, -66.26357 -9.82607, -66.72998 -9.97549, -67.11152 -10.26895, -67.58242 -10.50596, -67.72178 -10.68311, -68.07168 -10.70312, -68.398 -11.01875, -68.72749 -11.12246, -68.84834 -11.01113, -69.57861 -10.95176, -69.96035 -10.92988, -70.39229 -11.05859, -70.64233 -11.01025, -70.63691 -9.47822, -71.23794 -9.96602, -72.18159 -10.00371, -72.37905 -9.51016, -72.81426 -9.41035, -73.20942 -9.41143, -72.97036 -9.12012, -72.97402 -8.99316, -73.54912 -8.3458, -73.77559 -7.93643, -73.72041 -7.78252, -74.00205 -7.55605, -73.96431 -7.37891, -73.72041 -7.30928, -73.75811 -6.90576, -73.4999 -6.67949, -73.24033 -6.56406, -73.13535 -6.34434, -73.23555 -6.09844, -72.97988 -5.63486, -72.88706 -5.12275, -72.69873 -5.06719, -71.84473 -4.50439, -70.97368 -4.35049, -70.79951 -4.17334, -70.40464 -4.1501, -70.23916 -4.30117, -69.96592 -4.23594, -69.94819 -4.20059, -69.40024 -1.19492, -69.66748 -0.48242, -70.07051 -0.13887, -70.05391 0.57861, -69.47212 0.72993, -69.17407 0.63535, -69.16323 0.86406, -69.36138 1.06401, -69.85215 1.05952, -69.84858 1.70874, -69.58125 1.77075, -69.31973 1.72124, -68.17656 1.71982, -68.1938 1.98701, -67.98975 1.75254, -67.81509 1.79009, -67.49966 2.10791, -67.35195 2.08584, -67.09014 1.61558, -67.09365 1.21001, -66.87603 1.22305)), ((-49.62866 -0.2292, -49.11699 -0.16357, -48.58804 -0.23164, -48.37969 -0.35283, -48.5397 -0.80098, -48.92891 -1.48232, -49.17271 -1.4126, -49.23398 -1.59951, -49.50664 -1.51162, -49.58789 -1.7124, -49.80513 -1.79023, -50.10928 -1.74785, -50.50762 -1.78799, -50.60205 -1.69775, -50.75977 -1.24023, -50.59292 -1.07295, -50.7833 -1.01035, -50.77139 -0.64541, -50.64551 -0.27285, -50.24824 -0.11641, -49.62866 -0.2292)), ((-44.09805 -23.16934, -44.32007 -23.2123, -44.24287 -23.07412, -44.09805 -23.16934)), ((-48.60308 -26.41377, -48.66577 -26.28965, -48.49761 -26.21875, -48.60308 -26.41377)), ((-45.26089 -23.94131, -45.45142 -23.89561, -45.30234 -23.72754, -45.26089 -23.94131)), ((-44.49932 -2.93965, -44.59775 -3.0376, -44.56909 -2.78496, -44.49932 -2.93965)), ((-38.78301 -13.11865, -38.66812 -12.88018, -38.60117 -12.99258, -38.78301 -13.11865)), ((-38.97759 -13.52354, -39.02217 -13.44561, -38.90713 -13.40107, -38.97759 -13.52354)), ((-44.88311 -1.31787, -45.02085 -1.37236, -44.97866 -1.26729, -44.88311 -1.31787)), ((-49.69727 0.21597, -49.83896 0.00688, -50.33945 0.04336, -50.27266 0.23174, -49.879 0.30454, -49.69727 0.21597)), ((-50.29897 1.93853, -50.4561 1.9105, -50.49102 2.12861, -50.34199 2.14175, -50.29897 1.93853)), ((-50.92637 -0.32734, -50.99507 -0.10527, -50.66699 -0.05801, -50.92637 -0.32734)), ((-49.4439 -0.1124, -49.83008 -0.0939, -49.7123 0.01514, -49.40049 0.05723, -49.4439 -0.1124)), ((-50.44395 -0.00767, -50.62393 0.05439, -50.35098 0.58174, -50.33228 0.25903, -50.44395 -0.00767)), ((-50.26133 0.35918, -50.25117 0.58545, -50.04004 0.5228, -50.26133 0.35918)), ((-51.93838 -1.45264, -51.68003 -1.08613, -51.67827 -0.85508, -51.54604 -0.64961, -51.254 -0.54141, -51.16074 -0.6667, -51.27632 -1.02178, -51.6377 -1.34189, -51.93838 -1.45264)), ((-48.55459 -27.81221, -48.54219 -27.5748, -48.37793 -27.45146, -48.55459 -27.81221)))"
"90","90","Americas","South America","chile","Chile","Indigenous people, Leftists, LGBTQIA+ people, Government opposition, Civilian protestors","Pinochet's regime, State police, Spanish colonizers, Explorers, Argentinian government","Watch","3,10","2","10","OK","historical","2021-08-01","The profile points to incomplete accountability for the Pinochet dictatorship, continuing abuses against Indigenous communities and police violence against protesters.","Draft — verify profile","https://www.genocidewatch.com/country-pages/chile","https://d0dbb2cb-698c-4513-aa47-eba3a335e06f.filesusr.com/ugd/3ffc28_e51d042096c44897a82dfdff701f7562.pdf","https://www.genocidewatch.com/country-pages/chile","","","base_country","0","","MultiPolygon","EPSG:4326","Natural Earth 1:50m topology-simplified","ADMIN=Chile","Base-country geometry standardised to Natural Earth 1:50m and simplified jointly as one polygon coverage. Shared borders remain edge-matched; tolerance 0.12 degrees.","bdf99f9bb24bd3c2aa3662a745971941260030814721a0e5a610055afa257c5d","","MULTIPOLYGON (((-109.43413 -27.17129, -109.39048 -27.06836, -109.22285 -27.10107, -109.43413 -27.17129)), ((-78.98335 -33.66777, -78.88828 -33.57637, -78.77471 -33.6416, -78.98335 -33.66777)), ((-70.41826 -18.34561, -69.92637 -18.20605, -69.80244 -17.9, -69.8521 -17.70381, -69.51094 -17.50605, -69.31338 -17.94316, -69.09395 -18.05049, -68.96831 -18.96797, -68.46289 -19.43281, -68.69829 -19.72109, -68.57827 -19.85654, -68.72749 -20.06963, -68.74517 -20.45859, -68.49985 -20.61201, -68.53384 -20.92363, -68.19702 -21.30029, -68.18643 -21.61855, -67.98838 -22.05713, -67.88174 -22.49336, -67.87944 -22.82295, -67.57993 -22.8917, -67.19487 -22.82168, -67.00879 -23.00137, -67.3562 -24.03379, -68.25029 -24.39199, -68.50728 -24.62979, -68.56201 -24.8377, -68.38423 -25.09189, -68.54082 -25.23672, -68.60029 -25.48564, -68.4145 -26.15371, -68.58115 -26.51836, -68.31865 -26.87754, -68.346 -27.02793, -68.84634 -27.15371, -69.17441 -27.92471, -69.65693 -28.41357, -69.82788 -29.10322, -70.02681 -29.32402, -69.92764 -29.76914, -69.95635 -30.3582, -70.16143 -30.44023, -70.34814 -30.90234, -70.30908 -31.02266, -70.51958 -31.14844, -70.58521 -31.56943, -70.45015 -31.84189, -70.25439 -31.95771, -70.36377 -32.0835, -70.16963 -32.47168, -70.01982 -33.27148, -69.81963 -33.28379, -69.89434 -33.73135, -69.85244 -34.22432, -70.05205 -34.30078, -70.28994 -34.73281, -70.47041 -35.32617, -70.38018 -35.77188, -70.40479 -36.06172, -70.74927 -36.39258, -71.05552 -36.52373, -71.19219 -36.84365, -71.11841 -37.11436, -71.16758 -37.7623, -71.02817 -38.04121, -70.96797 -38.4459, -70.84766 -38.5416, -70.95161 -38.73848, -71.28574 -38.84541, -71.42559 -38.98564, -71.42002 -39.28721, -71.53945 -39.60244, -71.71992 -39.63525, -71.63789 -39.88682, -71.81831 -40.17666, -71.69531 -40.33525, -71.93213 -40.6917, -71.87305 -40.89297, -71.91128 -41.65039, -71.76094 -42.10146, -72.02612 -42.14795, -72.12461 -42.29834, -72.14644 -42.99004, -71.78149 -43.1668, -71.90498 -43.44014, -71.75063 -43.59014, -71.68008 -43.92959, -71.81235 -44.10605, -71.82002 -44.38311, -71.2126 -44.44121, -71.26113 -44.76309, -71.95703 -44.7915, -72.0417 -44.9042, -71.59629 -44.9792, -71.35376 -45.23047, -71.50811 -45.5127, -71.74619 -45.57891, -71.75063 -45.83906, -71.63154 -45.95371, -71.87568 -46.16055, -71.69521 -46.57842, -71.94023 -46.83125, -71.90498 -47.20166, -72.34595 -47.49268, -72.51792 -47.87637, -72.32832 -48.11006, -72.35474 -48.36582, -72.6084 -48.51934, -72.6144 -48.79287, -72.98174 -48.97676, -73.13525 -49.30068, -73.46157 -49.31387, -73.57627 -49.58291, -73.47041 -49.79453, -73.50127 -50.12529, -73.38662 -50.23115, -73.15293 -50.73828, -72.50981 -50.60752, -72.34023 -50.68184, -72.27632 -50.91025, -72.37681 -51.09541, -72.30322 -51.29893, -72.40767 -51.54082, -71.95347 -51.88037, -71.91865 -51.98955, -69.96025 -52.0082, -69.48843 -52.13613, -69.2062 -52.13613, -68.46099 -52.29043, -68.44336 -52.35664, -69.24102 -52.20547, -69.5606 -52.42158, -70.79512 -52.76875, -70.95205 -53.22695, -70.99585 -53.7793, -71.29775 -53.8834, -71.6938 -53.80312, -72.17441 -53.63232, -72.37681 -53.47119, -72.30605 -53.25371, -71.9417 -53.23408, -71.79146 -53.48457, -71.74053 -53.23262, -71.40034 -53.10703, -71.15508 -52.84561, -71.38774 -52.76426, -72.1291 -53.06436, -72.4583 -53.25449, -72.54893 -53.46074, -73.05273 -53.24346, -72.90991 -52.93652, -72.67598 -52.74902, -72.45347 -52.81445, -72.11758 -52.65, -71.79707 -52.68281, -71.51128 -52.60537, -72.22568 -52.521, -72.4377 -52.62578, -72.64482 -52.5291, -73.02026 -52.8918, -73.12246 -53.07393, -73.33818 -53.05469, -73.64521 -52.83701, -73.24082 -52.70713, -73.38213 -52.59512, -73.58569 -52.68574, -74.01445 -52.63936, -74.29565 -52.11787, -73.83447 -52.23398, -73.68433 -52.07773, -73.53223 -52.15313, -73.13735 -52.12969, -72.84321 -51.96113, -72.69546 -51.98516, -72.5687 -52.33398, -72.62461 -51.94648, -72.48965 -51.76367, -72.76123 -51.57324, -72.60005 -51.79912, -72.92837 -51.85986, -73.38325 -52.07002, -73.65029 -51.85625, -74.19668 -51.68057, -73.92979 -51.61787, -73.8959 -51.33145, -74.12124 -51.19541, -74.81475 -51.06289, -75.09468 -50.68125, -74.68574 -50.66201, -74.77588 -50.46992, -74.64448 -50.36094, -74.36558 -50.48789, -74.19019 -50.77803, -73.84746 -50.94004, -73.7502 -50.53984, -73.97803 -50.82705, -74.19722 -50.60977, -74.1856 -50.48535, -74.62959 -50.19404, -74.33374 -49.97461, -74.01943 -50.02275, -74.32393 -49.7834, -74.29082 -49.6041, -73.89155 -49.62373, -74.09443 -49.42969, -74.02773 -49.02617, -74.22129 -49.50059, -74.36655 -49.40049, -74.38213 -48.79365, -74.17153 -48.42744, -74.47441 -48.46396, -74.58467 -47.99902, -73.85381 -48.04219, -73.52817 -48.19824, -73.38447 -48.17734, -73.60991 -47.99395, -73.71587 -47.65547, -73.94087 -47.92939, -74.35059 -47.94434, -74.65493 -47.70225, -74.53379 -47.56768, -74.24297 -47.6793, -74.13408 -47.59082, -74.48267 -47.43047, -74.1584 -47.18252, -74.1519 -46.97441, -74.31357 -46.78818, -74.48018 -46.88584, -75.00596 -46.74111, -75.14575 -46.6001, -75.47842 -46.6624, -75.38643 -46.8627, -75.49663 -46.94014, -75.70811 -46.775, -75.65679 -46.61035, -74.92446 -46.15967, -75.0667 -45.8749, -74.46279 -45.84072, -74.15786 -45.76719, -74.03755 -45.41768, -73.825 -45.44688, -74.08154 -46.13184, -73.96758 -46.1541, -73.87871 -45.84688, -73.69487 -45.85957, -73.81064 -46.37734, -73.66206 -46.29746, -73.59434 -45.77686, -73.75659 -45.70283, -73.73076 -45.47998, -73.20234 -45.35381, -73.44497 -45.23818, -73.36245 -44.97822, -73.07842 -44.92021, -72.73896 -44.73418, -72.66387 -44.43643, -73.26509 -44.16865, -73.22446 -43.89795, -73.0688 -43.86201, -72.99658 -43.63154, -73.10098 -43.45518, -72.87803 -43.04814, -72.77393 -42.50518, -72.63184 -42.50967, -72.78516 -42.30127, -72.63105 -42.1998, -72.43027 -42.43389, -72.49941 -41.98086, -72.82407 -41.90879, -72.66978 -41.65938, -73.01499 -41.54385, -73.2418 -41.78086, -73.73516 -41.74248, -73.62393 -41.58135, -73.81074 -41.51748, -73.96587 -41.11826, -73.66943 -40.08232, -73.671 -39.96318, -73.4104 -39.78916, -73.22646 -39.22441, -73.48076 -38.62402, -73.53257 -38.3668, -73.46479 -38.04033, -73.66182 -37.69854, -73.60166 -37.18848, -73.21597 -37.16689, -73.11807 -36.68838, -72.87456 -36.39043, -72.77842 -35.97852, -72.58735 -35.75967, -72.62393 -35.58574, -72.22378 -35.09619, -72.05596 -34.61582, -72.00283 -34.16533, -71.83096 -33.81953, -71.66436 -33.65264, -71.74297 -33.09512, -71.59204 -32.96953, -71.42129 -32.38682, -71.51304 -32.20791, -71.52588 -31.80586, -71.66196 -31.16953, -71.70894 -30.62803, -71.66948 -30.33037, -71.40039 -30.14297, -71.31572 -29.64971, -71.35327 -29.35039, -71.48584 -29.19824, -71.51924 -28.92646, -71.30674 -28.67246, -71.18643 -28.37783, -71.05264 -27.72734, -70.92578 -27.58867, -70.8979 -27.1875, -70.64658 -26.32939, -70.71372 -25.78418, -70.44536 -25.17266, -70.57412 -24.64434, -70.48779 -23.78174, -70.39233 -23.56592, -70.58813 -23.36836, -70.56318 -23.05703, -70.33169 -22.84863, -70.08755 -21.49307, -70.19702 -20.72539, -70.14814 -19.80508, -70.27578 -19.26758, -70.36162 -18.39805, -70.41826 -18.34561)), ((-68.65322 -54.85361, -68.62993 -52.65264, -68.78979 -52.57676, -69.16704 -52.66758, -69.49839 -52.49141, -69.76357 -52.73135, -69.99355 -52.82129, -70.38013 -52.75195, -70.13062 -52.94277, -70.39067 -53.02646, -70.46025 -53.20625, -70.3293 -53.37764, -70.09038 -53.41816, -69.63701 -53.33408, -69.35244 -53.47998, -70.14883 -53.76113, -69.98813 -54.10908, -69.04434 -54.40674, -69.25317 -54.55742, -69.41929 -54.40713, -69.74185 -54.30586, -70.16899 -54.3793, -70.62983 -54.00557, -70.37974 -53.98672, -70.5313 -53.62734, -70.64448 -53.82285, -70.86772 -53.88418, -70.86309 -54.11045, -70.29766 -54.48555, -70.70112 -54.48545, -70.69883 -54.34883, -71.15884 -54.45059, -71.35522 -54.39541, -71.6063 -54.49717, -71.90698 -54.49482, -71.83154 -54.62617, -71.44092 -54.61963, -70.49717 -54.80957, -70.03052 -54.81553, -69.72344 -54.71211, -69.48628 -54.85889, -69.08164 -54.90986, -68.65322 -54.85361)), ((-67.07993 -55.15381, -67.25742 -55.28184, -67.53525 -55.17852, -67.76777 -55.25957, -68.07002 -55.22109, -68.30137 -54.98066, -68.10693 -54.92939, -67.24526 -54.97764, -67.07993 -55.15381)), ((-73.77339 -43.3459, -74.1144 -43.35791, -74.38735 -43.23164, -74.20947 -42.87871, -74.16021 -42.21641, -74.03667 -41.79551, -73.52783 -41.89629, -73.4708 -42.46631, -73.78926 -42.58574, -73.43633 -42.93652, -73.74966 -43.15908, -73.77339 -43.3459)), ((-74.45884 -49.69111, -74.59473 -50.00664, -74.76299 -50.01143, -74.88042 -49.72588, -74.74385 -49.42246, -74.96011 -49.53301, -75.06602 -49.85234, -75.5498 -49.79131, -75.52075 -49.62168, -75.30586 -49.49404, -75.46748 -49.35889, -75.08604 -49.27021, -75.18423 -49.08359, -74.94922 -48.96016, -74.98076 -48.81885, -74.79346 -48.70508, -74.53066 -48.8126, -74.45884 -49.69111)), ((-75.62285 -48.76465, -75.65093 -48.58633, -75.51846 -48.32881, -75.56069 -48.0709, -75.39141 -48.01973, -75.15552 -48.4252, -75.2251 -48.67139, -75.62285 -48.76465)), ((-74.38574 -52.92236, -74.06597 -52.96533, -73.45059 -53.14434, -73.14336 -53.34092, -73.58281 -53.3002, -73.79351 -53.1207, -74.27021 -53.08154, -74.5583 -52.92188, -74.66997 -52.73389, -74.38574 -52.92236)), ((-74.56729 -48.59199, -74.92305 -48.62646, -75.21289 -48.1417, -75.19829 -47.97461, -74.82744 -47.85039, -74.56729 -48.59199)), ((-72.88223 -53.57832, -72.48228 -53.58809, -72.20542 -53.80742, -72.56289 -54.07373, -72.95859 -54.06592, -72.76377 -53.86484, -73.03945 -53.83281, -73.11997 -54.00938, -73.30474 -53.94395, -73.31436 -53.7292, -73.84546 -53.5458, -73.44707 -53.41006, -72.88223 -53.57832)), ((-74.82295 -51.63018, -74.78013 -51.82471, -74.53184 -51.99199, -74.69448 -52.2792, -74.85181 -52.2707, -75.10537 -51.78887, -74.82295 -51.63018)), ((-68.90078 -55.01777, -68.45801 -54.95967, -68.5981 -55.12832, -68.28267 -55.25518, -68.04834 -55.64316, -68.59419 -55.45, -68.86704 -55.4502, -68.88896 -55.26328, -69.29707 -55.16582, -69.35923 -55.30068, -69.18086 -55.4748, -69.41182 -55.44424, -69.67983 -55.21895, -69.97979 -55.14746, -69.88442 -54.88203, -68.90078 -55.01777)), ((-71.00488 -54.24668, -71.14326 -54.37402, -71.47329 -54.23115, -71.94854 -54.30088, -72.21045 -54.04775, -71.99648 -53.88486, -71.55415 -53.95605, -71.00488 -54.24668)), ((-73.9833 -44.49482, -73.72715 -45.11904, -73.84897 -45.34063, -74.09907 -45.32539, -74.3499 -44.91084, -74.61777 -44.64795, -74.50181 -44.47354, -74.09722 -44.38936, -74.08281 -44.18643, -73.9002 -44.13486, -73.70322 -44.27412, -73.9833 -44.49482)), ((-72.98613 -44.78008, -73.35 -44.8332, -73.44507 -44.64102, -73.20771 -44.33496, -72.76406 -44.54902, -72.98613 -44.78008)), ((-75.09873 -44.90176, -75.14214 -44.81563, -75.03223 -44.87051, -75.09873 -44.90176)), ((-75.33047 -50.77236, -75.47739 -50.6542, -75.42764 -50.48057, -75.11533 -50.51045, -75.33047 -50.77236)), ((-75.11509 -48.91602, -75.5061 -49.23066, -75.61914 -48.88594, -75.1186 -48.77295, -75.11509 -48.91602)), ((-75.18584 -47.85068, -75.08984 -47.69063, -74.91602 -47.75664, -75.18584 -47.85068)), ((-74.66875 -43.60781, -74.81045 -43.62539, -74.81768 -43.54941, -74.66875 -43.60781)), ((-73.63218 -44.82148, -73.80015 -44.68408, -73.64121 -44.61084, -73.63218 -44.82148)), ((-74.56089 -51.36084, -75.04736 -51.39834, -75.28911 -51.62539, -75.15366 -51.27881, -75.04033 -51.31816, -74.61157 -51.20713, -74.56089 -51.36084)), ((-75.25039 -50.37627, -75.44912 -50.34336, -75.32666 -50.01182, -74.87598 -50.10996, -74.83857 -50.19727, -75.25039 -50.37627)), ((-73.95566 -43.92197, -74.13994 -43.821, -73.85693 -43.78379, -73.95566 -43.92197)), ((-74.42363 -51.84512, -74.47539 -51.72568, -74.1334 -51.8709, -74.42363 -51.84512)), ((-74.46553 -45.75723, -74.68984 -45.6626, -74.31055 -45.17266, -74.2439 -45.65361, -74.46553 -45.75723)), ((-67.61143 -55.8917, -67.83154 -55.86484, -67.54482 -55.82598, -67.61143 -55.8917)), ((-66.55171 -55.27285, -66.63662 -55.23438, -66.43579 -55.18975, -66.55171 -55.27285)), ((-70.80483 -54.96768, -70.41753 -54.90889, -70.28306 -55.06592, -70.40415 -55.16563, -70.93984 -55.06191, -71.20332 -54.89297, -70.80483 -54.96768)), ((-67.55996 -55.7248, -67.39736 -55.58516, -67.26245 -55.74375, -67.55996 -55.7248)))"
"91","91","Americas","South America","colombia","Colombia","Indigenous communities, Civilians and peaceful protesters, Human rights activists","State security forces, Armed non-state groups","Emergency","5,8","2","8","OK","current","2026-02-01","The profile describes continuing massacres and displacement by armed groups, with Indigenous communities, social leaders and protesters facing particular danger.","Draft — verify profile","https://www.genocidewatch.com/country-pages/colombia","https://d0dbb2cb-698c-4513-aa47-eba3a335e06f.filesusr.com/ugd/444029_66d63db391874f3baa3c8e745da4b081.pdf","https://www.genocidewatch.com/country-pages/colombia","","","base_country","0","","MultiPolygon","EPSG:4326","Natural Earth 1:50m topology-simplified","ADMIN=Colombia","Base-country geometry standardised to Natural Earth 1:50m and simplified jointly as one polygon coverage. Shared borders remain edge-matched; tolerance 0.12 degrees.","3310032af7009cf26bbc88ae235bcc45f19d3d6a29cd3a657cc422ebac122708","","MULTIPOLYGON (((-71.31973 11.86191, -71.95811 11.66641, -72.24849 11.19644, -72.44609 11.11426, -72.69009 10.83584, -72.86934 10.49126, -73.00654 9.78916, -73.35635 9.22686, -73.0584 9.25957, -72.79639 9.10898, -72.66543 8.62759, -72.41655 8.38198, -72.35762 8.0873, -72.44604 7.96611, -72.44297 7.45488, -72.20771 7.37026, -72.08428 7.09687, -71.89268 6.99033, -71.6209 7.03291, -71.01328 6.99443, -70.65508 7.08276, -70.09502 6.93794, -69.43926 6.13491, -69.08994 6.18437, -68.47178 6.15654, -67.93887 6.24194, -67.56807 6.2418, -67.43936 6.02554, -67.8249 5.27046, -67.85527 4.50688, -67.66162 3.86426, -67.31113 3.41587, -67.83477 2.89282, -67.6187 2.7936, -67.21084 2.39014, -66.88447 1.35825, -66.87603 1.22305, -67.09365 1.21001, -67.09014 1.61558, -67.35195 2.08584, -67.49966 2.10791, -67.81509 1.79009, -67.98975 1.75254, -68.1938 1.98701, -68.17656 1.71982, -69.31973 1.72124, -69.58125 1.77075, -69.84858 1.70874, -69.85215 1.05952, -69.36138 1.06401, -69.16323 0.86406, -69.17407 0.63535, -69.47212 0.72993, -70.05391 0.57861, -70.07051 -0.13887, -69.66748 -0.48242, -69.40024 -1.19492, -69.94819 -4.20059, -69.96592 -4.23594, -70.3395 -3.81436, -70.73511 -3.78154, -70.07402 -2.7502, -70.09585 -2.6582, -70.91455 -2.21855, -71.39697 -2.33408, -71.75254 -2.15273, -71.98428 -2.32656, -72.39561 -2.42891, -72.62534 -2.35166, -72.88716 -2.4085, -73.15449 -2.27822, -73.19697 -1.83027, -73.49629 -1.69307, -73.66431 -1.24883, -74.24639 -0.97061, -74.41787 -0.58066, -74.80176 -0.2001, -75.13838 -0.05049, -75.28447 -0.10654, -75.87979 0.15098, -76.31104 0.44849, -76.49463 0.23545, -76.92012 0.26851, -77.42275 0.42485, -77.46768 0.63652, -78.31211 1.04609, -78.68164 1.28345, -79.02544 1.62368, -78.79297 1.84873, -78.5769 1.77378, -78.61704 2.30679, -78.53472 2.42368, -78.12002 2.48818, -77.67002 2.87886, -77.35654 3.34858, -77.07681 3.91328, -77.26353 3.89321, -77.42729 4.06045, -77.28633 4.72173, -77.40176 5.41616, -77.53442 5.53711, -77.24927 5.78018, -77.46943 6.17676, -77.35986 6.50449, -77.90117 7.22935, -77.73203 7.71094, -77.58657 7.54307, -77.35078 7.70586, -77.196 7.97246, -77.47852 8.49844, -77.37422 8.6583, -76.74233 8.00215, -76.8186 8.4647, -76.92046 8.57373, -76.27686 8.98911, -76.1355 9.26562, -75.90503 9.43091, -75.63936 9.45044, -75.68003 9.72979, -75.446 10.61089, -74.84458 11.10972, -74.45425 10.98906, -74.40088 10.76523, -74.05913 11.34062, -73.7957 11.27568, -73.31338 11.29575, -72.72183 11.71216, -72.275 11.88926, -72.13574 12.18857, -71.71455 12.41997, -71.26211 12.3353, -71.1373 12.04634, -71.31973 11.86191)), ((-78.14082 2.51968, -78.21011 2.60918, -78.13765 2.63418, -78.14082 2.51968)))"
"92","92","Americas","South America","peru","Peru","Indigenous Peruvians (Andean and Amazonian peoples), especially women","Peruvian government under President Alberto Fujimori, health practitioners, security forces","Watch","3,10","2","10","OK","historical","2021-03-01","The profile describes inequality affecting Indigenous and Afro-Peruvian communities, political polarization and unresolved accountability for forced sterilizations.","Draft — verify profile","https://www.genocidewatch.com/country-pages/peru","https://d0dbb2cb-698c-4513-aa47-eba3a335e06f.filesusr.com/ugd/3ffc28_36be503194e44ad28518c22a142bc7b3.pdf","https://www.genocidewatch.com/country-pages/peru","","","base_country","0","","Polygon","EPSG:4326","Natural Earth 1:50m topology-simplified","ADMIN=Peru","Base-country geometry standardised to Natural Earth 1:50m and simplified jointly as one polygon coverage. Shared borders remain edge-matched; tolerance 0.12 degrees.","236f123f61794a9845e32a33246fad0efedcf42831cc59d7b8abd0bf3ccb1f08","","POLYGON ((-69.96592 -4.23594, -70.23916 -4.30117, -70.40464 -4.1501, -70.79951 -4.17334, -70.97368 -4.35049, -71.84473 -4.50439, -72.69873 -5.06719, -72.88706 -5.12275, -72.97988 -5.63486, -73.23555 -6.09844, -73.13535 -6.34434, -73.24033 -6.56406, -73.4999 -6.67949, -73.75811 -6.90576, -73.72041 -7.30928, -73.96431 -7.37891, -74.00205 -7.55605, -73.72041 -7.78252, -73.77559 -7.93643, -73.54912 -8.3458, -72.97402 -8.99316, -72.97036 -9.12012, -73.20942 -9.41143, -72.81426 -9.41035, -72.37905 -9.51016, -72.18159 -10.00371, -71.23794 -9.96602, -70.63691 -9.47822, -70.64233 -11.01025, -70.39229 -11.05859, -69.96035 -10.92988, -69.57861 -10.95176, -68.68525 -12.50195, -68.97861 -12.88008, -68.98345 -13.49639, -69.07412 -13.68281, -68.88032 -14.19883, -69.23491 -14.59707, -69.37471 -14.96299, -69.17246 -15.23662, -69.41851 -15.60342, -69.21758 -16.14912, -68.91348 -16.26191, -69.0207 -16.64219, -69.43833 -17.08838, -69.62485 -17.2002, -69.51094 -17.50605, -69.8521 -17.70381, -69.80244 -17.9, -69.92637 -18.20605, -70.41826 -18.34561, -70.9417 -17.93203, -71.33696 -17.68252, -71.53223 -17.29434, -72.11128 -17.00254, -72.46768 -16.70811, -72.79395 -16.61455, -73.40005 -16.3043, -73.82495 -16.15283, -74.14707 -15.9125, -75.10425 -15.41191, -75.53364 -14.89922, -75.93389 -14.63359, -76.37646 -13.86309, -76.25923 -13.80283, -76.18394 -13.51523, -76.83213 -12.34873, -77.15273 -12.06035, -77.22031 -11.66338, -77.6332 -11.28779, -77.73608 -10.83672, -78.1856 -10.08906, -78.44565 -9.37061, -78.58013 -9.15664, -78.76226 -8.61699, -79.01226 -8.21016, -79.37725 -7.83555, -79.76196 -7.0665, -80.11025 -6.64961, -80.81162 -6.28223, -81.14204 -6.05674, -81.09185 -5.8124, -80.88271 -5.75898, -80.94312 -5.47539, -81.16768 -5.16709, -81.1085 -5.02783, -81.33662 -4.66953, -81.2832 -4.32227, -80.79858 -3.73105, -80.32466 -3.38789, -80.17925 -3.87773, -80.51001 -4.06953, -80.35288 -4.2085, -80.48848 -4.39365, -80.3835 -4.46367, -80.13955 -4.29609, -79.79727 -4.47637, -79.63853 -4.45488, -79.33096 -4.92783, -79.07627 -4.99063, -78.86152 -4.66504, -78.68604 -4.5624, -78.67939 -4.32588, -78.41978 -3.77686, -78.34536 -3.39736, -78.1833 -3.3502, -77.8606 -2.98164, -76.6791 -2.5626, -76.08979 -2.13311, -75.57056 -1.53125, -75.40806 -0.92432, -75.24961 -0.95186, -75.26323 -0.55537, -75.63203 -0.15762, -75.28447 -0.10654, -75.13838 -0.05049, -74.80176 -0.2001, -74.41787 -0.58066, -74.24639 -0.97061, -73.66431 -1.24883, -73.49629 -1.69307, -73.19697 -1.83027, -73.15449 -2.27822, -72.88716 -2.4085, -72.62534 -2.35166, -72.39561 -2.42891, -71.98428 -2.32656, -71.75254 -2.15273, -71.39697 -2.33408, -70.91455 -2.21855, -70.09585 -2.6582, -70.07402 -2.7502, -70.73511 -3.78154, -70.3395 -3.81436, -69.96592 -4.23594))"
"93","93","Americas","South America","venezuela","Venezuela","Political opponents, dissidents, refugees, marginalized communities","Venezuelan government, Special Action Forces (FAES), security forces","Watch","5,6,8","3","8","OK","current","2023-12-01","The profile describes authoritarian consolidation, persecution of opponents and a humanitarian and economic crisis that has driven millions to leave the country.","Draft — verify profile","https://www.genocidewatch.com/country-pages/venezuela","","https://www.genocidewatch.com/country-pages/venezuela","","","base_country","0","","MultiPolygon","EPSG:4326","Natural Earth 1:50m topology-simplified","ADMIN=Venezuela","Base-country geometry standardised to Natural Earth 1:50m and simplified jointly as one polygon coverage. Shared borders remain edge-matched; tolerance 0.12 degrees.","17f9d4f4108611e690e8475143e387ca8b9265908b9470dce71cc02f43ebd5a6","","MULTIPOLYGON (((-60.94141 9.10557, -60.90728 9.17871, -60.73584 9.20332, -60.94141 9.10557)), ((-63.91763 10.88755, -64.40234 10.98159, -64.21367 11.08613, -64.02832 11.00186, -63.89312 11.16724, -63.91763 10.88755)), ((-65.26641 10.88398, -65.41465 10.93789, -65.30234 10.97383, -65.26641 10.88398)), ((-61.05996 8.84702, -60.91582 9.07031, -60.84917 8.9957, -61.05996 8.84702)), ((-60.74214 5.20205, -60.60449 4.99458, -61.00283 4.53525, -61.28008 4.51689, -61.55425 4.28779, -62.15312 4.09839, -62.41064 4.15674, -62.71211 4.01792, -62.7646 3.67295, -62.96865 3.59395, -63.29473 3.92227, -64.02148 3.9291, -64.25566 4.14033, -64.57637 4.13989, -64.81787 4.23228, -64.56792 3.8998, -64.22109 3.5874, -64.21885 3.20469, -64.03779 2.80151, -64.04883 2.5251, -63.92417 2.45244, -63.38926 2.41191, -63.39395 2.22251, -64.03545 1.90444, -64.11484 1.61929, -64.3042 1.45527, -64.48604 1.45278, -64.73154 1.25332, -65.10376 1.10811, -65.47339 0.69126, -65.68145 0.98345, -66.06006 0.78535, -66.30166 0.75195, -66.87603 1.22305, -66.88447 1.35825, -67.21084 2.39014, -67.6187 2.7936, -67.83477 2.89282, -67.31113 3.41587, -67.66162 3.86426, -67.85527 4.50688, -67.8249 5.27046, -67.43936 6.02554, -67.56807 6.2418, -67.93887 6.24194, -68.47178 6.15654, -69.08994 6.18437, -69.43926 6.13491, -70.09502 6.93794, -70.65508 7.08276, -71.01328 6.99443, -71.6209 7.03291, -71.89268 6.99033, -72.08428 7.09687, -72.20771 7.37026, -72.44297 7.45488, -72.44604 7.96611, -72.35762 8.0873, -72.41655 8.38198, -72.66543 8.62759, -72.79639 9.10898, -73.0584 9.25957, -73.35635 9.22686, -73.00654 9.78916, -72.86934 10.49126, -72.69009 10.83584, -72.44609 11.11426, -72.24849 11.19644, -71.95811 11.66641, -71.31973 11.86191, -71.48838 11.71875, -71.95693 11.56992, -71.83511 11.19033, -71.59844 10.72622, -71.66484 10.44375, -71.95571 10.10806, -72.11284 9.81558, -71.76074 9.33574, -71.68672 9.07251, -71.29795 9.12563, -71.08584 9.34824, -71.05269 9.70581, -71.26221 10.1436, -71.38662 10.26377, -71.54463 10.77871, -71.46953 10.96416, -70.82051 11.20845, -70.23252 11.373, -70.04854 11.53032, -69.88535 11.44434, -69.81733 11.67207, -70.19258 11.62461, -70.28652 11.88604, -70.20278 12.09839, -70.00396 12.17788, -69.83062 11.99561, -69.63159 11.47993, -69.23257 11.51846, -68.82798 11.43174, -68.39863 11.16099, -68.32471 10.80874, -68.13994 10.49272, -67.87163 10.47207, -66.98906 10.61064, -66.24722 10.63223, -65.85176 10.25776, -65.1291 10.07007, -64.85049 10.0981, -64.18833 10.45781, -63.83369 10.44854, -63.8627 10.55815, -64.29819 10.63516, -63.49678 10.64326, -62.70234 10.7498, -62.24229 10.69956, -61.87949 10.74102, -62.37998 10.54688, -62.91357 10.53149, -62.7063 10.33306, -62.74058 10.05615, -62.51514 10.17612, -62.32041 9.78306, -62.11963 9.98486, -61.83115 9.73306, -61.58887 9.89453, -61.30937 9.63306, -61.01338 9.55645, -60.79248 9.36074, -61.05308 9.09512, -61.24727 8.60034, -61.6187 8.59746, -61.304 8.4104, -60.80098 8.59214, -60.48149 8.54727, -60.34023 8.62876, -60.01753 8.54932, -59.83164 8.30596, -60.03242 8.05356, -60.51362 7.81318, -60.71924 7.49868, -60.6333 7.21108, -60.32549 7.13398, -60.39502 6.94536, -60.71792 6.76831, -61.14561 6.69453, -61.20361 6.58838, -61.12871 6.21431, -61.37681 5.90698, -60.74214 5.20205)))"
"94","94","Americas","North America","canada","Canada","Indigenous Canadians (First Nation, Inuit, and Métis communities)

Indigenous Women and Girls

Two-Spirit, Lesbian, Gay, Bisexual, Transgender, Queer and Intersex people (2SLGBTQI+)","Canadian government","Watch","3,5,8","3","8","OK","historical","2026-05-01","The profile focuses on the lasting effects of colonial policies toward Indigenous peoples and continuing demands for truth, reparations, land rights and legislative change.","Draft — verify profile","https://www.genocidewatch.com/country-pages/canada","https://d0dbb2cb-698c-4513-aa47-eba3a335e06f.filesusr.com/ugd/c93605_d1190b6a77ef43f382ec7c99d6b0d8ff.pdf","https://www.genocidewatch.com/country-pages/canada","","","base_country","0","","MultiPolygon","EPSG:4326","Natural Earth 1:50m topology-simplified","ADMIN=Canada","Base-country geometry standardised to Natural Earth 1:50m and simplified jointly as one polygon coverage. Shared borders remain edge-matched; tolerance 0.12 degrees.","c5786ea0ba3723a542e359d26680acd09c70c318e84da35c8bd5433cf0eb20bc","","MULTIPOLYGON (((-132.34443 54.10605, -132.16611 53.95522, -132.2145 53.81475, -132.56489 53.68765, -132.18696 53.68481, -132.13442 54.03428, -131.66763 54.14136, -131.92231 53.58789, -132.01133 53.26519, -132.52046 53.19404, -132.74751 53.3105, -132.43135 53.35044, -132.84502 53.50771, -133.05225 53.77812, -133.04839 54.15894, -132.34443 54.10605)), ((-131.65234 53.10298, -131.63467 52.92217, -131.90439 52.8667, -131.45522 52.70171, -131.59058 52.57822, -131.22153 52.15361, -132.16509 52.7833, -132.14375 52.99932, -132.54678 53.1375, -131.89312 53.23145, -131.65234 53.10298)), ((-126.70093 50.51553, -125.48208 50.3168, -124.93467 49.73164, -124.83062 49.53008, -123.9958 49.22402, -123.82002 49.0835, -123.49702 48.58208, -123.41548 48.69819, -123.28379 48.45518, -123.59463 48.33354, -124.6894 48.59731, -125.1207 48.76079, -124.84966 49.02827, -125.4603 48.94106, -125.82852 49.09185, -125.64424 49.18579, -126.2436 49.44268, -126.54854 49.41895, -126.54189 49.59048, -126.34756 49.66084, -126.90332 49.94414, -127.11431 49.87974, -127.2498 50.13799, -127.86392 50.12773, -127.90586 50.44521, -127.48652 50.40464, -127.46592 50.58311, -128.05835 50.49849, -128.34604 50.74424, -127.91807 50.86055, -126.70093 50.51553)), ((-130.0251 55.88823, -130.09785 56.10928, -130.41313 56.12251, -130.4771 56.23057, -131.08291 56.40483, -131.5751 56.59883, -131.82427 56.58999, -131.86616 56.79282, -132.1043 56.85679, -132.03154 57.02656, -132.33799 57.07944, -132.23218 57.19854, -133.27529 58.22285, -133.40112 58.41089, -133.82075 58.70503, -134.21851 58.8499, -134.44077 59.08535, -134.94375 59.28828, -135.05103 59.57866, -135.47593 59.79326, -136.32183 59.60483, -136.57876 59.15225, -136.81328 59.15005, -137.43857 58.90312, -137.59331 59.22627, -138.63228 59.77827, -138.70547 59.90132, -139.18516 60.08359, -139.07925 60.3437, -139.67632 60.32832, -139.97329 60.18315, -140.45283 60.29971, -140.52544 60.21836, -141.00215 60.30024, -141.00215 69.65078, -140.40513 69.60249, -139.97661 69.62173, -139.18154 69.51553, -138.68989 69.3168, -138.12837 69.15195, -137.25996 68.96411, -136.71733 68.88916, -136.12236 68.88223, -135.36216 68.69644, -135.40693 68.82896, -135.87632 68.91699, -135.58999 69.00825, -135.91021 69.11147, -135.69146 69.31118, -135.29282 69.30786, -135.14082 69.46782, -134.49385 69.46792, -134.40894 69.68179, -133.89995 69.52822, -134.17432 69.25283, -133.69404 69.36841, -133.16313 69.43389, -132.84033 69.65068, -132.40391 69.65874, -131.44092 69.91792, -131.13638 69.90688, -130.92617 70.05161, -130.49844 70.14316, -129.94497 70.09092, -129.73008 70.19209, -129.53843 70.10518, -129.64829 69.99775, -130.96011 69.63203, -131.86279 69.54937, -132.33076 69.30796, -132.68672 69.25986, -133.37896 68.88667, -132.70601 68.81489, -132.71895 69.0792, -131.91963 69.29053, -131.78838 69.43198, -131.01343 69.42871, -130.97065 69.20908, -130.66069 69.4813, -130.35361 69.65581, -129.57212 69.82671, -129.10913 69.88193, -128.97144 69.7124, -128.38672 69.96016, -128.27861 70.10811, -127.68379 70.26035, -127.97402 70.29292, -128.17012 70.41846, -127.99102 70.57383, -127.75283 70.51714, -127.13848 70.23936, -126.68491 69.7771, -126.06382 69.46709, -125.38677 69.34922, -125.17188 69.42798, -125.35693 69.62598, -125.20117 69.82881, -124.76792 69.99004, -124.99038 70.02661, -124.55503 70.15122, -124.44448 70.1106, -124.40693 69.76743, -124.12461 69.68999, -124.48135 69.42515, -124.42617 69.37944, -123.60913 69.37744, -123.21367 69.5415, -123.02578 69.81001, -122.07007 69.81616, -121.33623 69.74155, -120.81465 69.61685, -120.29253 69.42056, -119.85283 69.34233, -118.8687 69.25718, -118.09521 69.04292, -117.31128 68.93491, -116.05947 68.83701, -116.25161 68.95791, -115.63115 68.97256, -114.99375 68.85005, -114.41387 68.65957, -113.9644 68.39907, -114.09595 68.2668, -114.76528 68.27021, -115.12705 68.13203, -115.43447 67.90234, -115.1332 67.81919, -113.89321 67.70688, -112.43516 67.68477, -110.80488 67.83232, -110.10195 67.99224, -109.63037 67.73271, -109.08125 67.71074, -108.81519 67.4375, -108.71514 67.58281, -107.98872 67.2564, -107.90918 67.16255, -108.2208 67.05059, -108.49604 67.09229, -107.27808 66.4249, -107.71035 66.74004, -107.62617 67.00313, -107.15649 66.88174, -107.64404 67.38477, -107.6499 67.51128, -107.97212 67.73203, -107.76309 67.90684, -107.79829 68.03691, -106.83564 68.12861, -106.42427 68.20059, -106.40439 68.31934, -105.7812 68.52656, -105.93223 68.63652, -106.45806 68.51646, -106.6085 68.35737, -107.14619 68.3042, -107.61934 68.33105, -107.73418 68.17373, -108.26104 68.1499, -108.68657 68.27734, -108.31348 68.61079, -107.43594 68.68887, -106.16445 68.91987, -105.79795 68.86479, -105.53984 68.71865, -105.42861 68.45825, -105.19497 68.33037, -104.65317 68.23008, -104.48682 68.06318, -104.19355 68.0312, -103.47412 68.11504, -102.84155 67.85273, -102.32036 67.73564, -101.55498 67.69316, -100.4561 67.83945, -99.77295 67.81484, -99.03218 67.71885, -98.41211 67.80718, -98.70356 67.96572, -98.63154 68.07256, -97.93076 67.71079, -97.45493 67.61699, -97.15542 67.72642, -97.20654 67.85508, -97.73911 67.97817, -98.1105 67.90303, -98.65049 68.36353, -98.21855 68.31743, -97.79424 68.3876, -97.93887 68.51045, -97.41035 68.49653, -96.97671 68.25542, -96.43066 68.3106, -96.72515 68.06123, -95.97031 68.24912, -96.19883 67.71782, -96.37139 67.55386, -96.14146 67.27183, -95.71992 67.3168, -95.77769 67.18462, -95.41592 67.15557, -95.4189 67.01323, -95.76865 66.9667, -96.35952 66.9894, -95.8853 66.74136, -95.97236 66.95225, -95.62505 66.91626, -95.3541 66.98071, -95.25874 67.26255, -95.46338 67.61021, -95.65049 67.73745, -95.46069 68.02139, -95.12588 68.0833, -94.86104 68.04165, -94.38384 68.227, -93.92773 68.47383, -93.44893 68.6189, -93.64395 68.63311, -93.68145 68.88726, -93.89609 68.98218, -94.06489 68.78477, -94.47832 68.74277, -94.56255 68.91167, -94.08115 69.13584, -94.25474 69.31377, -93.61948 69.41699, -93.74854 69.22612, -93.43096 69.37505, -93.6498 69.51904, -94.2708 69.45513, -94.63384 69.64966, -94.82251 69.57778, -95.70742 69.77822, -95.96494 69.80278, -96.49238 70.1249, -96.54561 70.32725, -96.22642 70.5417, -95.87861 70.54897, -95.9064 70.69775, -96.18643 70.63828, -96.54893 70.80874, -96.40566 71.27363, -96.13965 71.39639, -95.56426 71.33677, -95.40625 71.49165, -95.87231 71.57314, -95.20122 71.90371, -94.55708 71.97896, -94.30835 71.76489, -93.81021 71.76626, -93.76284 71.63804, -93.25635 71.46084, -92.94868 71.26211, -92.88271 71.06934, -92.98145 70.85225, -92.38848 70.65044, -91.98354 70.28555, -91.82041 70.34165, -91.56406 70.17827, -91.99497 70.14321, -92.29033 70.23984, -92.51187 70.10386, -91.97671 70.03867, -92.88779 69.66821, -92.49346 69.6832, -91.91196 69.53125, -91.38423 69.64946, -91.28813 69.54321, -90.55493 69.50449, -90.74854 69.39248, -90.82212 69.29048, -91.23721 69.28555, -90.74478 69.10591, -90.46836 68.86377, -90.57363 68.47471, -90.20479 68.25747, -89.87949 68.52153, -89.6666 69.0146, -89.3519 69.227, -89.05674 69.26611, -88.04136 68.81172, -87.82773 68.4481, -87.85327 68.26689, -88.34697 68.28828, -88.31382 67.95034, -88.1959 67.76582, -87.26626 67.18384, -86.53643 67.51616, -86.36968 67.8248, -85.95259 68.07246, -85.7311 68.44502, -85.73384 68.63013, -85.51777 68.76982, -84.86758 68.77334, -85.10664 68.84404, -84.86221 69.07397, -85.38677 69.23188, -85.50244 69.65151, -85.41514 69.84951, -85.01982 69.80479, -84.24165 69.83501, -83.66533 69.69971, -82.61836 69.69106, -82.37417 69.6418, -82.75483 69.49438, -82.30986 69.41001, -82.22754 69.24888, -81.95181 69.27607, -81.4123 69.19814, -81.32866 69.11992, -81.95791 68.88364, -81.38091 68.85005, -81.28154 68.65723, -81.91484 68.45879, -82.21016 68.50625, -82.55269 68.44648, -82.22241 68.14526, -82.01338 68.17339, -82.10049 67.98984, -81.97646 67.86201, -81.4123 67.59536, -81.27012 67.45991, -81.46758 67.06987, -81.87446 66.98794, -82.19834 66.76465, -82.6415 66.5875, -82.94888 66.55083, -83.5231 66.36875, -83.92021 66.67905, -84.20801 66.73633, -84.53848 66.9728, -84.84575 67.02871, -85.01826 66.87207, -84.73774 66.93359, -84.22305 66.68247, -83.82583 66.28999, -83.90508 66.21177, -84.29307 66.2918, -84.47842 66.1793, -85.09619 66.32534, -85.44224 66.53735, -86.6332 66.53135, -86.74697 66.41709, -86.58477 66.32192, -86.00083 66.18682, -86.04287 66.02256, -87.29146 65.35483, -87.96997 65.34893, -88.67246 65.61157, -89.74941 65.93604, -89.84775 65.87227, -91.00952 65.96572, -91.42725 65.9479, -91.04111 65.82983, -90.98345 65.91924, -90.04756 65.80562, -89.78799 65.73672, -88.97402 65.34829, -88.1978 65.27988, -87.39194 65.26055, -87.02754 65.1981, -87.02852 65.06362, -87.28052 64.82617, -87.88501 64.40044, -88.10562 64.1833, -88.81772 63.99224, -89.20942 64.10542, -89.10767 63.9811, -89.61582 64.03062, -89.81133 64.18057, -90.08003 64.12773, -89.8606 63.97881, -90.16816 63.97876, -90.01343 63.8043, -90.24531 63.64189, -90.59639 63.66128, -90.94565 63.58784, -91.53882 63.72559, -92.33843 63.78765, -93.42969 64.02881, -93.69634 64.14717, -93.55981 63.86528, -93.37852 63.94849, -92.15688 63.6917, -92.28955 63.56299, -91.84185 63.69756, -91.33008 63.50684, -90.74658 63.35156, -90.77788 62.97163, -91.44897 62.80405, -92.03423 62.86343, -92.36128 62.81938, -92.24316 62.68364, -91.95586 62.64478, -92.55142 62.54673, -92.76797 62.37998, -92.52798 62.16841, -93.15444 62.36685, -92.90552 62.21514, -93.01626 62.09268, -93.58179 61.94204, -93.31201 61.76729, -93.70967 61.60254, -94.06074 61.31782, -94.06777 61.13887, -94.64678 60.41641, -94.78579 59.95332, -94.78828 59.26787, -94.87026 59.08799, -94.67339 58.87012, -94.28706 58.71602, -94.33223 58.29736, -94.20894 58.62637, -94.05576 58.76001, -93.27812 58.7564, -92.70166 57.77778, -92.43979 57.27505, -92.72529 56.93354, -92.37212 56.97515, -91.11128 57.24121, -90.59219 57.22446, -89.79082 56.98135, -88.94849 56.85132, -88.0751 56.46729, -87.56089 56.05635, -85.67666 55.60107, -85.21802 55.34897, -85.36528 55.0793, -85.06094 55.28564, -84.70576 55.25923, -83.9106 55.31465, -82.86777 55.16069, -82.57744 55.14873, -82.30825 54.99814, -82.21938 54.81348, -82.41807 54.35581, -82.39414 54.18047, -82.14146 53.81763, -82.15918 53.26416, -82.26045 52.96113, -82.02002 52.81162, -81.57168 52.36729, -81.81455 52.21719, -81.54951 52.23677, -80.96851 51.97222, -80.70552 51.79834, -80.44761 51.43223, -80.79497 51.13184, -80.47832 51.30732, -80.10356 51.28286, -79.71445 51.11758, -79.68882 51.34658, -79.33867 51.62817, -79.04053 51.46377, -78.90317 51.20029, -78.73135 51.49746, -78.97773 51.73379, -78.82822 51.96299, -78.49165 52.2521, -78.55708 52.49189, -78.72378 52.62773, -78.72168 52.85645, -78.89824 53.04336, -79.11313 53.71719, -78.94438 53.84023, -79.13882 54.15723, -79.43057 54.33662, -79.66553 54.69746, -78.90923 54.88149, -77.89111 55.23643, -77.32495 55.55552, -76.65049 56.10723, -76.54639 56.35879, -76.51963 56.70698, -76.57285 57.1812, -76.89092 57.75811, -77.15679 58.0189, -77.68408 58.29136, -78.01357 58.39917, -78.51509 58.68237, -78.43052 58.90176, -77.76069 59.38003, -77.85903 59.47578, -77.72617 59.67588, -77.33164 59.79663, -77.31182 60.04238, -77.68145 60.4271, -77.51558 60.56318, -77.79082 60.63984, -77.60303 60.8252, -78.18135 60.81914, -77.83013 61.08403, -77.73618 61.43735, -77.51436 61.5563, -77.94756 61.76187, -78.07749 61.92339, -78.06812 62.35542, -77.37241 62.57251, -76.87939 62.52539, -75.81689 62.31587, -75.67554 62.24951, -75.34121 62.31211, -74.63257 62.11567, -74.6458 62.21113, -73.76396 62.46875, -73.62998 62.4542, -72.63213 62.02725, -72.77163 61.84043, -72.50557 61.92266, -72.22612 61.83159, -72.0231 61.61196, -71.63828 61.61719, -71.85439 61.43979, -71.42271 61.15894, -70.72324 61.05518, -70.2793 61.06865, -70.09531 60.88027, -69.7084 60.91465, -69.47192 61.01094, -69.43345 60.81426, -69.64048 60.68979, -69.75947 60.44023, -69.63311 60.22036, -69.79565 60.02974, -70.61973 59.98428, -69.80566 59.94487, -69.57939 59.6751, -69.68188 59.34175, -69.4 59.33779, -69.53164 58.86924, -69.75303 58.9396, -70.15435 58.7606, -69.78989 58.68931, -69.17349 58.89663, -68.69819 58.90454, -68.41431 58.78271, -68.23389 58.39922, -68.49507 58.01167, -68.35186 58.09072, -68.11104 58.47334, -67.85586 58.27261, -67.73706 58.38545, -67.67827 57.99111, -67.56963 58.21348, -66.60791 58.54893, -66.29854 58.79453, -65.92793 58.61094, -66.04307 58.82065, -65.60625 59.11074, -65.4751 59.47031, -65.17095 59.46226, -65.4752 59.6168, -65.4334 59.77651, -65.17173 59.90801, -64.93125 60.252, -64.70586 60.33613, -64.41958 60.17139, -64.76846 60.01211, -64.2835 60.06406, -64.22632 59.74121, -64.05605 59.82256, -63.7502 59.5126, -63.9707 59.40908, -63.752 59.27734, -63.53989 59.33286, -63.5062 59.11519, -63.05029 58.87817, -62.87388 58.67246, -63.38994 58.45254, -63.07568 58.41479, -62.60786 58.49639, -62.98091 58.09331, -62.48623 58.15405, -62.30566 57.97227, -61.89907 57.86133, -61.96797 57.61191, -62.45498 57.46196, -61.85107 57.3813, -61.97744 57.24795, -61.62852 57.18315, -61.33374 57.0106, -61.37163 56.68081, -62.0625 56.69907, -62.49727 56.80171, -61.73774 56.52603, -62.00967 56.45386, -61.42529 56.36064, -61.71309 56.23096, -61.3647 56.21602, -61.44951 55.9957, -60.99575 55.86235, -60.83184 55.95786, -60.34102 55.78467, -60.4083 55.64956, -60.19238 55.48091, -60.61714 55.06021, -60.21255 55.23643, -59.75879 55.30957, -59.43789 55.17593, -59.7499 54.88701, -59.25957 55.19995, -58.99712 55.14946, -58.78018 54.83838, -58.39814 54.77412, -57.96245 54.87573, -57.9293 54.77314, -57.40444 54.57041, -57.69927 54.38657, -58.15137 54.35044, -58.6332 54.04956, -58.84082 54.04448, -59.49653 53.83418, -59.82305 53.83442, -60.14492 53.59614, -60.10029 53.48696, -60.32949 53.26611, -59.82905 53.50454, -59.32227 53.64375, -58.91958 53.87529, -58.32671 54.05181, -58.19209 54.22817, -57.41606 54.16274, -57.13496 53.79185, -57.52734 53.5999, -57.33174 53.46909, -56.84087 53.73945, -56.46499 53.76504, -56.354 53.62446, -56.11016 53.5876, -55.79795 53.21196, -55.89233 53.00044, -55.84844 52.62334, -56.3249 52.54453, -55.84019 52.50762, -55.69521 52.13779, -56.01748 51.9293, -56.97598 51.45767, -57.76958 51.42593, -58.02266 51.32207, -58.51035 51.29507, -59.16538 50.77988, -60.08018 50.25459, -61.28975 50.20195, -61.72485 50.10405, -61.91953 50.23286, -62.71543 50.30166, -63.23862 50.24258, -63.73359 50.30464, -64.86787 50.27549, -65.2686 50.32002, -66.12554 50.20103, -66.49551 50.21187, -66.94116 49.9937, -67.37202 49.34844, -68.05625 49.25679, -68.92905 48.82896, -69.37495 48.38643, -69.67388 48.19917, -70.50063 48.35435, -69.86553 48.17227, -69.775 48.0981, -69.90557 47.83223, -70.44805 47.42344, -70.70586 47.13979, -71.26777 46.79595, -71.87959 46.68682, -72.68013 46.2873, -72.98101 46.20972, -73.47661 45.73823, -73.71187 45.71118, -74.03784 45.50186, -73.97383 45.34512, -74.3583 45.2064, -74.70889 45.00386, -75.17939 44.89937, -75.87593 44.41699, -76.15117 44.30396, -76.4646 44.05762, -76.81997 43.62881, -78.72041 43.62495, -79.17188 43.46655, -79.06606 43.1061, -78.91509 42.90913, -79.03672 42.80234, -80.24756 42.36602, -81.27764 42.20918, -82.43906 41.67485, -82.69004 41.6752, -83.02998 41.83296, -83.14194 41.97588, -83.07314 42.30029, -82.54531 42.62471, -82.4082 43.07266, -82.13784 43.5709, -82.55107 45.34736, -83.59268 45.81714, -83.46948 45.99468, -83.61597 46.11685, -83.97778 46.08491, -84.19219 46.54956, -84.56177 46.45737, -84.77939 46.6373, -84.87598 46.8999, -86.42856 47.54009, -88.37817 48.30308, -89.45566 47.99624, -89.99365 48.01533, -90.0918 48.11812, -90.74438 48.10459, -90.84033 48.20054, -91.51831 48.0583, -92.17178 48.33838, -92.4146 48.27661, -92.50059 48.43535, -92.99624 48.61182, -93.37788 48.61655, -93.70771 48.52544, -94.05518 48.65903, -94.6209 48.74263, -94.84258 49.11919, -94.85435 49.30459, -95.15527 49.36968, -95.16206 48.99175, -95.3979 48.99316, -122.78877 48.99302, -123.06328 48.97773, -123.27676 49.34395, -123.1875 49.68032, -123.33564 49.45918, -123.53057 49.39731, -124.02861 49.60288, -123.81719 49.58657, -123.90425 49.98115, -124.1416 49.79268, -124.48325 49.8082, -124.78237 50.02012, -125.05669 50.41865, -124.86265 50.6373, -124.87544 50.82563, -125.05879 50.51387, -125.96504 50.48735, -126.44995 50.54971, -125.89761 50.68438, -126.37031 50.66675, -126.51733 50.72446, -126.51733 51.05684, -126.63179 50.91514, -127.05757 50.86753, -127.44121 50.9894, -127.70811 51.15117, -127.63271 51.42729, -127.28066 51.6541, -126.69146 51.70342, -127.33872 51.70737, -127.64487 51.47847, -127.86914 51.77524, -127.72764 51.99321, -127.79536 52.19102, -127.43794 52.35615, -127.12705 52.37095, -127.20825 52.49824, -126.95132 52.72124, -127.51924 52.35928, -127.79189 52.28936, -128.10225 51.78843, -128.35762 52.15889, -128.0375 52.31816, -128.03823 52.53115, -128.27153 52.36299, -128.10596 52.90688, -128.36504 52.82578, -128.65234 53.24385, -129.08091 53.36729, -129.11445 53.64111, -128.85459 53.70454, -128.90562 53.55933, -128.54214 53.42065, -128.76787 53.71021, -128.53213 53.85811, -128.95937 53.84146, -129.20811 53.6416, -129.28428 53.39316, -129.56372 53.25146, -129.91187 53.55137, -130.33525 53.72393, -130.04331 54.13354, -130.43027 54.421, -129.89014 55.16465, -129.56064 55.46255, -129.79517 55.55957, -129.83774 55.31909, -130.04849 55.05728, -129.98516 55.35884, -130.07998 55.56289, -130.0251 55.88823)), ((-109.50415 78.58247, -109.39053 78.33667, -110.75508 78.31074, -111.16919 78.38628, -111.43506 78.28735, -112.13125 78.36606, -113.17251 78.28379, -113.14995 78.4084, -112.64082 78.4998, -111.70879 78.57471, -111.07148 78.7084, -110.40781 78.75664, -109.50415 78.58247)), ((-110.45806 78.10322, -109.65688 78.07925, -109.77178 77.95742, -110.86562 77.83413, -110.15273 77.76294, -110.19849 77.52451, -110.89399 77.42598, -111.22622 77.42852, -111.95195 77.34419, -112.37266 77.36411, -113.16436 77.53027, -113.21519 77.90352, -112.30459 78.00679, -111.20659 78.08813, -110.45806 78.10322)), ((-115.55127 77.36328, -115.62393 77.26592, -116.21372 77.17822, -116.28574 77.10166, -115.85684 76.96924, -116.23398 76.87432, -115.94458 76.73623, -116.22046 76.61108, -116.99922 76.53159, -117.15391 76.298, -117.49238 76.27271, -118.02021 76.44653, -117.78047 76.78428, -118.30059 76.73667, -118.46816 76.54736, -118.79141 76.51299, -118.64341 76.33467, -119.16821 76.12651, -119.52373 76.34028, -119.7252 76.09995, -119.54971 76.05205, -119.91289 75.85884, -120.40889 75.82563, -120.77158 76.16631, -121.01929 76.02026, -121.42798 75.9811, -121.9082 76.03477, -122.40049 75.94424, -122.64595 76.03101, -122.62393 76.16748, -122.90278 76.13472, -122.36538 76.40122, -121.61377 76.44146, -120.99761 76.69146, -120.48535 76.79321, -120.35767 76.88691, -119.09019 77.30508, -118.00518 77.3812, -117.2791 77.31338, -116.70361 77.37993, -117.02979 77.43188, -116.8353 77.52886, -116.3626 77.54282, -115.55127 77.36328)), ((-107.85229 76.05771, -107.75518 75.94028, -108.0207 75.80479, -107.41826 75.90659, -107.08042 75.86318, -106.91353 75.67964, -106.69312 75.80996, -106.86206 75.93008, -106.39658 76.06011, -105.60444 75.92993, -105.48091 75.74565, -105.8626 75.19155, -106.09263 75.08945, -107.15342 74.92715, -107.82007 75.00005, -108.35444 74.94263, -108.8313 75.06489, -109.50312 74.88276, -110.17578 74.83999, -110.94087 74.63872, -111.72871 74.50195, -112.51934 74.41685, -113.01689 74.4019, -113.67158 74.45303, -114.37695 74.67085, -114.13247 74.76611, -112.83599 74.97559, -111.67109 75.01943, -111.0335 75.22676, -112.25552 75.13369, -112.59707 75.21167, -112.95137 75.10781, -113.71177 75.0686, -113.88604 75.21094, -113.50303 75.39668, -114.0165 75.43428, -114.16846 75.2395, -114.48281 75.2854, -114.45176 75.08789, -115.02012 74.97617, -115.41318 75.11499, -115.72886 74.96812, -116.14263 75.04155, -116.47607 75.17178, -117.00483 75.1561, -117.50195 75.20386, -117.6001 75.27168, -117.1542 75.473, -116.07715 75.49297, -115.33535 75.61807, -115.12188 75.70581, -116.03433 75.60669, -117.0252 75.60151, -116.97266 75.74575, -116.38965 75.8082, -115.47686 75.84131, -114.9915 75.89634, -116.33789 75.88105, -116.6543 75.9293, -116.60977 76.07373, -116.20986 76.19443, -114.9394 76.16611, -115.02456 76.21147, -115.79688 76.25254, -115.58066 76.4375, -114.99849 76.49746, -114.19395 76.45146, -113.82349 76.20684, -113.17129 76.25776, -112.69761 76.20171, -111.86523 75.93931, -112.05669 75.83423, -111.54912 75.82212, -111.27568 75.6125, -111.05269 75.54854, -110.45938 75.55532, -109.08638 75.50649, -108.94478 75.69897, -109.79604 75.86304, -109.87051 75.92905, -109.45464 76.02124, -109.48682 76.14468, -110.20078 76.28945, -110.27002 76.41699, -109.86484 76.52236, -109.33853 76.75996, -108.83164 76.82114, -108.46699 76.7376, -108.61182 76.62974, -108.5125 76.43892, -108.12319 76.23345, -108.38682 76.06655, -107.85229 76.05771)), ((-114.45811 72.58037, -113.50005 72.69443, -113.44985 72.86323, -113.20801 72.98101, -112.75361 72.98604, -112.0481 72.88804, -111.26973 72.71372, -111.35552 72.57212, -111.89517 72.3561, -111.6751 72.30015, -111.25342 72.44907, -111.13989 72.36533, -110.78154 72.53389, -110.20513 72.66128, -110.19717 72.75889, -110.55361 72.86143, -110.66084 73.0082, -110.00845 72.98364, -109.12192 72.72642, -108.69829 72.49927, -108.2104 71.75117, -107.92534 71.63867, -107.34692 71.81924, -107.30601 71.89468, -107.69585 72.14932, -108.23823 73.10581, -107.93618 73.21714, -108.02905 73.34873, -107.72002 73.32905, -107.11348 73.19214, -106.95078 73.27603, -106.48213 73.19619, -105.8127 73.01064, -105.41514 72.78833, -105.23408 72.41509, -104.76699 71.86758, -104.38594 71.57695, -104.34956 71.43398, -104.56958 71.10405, -103.95347 70.76265, -103.10498 70.51025, -103.04956 70.65508, -102.75049 70.52188, -101.93721 70.27456, -101.62681 70.24834, -101.5624 70.13501, -101.04268 70.11079, -100.93511 69.71533, -101.21621 69.67964, -101.5084 69.83315, -101.64766 69.69854, -102.23433 69.84224, -102.5959 69.71792, -102.62109 69.55151, -102.91978 69.56465, -103.35928 69.68535, -103.46489 69.64448, -103.06274 69.48491, -103.09033 69.21201, -102.44678 69.47632, -101.97554 69.40703, -102.06401 69.28115, -101.82251 69.21709, -101.85713 69.02397, -102.89507 68.82363, -103.46821 68.80854, -104.35269 68.92817, -104.57144 68.87212, -105.10586 68.92041, -105.01958 69.08125, -106.14087 69.16201, -106.34116 69.22437, -106.36138 69.38105, -106.65908 69.4396, -107.03345 69.18076, -107.43989 69.00215, -108.36499 68.93477, -108.9459 68.75981, -109.95854 68.63027, -111.31094 68.54204, -113.12773 68.49414, -113.61685 68.83848, -113.69414 69.19502, -114.32295 69.26914, -115.15903 69.26475, -116.10156 69.33716, -116.51348 69.42461, -117.12197 69.82588, -117.13545 70.10015, -116.55381 70.17505, -114.59233 70.31245, -112.63789 70.22524, -111.63257 70.30884, -112.11416 70.44688, -113.75728 70.69072, -114.84072 70.62139, -115.99092 70.58628, -116.32729 70.62373, -116.99253 70.60366, -117.58706 70.62954, -118.26406 70.88833, -118.26909 71.03472, -117.81406 71.15845, -116.42153 71.33799, -115.89165 71.38179, -115.98027 71.46929, -115.34102 71.47241, -115.58667 71.54639, -116.78027 71.44419, -117.72334 71.39067, -118.18818 71.43594, -118.14834 71.52573, -117.74233 71.65933, -118.37153 71.63994, -118.86841 71.68677, -118.9877 71.76426, -118.94463 71.98555, -118.58984 72.16748, -118.21348 72.26289, -118.4813 72.42769, -118.37451 72.53389, -117.55171 72.8311, -116.57324 73.05493, -114.63823 73.37266, -114.16396 73.26982, -114.05171 73.071, -114.10918 72.86099, -114.45811 72.58037)), ((-119.20596 74.198, -119.13188 74.02788, -118.54399 74.24463, -117.96587 74.26606, -117.19883 74.17114, -115.95771 73.74795, -115.51069 73.61875, -115.44687 73.43887, -116.48252 73.25322, -118.96157 72.68413, -119.40776 72.3604, -119.76748 72.24385, -120.17988 72.21265, -120.44316 71.63081, -120.61934 71.50576, -121.47217 71.38901, -121.74937 71.44478, -122.15664 71.26592, -122.93652 71.08799, -123.2106 71.12344, -124.00776 71.67744, -125.29668 71.97305, -125.76689 71.96084, -125.7626 72.1375, -125.38276 72.42383, -124.98711 72.58799, -125.00039 72.81333, -124.58257 72.92593, -124.83643 73.07627, -124.42422 73.4187, -124.11416 73.52739, -123.79727 73.76816, -124.26074 73.95327, -124.69624 74.34819, -123.46831 74.43613, -122.62314 74.46416, -121.7479 74.54062, -121.31523 74.52998, -120.55449 74.35293, -119.9436 74.25371, -119.20596 74.198)), ((-69.48887 83.0168, -68.40903 83.00527, -68.10688 82.96118, -66.59165 82.94404, -66.4248 82.90615, -66.83633 82.81792, -68.35757 82.67681, -67.39707 82.66812, -65.72744 82.84243, -65.29902 82.79961, -64.90488 82.90083, -64.504 82.77842, -63.64102 82.8126, -63.59268 82.69404, -63.08535 82.56523, -63.24678 82.4502, -62.4752 82.51958, -61.47705 82.46743, -61.27354 82.27983, -62.17671 82.04341, -63.59229 81.84551, -64.57402 81.73374, -65.22617 81.74351, -65.49541 81.66807, -66.62573 81.61641, -66.91406 81.48511, -68.68853 81.29331, -68.31768 81.26123, -65.73569 81.49424, -64.78008 81.49287, -65.48398 81.28477, -66.31284 81.14614, -66.72686 81.04092, -67.77437 80.85942, -68.63047 80.67871, -69.4001 80.42285, -69.73379 80.36694, -70.66782 80.50557, -70.21279 80.27773, -70.26489 80.23359, -72.06299 80.10557, -71.61611 80.07104, -70.87705 80.12231, -70.56841 80.0937, -70.75752 79.99824, -71.35581 79.91128, -71.11016 79.8478, -71.38784 79.76177, -72.43652 79.69438, -73.44814 79.8271, -74.14424 79.87979, -74.66021 79.83516, -73.47246 79.75645, -73.22939 79.64399, -73.29355 79.52158, -74.40601 79.45356, -75.50342 79.41416, -76.89883 79.5123, -76.2957 79.41362, -76.11636 79.32612, -75.0936 79.20391, -74.4812 79.22949, -74.53232 79.05273, -75.23315 79.03555, -75.91182 79.11777, -77.39805 79.05728, -78.58164 79.075, -77.88276 78.94238, -76.8248 79.01787, -76.25586 79.00684, -75.79507 78.88975, -75.09854 78.8583, -74.43311 78.72412, -74.87861 78.54482, -76.37349 78.52109, -75.48838 78.40352, -75.19346 78.32773, -75.55068 78.22109, -75.86597 78.00981, -76.97402 77.92725, -78.0126 77.94604, -78.07617 77.51904, -78.28374 77.41309, -78.86953 77.33252, -79.9064 77.29956, -80.57305 77.31479, -81.37686 77.48213, -81.65381 77.49883, -81.30137 77.34404, -82.05679 77.29653, -81.84023 77.21411, -81.11719 77.26963, -80.67256 77.24429, -80.2187 77.14658, -79.92373 77.1936, -79.34087 77.1584, -79.31895 76.98037, -78.7918 76.88359, -78.28887 76.97798, -77.9833 76.75498, -78.28433 76.57124, -79.51104 76.3105, -80.69028 76.17646, -80.99668 76.21499, -80.83481 76.36914, -81.1707 76.51274, -81.59199 76.48442, -82.03418 76.62939, -82.52983 76.72329, -82.23315 76.46582, -83.38896 76.43926, -83.88569 76.45312, -84.22378 76.67534, -84.27534 76.35654, -85.14126 76.30459, -86.11582 76.43491, -86.45371 76.58486, -86.68022 76.37661, -87.3542 76.44805, -87.49756 76.38628, -88.396 76.40527, -88.49585 76.77285, -88.61411 76.65088, -88.5458 76.4209, -89.57007 76.49194, -89.49976 76.82681, -88.39814 77.10396, -86.8522 77.17441, -87.10088 77.30771, -87.42969 77.3478, -87.78018 77.49282, -88.09468 77.71919, -87.75713 77.83623, -87.01797 77.89224, -86.173 77.74614, -85.58848 77.46113, -84.73867 77.36104, -83.60806 77.44224, -82.90273 77.73271, -82.70356 77.9624, -83.42822 77.62129, -83.77939 77.53262, -84.48584 77.56196, -84.86055 77.49951, -85.28936 77.55903, -85.29204 77.76387, -85.54756 77.92769, -84.61543 78.1957, -84.91035 78.2397, -84.7832 78.52759, -85.02432 78.3124, -85.58594 78.10957, -86.21777 78.0812, -85.92007 78.34287, -86.42705 78.19702, -86.91323 78.12681, -87.55176 78.17661, -87.49131 78.41719, -86.80791 78.77437, -85.69102 78.8437, -85.00376 78.91226, -83.90791 78.83916, -83.27144 78.77031, -82.98979 78.84414, -82.15107 78.86411, -81.78081 78.95034, -82.43877 78.90366, -84.1458 78.95981, -84.56777 79.07129, -84.25664 79.12217, -83.57588 79.05366, -84.19736 79.2251, -85.08979 79.61216, -85.45693 79.68984, -86.03149 79.72192, -86.42075 79.84521, -86.6145 80.12354, -86.30718 80.31934, -85.15962 80.27178, -84.05654 80.26196, -83.72363 80.22896, -82.377 79.90825, -81.68838 79.68579, -81.03809 79.61421, -80.47593 79.60625, -80.12446 79.66948, -81.01016 79.69312, -81.86025 79.95718, -82.33237 80.06636, -82.96113 80.27788, -82.53613 80.37554, -80.97964 80.44526, -80.05107 80.52856, -79.62935 80.64785, -78.38618 80.78438, -76.85034 80.87817, -78.55098 80.92144, -78.6293 81.04346, -78.28682 81.16763, -76.88511 81.43027, -77.97236 81.33081, -78.73389 81.15103, -79.30918 81.08906, -79.60664 80.88179, -80.13354 80.76392, -81.00703 80.65488, -82.36821 80.56133, -82.88433 80.57754, -82.22236 80.77231, -83.40142 80.71396, -84.07627 80.55625, -85.30742 80.52598, -85.72622 80.58115, -86.25034 80.56577, -86.60308 80.66401, -86.2521 80.78955, -85.24629 80.98789, -84.67993 81.04238, -83.34922 81.10332, -83.28882 81.14795, -85.78086 81.03506, -86.23345 80.9501, -87.32988 80.66978, -87.71167 80.65625, -88.92144 80.80562, -89.26328 80.91431, -88.41309 80.99976, -87.38867 80.98838, -86.47676 81.03574, -85.80957 81.12358, -84.94121 81.28623, -85.87505 81.24121, -86.62275 81.12266, -87.2751 81.08081, -89.62305 81.03247, -89.94731 81.17266, -89.20869 81.2501, -89.63569 81.30205, -89.427 81.38745, -88.62192 81.50142, -87.59702 81.52583, -88.47905 81.56465, -88.97837 81.5415, -90.30352 81.40112, -90.55376 81.46421, -89.84521 81.61167, -90.62632 81.65601, -91.29238 81.57124, -91.68408 81.63569, -91.21948 81.78774, -90.49019 81.87725, -89.38101 81.91675, -88.56685 82.06108, -88.06318 82.09648, -87.40439 82.0542, -87.01821 81.95874, -86.62681 82.05103, -85.53799 81.95464, -85.04482 81.98281, -85.3106 82.04399, -86.58062 82.18721, -85.79443 82.2916, -84.89683 82.44941, -84.36812 82.37393, -83.59067 82.32646, -83.01016 82.1417, -82.32744 82.09248, -82.74746 82.19644, -82.63838 82.24575, -80.5499 82.00459, -80.15337 81.97764, -79.42485 81.85444, -80.12983 82.02837, -81.99761 82.27827, -82.45137 82.4271, -81.68115 82.51865, -82.11685 82.62866, -81.57969 82.64302, -80.80967 82.58638, -81.17808 82.74468, -80.65713 82.76909, -80.07578 82.7062, -78.74878 82.67939, -79.83379 82.8165, -80.15493 82.91113, -79.18057 82.9332, -78.52495 82.89111, -77.47959 82.88315, -76.421 82.6709, -76.00937 82.53516, -75.56562 82.60854, -76.90845 82.91943, -77.1249 83.00854, -75.74492 83.04717, -74.41416 83.01313, -73.27202 82.77158, -72.65869 82.72163, -73.44189 82.90483, -73.33115 82.99878, -72.81167 83.0812, -71.9832 83.10142, -71.13203 82.92305, -71.42354 83.02114, -70.87056 83.09814, -69.96992 83.11611, -69.48887 83.0168)), ((-95.48438 77.79199, -93.58286 77.77075, -93.12871 77.66016, -93.51958 77.47441, -95.98706 77.48413, -96.26387 77.59453, -96.14297 77.71436, -95.48438 77.79199)), ((-93.46348 74.85649, -93.54717 74.69106, -93.98457 74.64419, -94.69727 74.64219, -95.28608 74.79409, -95.86543 74.83042, -96.09424 74.93252, -96.55986 74.99038, -96.56577 75.09873, -96.18037 75.24009, -96.1249 75.3583, -95.6708 75.52866, -95.04951 75.62183, -94.42725 75.59336, -93.75083 75.34902, -93.49756 75.13687, -93.46348 74.85649)), ((-100.0019 73.9459, -99.15796 73.73159, -97.58184 73.88755, -97.22476 73.8438, -97.00171 73.6665, -97.59697 73.53662, -97.27251 73.38682, -97.7959 73.2853, -98.43696 73.00024, -98.36665 72.93413, -97.9394 73.0356, -97.47568 72.99229, -97.08301 72.76284, -97.15894 72.64277, -96.54209 72.69873, -96.44014 72.4873, -96.7959 72.31377, -96.59287 72.20449, -96.76631 72.04595, -96.61343 71.83384, -97.22222 71.67349, -97.58228 71.62969, -98.18135 71.66245, -98.32271 71.85234, -98.45884 71.77319, -98.19863 71.44087, -98.66289 71.3021, -99.16714 71.36719, -99.73472 71.75723, -100.59448 72.15234, -101.20854 72.31699, -101.72393 72.31489, -101.97368 72.48613, -102.40225 72.59473, -102.71367 72.78291, -102.50381 73.00591, -101.92246 73.05698, -101.35059 72.74629, -101.0876 72.71328, -100.48477 72.77295, -100.3957 72.977, -100.09673 72.96313, -100.28267 73.12031, -100.5314 73.13828, -100.43882 73.25459, -100.00591 73.2395, -100.36611 73.35903, -100.88936 73.27534, -101.45088 73.43096, -101.32314 73.57197, -100.97578 73.59976, -100.52168 73.44932, -100.60713 73.57539, -100.89824 73.65806, -100.91514 73.80537, -100.48364 73.84351, -99.99111 73.79517, -100.22705 73.88911, -100.0019 73.9459)), ((-84.84209 65.25591, -84.6125 65.44731, -84.26641 65.36724, -84.08486 65.21782, -83.40713 65.10391, -83.22227 64.96797, -82.66763 64.78032, -82.05 64.64429, -81.78721 64.42598, -81.67612 64.21265, -81.90264 64.03125, -80.82896 64.08994, -80.30205 63.76221, -81.04639 63.46157, -81.96333 63.66445, -82.37812 63.70679, -82.46709 63.92695, -83.03389 64.02324, -83.06514 64.15903, -83.49434 64.09922, -83.72827 63.81338, -84.30762 63.58579, -84.63291 63.30923, -84.96152 63.19722, -85.49551 63.13911, -85.71416 63.65796, -85.80469 63.70654, -86.57568 63.6623, -86.84688 63.57529, -87.18892 63.67227, -86.88604 63.92373, -86.2521 64.13687, -86.37427 64.56582, -86.18828 65.0103, -86.11421 65.41729, -85.96167 65.70425, -85.55469 65.91865, -85.24111 65.79551, -85.10537 65.62271, -85.23994 65.5103, -84.84209 65.25591)), ((-97.70684 76.30371, -97.53066 76.18154, -97.60166 75.85107, -97.86279 75.73809, -97.40752 75.67251, -97.33604 75.41982, -97.65332 75.50776, -97.87822 75.41611, -97.67432 75.12729, -98.0917 75.17622, -97.95332 75.06016, -98.70352 75.00581, -99.42061 75.04375, -99.6269 74.98374, -100.23438 75.00771, -100.45947 75.21909, -100.15205 75.23564, -100.73115 75.34653, -99.59116 75.65537, -99.91514 75.68125, -101.20684 75.59043, -101.46133 75.60791, -102.54141 75.51362, -102.79751 75.59966, -101.94282 75.88384, -101.26143 75.7582, -101.50591 75.91807, -101.43135 75.99199, -101.87212 76.08311, -101.55703 76.23584, -102.13774 76.28486, -101.8585 76.43901, -101.33975 76.4105, -101.05581 76.24556, -100.02012 75.93955, -99.68892 75.95972, -100.11284 76.11724, -99.54106 76.14629, -100.41421 76.24253, -99.97773 76.31245, -100.65068 76.39595, -100.89077 76.47549, -100.38794 76.61357, -99.66904 76.62412, -99.16963 76.45366, -98.89033 76.46558, -99.02363 76.61455, -98.71084 76.69385, -97.72588 76.49609, -97.70684 76.30371)), ((-102.91436 79.2311, -102.65229 79.09502, -102.57617 78.87939, -102.39316 79.0103, -101.70366 79.07891, -101.03369 78.9147, -101.12812 78.80166, -100.4355 78.82031, -99.60942 78.58306, -99.8478 78.43823, -99.75137 78.30298, -99.13154 78.11753, -98.99961 77.99688, -99.16641 77.85693, -99.95591 77.7938, -100.58604 77.8918, -101.07412 78.19385, -102.05698 78.27954, -102.60698 78.24893, -102.73135 78.37104, -104.32422 78.26948, -104.76357 78.35166, -104.99556 78.51851, -104.72705 78.57939, -103.76436 78.51953, -103.58799 78.623, -104.02085 78.63491, -103.37158 78.73633, -104.00874 78.76401, -103.87563 78.90269, -104.15195 78.98989, -104.73604 78.82593, -104.96953 78.85649, -104.73525 78.99111, -104.90137 79.05112, -105.53564 79.03252, -105.57104 79.16421, -105.3877 79.32358, -104.84736 79.31099, -103.7064 79.35205, -102.91436 79.2311)), ((-91.27246 80.8501, -90.68291 80.6877, -90.64302 80.5937, -89.86187 80.49844, -89.32905 80.53174, -89.16689 80.47964, -89.19834 80.26318, -89.01924 80.19849, -88.1999 80.11147, -88.6125 80.25537, -88.64365 80.38687, -88.12524 80.42949, -87.675 80.37212, -87.62549 80.18721, -87.92231 80.09771, -87.20205 80.04321, -86.9772 79.89424, -87.29517 79.58018, -86.64883 79.64624, -86.18047 79.60542, -86.00703 79.47944, -85.64785 79.61143, -85.06377 79.32817, -85.28984 79.20835, -86.09165 79.1, -87.01646 78.89868, -87.61738 78.67632, -87.86147 78.70684, -87.96074 78.89312, -87.81675 79.03633, -88.10405 78.9728, -88.22788 78.65303, -88.04023 78.49443, -88.7416 78.58403, -88.60645 78.39199, -88.79102 78.19243, -89.0957 78.20923, -90.03711 78.60684, -90.07632 78.54917, -89.50684 78.20327, -89.57949 78.1666, -90.29722 78.32803, -90.65239 78.30771, -90.32676 78.18477, -90.6144 78.14985, -91.89917 78.23687, -92.67827 78.38911, -92.72559 78.48667, -91.86689 78.54268, -92.71553 78.60503, -93.2666 78.6083, -93.63442 78.75093, -93.15986 78.77563, -93.90225 78.87222, -94.16279 78.99419, -93.2939 79.1395, -92.68364 79.18579, -92.54722 79.28262, -91.2999 79.37271, -92.24795 79.37344, -92.82192 79.4499, -93.93315 79.29072, -93.96025 79.39551, -94.28413 79.40044, -95.10317 79.28989, -95.73301 79.41821, -95.66289 79.52734, -94.51968 79.66714, -94.40186 79.73633, -95.29697 79.65308, -95.99966 79.70469, -96.58906 79.91665, -96.77324 80.13579, -95.78198 80.06641, -94.6459 80.04873, -94.59014 80.20151, -95.40508 80.13501, -95.64624 80.23096, -96.36841 80.29307, -96.01187 80.38306, -95.54907 80.3666, -96.15181 80.55347, -96.13281 80.69141, -95.71362 80.72544, -95.22583 80.68579, -94.89258 80.5709, -93.92793 80.55918, -94.59629 80.64062, -94.78848 80.75127, -95.51475 80.83813, -95.26978 81.00078, -94.51943 81.0312, -93.82598 81.10571, -93.34512 81.08535, -93.40654 81.20908, -94.19443 81.24092, -94.05972 81.34932, -93.33276 81.3644, -92.4126 81.27827, -91.99785 81.1855, -91.27246 80.8501)), ((-94.29497 76.91245, -93.81094 76.91416, -93.21187 76.75469, -93.20059 76.66909, -93.53457 76.44771, -92.99536 76.62041, -92.29702 76.61602, -91.30503 76.68076, -90.73843 76.58135, -90.62163 76.4647, -91.44326 76.49854, -89.28452 76.30161, -89.40659 76.18916, -90.31206 76.15801, -91.2604 76.22998, -91.27944 76.15991, -90.25137 76.05347, -89.69531 75.85361, -89.20488 75.76201, -89.64604 75.56504, -89.28042 75.56411, -88.9167 75.45396, -88.85215 75.6249, -88.56904 75.64512, -88.20132 75.51201, -87.72974 75.57563, -87.53911 75.48486, -87.25693 75.61772, -86.81445 75.49136, -85.95146 75.39502, -86.06875 75.50225, -84.98677 75.64492, -84.60488 75.65347, -83.93198 75.81895, -83.23711 75.75083, -82.15366 75.83105, -81.15078 75.73555, -81.00078 75.64312, -80.32197 75.6291, -80.28662 75.49038, -79.66021 75.44951, -79.50781 75.29536, -79.63442 75.19932, -80.35757 75.05156, -79.73301 75.02144, -79.40142 74.91763, -79.94448 74.83364, -80.34775 74.90298, -80.14893 74.7957, -80.27773 74.58159, -81.22622 74.56665, -81.80884 74.47661, -82.93105 74.56558, -83.10264 74.81655, -83.54355 74.89229, -83.34131 74.7646, -83.53188 74.58569, -84.42554 74.50811, -85.06143 74.60693, -85.21431 74.51865, -85.95562 74.49878, -86.73076 74.55703, -86.66611 74.48911, -87.59258 74.47036, -88.42305 74.49414, -88.53765 74.60879, -88.33955 74.78486, -88.53496 74.83174, -88.85107 74.68999, -88.94014 74.7895, -89.1958 74.63755, -89.84438 74.54858, -90.55327 74.61274, -91.12988 74.73628, -91.13457 74.64985, -91.50835 74.65068, -91.96157 74.79321, -92.17417 75.05107, -92.07632 75.12354, -92.4271 75.34639, -92.06885 75.65791, -92.18511 75.84653, -93.09175 76.354, -93.66519 76.27314, -94.73672 76.29326, -95.27388 76.2644, -95.44741 76.36304, -96.0397 76.48672, -95.97134 76.56963, -96.84565 76.72642, -96.4332 76.81069, -96.7583 76.97178, -95.63823 77.06377, -94.29497 76.91245)), ((-96.20449 78.5313, -95.56113 78.5166, -95.0312 78.43027, -94.88716 78.34521, -95.32925 78.22505, -94.93604 78.1064, -95.08701 77.99263, -96.98965 77.80601, -97.09331 77.9335, -97.65815 78.09062, -96.94468 78.15186, -97.81904 78.23062, -98.25493 78.42925, -98.06035 78.55835, -98.28989 78.69238, -98.21211 78.80454, -97.38232 78.78291, -96.58706 78.68711, -96.20449 78.5313)), ((-92.77803 74.11372, -92.22271 73.97236, -91.63042 74.02778, -91.08799 74.00928, -90.35459 73.86865, -90.56558 73.68643, -90.93369 73.52769, -91.621 73.02588, -92.11792 72.75381, -92.39194 72.71846, -93.34062 72.80186, -94.21133 72.75693, -93.77056 72.66821, -93.55518 72.42114, -93.87061 72.25264, -94.03755 72.02876, -95.19297 72.02744, -95.25103 72.50195, -95.54761 72.78154, -95.63291 73.69546, -95.38599 73.75513, -94.81685 73.66255, -95.15259 73.93276, -94.97354 74.04141, -94.48257 74.11313, -93.78462 74.11836, -93.4103 74.17876, -92.77803 74.11372)), ((-96.8752 69.51001, -96.29995 69.34438, -95.95137 69.02373, -95.5855 68.83511, -95.26777 68.82607, -95.68564 68.73584, -96.40156 68.4707, -97.47202 68.5437, -98.23506 68.73936, -98.32056 68.84272, -98.82964 68.83862, -99.44087 68.91768, -99.45571 69.1312, -98.91221 69.16758, -98.45596 69.33467, -98.546 69.5729, -98.16299 69.51221, -98.26821 69.75444, -97.79072 69.86162, -96.8752 69.51001)), ((-61.10518 45.94473, -60.86841 45.94863, -61.05903 45.70337, -60.69907 45.77334, -60.4606 45.9687, -60.70488 45.93291, -60.50493 46.20386, -60.29795 46.31123, -60.22646 46.19556, -59.86504 46.15952, -59.82803 45.96514, -60.38608 45.65464, -60.67295 45.59082, -61.28369 45.57388, -61.4498 45.71621, -61.49531 45.94146, -60.87017 46.79678, -60.57104 46.99883, -60.4082 47.00352, -60.33174 46.76782, -60.57686 46.17217, -61.10518 45.94473)), ((-67.12485 45.16943, -67.47256 45.27588, -67.43267 45.60312, -67.78467 45.70171, -67.80679 47.08281, -68.31089 47.35449, -68.82871 47.20332, -69.04858 47.27363, -69.0502 47.42661, -69.24287 47.46299, -70.00771 46.70894, -70.06719 46.44106, -70.24829 46.25088, -70.29624 45.9061, -70.70225 45.55137, -70.898 45.26245, -71.32729 45.29009, -71.51753 45.00757, -74.70889 45.00386, -73.55811 45.4251, -73.15957 46.01006, -72.73345 46.18184, -72.49619 46.35269, -71.90093 46.63193, -71.26118 46.75625, -70.51948 47.03252, -69.58105 47.82368, -69.47104 47.96729, -68.98706 48.275, -68.23818 48.62642, -67.56089 48.85596, -66.5981 49.12637, -66.17817 49.21313, -65.39614 49.26206, -64.83633 49.19175, -64.26182 48.92188, -64.20879 48.8062, -64.51372 48.84111, -64.24609 48.69111, -64.34883 48.42319, -64.63315 48.3605, -64.7645 48.22808, -65.25942 48.02124, -65.47588 48.03149, -65.92671 48.18887, -66.42881 48.06694, -65.84941 47.91104, -65.66646 47.69614, -65.4835 47.68701, -65.00166 47.84683, -64.70322 47.72485, -64.91221 47.36865, -65.3189 47.10122, -64.8314 47.06079, -64.90576 46.88794, -64.72588 46.67144, -64.5415 46.24033, -63.91592 46.16582, -64.0564 46.02134, -63.70288 45.85801, -63.29277 45.75195, -62.70068 45.74058, -62.48306 45.62183, -61.95552 45.86816, -61.87725 45.71421, -61.49229 45.68701, -61.28198 45.44106, -61.46099 45.3667, -61.03154 45.29175, -61.56875 45.15381, -62.51401 44.84365, -63.3063 44.64258, -63.604 44.6832, -63.54482 44.54375, -63.76113 44.48643, -63.99971 44.64492, -64.16699 44.58667, -64.37822 44.30356, -64.86235 43.86787, -65.32959 43.66812, -65.34429 43.54961, -65.73813 43.56074, -65.88691 43.79521, -66.12573 43.81382, -66.19307 44.14385, -66.09956 44.36748, -65.86802 44.5688, -65.52002 44.73267, -65.65674 44.7603, -64.90293 45.1208, -64.33076 45.30933, -64.35425 45.13823, -63.61445 45.39414, -64.6002 45.41006, -64.91289 45.3748, -64.31465 45.83569, -64.59365 45.81367, -64.8979 45.62598, -65.88447 45.2229, -66.10732 45.25693, -66.43984 45.0959, -66.87246 45.06729, -67.12485 45.16943)), ((-55.5834 51.38857, -56.0311 51.32837, -55.81509 51.19116, -55.87139 50.90737, -56.69399 50.05967, -56.84863 49.76533, -56.82217 49.61348, -56.24707 50.09009, -56.16128 49.94014, -55.927 50.01777, -55.53003 49.99717, -55.58369 49.89238, -56.03999 49.70469, -55.86982 49.67017, -56.0873 49.45195, -55.81523 49.51528, -55.67812 49.43462, -55.20703 49.48203, -55.24453 49.1998, -54.46919 49.52979, -54.46348 49.34175, -53.95771 49.44185, -53.61943 49.32163, -53.57344 49.14121, -53.90322 48.88916, -54.16128 48.7877, -53.69805 48.67983, -53.79463 48.52637, -54.06777 48.41885, -53.55205 48.48179, -53.05728 48.65903, -53.13574 48.40186, -53.60977 48.20771, -53.56943 48.08809, -53.86167 47.79927, -53.60376 47.6623, -53.28271 47.99785, -52.86602 48.11299, -53.17554 47.65298, -53.12246 47.45513, -52.78242 47.76943, -52.65366 47.54941, -52.9124 47.10322, -52.88921 46.97412, -53.06978 46.68125, -53.61636 46.68027, -53.57847 47.13325, -54.07603 46.81997, -54.17373 46.88037, -53.86909 47.38701, -53.98901 47.7562, -54.19185 47.85981, -54.56255 47.3752, -54.85664 47.38501, -55.31572 46.90571, -55.78853 46.86724, -55.9499 46.92769, -55.83838 47.07163, -55.4915 47.16064, -55.19082 47.44897, -54.86953 47.5709, -55.36631 47.66108, -55.43467 47.50127, -55.86206 47.53008, -55.85791 47.81919, -56.22129 47.67139, -56.77412 47.56499, -57.92554 47.6749, -58.3332 47.67686, -59.11694 47.5707, -59.3624 47.86567, -59.27207 47.99556, -58.60498 48.41133, -58.33022 48.52212, -59.1668 48.52178, -58.90645 48.6502, -58.71646 48.59805, -58.40366 49.08433, -58.09893 49.07744, -57.98008 49.22964, -58.21338 49.38667, -58.01582 49.54248, -57.79131 49.48999, -57.92617 49.70083, -57.298 50.69873, -56.7502 51.2749, -56.02559 51.56836, -55.69043 51.47134, -55.45322 51.5623, -55.5834 51.38857)), ((-86.58936 71.01079, -86.12715 71.04897, -85.64385 71.15244, -85.09487 71.15195, -84.87031 71.00181, -84.65996 71.58613, -85.25049 71.67529, -85.91162 71.98652, -85.40591 72.21484, -85.01875 72.21816, -84.35166 72.05264, -84.84199 72.30815, -84.62305 72.37656, -85.34111 72.42153, -85.63789 72.6332, -85.64453 72.77446, -85.26211 72.954, -84.25664 72.79673, -84.27427 72.83643, -85.38389 73.04541, -85.45474 73.10547, -85.01841 73.3355, -84.41606 73.45649, -83.78188 73.41689, -83.72983 73.57588, -82.65962 73.72959, -81.94614 73.72983, -81.40615 73.63452, -81.15176 73.31401, -80.60347 73.12119, -80.59189 72.92769, -80.27471 72.74556, -80.99873 72.42622, -80.60469 72.42578, -80.94121 72.21016, -80.69141 72.10347, -80.94141 72.04824, -80.85845 71.91143, -80.38613 72.14878, -80.11611 72.21406, -80.0418 72.39424, -79.77788 72.43872, -79.65386 72.33218, -79.32334 72.39082, -79.00024 72.27202, -79.00781 72.04292, -78.58511 71.88062, -78.86274 72.10083, -78.69927 72.35142, -78.11636 72.28032, -77.72603 72.17998, -77.53574 72.21875, -78.28721 72.35981, -78.47949 72.50874, -78.00103 72.6876, -77.5668 72.73687, -76.89351 72.72065, -76.18877 72.57222, -75.7043 72.57153, -75.18579 72.43423, -75.05269 72.22637, -75.5999 71.91846, -74.90317 72.10049, -74.29297 72.05059, -74.31572 71.84268, -74.89297 71.72554, -74.70078 71.67559, -75.03535 71.23052, -74.75894 71.33813, -74.59956 71.58486, -74.4041 71.67251, -73.81406 71.77144, -73.71357 71.71987, -74.19727 71.40415, -73.71284 71.5876, -73.18062 71.28286, -73.27822 71.53799, -72.90195 71.67778, -72.58062 71.60679, -71.8752 71.56123, -71.45991 71.46372, -71.21938 71.23882, -71.49502 71.10513, -71.85615 71.10479, -72.63271 70.83076, -72.31255 70.83252, -72.00918 71.01343, -71.74253 71.04688, -71.18623 70.97803, -70.79248 71.10332, -70.65522 70.8709, -71.02178 70.67412, -71.58594 70.56587, -71.89019 70.43154, -71.68369 70.41758, -71.47666 70.54404, -71.27588 70.50029, -71.42944 70.12778, -70.97979 70.58105, -70.56094 70.73828, -69.9498 70.84502, -69.1687 70.76416, -68.49575 70.61025, -68.36353 70.48125, -68.79365 70.32441, -69.29873 70.27681, -70.06143 70.07085, -69.91309 70.02905, -69.48301 70.16006, -68.91855 70.20698, -68.72329 70.14565, -69.0083 69.97896, -68.74404 69.94141, -68.12065 70.3146, -67.85532 70.28179, -67.36367 70.03442, -67.22163 69.73071, -67.8062 69.77739, -68.37207 69.64438, -68.66992 69.64365, -69.25078 69.51191, -68.51304 69.57729, -68.05815 69.47588, -67.36094 69.47251, -66.77085 69.33667, -66.80288 69.15273, -67.48379 69.16699, -67.93848 69.24814, -68.6189 69.20601, -68.99346 69.07935, -68.41553 69.17207, -67.75171 69.03867, -67.8832 68.78398, -68.32422 68.84404, -68.72529 68.81021, -69.31909 68.85698, -68.87144 68.75996, -68.3332 68.73257, -68.03794 68.55073, -66.71392 68.4457, -67.03296 68.32607, -66.83096 68.21562, -66.8998 68.06309, -66.63096 68.21064, -66.2124 68.28042, -66.41387 67.9043, -65.94238 68.07095, -65.9749 67.95742, -65.50908 67.96826, -65.54087 67.76562, -65.30034 67.9395, -64.9769 68.04341, -64.83545 67.98999, -65.02109 67.78755, -64.63779 67.84023, -64.15625 67.623, -63.8502 67.56606, -64.07749 67.49561, -64.00796 67.34731, -64.69995 67.35054, -64.35645 67.25615, -63.83623 67.26411, -63.5916 67.37754, -63.04014 67.23501, -63.2584 67.02466, -63.70156 66.82236, -62.9623 66.94927, -62.37974 66.90537, -62.12358 67.04673, -61.96855 67.01904, -61.29971 66.64873, -61.52783 66.55811, -61.90449 66.67812, -62.12334 66.64307, -61.65264 66.50312, -61.5708 66.3729, -61.8627 66.31284, -62.55312 66.40684, -62.53359 66.227, -61.9916 66.0353, -62.59033 66.03442, -62.38198 65.8333, -62.65889 65.63994, -63.16895 65.65732, -63.45874 65.85303, -63.33745 65.61675, -63.40181 65.11846, -63.60659 64.92808, -63.89561 65.10928, -64.15186 65.06616, -64.3457 65.17241, -64.26968 65.40078, -64.55508 65.1166, -65.1085 65.46377, -65.40161 65.76401, -65.18486 65.93994, -64.85371 66.01592, -64.44536 66.31714, -64.65518 66.28701, -65.00449 66.07773, -65.30537 66.00845, -65.82573 65.99692, -65.94004 66.12744, -66.47695 66.27974, -66.7874 66.55566, -67.31768 66.52036, -67.31123 66.30376, -67.86846 66.49014, -67.70449 66.2686, -67.1832 66.03442, -67.55078 65.92163, -67.82803 65.96519, -68.45991 66.24927, -68.74893 66.20005, -68.21719 66.07886, -68.25684 65.93862, -67.86646 65.77368, -67.90605 65.56348, -67.56963 65.64355, -67.11797 65.44038, -67.32607 65.35664, -66.6667 64.97383, -66.22373 64.8541, -66.15249 64.73491, -65.93853 64.88574, -65.2748 64.63154, -65.51279 64.52598, -65.07461 64.43667, -65.3478 64.23232, -65.0106 64.00884, -64.67847 64.02798, -64.41094 63.70635, -64.56157 63.67969, -64.51436 63.26396, -64.69561 63.26885, -64.88628 63.54873, -65.19185 63.76426, -65.00479 63.3334, -65.06895 63.26348, -64.67236 62.92197, -65.16279 62.93262, -65.1085 62.62646, -65.57241 62.8689, -65.86406 62.92114, -66.22402 63.10718, -66.41445 63.0272, -66.65498 63.26475, -66.63643 63.08013, -67.17979 63.30503, -67.89326 63.73374, -67.72256 63.42275, -68.49375 63.72549, -68.91108 63.70322, -68.14126 63.17231, -67.67598 63.09355, -66.97954 62.70083, -66.64487 62.60205, -66.28125 62.30269, -65.98018 62.20889, -66.13315 62.10239, -66.05889 61.91387, -66.25669 61.86826, -67.44014 62.15127, -68.53589 62.25562, -69.08232 62.40518, -69.54517 62.74458, -70.23613 62.76338, -71.25371 63.04253, -71.61714 63.18721, -71.97305 63.42988, -71.45586 63.51226, -71.72529 63.70615, -72.22295 63.70889, -72.15938 63.88989, -72.45 63.81812, -72.63931 63.98906, -73.44365 64.42349, -73.27129 64.58252, -73.91035 64.57812, -74.09873 64.4437, -74.13047 64.60781, -74.51245 64.67017, -74.63428 64.82393, -74.91626 64.79199, -74.64004 64.55708, -75.06738 64.45669, -75.71504 64.52437, -75.7667 64.39194, -76.11807 64.37632, -76.72383 64.24204, -77.28252 64.28037, -77.79116 64.36709, -78.17456 64.61772, -78.09561 64.93926, -77.87617 65.07295, -77.36089 65.19653, -77.46147 65.32817, -77.32671 65.45312, -76.48169 65.36973, -75.82832 65.22705, -75.50156 65.01309, -75.35713 65.00874, -75.77295 65.25703, -75.70859 65.31572, -75.16631 65.28394, -75.04775 65.36396, -74.39072 65.39756, -74.23687 65.48389, -73.55078 65.48525, -73.74609 65.7667, -74.03311 65.87705, -74.43394 66.13901, -74.3749 66.20815, -73.03325 66.72817, -72.78882 67.03062, -72.36494 67.1334, -72.22002 67.2543, -72.57646 67.65864, -73.06343 68.10698, -73.32822 68.26675, -73.30688 68.36782, -73.64448 68.29453, -73.87935 68.42939, -73.85156 68.70137, -74.11797 68.70093, -73.98926 68.54863, -74.27012 68.54121, -74.64795 68.70752, -74.85488 69.06582, -75.21328 68.90938, -75.62305 68.88774, -76.40342 68.69233, -76.61943 68.72139, -76.55723 69.00947, -75.95371 69.03081, -75.66797 69.15884, -75.78716 69.31865, -76.40796 69.44111, -76.51328 69.68394, -76.74233 69.5729, -77.12881 69.65273, -76.8686 69.74517, -76.96226 69.82485, -77.59165 69.84561, -77.72192 70.1708, -77.84253 70.24707, -78.28281 70.22915, -78.62144 70.35342, -79.06641 70.60356, -79.39731 70.43726, -79.01753 70.3252, -78.80981 70.17856, -78.88965 69.97749, -79.61592 69.89473, -80.16211 69.996, -81.09829 70.09116, -81.65195 70.09463, -81.19683 69.98281, -80.9248 69.85059, -80.92173 69.73091, -81.5647 69.94272, -82.13872 69.84121, -82.48774 69.86597, -83.14995 70.00908, -83.85908 69.96274, -84.52188 70.00522, -85.43237 70.11138, -85.78003 70.03667, -86.32202 70.14541, -86.62432 70.40127, -87.17197 70.39985, -87.06328 70.3251, -87.50244 70.32568, -87.90068 70.2519, -88.4021 70.44248, -88.84844 70.5229, -89.2083 70.75972, -89.45591 71.06172, -88.51665 71.03057, -87.84492 70.94438, -87.14009 71.01162, -87.87246 71.20854, -89.07935 71.28794, -89.84575 71.49229, -90.0252 71.94878, -89.66382 72.15796, -89.8229 72.20781, -89.86152 72.41191, -89.35771 72.80415, -89.26323 73.06899, -88.70518 73.40327, -87.71978 73.7229, -86.76875 73.83398, -85.95078 73.85015, -85.1105 73.80815, -84.97451 73.69478, -85.68188 73.46147, -86.08647 73.26025, -86.62935 72.8708, -86.59463 72.66113, -86.32256 72.46084, -86.34136 72.12319, -86.03613 71.77095, -85.02339 71.35322, -85.40537 71.22676, -85.94541 71.16265, -86.58936 71.01079)), ((-62.21953 49.0791, -63.0415 49.22495, -63.56587 49.39932, -63.88491 49.65771, -64.44004 49.82773, -64.13145 49.94165, -63.29199 49.81685, -62.85854 49.70547, -61.81714 49.28354, -61.69614 49.13901, -62.21953 49.0791)), ((-63.78423 46.45464, -63.68145 46.56191, -63.12939 46.42222, -62.16357 46.48721, -62.02373 46.42158, -62.52607 46.20288, -62.53135 45.97729, -62.87837 46.00137, -63.05293 46.26982, -63.27661 46.15327, -63.64102 46.23047, -63.75864 46.39761, -64.11084 46.42544, -64.10654 46.56211, -64.38804 46.64087, -64.35459 46.76924, -63.99355 47.06157, -64.08789 46.77544, -63.78423 46.45464)), ((-81.96055 62.92622, -82.11372 62.65225, -83.01582 62.20991, -83.37681 62.23813, -83.69888 62.16025, -83.89927 62.47646, -83.37642 62.90493, -82.96577 62.87393, -82.23477 62.97744, -81.96055 62.92622)), ((-79.54531 62.41172, -79.28647 62.24766, -79.32393 62.02607, -79.66875 61.64443, -79.89634 61.63013, -80.26519 61.81821, -80.26006 62.10903, -80.02158 62.34297, -79.54531 62.41172)), ((-75.15381 68.23403, -75.12729 67.5373, -75.4001 67.3667, -75.78008 67.28354, -76.69395 67.23584, -77.00488 67.26694, -77.30591 67.7061, -77.22856 67.8501, -76.74023 68.23125, -76.36445 68.3187, -75.8665 68.33682, -75.15381 68.23403)), ((-79.3668 73.64136, -78.28652 73.66582, -77.20654 73.49956, -76.28955 73.08101, -76.08999 72.8812, -76.40054 72.82065, -77.83594 72.89683, -78.31421 72.88184, -79.50054 72.75596, -79.93687 72.86362, -80.1833 73.22466, -80.61792 73.2708, -80.82417 73.38066, -80.76274 73.75776, -79.3668 73.64136)), ((-80.73169 52.74727, -81.00986 52.76064, -81.83906 52.95791, -82.03926 53.0499, -81.84731 53.18628, -81.1356 53.20581, -80.76533 52.92324, -80.73169 52.74727)), ((-78.91382 56.13281, -78.66875 56.43862, -78.71016 56.21289, -78.91382 56.13281)), ((-79.17549 55.88506, -79.27363 55.92246, -79.18213 56.21216, -79.40742 55.93486, -79.76475 55.80679, -79.49746 56.09316, -79.90459 55.87104, -80.00078 55.93208, -79.51528 56.32651, -79.39263 56.27646, -79.27241 56.60044, -78.90664 56.32041, -79.17549 55.88506)), ((-79.97759 56.20703, -80.00508 56.31792, -79.57974 56.46636, -79.97759 56.20703)), ((-90.09473 77.2104, -90.99321 77.32949, -91.14727 77.3873, -91.14946 77.60806, -90.84258 77.65498, -90.17192 77.59468, -89.71948 77.44214, -89.71201 77.3104, -90.09473 77.2104)), ((-104.71138 77.12397, -105.21509 77.18208, -105.55635 77.35264, -106.06611 77.72539, -105.58789 77.73599, -105.00723 77.50674, -104.95532 77.4187, -104.54224 77.33774, -104.49336 77.16235, -104.71138 77.12397)), ((-98.76895 79.85088, -98.84062 79.73706, -99.30176 79.78408, -99.51562 79.88716, -100.09243 79.91865, -100.05327 80.09336, -99.7312 80.14409, -98.89468 80.08179, -98.76895 79.85088)), ((-105.28892 72.91992, -106.07104 73.19639, -106.18003 73.3041, -106.92153 73.47983, -106.61396 73.69561, -105.5123 73.76577, -105.11445 73.74443, -104.64878 73.6144, -104.58286 73.35391, -104.79102 73.16763, -105.28892 72.91992)), ((-102.01787 75.95352, -102.57959 75.78022, -103.31475 75.76421, -103.0415 75.91885, -103.20156 75.9585, -103.76978 75.89238, -103.98525 75.93311, -103.80078 76.03701, -104.24248 76.04697, -104.35063 76.18232, -103.09824 76.31147, -102.58408 76.28164, -102.49004 76.09507, -102.01787 75.95352)), ((-103.97349 76.57759, -103.05132 76.44985, -103.47222 76.32905, -104.27065 76.32627, -104.58569 76.60649, -103.99248 76.65698, -103.97349 76.57759)), ((-118.61387 75.51543, -119.39458 75.61733, -118.62607 75.90625, -117.75249 76.11245, -117.5126 76.09941, -117.62637 75.96597, -118.22651 75.61118, -118.61387 75.51543)), ((-114.28721 77.72148, -114.60835 77.76934, -115.02935 77.96753, -114.33037 78.07754, -114.27983 78.0043, -113.76802 77.90356, -113.61938 77.81348, -114.28721 77.72148)), ((-130.95029 54.47778, -130.90684 54.63179, -130.75342 54.59971, -130.95029 54.47778)), ((-131.0293 51.96162, -131.0981 52.15063, -131.01064 52.09526, -131.0293 51.96162)), ((-130.23628 53.95854, -130.38423 53.84395, -130.62461 53.94141, -130.39731 54.08569, -130.23628 53.95854)), ((-129.93438 53.17666, -130.51758 53.54424, -130.452 53.63115, -129.94473 53.43638, -129.75483 53.24478, -129.93438 53.17666)), ((-130.57534 54.76968, -130.21406 55.02588, -130.34941 54.81455, -130.57534 54.76968)), ((-128.50991 52.5186, -128.67896 52.28965, -128.74634 52.76338, -128.8998 52.67383, -129.17769 53.01792, -129.03325 53.27993, -128.63267 53.1125, -128.50991 52.5186)), ((-126.06401 49.26362, -126.22964 49.29565, -126.20854 49.37979, -126.06401 49.26362)), ((-124.13979 49.51035, -124.62329 49.7751, -124.30913 49.66729, -124.13979 49.51035)), ((-126.68042 49.60137, -126.93857 49.71846, -126.73813 49.84365, -126.68042 49.60137)), ((-125.19512 50.04434, -125.35845 50.31152, -125.196 50.38975, -125.07402 50.22065, -125.19512 50.04434)), ((-128.9687 52.46426, -129.24595 52.81123, -128.94033 52.60073, -128.9687 52.46426)), ((-127.94126 51.45718, -128.14878 51.62671, -128.03174 51.7084, -127.94126 51.45718)), ((-128.43979 52.69639, -128.24727 52.78438, -128.32378 52.45898, -128.43979 52.69639)), ((-129.31372 52.99219, -129.40972 53.02373, -129.45073 53.17471, -129.31372 52.99219)), ((-129.16772 53.11787, -129.31436 53.2123, -129.23818 53.33008, -129.16772 53.11787)), ((-123.51753 48.75015, -123.58232 48.92578, -123.40679 48.75605, -123.51753 48.75015)), ((-59.7876 43.9396, -60.03774 43.90664, -60.11748 43.95337, -59.7876 43.9396)), ((-61.00288 45.48174, -61.08174 45.55781, -60.91245 45.56729, -61.00288 45.48174)), ((-62.0083 47.23428, -61.92471 47.42515, -61.58223 47.56001, -62.0083 47.23428)), ((-64.50859 47.88672, -64.68457 47.75361, -64.66328 47.86304, -64.50859 47.88672)), ((-64.47607 47.95889, -64.59131 47.90723, -64.54072 47.98496, -64.47607 47.95889)), ((-66.32412 44.25732, -66.25049 44.379, -66.21035 44.39204, -66.32412 44.25732)), ((-66.7625 44.68179, -66.89707 44.62891, -66.84473 44.76392, -66.7625 44.68179)), ((-73.5665 45.46909, -73.96055 45.44141, -73.68745 45.56143, -73.47607 45.70474, -73.5665 45.46909)), ((-73.69531 45.5855, -73.85771 45.57358, -73.57236 45.69448, -73.69531 45.5855)), ((-71.09497 46.89956, -70.87964 46.99609, -70.91348 46.91953, -71.09497 46.89956)), ((-55.60078 50.70903, -55.60449 50.78071, -55.46929 50.79639, -55.60078 50.70903)), ((-54.55439 49.58887, -54.78652 49.49614, -54.86357 49.57607, -54.55439 49.58887)), ((-55.41963 51.90005, -55.34648 51.98286, -55.29355 51.92998, -55.41963 51.90005)), ((-53.98066 49.66196, -54.28613 49.59536, -54.1377 49.75117, -53.98066 49.66196)), ((-54.22715 47.44136, -54.32012 47.43853, -54.12817 47.64683, -54.22715 47.44136)), ((-64.82383 62.55874, -64.41807 62.4874, -64.65742 62.38359, -64.90122 62.42104, -64.82383 62.55874)), ((-68.36523 60.25405, -68.0876 60.58784, -67.81885 60.44951, -68.0123 60.30464, -68.36523 60.25405)), ((-70.76606 62.59688, -71.13486 62.87798, -70.44263 62.73379, -70.26885 62.57808, -70.76606 62.59688)), ((-64.83262 61.36606, -65.3939 61.56284, -65.43213 61.64951, -64.78965 61.66221, -64.66958 61.59302, -64.83262 61.36606)), ((-64.84707 61.76152, -65.16592 61.79766, -65.17393 61.94321, -64.84707 61.76152)), ((-69.22085 58.96758, -69.32998 59.12124, -69.19517 59.14614, -69.22085 58.96758)), ((-64.44194 60.29785, -64.80898 60.4104, -64.64629 60.5146, -64.44194 60.29785)), ((-60.98271 56.01514, -61.19131 56.04785, -61.08691 56.14082, -60.98271 56.01514)), ((-61.65952 57.52495, -61.79526 57.42246, -62.01123 57.54849, -61.65952 57.52495)), ((-67.94028 69.53486, -68.22139 69.61675, -67.75459 69.63145, -67.94028 69.53486)), ((-62.68154 67.0563, -62.62529 67.17695, -62.39634 67.17832, -62.68154 67.0563)), ((-79.05176 75.86699, -79.54453 75.82563, -79.69873 75.88325, -79.00933 76.1459, -78.84517 76.1063, -79.05176 75.86699)), ((-79.89448 56.75713, -79.9457 56.8269, -79.82666 56.84312, -79.89448 56.75713)), ((-79.7165 57.51553, -79.83823 57.48301, -79.72671 57.60459, -79.7165 57.51553)), ((-79.57739 56.64492, -79.51123 56.77144, -79.49653 56.66729, -79.57739 56.64492)), ((-79.93931 53.27427, -80.07402 53.34429, -79.97456 53.35225, -79.93931 53.27427)), ((-79.38428 51.95195, -79.64375 52.01006, -79.27129 52.08682, -79.38428 51.95195)), ((-123.38481 48.8752, -123.54102 48.94595, -123.68926 49.09512, -123.38481 48.8752)), ((-125.00156 50.02075, -124.99082 50.21714, -124.90845 50.07129, -125.00156 50.02075)), ((-74.37407 67.7896, -74.57339 67.82866, -74.70654 68.06709, -74.37939 68.09346, -73.43525 67.97002, -73.40718 67.79307, -74.37407 67.7896)), ((-77.70371 63.43086, -77.5939 63.18843, -77.94243 63.1144, -78.46875 63.35791, -78.23491 63.48955, -77.70371 63.43086)), ((-94.62437 75.74888, -94.90122 75.93076, -94.53789 75.99644, -94.29629 75.78809, -94.62437 75.74888)), ((-80.32466 59.6332, -80.20996 59.72461, -80.18306 59.6835, -80.32466 59.6332)), ((-80.16709 59.76387, -80.04116 59.87017, -79.89863 59.85312, -80.16709 59.76387)), ((-96.9438 72.92671, -97.06924 73.13018, -96.8624 73.18882, -96.59849 73.07383, -96.9438 72.92671)), ((-97.35552 74.52632, -97.75 74.51055, -97.4165 74.62656, -97.35552 74.52632)), ((-98.97393 73.81206, -99.38516 73.8793, -98.90449 74.00688, -98.06104 74.10469, -97.69824 74.10869, -97.75474 74.00552, -98.14697 73.88882, -98.97393 73.81206)), ((-90.17739 69.35708, -90.33027 69.2522, -90.49204 69.36987, -90.17739 69.35708)), ((-90.57441 69.20942, -90.74238 69.35732, -90.59971 69.36782, -90.57441 69.20942)), ((-74.25352 62.62197, -74.62646 62.71274, -74.10894 62.68032, -74.25352 62.62197)), ((-74.95933 68.34224, -75.40024 68.52549, -75.2874 68.68774, -74.98364 68.64761, -74.79824 68.45796, -74.95933 68.34224)), ((-78.6689 60.71689, -78.61201 60.77231, -78.2417 60.81865, -78.6689 60.71689)), ((-79.06406 68.18179, -79.15347 68.33525, -78.82852 68.26816, -79.06406 68.18179)), ((-76.67759 63.39395, -77.05723 63.44976, -77.36475 63.58833, -77.13369 63.68203, -76.65244 63.50356, -76.67759 63.39395)), ((-79.36499 69.71235, -79.55283 69.63086, -80.04751 69.63433, -79.97783 69.50967, -80.44805 69.64971, -80.77822 69.677, -80.21367 69.80195, -79.97085 69.73896, -79.59399 69.8105, -79.36499 69.71235)), ((-77.96914 69.63896, -78.47007 69.50254, -78.84819 69.48281, -78.57856 69.63882, -78.14521 69.73921, -77.96914 69.63896)), ((-77.71406 63.9457, -77.93135 64.01479, -77.56362 64.02207, -77.71406 63.9457)), ((-82.93135 66.25732, -83.05986 66.19927, -83.21392 66.27705, -82.93135 66.25732)), ((-79.27974 68.83872, -79.40576 68.92305, -79.24268 69.04927, -78.9 69.1354, -78.59668 69.37061, -78.22896 69.304, -78.85269 68.91567, -79.27974 68.83872)), ((-77.21504 69.13809, -77.37939 69.27402, -77.18755 69.44009, -76.66885 69.36616, -76.91123 69.17466, -77.21504 69.13809)), ((-86.61274 70.10571, -86.73433 69.97632, -87.19082 70.01855, -87.10728 70.14668, -86.61274 70.10571)), ((-83.72598 65.79673, -83.23374 65.71504, -83.38145 65.62998, -83.7019 65.7562, -84.11826 65.77178, -84.14321 65.91597, -84.40718 66.13101, -83.70137 65.92012, -83.72598 65.79673)), ((-86.63818 67.73486, -86.9083 67.86704, -86.95981 68.10024, -86.7021 68.30562, -86.45195 68.22549, -86.38242 67.92729, -86.63818 67.73486)), ((-84.78291 65.57007, -85.13628 65.82085, -85.14961 66.01538, -84.93857 66.00854, -84.60264 65.65737, -84.78291 65.57007)), ((-93.08481 61.8417, -93.19668 61.91855, -92.99302 61.8897, -93.08481 61.8417)), ((-101.22612 76.57935, -101.61309 76.60459, -100.96216 76.73418, -100.26914 76.73413, -101.22612 76.57935)), ((-103.11821 78.12637, -103.26006 78.1835, -102.8918 78.27124, -103.11821 78.12637)), ((-101.83105 77.68735, -102.37783 77.72812, -102.44771 77.88062, -101.6394 77.89209, -101.12759 77.8126, -101.00205 77.73511, -101.83105 77.68735)), ((-89.77329 76.49385, -90.0543 76.49512, -90.55625 76.73457, -90.5248 76.78784, -89.94878 76.83623, -89.69541 76.74116, -89.77329 76.49385)), ((-96.46162 75.49424, -96.85713 75.36914, -96.98281 75.50981, -96.36782 75.65464, -95.95986 75.55435, -96.46162 75.49424)), ((-95.35244 74.50039, -95.85073 74.58247, -95.51021 74.63677, -95.35244 74.50039)), ((-121.24092 75.75186, -120.87871 75.90669, -120.95493 75.78877, -121.24092 75.75186)), ((-113.71245 76.71055, -114.75146 76.75889, -114.41987 76.87534, -113.89165 76.89487, -113.5165 76.82505, -113.71245 76.71055)), ((-104.30869 75.03096, -104.8874 75.14775, -104.64883 75.34976, -104.34619 75.42993, -103.8041 75.34551, -103.64214 75.16294, -103.81392 75.07974, -104.30869 75.03096)), ((-100.39731 68.72383, -100.61597 68.78291, -100.61157 68.99019, -100.41396 69.02808, -100.17847 68.90391, -100.39731 68.72383)), ((-100.01802 68.954, -100.24199 69.04038, -100.03535 69.08657, -100.01802 68.954)), ((-100.32124 70.4877, -100.64775 70.56313, -100.6353 70.67031, -100.27612 70.59463, -100.32124 70.4877)), ((-95.38091 69.50659, -95.49624 69.3501, -95.73013 69.34756, -95.7041 69.53804, -95.89346 69.35176, -95.93623 69.56704, -95.79775 69.62573, -95.38091 69.50659)), ((-101.26851 69.39058, -101.09834 69.54077, -101.00063 69.46191, -101.26851 69.39058)), ((-101.8459 68.58633, -102.26636 68.66367, -102.01338 68.82539, -101.72163 68.72412, -101.8459 68.58633)), ((-104.596 68.4022, -105.04175 68.53154, -104.602 68.56152, -104.596 68.4022)), ((-107.95024 67.31821, -108.15225 67.42944, -107.99087 67.62212, -107.95024 67.31821)), ((-109.16641 67.98237, -108.97051 67.97974, -108.92017 67.87881, -109.16641 67.98237)), ((-108.09272 67.00518, -107.80552 66.99858, -107.94395 66.85781, -108.09272 67.00518)), ((-109.36084 67.9876, -109.49795 68.04702, -109.3417 68.04585, -109.36084 67.9876)), ((-139.12573 69.53931, -139.1396 69.64961, -138.87886 69.5897, -139.12573 69.53931)))"
"95","95","Americas","North America","mexico","Mexico","Women

Politicians

Journalists

Activists","Organized crime groups

Corrupt officials

Police","Emergency","3,4,5,7,8","5","8","OK","current","2026-01-01","The profile describes organized-crime violence and impunity, with journalists, activists, officials and local communities systematically targeted.","Draft — verify profile","https://www.genocidewatch.com/country-pages/mexico","https://d0dbb2cb-698c-4513-aa47-eba3a335e06f.filesusr.com/ugd/fed2d2_ff7f00d758b14830934f1a7d630f2819.pdf","https://www.genocidewatch.com/country-pages/mexico","","","base_country","0","","MultiPolygon","EPSG:4326","Natural Earth 1:50m topology-simplified","ADMIN=Mexico","Base-country geometry standardised to Natural Earth 1:50m and simplified jointly as one polygon coverage. Shared borders remain edge-matched; tolerance 0.12 degrees.","9098e0a521ad6d32c8a6b2c2165f2dab1d79fbeb5186c3810c93a17af71070f1","","MULTIPOLYGON (((-117.12827 32.53335, -114.72476 32.71533, -114.83594 32.5083, -111.04199 31.32422, -108.21445 31.32944, -108.21182 31.77935, -106.45322 31.77017, -106.25571 31.54468, -105.8127 31.24102, -105.27583 30.80728, -104.97881 30.64595, -104.68135 30.13438, -104.504 29.67769, -104.1106 29.38613, -103.25771 29.00112, -102.86567 29.25801, -102.73418 29.64395, -102.34307 29.86499, -101.38037 29.74258, -100.65864 29.06855, -100.33174 28.50254, -100.29604 28.32769, -99.75425 27.72993, -99.50532 27.54834, -99.44355 27.03667, -99.22993 26.76191, -99.10776 26.44692, -98.27505 26.11118, -97.80142 26.04204, -97.35815 25.87051, -97.14624 25.96147, -97.2249 25.58545, -97.50708 25.01455, -97.66768 24.38999, -97.76587 23.30615, -97.74521 22.94238, -97.85781 22.62451, -97.63755 21.60366, -97.50059 21.39805, -97.12144 20.61499, -96.45605 19.86978, -96.28955 19.34375, -95.98467 19.05376, -95.82109 18.75464, -95.18184 18.70073, -94.79814 18.5146, -94.54619 18.17485, -94.18901 18.19526, -93.55234 18.43047, -92.88477 18.46865, -92.71011 18.61167, -91.97378 18.71587, -91.80298 18.47061, -91.53398 18.45654, -91.27524 18.62446, -91.43667 18.88979, -90.95503 19.15166, -90.73926 19.35225, -90.69316 19.72988, -90.50708 19.91187, -90.48413 20.55635, -90.35312 21.00942, -89.81978 21.27461, -88.87871 21.41411, -88.4667 21.56938, -88.13164 21.61587, -87.25088 21.44697, -87.36851 21.57373, -87.12847 21.62148, -86.82407 21.42168, -86.77178 21.15054, -86.8647 20.88506, -87.22124 20.50728, -87.46719 20.10215, -87.43193 19.89849, -87.6877 19.63711, -87.42476 19.58335, -87.65869 19.35234, -87.50107 19.28779, -87.76182 18.44614, -87.85322 18.26899, -88.05645 18.52446, -88.03174 18.83892, -88.19678 18.71968, -88.29565 18.47241, -88.523 18.4459, -88.80635 17.96553, -89.13354 17.9708, -89.16147 17.81484, -90.98916 17.81641, -90.99297 17.25244, -91.40962 17.25586, -90.97583 16.86782, -90.71069 16.70811, -90.63408 16.51074, -90.41699 16.39102, -90.44717 16.07271, -91.73657 16.07017, -92.18716 15.3209, -92.0748 15.07422, -92.23516 14.54541, -92.80894 15.13857, -93.91606 16.05356, -94.37417 16.28477, -94.42642 16.22627, -94.00127 16.01895, -94.66152 16.2019, -94.90044 16.41748, -95.02085 16.27764, -94.78579 16.2291, -95.13437 16.17695, -95.4644 15.97471, -96.21357 15.69307, -96.51084 15.6519, -97.18467 15.90928, -97.75479 15.96685, -98.13896 16.2063, -98.52031 16.30483, -98.76221 16.53477, -99.69067 16.71963, -100.02451 16.92051, -100.8478 17.20049, -101.60029 17.65156, -101.84707 17.92227, -102.69956 18.06284, -103.4416 18.32539, -103.91245 18.82847, -104.40518 19.09121, -104.93848 19.30938, -105.48208 19.97607, -105.66943 20.3856, -105.26016 20.57905, -105.49238 20.77661, -105.23706 21.11919, -105.20869 21.49082, -105.43145 21.61826, -105.64912 21.98809, -105.64551 22.3269, -105.7918 22.62749, -106.40225 23.19561, -106.5665 23.44946, -107.08486 24.01611, -107.76494 24.47192, -107.52725 24.36006, -107.51191 24.48916, -107.95117 24.61489, -108.20767 24.9748, -108.03569 25.03535, -108.75098 25.42422, -108.78726 25.53804, -109.02881 25.48047, -108.88657 25.73345, -109.19648 25.59253, -109.38496 25.72715, -109.42563 26.03257, -109.19971 26.30522, -109.27627 26.53389, -109.48286 26.71035, -109.75479 26.70293, -109.94399 27.07935, -110.27715 27.16221, -110.47778 27.32266, -110.61548 27.65391, -110.52988 27.86421, -111.12139 27.96699, -111.47168 28.38398, -111.68008 28.47056, -112.16177 29.0189, -112.22349 29.26948, -112.73838 29.98545, -112.8248 30.30015, -113.11045 30.79331, -113.04673 31.17925, -113.62349 31.3459, -113.63301 31.46763, -113.94775 31.62935, -114.14932 31.50737, -114.93359 31.90073, -114.78989 31.64712, -114.88188 31.1564, -114.76104 30.95874, -114.6333 30.50688, -114.64976 30.23813, -114.37261 29.83022, -114.1792 29.73433, -113.75547 29.36748, -113.49971 28.92671, -113.20557 28.79878, -113.09365 28.51177, -112.87085 28.42422, -112.73403 27.82598, -112.3292 27.52344, -112.19146 27.18667, -112.00396 27.0791, -111.86265 26.67852, -111.79526 26.87969, -111.56968 26.70762, -111.33213 26.12544, -111.2916 25.78979, -111.03442 25.52695, -110.89395 25.14424, -110.67725 24.78853, -110.73452 24.58984, -110.65933 24.34146, -110.36743 24.10049, -110.26289 24.34453, -110.0228 24.17461, -109.71055 23.80381, -109.67656 23.66157, -109.42085 23.48013, -109.45806 23.21475, -109.92344 22.88589, -110.08604 23.00547, -110.18062 23.3415, -110.3627 23.60493, -110.62998 23.7373, -111.03618 24.10527, -111.41934 24.329, -112.07256 24.84004, -112.12852 25.04312, -112.05576 25.48823, -112.17383 25.9126, -112.37725 26.21392, -112.6584 26.31675, -113.02075 26.58325, -113.15581 26.94624, -113.27227 26.79097, -113.59854 26.72129, -113.84097 26.9665, -114.44526 27.21816, -114.53989 27.4311, -114.99351 27.73604, -115.03647 27.84185, -114.57002 27.78394, -114.30059 27.873, -114.04849 28.42617, -114.14551 28.60542, -114.99351 29.38442, -115.16636 29.42725, -115.67383 29.7564, -115.8083 29.96021, -115.81562 30.30361, -115.9958 30.41445, -116.06216 30.80415, -116.29629 30.97051, -116.33345 31.20278, -116.66216 31.56489, -116.6208 31.85107, -116.848 31.99736, -117.12827 32.53335)), ((-86.93965 20.30332, -86.92783 20.55151, -86.75503 20.55176, -86.93965 20.30332)), ((-106.53135 21.52852, -106.63936 21.69785, -106.53643 21.67637, -106.53135 21.52852)), ((-110.91445 18.74146, -111.06367 18.78164, -110.9894 18.86313, -110.91445 18.74146)), ((-110.53887 24.89155, -110.65742 24.96885, -110.59521 25.04214, -110.53887 24.89155)), ((-113.16279 29.03477, -113.58062 29.41323, -113.58721 29.57305, -113.37383 29.33892, -113.20215 29.30186, -113.16279 29.03477)), ((-115.18428 28.03726, -115.35293 28.10396, -115.19697 28.32788, -115.18428 28.03726)), ((-112.20308 29.00532, -112.27842 28.76934, -112.51406 28.84761, -112.46982 29.16772, -112.28506 29.24043, -112.20308 29.00532)), ((-118.2855 28.90376, -118.4001 29.1123, -118.3123 29.18286, -118.2855 28.90376)), ((-86.69629 21.19102, -86.71362 21.19678, -86.73906 21.27998, -86.69629 21.19102)), ((-91.68369 18.67734, -91.81611 18.67588, -91.58911 18.77803, -91.68369 18.67734)), ((-109.87793 24.20063, -109.89033 24.34482, -109.7938 24.1834, -109.87793 24.20063)), ((-114.78921 31.74741, -114.77109 31.79409, -114.68794 31.72422, -114.78921 31.74741)), ((-111.22466 25.83589, -111.18291 26.04062, -111.09087 26.07568, -111.22466 25.83589)), ((-111.7123 24.34639, -112.01328 24.5334, -111.85684 24.53799, -111.7123 24.34639)), ((-112.29678 24.78965, -112.13169 25.22437, -112.19839 24.88545, -112.29678 24.78965)))"
"96","96","Americas","North America","united-states","United States","Native Americans

Black Americans

Asian Americans and Pacific Islanders

Latinx Americans

Jews","US Government

Individual citizens","Warning","3,4,6,10","4","10","OK","historical","","The profile links systemic oppression of Native and Black communities with continuing discrimination and violence affecting Asian, Latinx, Jewish and Muslim communities.","Draft — verify profile","https://www.genocidewatch.com/country-pages/united-states-of-america","https://www.genocidewatch.com/de/_files/ugd/df1038_437b599e1fee498f89277dbe10477378.pdf","https://www.genocidewatch.com/country-pages/united-states-of-america","","","base_country","0","","MultiPolygon","EPSG:4326","Natural Earth 1:50m topology-simplified","ADMIN=United States of America","Base-country geometry standardised to Natural Earth 1:50m and simplified jointly as one polygon coverage. Shared borders remain edge-matched; tolerance 0.12 degrees.","255135b78d554b771eb5968ae8774e8c3eafd6c6caceed2a8765955ab3dcb274","","MULTIPOLYGON (((-132.93081 56.52446, -132.84253 56.79478, -132.56797 56.57583, -132.93081 56.52446)), ((-132.77988 56.24727, -133.03501 56.34092, -132.90205 56.45376, -132.64336 56.43516, -132.77988 56.24727)), ((-134.31987 58.2041, -134.59399 58.24312, -134.51997 58.33252, -134.31987 58.2041)), ((-145.15049 60.31265, -145.28428 60.33682, -145.12812 60.40112, -145.15049 60.31265)), ((-144.61357 59.81265, -144.44492 59.95068, -144.24897 59.98213, -144.61357 59.81265)), ((-148.27188 60.05327, -148.07959 60.15166, -147.91421 60.09233, -148.27188 60.05327)), ((-151.95972 60.50376, -151.8873 60.47271, -151.98691 60.37397, -151.95972 60.50376)), ((-160.3293 55.3377, -160.34331 55.25879, -160.49292 55.35234, -160.3293 55.3377)), ((-159.42134 54.97812, -159.46191 55.05879, -159.39043 55.04087, -159.42134 54.97812)), ((-159.52041 55.07217, -159.63965 55.12397, -159.54507 55.22598, -159.52041 55.07217)), ((-166.22383 53.72041, -166.25073 53.76777, -166.11372 53.84307, -166.22383 53.72041)), ((-176.00898 51.81235, -176.20444 51.83481, -176.19365 51.88628, -176.00898 51.81235)), ((-166.10986 66.22744, -166.03252 66.27773, -165.82988 66.31714, -166.10986 66.22744)), ((-171.44785 63.61567, -170.87461 63.59399, -170.43042 63.69883, -170.12183 63.61753, -170.01738 63.49175, -169.42759 63.34834, -168.71602 63.3106, -168.85239 63.17124, -169.3647 63.17114, -169.67637 62.9561, -169.77778 63.09375, -170.1896 63.19634, -170.5271 63.3793, -171.06123 63.4459, -171.40117 63.33926, -171.79097 63.42471, -171.74639 63.70308, -171.44785 63.61567)), ((-165.72969 60.31421, -165.5918 59.91313, -166.09985 59.84961, -166.10669 59.77544, -166.62764 59.86465, -167.13887 60.00854, -167.43643 60.20664, -166.83633 60.21699, -166.47568 60.38276, -166.18496 60.39678, -165.72969 60.31421)), ((-152.89082 57.76899, -152.42876 57.82568, -152.41147 57.64609, -152.21621 57.577, -152.41221 57.45479, -152.91216 57.50815, -152.67905 57.34512, -153.27437 57.22637, -153.64653 57.02959, -153.75723 56.85835, -154.07085 56.82065, -153.79321 56.9895, -154.24375 57.14302, -154.26094 56.91177, -154.49878 57.03657, -154.70596 57.33535, -154.5353 57.55942, -154.02983 57.63071, -153.80542 57.3582, -153.90444 57.81987, -153.66265 57.85781, -153.52446 57.73101, -153.25239 57.79048, -153.16045 57.97197, -152.85039 57.89678, -152.89082 57.76899)), ((-130.0251 55.88823, -130.14653 55.65449, -130.03657 55.2979, -130.21406 55.02588, -130.57534 54.76968, -130.84961 54.80762, -131.04785 55.15767, -130.83506 55.33208, -130.91855 55.73599, -131.14038 55.99751, -131.03276 56.08809, -131.78418 55.87656, -131.9834 55.53501, -132.22344 55.72104, -131.84385 56.16011, -132.18203 56.42065, -132.48711 56.76641, -132.8022 56.89517, -132.91343 57.04746, -133.46587 57.17217, -133.43667 57.33687, -133.5542 57.69507, -133.11704 57.56621, -133.51548 57.77515, -133.55938 57.92446, -133.74414 57.85459, -134.0311 58.07217, -134.04526 58.28926, -134.20884 58.23296, -134.66362 58.38472, -135.13184 58.84287, -135.36367 59.41943, -135.50234 59.20229, -135.04971 58.30679, -135.30254 58.25591, -135.57178 58.41206, -135.87344 58.39424, -135.86172 58.57705, -136.15005 59.0481, -136.14683 58.78882, -136.98901 59.03447, -136.8791 58.88154, -136.22461 58.60225, -136.05596 58.38418, -136.58262 58.24521, -137.54399 58.5812, -138.0269 58.94146, -138.35249 59.0873, -139.34097 59.37563, -139.79912 59.54624, -139.50557 59.72632, -139.58218 59.84829, -139.33096 59.877, -139.28672 59.61094, -139.17886 59.83984, -139.51895 60.01709, -139.8502 59.83071, -140.21675 59.72666, -140.84316 59.74888, -141.4083 59.90278, -141.32954 60.08281, -141.67017 59.96987, -142.54858 60.08604, -142.94565 60.09697, -143.80508 60.01289, -144.14722 60.01641, -144.33262 60.19102, -144.90132 60.33516, -144.69111 60.66909, -145.24829 60.38013, -145.89888 60.47817, -145.6749 60.65112, -146.14902 60.66069, -146.63843 60.89731, -146.58271 61.12783, -146.98018 60.97778, -147.39058 60.91802, -147.56729 60.99492, -147.89111 60.88989, -148.00513 60.96855, -147.75186 61.21895, -148.20869 61.02993, -148.34443 60.85356, -148.55737 60.80293, -148.26787 60.69971, -148.33843 60.56982, -147.98403 60.52334, -148.20356 60.36494, -148.19761 60.16777, -148.43071 59.98911, -148.84272 59.95122, -149.39526 60.10576, -149.59805 59.77046, -149.71387 59.91958, -149.80127 59.73794, -150.19805 59.56655, -150.60737 59.56338, -150.93452 59.24912, -151.18276 59.30078, -151.73818 59.18853, -151.96406 59.28511, -151.84995 59.40635, -151.39961 59.51631, -151.08945 59.7894, -151.40366 59.66226, -151.85322 59.78208, -151.73452 59.98833, -151.45146 60.20264, -151.3127 60.46646, -151.35645 60.72295, -150.44126 61.02358, -150.11304 60.93281, -149.59248 60.99385, -150.05327 61.17109, -149.596 61.41729, -149.69526 61.4707, -149.94521 61.29424, -150.61226 61.30112, -151.15015 61.08584, -151.73398 60.91074, -151.75049 60.75488, -152.2707 60.52812, -152.2603 60.40942, -152.65396 60.23843, -153.03125 60.28926, -152.66475 60.12529, -152.75947 59.9209, -153.21123 59.84272, -153.04814 59.73003, -153.4144 59.74014, -153.81416 59.47373, -154.08833 59.36328, -154.17832 59.15557, -153.6564 59.03867, -153.32705 58.88433, -153.61733 58.65474, -154.01987 58.49297, -154.24702 58.15942, -154.58491 58.05566, -155.00688 58.01606, -155.31274 57.80713, -155.59023 57.73359, -155.77798 57.56821, -156.0002 57.54497, -156.47842 57.32788, -156.39766 57.24058, -156.629 57.00996, -157.13916 56.82656, -157.39023 56.80981, -157.60977 56.62769, -157.86909 56.64521, -158.5374 56.33545, -158.27563 56.19624, -158.50469 56.06211, -158.59116 56.18452, -158.78984 55.98691, -159.52324 55.81001, -159.65967 55.62593, -159.74302 55.84375, -159.9623 55.79487, -160.49932 55.5373, -160.89673 55.51362, -161.09951 55.40571, -161.48052 55.3978, -161.45879 55.62915, -162.07397 55.13931, -162.33291 55.05024, -162.54189 55.24272, -162.67437 54.99658, -163.1002 54.97363, -163.3353 54.83916, -163.30366 55.09585, -162.90659 55.19556, -162.15713 55.71943, -161.69731 55.90723, -161.21562 56.02144, -160.89863 55.99365, -161.00537 55.88716, -160.27012 55.83218, -160.53906 56.0063, -160.30205 56.31411, -159.78506 56.56162, -159.28311 56.68857, -158.99038 56.86006, -158.67515 56.79487, -158.66079 57.0394, -158.32095 57.2979, -157.73721 57.54814, -157.55503 58.13994, -157.1937 58.19419, -157.48838 58.25371, -157.52363 58.42134, -157.04048 58.77256, -156.80889 59.13428, -157.14204 58.87764, -158.02192 58.64019, -158.30259 58.6418, -158.50317 58.85034, -158.42563 58.99932, -158.08052 58.97744, -158.4228 59.08984, -158.77554 58.90254, -158.86138 58.71875, -158.78862 58.44097, -158.95068 58.40454, -159.67026 58.91113, -159.92021 58.81987, -160.36313 59.05117, -160.81709 58.87168, -161.21592 58.80098, -161.36133 58.66953, -161.75547 58.61201, -162.14492 58.64424, -161.72437 58.79429, -161.78867 59.01641, -162.02329 59.28398, -161.82871 59.58862, -162.24248 60.17832, -162.42134 60.28398, -162.13804 60.68555, -162.68496 60.26895, -162.50049 60.12656, -162.57075 59.98975, -163.21938 59.84561, -163.90688 59.80679, -164.13154 59.99424, -164.66226 60.30381, -165.06113 60.41255, -165.02651 60.50063, -165.35381 60.54121, -164.80518 60.89204, -164.26567 60.72466, -164.37236 60.59185, -163.99956 60.76606, -163.72998 60.58999, -163.42095 60.75742, -163.90654 60.85381, -163.58691 60.90298, -163.74902 60.96973, -163.99463 60.8647, -164.44155 60.86997, -165.17549 60.96567, -164.87559 61.08677, -165.39204 61.2123, -165.56587 61.10234, -165.69136 61.2999, -166.09399 61.50674, -166.16812 61.65083, -165.80894 61.69609, -165.99141 61.83418, -165.61279 61.86929, -165.70728 62.10044, -165.19453 62.47354, -164.7792 62.48115, -164.84541 62.80098, -164.5252 63.12764, -164.10762 63.26172, -163.35884 63.04575, -163.06226 63.07974, -162.62148 63.26582, -162.28281 63.5292, -161.97397 63.45293, -161.50542 63.46816, -161.09971 63.55791, -160.77856 63.81895, -160.98755 64.25127, -161.4146 64.52637, -160.93193 64.5791, -160.88696 64.79556, -161.18691 64.92402, -161.46636 64.79487, -161.75938 64.81626, -162.17227 64.67808, -162.80703 64.37422, -162.87642 64.51641, -163.14434 64.42383, -163.71309 64.58823, -164.30396 64.58394, -164.89951 64.46064, -166.14277 64.58276, -166.4814 64.72808, -166.41523 64.92651, -166.92842 65.15708, -166.53101 65.15474, -166.19741 65.30557, -167.404 65.42212, -167.98726 65.56777, -168.08838 65.65776, -167.58003 65.7583, -167.40532 65.85933, -167.07422 65.87705, -166.74766 66.05186, -166.2146 66.17026, -165.72368 66.11255, -165.84023 66.24507, -165.44941 66.40991, -165.06396 66.43784, -164.4605 66.58843, -163.72769 66.61646, -164.03374 66.21553, -163.69536 66.08384, -162.88647 66.09922, -162.58687 66.05083, -161.81631 66.05366, -161.45542 66.2814, -161.03428 66.18882, -161.12031 66.33433, -161.54443 66.40703, -161.82817 66.37085, -162.19116 66.69312, -162.46743 66.73564, -162.60742 66.89438, -162.36162 66.94731, -162.01763 66.78413, -161.90957 66.55962, -161.59102 66.45952, -161.04814 66.47422, -160.65054 66.3731, -160.23169 66.42026, -160.26255 66.57246, -160.86401 66.67085, -161.39805 66.55186, -161.85669 66.70034, -161.87876 66.80396, -161.62222 66.97935, -161.96543 67.04956, -163.00171 67.02729, -163.53184 67.10259, -163.72056 67.19556, -164.1252 67.60674, -165.38604 68.04561, -165.95957 68.15591, -166.23594 68.27793, -166.78628 68.35962, -166.38052 68.42515, -166.20908 68.88535, -165.50947 68.86758, -164.30234 68.93647, -163.86792 69.03667, -163.16147 69.38794, -162.9521 69.75811, -161.88096 70.33174, -161.76108 70.25767, -162.07388 70.16196, -160.99629 70.30459, -160.11714 70.59121, -159.96313 70.56816, -160.09507 70.3333, -159.86567 70.27886, -159.74619 70.53047, -160.08159 70.63486, -159.3145 70.87852, -159.25117 70.74844, -158.99629 70.80161, -157.99849 70.84531, -157.19531 71.09326, -156.7833 71.31895, -156.47021 71.40767, -156.46997 71.29155, -155.57944 71.12109, -156.14658 70.92783, -155.87222 70.83467, -155.57939 70.89434, -155.16685 71.09922, -154.67368 70.98711, -154.78521 70.89429, -154.19521 70.80112, -153.91821 70.87734, -153.23291 70.93257, -152.49121 70.88096, -152.23291 70.81035, -152.47061 70.65361, -152.17295 70.55664, -151.76904 70.56016, -151.94468 70.4521, -151.2248 70.41875, -150.66265 70.50991, -150.15249 70.4437, -149.87012 70.50967, -149.26943 70.50078, -148.68838 70.41631, -148.4792 70.31792, -148.24878 70.35674, -147.70537 70.21724, -145.82314 70.16006, -145.19736 70.00869, -144.61919 69.98213, -144.41689 70.03901, -143.21831 70.11626, -142.70786 70.03379, -142.29697 69.86987, -141.69922 69.77036, -141.40791 69.65337, -141.00215 69.65078, -141.00215 60.30024, -140.52544 60.21836, -140.45283 60.29971, -139.97329 60.18315, -139.67632 60.32832, -139.07925 60.3437, -139.18516 60.08359, -138.70547 59.90132, -138.63228 59.77827, -137.59331 59.22627, -137.43857 58.90312, -136.81328 59.15005, -136.57876 59.15225, -136.32183 59.60483, -135.47593 59.79326, -135.05103 59.57866, -134.94375 59.28828, -134.44077 59.08535, -134.21851 58.8499, -133.82075 58.70503, -133.40112 58.41089, -133.27529 58.22285, -132.23218 57.19854, -132.33799 57.07944, -132.03154 57.02656, -132.1043 56.85679, -131.86616 56.79282, -131.82427 56.58999, -131.5751 56.59883, -131.08291 56.40483, -130.4771 56.23057, -130.41313 56.12251, -130.09785 56.10928, -130.0251 55.88823)), ((-163.35811 54.73569, -163.58301 54.62568, -164.07329 54.621, -164.46348 54.42734, -164.82344 54.41909, -164.88765 54.60781, -164.52979 54.88086, -163.86797 55.03911, -163.60747 55.05083, -163.35811 54.73569)), ((-133.28169 55.49785, -133.6502 55.26929, -133.73711 55.49692, -133.28169 55.49785)), ((-131.23203 54.90376, -131.4062 54.89429, -131.56543 55.26411, -131.40464 55.21333, -131.23203 54.90376)), ((-132.13296 55.94326, -132.65991 56.07817, -132.37983 56.49878, -132.06689 56.24424, -132.13296 55.94326)), ((-131.01392 55.3793, -131.18789 55.2063, -131.4207 55.27588, -131.44756 55.40879, -131.7625 55.16582, -131.84609 55.41626, -131.64756 55.58555, -131.62495 55.83169, -131.26924 55.95537, -130.96597 55.66953, -131.01392 55.3793)), ((-133.0708 56.97427, -132.95415 56.88027, -133.03491 56.62075, -133.21265 56.4646, -133.60278 56.46411, -133.68096 56.79751, -133.97944 57.00957, -133.86597 57.0687, -133.0708 56.97427)), ((-132.83774 54.88096, -132.61724 54.89243, -132.70581 54.68418, -133.12271 54.96982, -133.29658 55.32573, -133.09741 55.21372, -132.83774 54.88096)), ((-146.10225 60.41118, -146.61831 60.27368, -146.5603 60.48057, -146.10225 60.41118)), ((-147.84634 59.79883, -147.76807 59.94375, -147.33652 60.18535, -147.18086 60.35825, -146.98672 60.25435, -147.31846 60.07529, -147.54023 59.86753, -147.84634 59.79883)), ((-147.65996 60.35249, -147.87134 60.22979, -147.79453 60.45986, -147.65996 60.35249)), ((-147.93071 60.82617, -148.12378 60.84434, -148.10166 60.91611, -147.93071 60.82617)), ((-153.29541 57.00044, -153.28521 57.18506, -152.93545 57.16733, -153.29541 57.00044)), ((-152.51553 58.47861, -152.63662 58.5417, -152.35684 58.59497, -152.51553 58.47861)), ((-153.26855 57.82236, -153.51709 57.94189, -153.34697 57.93281, -153.26855 57.82236)), ((-155.60488 55.78955, -155.73735 55.82979, -155.57324 55.92109, -155.60488 55.78955)), ((-154.68281 56.43579, -154.72935 56.50215, -154.44487 56.57319, -154.68281 56.43579)), ((-154.25781 56.5127, -154.32222 56.57061, -154.1104 56.60293, -154.25781 56.5127)), ((-160.48755 55.18486, -160.79507 55.14521, -160.72393 55.40464, -160.48755 55.18486)), ((-162.32192 54.84238, -162.43389 54.93154, -162.2646 54.9835, -162.32192 54.84238)), ((-162.64111 54.37954, -162.82056 54.49453, -162.64541 54.46206, -162.64111 54.37954)), ((-159.873 55.12876, -160.22705 54.92271, -160.17207 55.12305, -159.92046 55.26753, -159.873 55.12876)), ((-166.03643 54.04717, -165.89287 54.20698, -165.73789 54.0811, -166.03643 54.04717)), ((-165.60483 54.12915, -165.65415 54.25332, -165.40786 54.19683, -165.60483 54.12915)), ((-160.91899 58.5771, -161.13149 58.66821, -160.71514 58.79521, -160.91899 58.5771)), ((-172.23208 60.29912, -172.63574 60.32886, -173.07402 60.49321, -172.86021 60.50566, -172.23208 60.29912)), ((-170.26401 57.13677, -170.38662 57.20303, -170.11616 57.2418, -170.26401 57.13677)), ((-169.72275 52.79233, -169.98057 52.80601, -169.75488 52.88364, -169.72275 52.79233)), ((-170.79736 52.54976, -170.68208 52.69756, -170.61401 52.60962, -170.79736 52.54976)), ((-172.61982 52.27285, -172.47041 52.38804, -172.31362 52.32959, -172.61982 52.27285)), ((-169.75522 56.63506, -169.47432 56.59404, -169.58687 56.54243, -169.75522 56.63506)), ((-176.39609 51.75986, -176.37856 51.86113, -176.28022 51.80283, -176.39609 51.75986)), ((-176.14287 52.0043, -176.15566 52.09941, -175.97529 52.02896, -176.14287 52.0043)), ((-177.14819 51.71675, -177.65488 51.67656, -177.06304 51.9019, -177.14819 51.71675)), ((178.51182 51.89912, 178.50938 51.99468, 178.60732 51.95303, 178.51182 51.89912)), ((179.45156 51.37261, 179.27813 51.37222, 178.69219 51.65596, 178.90801 51.61558, 179.45156 51.37261)), ((173.72275 52.35957, 173.40234 52.40479, 173.77607 52.49512, 173.72275 52.35957)), ((-134.96978 57.35142, -134.6207 56.71831, -134.654 56.22749, -134.98057 56.51895, -134.8751 56.67046, -135.33062 56.82188, -135.19961 57.02734, -135.50195 57.24385, -135.8123 57.00952, -135.78711 57.31729, -135.34629 57.53311, -134.96978 57.35142)), ((-134.68027 58.16167, -134.24009 58.14399, -133.9041 57.78921, -133.925 57.6708, -134.18027 58.01113, -134.26709 57.88452, -133.93701 57.58159, -133.92529 57.33677, -134.26016 57.14678, -134.5915 57.09199, -134.48677 57.48203, -134.65986 57.63809, -134.7541 57.99502, -134.90767 58.26279, -134.68027 58.16167)), ((-135.5875 58.14678, -135.61323 57.99185, -135.34663 58.12412, -135.0021 58.05107, -134.93149 57.48115, -135.49785 57.66226, -135.69194 57.41992, -135.91079 57.44658, -136.07661 57.67456, -136.5686 57.97217, -136.32197 58.2189, -135.78706 58.26851, -135.5875 58.14678)), ((-133.56611 56.33921, -133.20298 56.31982, -133.09663 56.09004, -132.75757 55.99502, -132.17271 55.48062, -132.51128 55.59395, -132.5916 55.46436, -132.21528 55.38354, -132.21489 55.23677, -131.97642 55.20859, -131.98086 54.80483, -132.13433 54.71255, -132.34131 54.90723, -132.54937 54.95259, -132.62217 55.13594, -132.78232 55.04849, -133.10303 55.36025, -132.95889 55.39556, -133.0334 55.5897, -133.29824 55.60688, -133.68018 55.78516, -133.2415 55.9208, -133.37124 56.03589, -133.68423 55.94277, -133.53086 56.14565, -133.56611 56.33921)), ((-133.73838 56.65044, -133.85527 56.58218, -133.94971 56.12773, -134.1896 56.07695, -134.19546 56.41353, -134.37368 56.83867, -134.14326 56.93232, -133.73838 56.65044)), ((-152.31626 58.41348, -151.97437 58.30986, -152.10908 58.16113, -152.59824 58.1626, -152.78154 58.01592, -153.38135 58.08721, -152.84111 58.41641, -152.31626 58.41348)), ((-168.2707 53.23804, -168.50562 53.04316, -169.06592 52.83394, -168.63901 53.25576, -168.43662 53.25688, -168.2877 53.50015, -167.98569 53.5582, -167.86514 53.3873, -168.2707 53.23804)), ((-166.57217 53.85347, -166.37231 53.99897, -166.23086 53.93262, -166.54922 53.70098, -166.30947 53.69751, -166.77041 53.47603, -167.52246 53.27622, -167.80879 53.32378, -167.13608 53.52646, -167.01572 53.69839, -167.11816 53.87261, -166.62739 53.99565, -166.57217 53.85347)), ((-173.0229 52.07915, -173.46099 52.04155, -173.9896 52.10361, -173.65684 52.14375, -173.0229 52.07915)), ((-175.21387 51.9939, -175.29556 52.02217, -174.30615 52.21616, -174.43555 52.31724, -174.1689 52.42017, -174.01836 52.33179, -174.34355 52.07778, -175.21387 51.9939)), ((-176.43735 51.7543, -176.96162 51.60366, -176.69834 51.98604, -176.43735 51.7543)), ((-177.92534 51.61738, -178.19453 51.88223, -177.95381 51.91846, -177.77065 51.77788, -177.92534 51.61738)), ((179.54961 51.89404, 179.62715 52.03042, 179.77998 51.96685, 179.54961 51.89404)), ((177.25029 51.90293, 177.66963 52.10303, 177.59414 51.94756, 177.25029 51.90293)), ((173.10215 52.99561, 173.43604 52.85205, 172.93516 52.7521, 172.49482 52.93789, 172.67793 53.00757, 173.10215 52.99561)), ((-155.62563 18.96392, -155.8813 19.07051, -155.89072 19.38252, -156.04868 19.74995, -155.82031 20.01416, -155.83164 20.27583, -155.19878 19.99438, -155.06592 19.74819, -154.8042 19.52446, -155.05347 19.31919, -155.30962 19.26016, -155.62563 18.96392)), ((-157.21362 21.21538, -156.71216 21.15508, -156.85986 21.05635, -157.29033 21.1126, -157.21362 21.21538)), ((-156.27754 20.95127, -155.98984 20.75713, -156.10713 20.64478, -156.43823 20.61787, -156.48008 20.80122, -156.6897 20.90142, -156.5854 21.03433, -156.27754 20.95127)), ((-157.6354 21.30762, -158.11035 21.3186, -158.27314 21.58525, -157.9625 21.70137, -157.6354 21.30762)), ((-159.46069 21.87612, -159.78916 22.0418, -159.5792 22.22314, -159.30068 22.10527, -159.46069 21.87612)), ((-160.2209 21.89727, -160.10063 22.01523, -160.08003 21.90742, -160.2209 21.89727)), ((-156.97339 20.75752, -157.05059 20.91245, -156.80938 20.83115, -156.97339 20.75752)), ((-74.70889 45.00386, -71.51753 45.00757, -71.32729 45.29009, -70.898 45.26245, -70.70225 45.55137, -70.29624 45.9061, -70.24829 46.25088, -70.06719 46.44106, -70.00771 46.70894, -69.24287 47.46299, -69.0502 47.42661, -69.04858 47.27363, -68.82871 47.20332, -68.31089 47.35449, -67.80679 47.08281, -67.78467 45.70171, -67.43267 45.60312, -67.47256 45.27588, -67.12485 45.16943, -67.10674 44.88506, -66.98701 44.82769, -67.19126 44.67559, -67.36406 44.69688, -67.65298 44.5624, -67.83906 44.57627, -68.05664 44.38433, -68.11729 44.49062, -68.45059 44.50762, -68.53252 44.25864, -68.81191 44.33936, -68.7627 44.57075, -68.96147 44.43384, -69.06836 44.09756, -69.80835 43.77231, -69.96523 43.85508, -70.5207 43.34883, -70.82905 42.82534, -70.61294 42.62324, -70.83115 42.55259, -71.04619 42.3311, -70.73828 42.22886, -70.5147 41.80332, -70.29546 41.72896, -70.00142 41.82617, -69.94863 41.67715, -70.40469 41.6269, -70.65713 41.53423, -70.70112 41.71484, -71.16855 41.4894, -71.2043 41.64111, -71.39014 41.79531, -71.52285 41.37896, -72.26528 41.29165, -72.92471 41.28516, -73.58301 41.02187, -74.22671 40.60801, -74.26421 40.52861, -74.2415 40.45625, -73.99844 40.45215, -73.95762 40.32837, -74.17612 39.72661, -74.42881 39.38721, -74.60298 39.29258, -74.79448 39.0019, -75.52422 39.49019, -75.42188 39.7897, -75.5876 39.64077, -75.39219 39.09277, -75.03589 38.50332, -75.35352 38.06504, -75.59639 37.6312, -75.81206 37.4252, -75.93437 37.1519, -75.99736 37.26382, -75.88813 37.61914, -75.65928 37.95396, -75.85083 37.97158, -75.88882 38.35552, -76.21167 38.36133, -76.26416 38.59995, -76.00093 38.60171, -76.27832 38.77246, -76.16816 38.85273, -76.23569 39.1916, -75.87295 39.51089, -76.4209 39.225, -76.50132 38.53218, -76.39409 38.36899, -76.45439 38.17354, -76.88975 38.29209, -77.00117 38.44526, -77.2416 38.49482, -77.01816 38.77773, -77.2604 38.6, -77.31367 38.39663, -77.04678 38.35669, -76.90635 38.19707, -76.54951 38.09448, -76.26426 37.89355, -76.34414 37.67568, -76.26348 37.35703, -76.61089 37.32256, -76.2833 37.05269, -76.40088 36.99131, -76.70352 37.21768, -76.63394 37.04741, -76.39956 36.88984, -75.99941 36.91265, -75.99277 36.47378, -75.88301 36.17568, -76.14785 36.2793, -76.15 36.14575, -76.72622 35.95762, -76.06978 35.97031, -75.77222 35.8999, -75.77393 35.64697, -76.17383 35.35415, -76.4895 35.39702, -76.53247 35.50845, -76.97446 35.4584, -76.51294 35.27041, -76.62803 35.07334, -76.89863 34.97026, -76.45674 34.98936, -76.51689 34.77725, -77.13389 34.70791, -77.75073 34.28496, -77.92783 33.93975, -78.57769 33.87324, -78.92031 33.65869, -79.22925 33.18516, -80.02178 32.61992, -80.47427 32.42275, -80.92344 31.94492, -81.11328 31.87861, -81.28848 31.26392, -81.44175 31.19971, -81.52041 30.87466, -81.24951 29.7938, -80.9 29.04985, -80.52412 28.48608, -80.83818 28.75767, -80.74863 28.38101, -80.22612 27.20703, -80.12578 27.08301, -80.04131 26.5686, -80.15894 25.87832, -80.36694 25.33125, -80.73652 25.15635, -81.1105 25.13804, -81.11333 25.36724, -81.36494 25.83105, -81.71548 25.98315, -81.86655 26.43501, -82.0396 26.55205, -82.06694 26.89155, -82.29004 26.8708, -82.44136 27.05967, -82.63584 27.52456, -82.40054 27.8354, -82.57959 27.95845, -82.66089 27.71841, -82.84351 27.846, -82.66064 28.48584, -82.65146 28.8875, -82.76934 29.05156, -83.29048 29.4519, -83.69438 29.92598, -84.04424 30.10381, -84.30967 30.06475, -84.38281 29.90737, -84.80054 29.77305, -85.31895 29.68022, -85.35361 29.87573, -85.75581 30.16699, -86.45444 30.39912, -87.20117 30.33926, -86.98579 30.43086, -87.17061 30.53877, -87.28105 30.33926, -87.79028 30.2918, -88.01133 30.69419, -88.13545 30.3666, -88.69209 30.35537, -88.90522 30.41514, -89.32056 30.34531, -89.58848 30.16597, -90.22529 30.3793, -90.41304 30.14033, -90.17534 30.0291, -89.73745 30.17197, -89.81519 30.00728, -89.5895 29.91504, -89.40073 30.04604, -89.35444 29.82021, -89.7209 29.61929, -89.51367 29.42007, -89.01572 29.20288, -89.15552 29.0166, -89.35352 29.07021, -89.87725 29.45801, -90.05234 29.4314, -90.21279 29.10493, -90.3792 29.29512, -90.75103 29.13086, -91.29014 29.28896, -91.24399 29.45732, -91.51421 29.55537, -91.89316 29.83604, -92.26084 29.55684, -92.67129 29.59707, -93.17568 29.77896, -93.94629 29.81499, -94.09966 29.67041, -94.52627 29.54795, -94.77827 29.54785, -94.74194 29.75, -95.02285 29.70234, -94.88828 29.37056, -95.27349 28.96387, -95.85342 28.64033, -96.64004 28.70879, -96.42109 28.45732, -97.03433 28.09385, -97.17144 27.87959, -97.43149 27.83721, -97.28872 27.67061, -97.43911 27.32827, -97.76846 27.45752, -97.69238 27.28716, -97.48511 27.2374, -97.55469 26.96733, -97.40234 26.39653, -97.14624 25.96147, -97.35815 25.87051, -97.80142 26.04204, -98.27505 26.11118, -99.10776 26.44692, -99.22993 26.76191, -99.44355 27.03667, -99.50532 27.54834, -99.75425 27.72993, -100.29604 28.32769, -100.33174 28.50254, -100.65864 29.06855, -101.38037 29.74258, -102.34307 29.86499, -102.73418 29.64395, -102.86567 29.25801, -103.25771 29.00112, -104.1106 29.38613, -104.504 29.67769, -104.68135 30.13438, -104.97881 30.64595, -105.27583 30.80728, -105.8127 31.24102, -106.25571 31.54468, -106.45322 31.77017, -108.21182 31.77935, -108.21445 31.32944, -111.04199 31.32422, -114.83594 32.5083, -114.72476 32.71533, -117.12827 32.53335, -117.24346 32.66401, -117.31885 33.10005, -117.46743 33.29551, -118.08052 33.72217, -118.41045 33.74395, -118.5062 34.01738, -119.14375 34.11201, -119.26768 34.25742, -119.60605 34.41802, -120.4812 34.47163, -120.64468 34.57998, -120.63359 35.07646, -120.85737 35.20967, -120.8603 35.36543, -121.34385 35.79224, -121.87739 36.33105, -121.91865 36.57236, -121.78999 36.73228, -121.88066 36.93892, -122.16421 36.99097, -122.39492 37.20752, -122.51421 37.77197, -122.07051 37.47827, -122.38545 37.9606, -122.21704 38.04062, -121.71685 38.03408, -122.03149 38.12354, -122.48389 38.10884, -122.52134 37.82642, -122.93198 38.05547, -123.12114 38.44927, -123.70112 38.90728, -123.82031 39.36841, -123.7835 39.6187, -123.88447 39.86079, -124.32402 40.25195, -124.37168 40.49121, -124.13311 40.96978, -124.06851 41.38418, -124.24463 41.78794, -124.21167 41.98462, -124.35527 42.1229, -124.40615 42.58369, -124.53965 42.81289, -124.34658 43.34165, -124.14873 43.69175, -124.05918 44.77773, -123.92935 45.57695, -123.91167 46.18218, -123.46484 46.27109, -124.07275 46.27944, -124.04434 46.60508, -123.94614 46.43257, -123.88916 46.66001, -124.11255 46.8627, -123.84287 46.96318, -124.11172 47.03521, -124.37603 47.65864, -124.62109 47.90415, -124.70996 48.38037, -123.97578 48.16846, -123.02422 48.08159, -122.77861 48.1376, -122.65664 47.88115, -122.82139 47.79316, -123.13105 47.43774, -122.53281 47.91973, -122.67549 47.61235, -122.57788 47.29316, -122.91953 47.28965, -123.02759 47.13892, -122.70195 47.11089, -122.35381 47.37158, -122.39287 47.82056, -122.24199 48.01074, -122.52031 48.2291, -122.40337 48.26919, -122.66899 48.46523, -122.49678 48.50557, -122.54512 48.7623, -122.78877 48.99302, -95.3979 48.99316, -95.16206 48.99175, -95.15527 49.36968, -94.85435 49.30459, -94.84258 49.11919, -94.6209 48.74263, -94.05518 48.65903, -93.70771 48.52544, -93.37788 48.61655, -92.99624 48.61182, -92.50059 48.43535, -92.4146 48.27661, -92.17178 48.33838, -91.51831 48.0583, -90.84033 48.20054, -90.74438 48.10459, -90.0918 48.11812, -89.99365 48.01533, -89.45566 47.99624, -88.37817 48.30308, -86.42856 47.54009, -84.87598 46.8999, -84.77939 46.6373, -84.56177 46.45737, -84.19219 46.54956, -83.97778 46.08491, -83.61597 46.11685, -83.46948 45.99468, -83.59268 45.81714, -82.55107 45.34736, -82.13784 43.5709, -82.4082 43.07266, -82.54531 42.62471, -83.07314 42.30029, -83.14194 41.97588, -83.02998 41.83296, -82.69004 41.6752, -82.43906 41.67485, -81.27764 42.20918, -80.24756 42.36602, -79.03672 42.80234, -78.91509 42.90913, -79.06606 43.1061, -79.17188 43.46655, -78.72041 43.62495, -76.81997 43.62881, -76.4646 44.05762, -76.15117 44.30396, -75.87593 44.41699, -75.17939 44.89937, -74.70889 45.00386)), ((-72.58086 40.92134, -71.90322 41.06069, -72.33896 40.89414, -73.19429 40.6542, -73.89956 40.57051, -74.03203 40.63867, -73.57383 40.91963, -72.6251 40.99185, -72.27412 41.15303, -72.58086 40.92134)), ((-68.18726 44.33247, -68.40947 44.36426, -68.29941 44.45649, -68.18726 44.33247)), ((-74.23589 40.5187, -74.10049 40.65845, -74.07969 40.58647, -74.23589 40.5187)), ((-70.50991 41.37632, -70.7853 41.32744, -70.67373 41.44854, -70.50991 41.37632)), ((-71.24141 41.49194, -71.34624 41.46938, -71.23203 41.6543, -71.24141 41.49194)), ((-69.97793 41.26558, -70.23306 41.28633, -70.0627 41.32847, -69.97793 41.26558)), ((-75.65078 35.8356, -75.71719 35.94614, -75.64888 35.9104, -75.65078 35.8356)), ((-75.53638 35.27861, -75.48125 35.57212, -75.50933 35.28032, -75.53638 35.27861)), ((-75.78193 35.19019, -75.96367 35.11885, -75.86494 35.17412, -75.78193 35.19019)), ((-76.50366 34.64297, -76.43701 34.75635, -76.2562 34.9147, -76.50366 34.64297)), ((-82.07285 26.42754, -82.18437 26.48096, -82.20137 26.54805, -82.07285 26.42754)), ((-82.08521 26.4936, -82.16914 26.70073, -82.12114 26.66553, -82.08521 26.4936)), ((-80.38184 25.14229, -80.58057 24.95425, -80.25708 25.34761, -80.38184 25.14229)), ((-91.83086 29.48647, -91.99624 29.5731, -91.76768 29.58472, -91.83086 29.48647)), ((-97.03604 27.89917, -96.89932 28.11748, -96.83975 28.08882, -97.03604 27.89917)), ((-96.7644 28.15259, -96.51934 28.33345, -96.41333 28.33779, -96.7644 28.15259)), ((-97.38481 27.24253, -97.29502 27.5231, -97.25088 27.54121, -97.38481 27.24253)), ((-95.08965 29.13633, -94.87168 29.29014, -94.86494 29.25288, -95.08965 29.13633)), ((-97.18452 26.11294, -97.4021 26.82051, -97.35122 26.80146, -97.18452 26.11294)), ((-120.30659 34.02485, -120.44155 34.03291, -120.36772 34.07329, -120.30659 34.02485)), ((-119.43804 33.21719, -119.54365 33.22461, -119.47881 33.27461, -119.43804 33.21719)), ((-118.35039 32.82759, -118.47319 32.83892, -118.59019 33.01118, -118.35039 32.82759)), ((-120.16714 33.91807, -120.2519 34.01387, -119.98394 33.97334, -120.16714 33.91807)), ((-119.88237 34.07969, -119.56221 34.00659, -119.80957 33.96777, -119.88237 34.07969)), ((-118.29746 33.31211, -118.44629 33.31709, -118.55483 33.4771, -118.29746 33.31211)), ((-122.78213 48.67271, -122.89253 48.59448, -122.89771 48.71035, -122.78213 48.67271)), ((-122.98677 48.46802, -123.13994 48.50796, -123.11416 48.61328, -122.98677 48.46802)), ((-122.36675 47.98545, -122.55752 47.99248, -122.69214 48.24106, -122.36675 47.98545)), ((-71.39307 41.46675, -71.38398 41.57056, -71.35449 41.54229, -71.39307 41.46675)), ((-74.25049 39.52939, -74.25317 39.5585, -74.10674 39.74644, -74.25049 39.52939)), ((-75.33306 37.88828, -75.37852 37.87207, -75.13623 38.18052, -75.33306 37.88828)), ((-76.54624 34.65488, -76.66196 34.68467, -76.62227 34.69453, -76.54624 34.65488)), ((-81.36479 24.62993, -81.42007 24.75, -81.32231 24.68506, -81.36479 24.62993)), ((-80.83887 24.81787, -80.79941 24.84629, -80.78677 24.82104, -80.83887 24.81787)), ((-80.63828 24.90317, -80.66514 24.89844, -80.62568 24.94111, -80.63828 24.90317)), ((-81.08999 24.69312, -81.08525 24.73418, -80.93047 24.75947, -81.08999 24.69312)), ((-81.41899 30.97144, -81.46348 30.72778, -81.48462 30.89785, -81.41899 30.97144)), ((-81.63149 24.59004, -81.5623 24.68916, -81.53223 24.61416, -81.63149 24.59004)), ((-80.18677 27.27842, -80.26245 27.37559, -80.43691 27.85054, -80.18677 27.27842)), ((-81.81143 24.55781, -81.73867 24.57544, -81.73975 24.55449, -81.81143 24.55781)), ((-88.88931 29.7126, -88.9436 29.66025, -88.90117 29.73262, -88.88931 29.7126)), ((-88.57065 30.20479, -88.72285 30.26426, -88.57397 30.22915, -88.57065 30.20479)), ((-88.15933 30.23091, -88.28975 30.23291, -88.10938 30.27373, -88.15933 30.23091)), ((-89.22046 30.0376, -89.34199 30.06284, -89.18467 30.16865, -89.22046 30.0376)), ((-88.82744 29.80771, -88.85566 29.77588, -88.82798 29.92837, -88.82744 29.80771)), ((-84.90791 29.64263, -85.00054 29.6272, -84.73716 29.73242, -84.90791 29.64263)), ((-122.87676 47.18613, -122.91191 47.25435, -122.84917 47.21631, -122.87676 47.18613)), ((-122.39414 47.39526, -122.50991 47.35801, -122.48647 47.48877, -122.39414 47.39526)), ((-122.50264 47.57544, -122.57593 47.61948, -122.50786 47.68267, -122.50264 47.57544)), ((-122.93228 48.48477, -122.8689 48.54863, -122.8146 48.45234, -122.93228 48.48477)), ((-68.62319 44.19604, -68.70171 44.18267, -68.67676 44.2562, -68.62319 44.19604)))"
"97","97","Americas","Central America and Caribbean","cuba","Cuba","Political opponents, human rights groups, journalists, unions, NGOs, Afro-Cubans, ethnic minorities, and dissidents against the communist regime","The Cuban government, army, and police; the communist regime since the 1959 revolution","Watch","3,8,10","3","10","OK","current","2022-01-01","The profile describes one-party repression, restrictions on expression and assembly, and the violent crackdown and prosecutions following the 2021 protests.","Draft — verify profile","https://www.genocidewatch.com/country-pages/cuba","https://d0dbb2cb-698c-4513-aa47-eba3a335e06f.filesusr.com/ugd/efa679_aad0487c033c45c88073c99d63886b5b.pdf","https://www.genocidewatch.com/country-pages/cuba","","","base_country","0","","MultiPolygon","EPSG:4326","Natural Earth 1:50m topology-simplified","ADMIN=Cuba","Base-country geometry standardised to Natural Earth 1:50m and simplified jointly as one polygon coverage. Shared borders remain edge-matched; tolerance 0.12 degrees.","d29976d06aabd749fbdd7993e13b0fe270b6785b2470caaf5407ef9732324ac2","","MULTIPOLYGON (((-81.17861 23.05967, -80.65015 23.10308, -80.36489 22.94341, -80.07524 22.94233, -79.67666 22.74307, -79.27568 22.40762, -78.68647 22.36685, -78.14312 22.10942, -77.63682 21.79736, -77.49727 21.87163, -77.14414 21.6436, -77.36616 21.61265, -77.20791 21.47886, -77.09863 21.58901, -76.64741 21.28452, -76.07363 21.13345, -75.72295 21.11104, -75.5958 20.99468, -75.74023 20.81196, -75.64277 20.7335, -74.88257 20.65063, -74.51313 20.38457, -74.13682 20.23193, -74.25283 20.07969, -74.63477 20.05815, -75.29048 19.89312, -76.15845 19.98975, -76.99946 19.89282, -77.71509 19.85547, -77.55376 20.08213, -77.10381 20.40752, -77.22959 20.64375, -77.99731 20.71538, -78.49077 21.05371, -78.63647 21.51553, -78.82295 21.61895, -79.18921 21.55283, -79.9103 21.74258, -80.49907 22.06353, -80.96191 22.05288, -81.1855 22.26797, -81.22241 22.14292, -81.81621 22.2002, -82.07773 22.3877, -81.75708 22.46675, -81.90342 22.679, -82.73804 22.68926, -83.37964 22.223, -83.90073 22.17012, -84.03096 21.94312, -84.50259 21.77617, -84.50137 21.93027, -84.87725 21.89414, -84.32637 22.07432, -84.36128 22.37891, -84.04492 22.66602, -83.25781 22.96758, -82.66582 23.04355, -82.10137 23.19043, -81.17861 23.05967)), ((-77.71006 21.92134, -77.91855 22.08809, -77.63369 22.054, -77.71006 21.92134)), ((-78.04751 22.26851, -78.27354 22.42358, -78.15059 22.43149, -78.04751 22.26851)), ((-78.63013 22.55225, -78.35122 22.53862, -78.54766 22.46401, -78.63013 22.55225)), ((-78.04165 22.20127, -77.96958 22.24067, -77.84248 22.14897, -78.04165 22.20127)), ((-82.56177 21.57168, -82.85317 21.4439, -83.08252 21.79141, -82.99121 21.94272, -82.71455 21.89028, -82.56177 21.57168)), ((-79.34956 22.66392, -79.52275 22.71113, -79.57915 22.80674, -79.34956 22.66392)))"
"98","98","Americas","Central America and Caribbean","el-salvador","El Salvador","Women, LGBTQ+ community","El Salvadoran government, State police forces, Gangs","Watch","3,5,8,10","4","10","OK","current","2022-02-01","The profile links impunity for civil-war atrocities such as El Mozote with current gang and security-force violence and severe risks for women and LGBTQ+ people.","Draft — verify profile","https://www.genocidewatch.com/country-pages/el-salvador","https://d0dbb2cb-698c-4513-aa47-eba3a335e06f.filesusr.com/ugd/137a5c_699c827da8dc486a94ab0198c84ebbb0.pdf","https://www.genocidewatch.com/country-pages/el-salvador","","","base_country","0","","Polygon","EPSG:4326","Natural Earth 1:50m topology-simplified","ADMIN=El Salvador","Base-country geometry standardised to Natural Earth 1:50m and simplified jointly as one polygon coverage. Shared borders remain edge-matched; tolerance 0.12 degrees.","df8377b85ef553809e3f0ea6b22c3cecd9684c4a032cbc61408a80ba4cc608fe","","POLYGON ((-89.3626 14.41602, -89.12051 14.37021, -88.48267 13.85425, -88.15103 13.98735, -87.71533 13.8127, -87.81421 13.39917, -87.93086 13.18066, -88.18066 13.16401, -88.86704 13.28325, -89.27764 13.47808, -89.8042 13.56011, -90.09521 13.73652, -90.10474 13.83477, -89.54717 14.24126, -89.54053 14.40991, -89.3626 14.41602))"
"99","99","Americas","Central America and Caribbean","guatemala","Guatemala","Mayan indigeneous groups, Human rights and indigenous rights defenders, political opponents","Guatemalan government, Perpetrators (militaries, political leaders, civilians) of the 1982-1983 genocide","Emergency","3,8,10","3","10","OK","historical","2020-12-01","The profile describes the genocide against Maya communities during the civil war and continuing impunity and threats against Indigenous and human-rights defenders.","Draft — verify profile","https://www.genocidewatch.com/country-pages/guatemala","","https://www.genocidewatch.com/country-pages/guatemala","","","base_country","0","","Polygon","EPSG:4326","Natural Earth 1:50m topology-simplified","ADMIN=Guatemala","Base-country geometry standardised to Natural Earth 1:50m and simplified jointly as one polygon coverage. Shared borders remain edge-matched; tolerance 0.12 degrees.","4159f68354175da31c4df9dcebef9206e3b35ab409d8ef63efcaf8d691cbb74b","","POLYGON ((-92.23516 14.54541, -92.0748 15.07422, -92.18716 15.3209, -91.73657 16.07017, -90.44717 16.07271, -90.41699 16.39102, -90.63408 16.51074, -90.71069 16.70811, -90.97583 16.86782, -91.40962 17.25586, -90.99297 17.25244, -90.98916 17.81641, -89.16147 17.81484, -89.2375 15.89443, -88.89404 15.89062, -88.60337 15.76416, -88.59395 15.95029, -88.22832 15.729, -88.97642 15.14268, -89.22236 14.86606, -89.17178 14.60688, -89.3626 14.41602, -89.54053 14.40991, -89.54717 14.24126, -90.10474 13.83477, -90.09521 13.73652, -90.60693 13.929, -91.14604 13.92559, -91.81909 14.22822, -92.23516 14.54541))"
"100","100","Americas","Central America and Caribbean","haiti","Haiti","Political opponents, dissidents, and civilians opposing authoritarian rule","Historical regimes (Duvalier dictatorship and military juntas), current networks of gangs and corrupt elites","Watch","5,6","2","6","OK","current","2022-04-01","The profile describes a deep political and security crisis in which armed gangs, state weakness and impunity expose civilians to killings, displacement and sexual violence.","Draft — verify profile","https://www.genocidewatch.com/country-pages/haiti","https://www.genocidewatch.com/single-post/country-report-haiti","https://www.genocidewatch.com/country-pages/haiti","","","base_country","0","","MultiPolygon","EPSG:4326","Natural Earth 1:50m topology-simplified","ADMIN=Haiti","Base-country geometry standardised to Natural Earth 1:50m and simplified jointly as one polygon coverage. Shared borders remain edge-matched; tolerance 0.12 degrees.","c29dd4a0a1a3808b28f5f9eb55dacdb43ca75074103b07b0a1fffe23f42cd9c2","","MULTIPOLYGON (((-71.75742 19.68818, -71.74648 19.28584, -71.65703 19.13076, -71.80713 18.98701, -71.74321 18.73291, -72.00039 18.5979, -71.76191 18.34131, -71.76831 18.03916, -72.05986 18.22856, -72.87666 18.15176, -73.38516 18.25117, -73.74731 18.19023, -73.88496 18.04189, -74.0854 18.21514, -74.41904 18.34619, -74.3875 18.62471, -74.22773 18.6627, -73.5916 18.52236, -72.78936 18.43481, -72.34766 18.67495, -72.81108 19.07158, -72.70322 19.44106, -73.05273 19.61074, -73.39634 19.65869, -73.40054 19.80742, -73.11777 19.90381, -72.63701 19.90088, -72.21982 19.74463, -71.75742 19.68818)), ((-72.80459 18.77769, -72.82222 18.70713, -73.28525 18.89673, -73.17061 18.96729, -72.80459 18.77769)), ((-72.63887 19.98584, -72.96035 20.06226, -72.79102 20.09189, -72.63887 19.98584)))"
"101","101","Americas","Central America and Caribbean","honduras","Honduras","Garifuna, Environmental Activists, LGBTQ+ community","Honduran Government, Honduran Military, National Investigative Police, Mining Corporations","Warning","3,8,9","3","9","OK","current","","The profile highlights the abduction of Garifuna leaders, killings of environmental defenders and persistent violence against LGBTQ+ people.","Draft — verify profile","https://www.genocidewatch.com/country-pages/honduras","","https://www.genocidewatch.com/country-pages/honduras","","","base_country","0","","MultiPolygon","EPSG:4326","Natural Earth 1:50m topology-simplified","ADMIN=Honduras","Base-country geometry standardised to Natural Earth 1:50m and simplified jointly as one polygon coverage. Shared borders remain edge-matched; tolerance 0.12 degrees.","1d020d15075578890891ca411851c19103419fcd9a01767f1b9fc557a4f67996","","MULTIPOLYGON (((-83.15752 14.99307, -83.41504 15.00806, -83.86729 14.79448, -84.53765 14.6334, -84.86045 14.80977, -85.16133 14.52515, -85.17949 14.34331, -85.78672 13.84443, -86.04038 14.05015, -86.33174 13.77007, -86.73364 13.76348, -86.71069 13.31338, -86.91821 13.22358, -87.05918 12.99146, -87.33726 12.97925, -87.48911 13.35293, -87.81421 13.39917, -87.71533 13.8127, -88.15103 13.98735, -88.48267 13.85425, -89.12051 14.37021, -89.3626 14.41602, -89.17178 14.60688, -89.22236 14.86606, -88.97642 15.14268, -88.22832 15.729, -87.61816 15.90986, -87.48691 15.79019, -87.28589 15.83442, -86.90723 15.76235, -86.35664 15.7832, -85.78398 16.00283, -85.48369 15.89951, -84.97373 15.98989, -84.55967 15.802, -84.26143 15.82261, -83.77549 15.43687, -83.9728 15.51963, -83.76045 15.22036, -83.64639 15.36841, -83.36919 15.23999, -83.15752 14.99307)), ((-86.58027 16.30024, -86.55693 16.36211, -86.25552 16.42822, -86.58027 16.30024)), ((-85.94722 16.40361, -85.87822 16.51396, -85.83379 16.51089, -85.94722 16.40361)))"
"102","102","Americas","Central America and Caribbean","nicaragua","Nicaragua","Political opposition, journalists, human rights defenders, Catholic and Protestant religious leaders, Indigenous and Afro-descendant communities","Nicaraguan government under Daniel Ortega, police forces, pro-government militias, pro-Ortega media, armed settlers","Warning","3,4,6,8","4","8","OK","current","2024-01-01","The profile describes repression since the 2018 protests, killings and mass arrests, closure of media and NGOs, and displacement of Indigenous and Afro-descendant communities.","Draft — verify profile","https://www.genocidewatch.com/country-pages/nicaragua","https://d0dbb2cb-698c-4513-aa47-eba3a335e06f.filesusr.com/ugd/5f1063_8aa98a8e7a704bbca6d996bf7459826f.pdf","https://www.genocidewatch.com/country-pages/nicaragua","","","base_country","0","","Polygon","EPSG:4326","Natural Earth 1:50m topology-simplified","ADMIN=Nicaragua","Base-country geometry standardised to Natural Earth 1:50m and simplified jointly as one polygon coverage. Shared borders remain edge-matched; tolerance 0.12 degrees.","ec0ea1a05025ec11185b1367ba7223159630386cb8d18fc4f6098815640e922f","","POLYGON ((-83.15752 14.99307, -83.302 14.8021, -83.18774 14.34009, -83.4123 13.99648, -83.56733 13.32031, -83.51094 12.41182, -83.57808 12.66714, -83.75425 12.50195, -83.65127 12.28706, -83.68042 12.02432, -83.82891 11.86104, -83.65176 11.64204, -83.86787 11.30005, -83.65894 10.83687, -83.81118 10.74326, -84.16836 10.78037, -84.34829 10.97988, -84.70117 11.0522, -84.90918 10.94531, -85.62139 11.18447, -85.74521 11.08857, -85.96113 11.33135, -86.4689 11.73828, -86.75562 12.15664, -87.66753 12.90356, -87.54331 13.0397, -87.33726 12.97925, -87.05918 12.99146, -86.91821 13.22358, -86.71069 13.31338, -86.73364 13.76348, -86.33174 13.77007, -86.04038 14.05015, -85.78672 13.84443, -85.17949 14.34331, -85.16133 14.52515, -84.86045 14.80977, -84.53765 14.6334, -83.86729 14.79448, -83.41504 15.00806, -83.15752 14.99307))"
"103","103","Americas","Central America and Caribbean","panama","Panama","Indigenous communities: Guna, Emberá, Wounaan, Ngäbe, Buglé, Naso Tjer Di, Bri Bri","Spanish Empire (historically), Panamanian government, development companies","Watch","3,10","2","10","OK","historical","","The profile links historical displacement and forced assimilation of Indigenous peoples with present conflicts over land, autonomy and cultural rights.","Draft — verify profile","https://www.genocidewatch.com/country-pages/panama","https://d0dbb2cb-698c-4513-aa47-eba3a335e06f.filesusr.com/ugd/a33f81_9b9b497abc934eb2a5146772026fc16e.pdf","https://www.genocidewatch.com/country-pages/panama","","","base_country","0","","MultiPolygon","EPSG:4326","Natural Earth 1:50m topology-simplified","ADMIN=Panama","Base-country geometry standardised to Natural Earth 1:50m and simplified jointly as one polygon coverage. Shared borders remain edge-matched; tolerance 0.12 degrees.","709c3a3bb0a8eaf5750e876c72811d01ae483d3976d392645e066bafd9b9963c","","MULTIPOLYGON (((-77.90117 7.22935, -77.73203 7.71094, -77.58657 7.54307, -77.35078 7.70586, -77.196 7.97246, -77.47852 8.49844, -77.37422 8.6583, -78.08276 9.23628, -78.50435 9.4063, -78.93164 9.42847, -79.0167 9.51045, -79.57729 9.59785, -80.1271 9.20991, -80.54688 9.08193, -80.83867 8.88721, -81.35479 8.78057, -81.78022 8.95723, -82.07788 8.93486, -82.24419 9.03149, -82.3708 9.42856, -82.56357 9.57666, -82.80103 9.5918, -82.93984 9.44917, -82.94033 9.06011, -82.74116 8.95171, -82.91704 8.74033, -82.86162 8.45352, -83.02339 8.31602, -82.23545 8.31104, -82.15986 8.19482, -81.72764 8.13755, -81.50415 7.72119, -81.21904 7.62095, -81.15781 7.85439, -81.03511 7.71113, -80.84556 7.22007, -80.43887 7.27495, -80.2873 7.42563, -80.01123 7.50005, -80.0752 7.66704, -80.45811 8.07705, -80.3687 8.28877, -80.12578 8.34966, -79.75044 8.59551, -79.68745 8.85098, -79.4415 9.00601, -79.08638 8.99717, -78.11387 8.37959, -78.42158 8.06099, -78.17012 7.5438, -77.90117 7.22935)), ((-78.91812 8.23193, -78.9606 8.43584, -78.85615 8.44824, -78.91812 8.23193)), ((-81.65811 7.32754, -81.85205 7.45332, -81.67144 7.52344, -81.65811 7.32754)), ((-82.24443 9.33408, -82.32173 9.41812, -82.25942 9.43027, -82.24443 9.33408)), ((-79.06543 8.2542, -79.11035 8.20981, -79.09629 8.29541, -79.06543 8.2542)))"
"104","104","Europe","Western Europe","france","France","Muslims, Jewish people,
Roma","Government,
Far-right parties","Watch","3,6","2","6","OK","current","2022-08-01","The profile argues that laïcité policies are sometimes applied in ways that disproportionately affect Muslims and also notes persistent discrimination against Roma communities.","Draft — verify profile","https://www.genocidewatch.com/country-pages/france","https://d0dbb2cb-698c-4513-aa47-eba3a335e06f.filesusr.com/ugd/1585f1_b27b2d938ffd441eb37808e439b17523.pdf","https://www.genocidewatch.com/country-pages/france","","","base_country","0","","MultiPolygon","EPSG:4326","Natural Earth 1:50m topology-simplified","ADMIN=France","Base-country geometry standardised to Natural Earth 1:50m and simplified jointly as one polygon coverage. Shared borders remain edge-matched; tolerance 0.12 degrees.","01dc28221bf8a464c25b7aeb1749211a11cb504792e676a18be744afc48ba5c9","","MULTIPOLYGON (((9.55068 42.12974, 9.39482 41.7312, 9.18613 41.38491, 8.80752 41.58838, 8.88682 41.70068, 8.62188 41.93071, 8.70098 42.09561, 8.56563 42.35771, 8.71309 42.54976, 9.13789 42.73291, 9.2877 42.69463, 9.36318 43.01738, 9.46328 42.98101, 9.55068 42.12974)), ((7.61563 47.59272, 7.42002 47.45518, 7.05342 47.48936, 7.00059 47.32251, 6.6248 47.00435, 6.45625 46.94834, 6.41016 46.75542, 6.16074 46.61104, 6.06025 46.42817, 6.08662 46.14702, 6.42891 46.43052, 6.75811 46.41577, 6.77207 46.16514, 7.02109 45.92578, 6.80625 45.71001, 7.15342 45.40093, 7.07832 45.23994, 6.62773 45.11797, 6.73818 44.92139, 7.03066 44.7167, 6.84297 44.51069, 6.96729 44.28003, 7.3709 44.12739, 7.67715 44.08315, 7.49316 43.76714, 7.18145 43.65913, 6.7166 43.37358, 6.49404 43.16929, 6.11592 43.07236, 5.80947 43.0979, 5.40654 43.22852, 5.05977 43.44453, 4.62871 43.38711, 4.16279 43.50366, 4.05264 43.59307, 3.25889 43.19321, 3.05176 42.91514, 3.09092 42.59087, 3.21143 42.43115, 2.97002 42.46724, 2.65166 42.34048, 2.20039 42.42095, 2.03271 42.35352, 1.70605 42.50332, 1.70986 42.60444, 0.69688 42.84512, 0.63164 42.6896, -0.04116 42.68911, -0.29932 42.82534, -0.58643 42.79897, -0.76265 42.93979, -1.48047 43.07114, -1.41069 43.24009, -1.75327 43.32471, -1.48486 43.56377, -1.346 44.02021, -1.24551 44.55986, -1.18906 45.16147, -1.08101 45.53242, -0.76665 45.31436, -0.88066 45.53818, -1.16997 45.68594, -1.03174 45.74106, -1.14629 46.31138, -1.78652 46.51484, -2.05937 46.8103, -2.0189 47.03765, -2.19707 47.16294, -1.97539 47.31069, -2.50312 47.31206, -2.42769 47.4709, -2.77031 47.51387, -3.15884 47.69468, -3.90093 47.83755, -4.31211 47.8229, -4.67881 48.0395, -4.32944 48.16997, -4.71938 48.36313, -4.72075 48.53989, -4.05889 48.70752, -3.71479 48.7105, -3.23145 48.84082, -3.00322 48.79067, -2.69233 48.53682, -2.44619 48.64829, -1.37646 48.65259, -1.56548 48.80552, -1.58311 49.20239, -1.87007 49.59512, -1.85645 49.68379, -1.25864 49.68018, -1.13853 49.38789, -0.16348 49.29678, 0.41689 49.44839, 0.12939 49.50845, 0.18672 49.70303, 0.61621 49.86294, 1.24551 49.99824, 1.59277 50.2522, 1.57949 50.73926, 1.9125 50.99062, 2.5249 51.09712, 2.66914 50.81143, 2.83975 50.71177, 3.10684 50.77944, 3.27334 50.53154, 3.62676 50.45732, 3.66729 50.3248, 4.17461 50.24648, 4.17607 49.96025, 4.54502 49.96025, 4.86055 50.13589, 4.86758 49.78813, 5.27881 49.67793, 5.50732 49.51089, 6.34434 49.45273, 6.45811 49.44287, 6.73545 49.1606, 7.45059 49.1522, 7.61094 49.06177, 8.13486 48.97358, 7.83799 48.63604, 7.52939 47.67388, 7.61563 47.59272)), ((-1.17832 45.90405, -1.21357 45.8166, -1.38867 46.05039, -1.17832 45.90405)), ((45.06943 -12.89561, 45.09238 -12.65303, 45.22314 -12.75215, 45.06943 -12.89561)), ((55.79736 -21.33936, 55.3627 -21.27363, 55.23281 -21.0584, 55.31133 -20.9041, 55.66191 -20.90625, 55.83906 -21.13857, 55.79736 -21.33936)), ((-60.82627 14.49448, -61.06372 14.46709, -61.01133 14.6019, -61.21973 14.80439, -60.91865 14.73535, -60.82627 14.49448)), ((-61.52217 16.22803, -61.47119 16.50664, -61.17261 16.2561, -61.52217 16.22803)), ((-61.75942 16.06206, -61.74805 16.35527, -61.55234 16.2709, -61.56387 16.04775, -61.75942 16.06206)), ((-61.31074 15.89468, -61.25 16.0063, -61.20342 15.92124, -61.31074 15.89468)), ((-54.61626 2.32676, -54.402 2.46152, -54.19551 2.81787, -54.20312 3.13818, -53.99048 3.58955, -54.35073 4.0541, -54.44961 4.48501, -54.4522 5.01348, -54.0853 5.41182, -53.84717 5.78223, -53.45444 5.56348, -52.89932 5.42505, -52.05811 4.71738, -51.92769 4.43613, -51.78564 4.57051, -51.65254 4.06128, -51.99062 3.702, -52.70063 2.36367, -52.96484 2.18354, -53.22979 2.20488, -53.33442 2.33975, -53.50898 2.25312, -53.76777 2.35483, -54.13008 2.12104, -54.61626 2.32676)))"
"105","105","Europe","Western Europe","germany","Germany","Jewish people, Immigrants","Alt-right Political Parties, Neo-Nazis","Watch","6","1","6","OK","current","2023-01-01","The profile links Germany’s historical genocides with the continuing threat posed by neo-Nazi and white-supremacist networks and violence against minorities.","Draft — verify profile","https://www.genocidewatch.com/country-pages/germany","https://d0dbb2cb-698c-4513-aa47-eba3a335e06f.filesusr.com/ugd/1585f1_e9112b3d43944dfdbbfa02188aef94b3.pdf","https://www.genocidewatch.com/country-pages/germany","","","base_country","0","","MultiPolygon","EPSG:4326","Natural Earth 1:50m topology-simplified","ADMIN=Germany","Base-country geometry standardised to Natural Earth 1:50m and simplified jointly as one polygon coverage. Shared borders remain edge-matched; tolerance 0.12 degrees.","b076871fa4e0fd02dfbc358f3c75ab111c9eb11488a9c39c5104759221fab472","","MULTIPOLYGON (((7.61563 47.59272, 7.52939 47.67388, 7.83799 48.63604, 8.13486 48.97358, 7.61094 49.06177, 7.45059 49.1522, 6.73545 49.1606, 6.45811 49.44287, 6.34434 49.45273, 6.4873 49.79849, 6.13818 49.97432, 6.1751 50.23267, 6.36445 50.31616, 6.23594 50.59668, 5.99395 50.75044, 5.89473 50.98423, 6.12998 51.14741, 6.19326 51.48892, 5.94854 51.7624, 6.1665 51.88076, 6.35566 51.82466, 6.7418 51.91089, 6.74902 52.09868, 6.97725 52.20552, 7.03516 52.38022, 6.74883 52.46401, 6.74844 52.63408, 7.01318 52.63354, 7.18994 52.99951, 7.19727 53.28228, 7.05332 53.37583, 7.28525 53.68135, 8.00928 53.69072, 8.24521 53.44531, 8.33389 53.6062, 8.49268 53.51436, 8.61895 53.875, 9.31201 53.85913, 8.97813 53.92622, 8.90664 54.26079, 8.64805 54.39766, 8.95186 54.46758, 8.67031 54.90342, 9.34199 54.8063, 9.61582 54.85542, 9.89229 54.78062, 10.14346 54.48843, 10.73154 54.31626, 11.01338 54.37915, 10.91777 53.99531, 11.39961 53.94463, 11.79629 54.14546, 12.11133 54.16831, 12.57539 54.46738, 13.02861 54.41104, 13.44805 54.14087, 13.72422 54.15322, 13.86553 53.85337, 14.25889 53.72964, 14.41455 53.2835, 14.36855 53.10557, 14.12861 52.87822, 14.61943 52.52852, 14.55459 52.35967, 14.75254 52.08184, 14.60166 51.83237, 14.72471 51.52388, 14.90596 51.46333, 15.0166 51.25273, 14.80938 50.85898, 14.31973 51.03779, 14.36904 50.89873, 13.52656 50.69282, 13.47256 50.61694, 12.45264 50.3498, 12.27734 50.18145, 12.08975 50.26855, 12.51201 49.8958, 12.39053 49.73965, 12.63203 49.46123, 12.9167 49.33047, 13.44072 48.95557, 13.81475 48.76694, 13.6752 48.52305, 13.48662 48.58184, 13.40938 48.39414, 12.81426 48.16084, 12.95352 47.89062, 13.01436 47.47808, 12.68584 47.66934, 12.20928 47.71826, 12.18564 47.61953, 11.7168 47.5835, 11.29795 47.4249, 10.98086 47.39814, 10.87305 47.52021, 10.43037 47.54106, 10.31279 47.31343, 9.74893 47.57554, 9.52402 47.52422, 9.18281 47.6707, 8.88115 47.6564, 8.61787 47.76611, 8.41475 47.5896, 7.61563 47.59272)), ((13.70732 54.28115, 13.19004 54.32563, 13.17666 54.54424, 13.42275 54.69932, 13.6707 54.53545, 13.70732 54.28115)), ((14.21143 53.95034, 14.21367 53.87075, 13.92578 53.87905, 13.82773 54.12725, 14.21143 53.95034)), ((11.28281 54.41797, 11.01172 54.46616, 11.08496 54.5334, 11.28281 54.41797)), ((8.2957 54.9083, 8.40518 55.05874, 8.34736 54.84761, 8.2957 54.9083)), ((8.54893 54.68818, 8.41768 54.73867, 8.57344 54.74873, 8.54893 54.68818)))"
"106","106","Europe","Western Europe","united-kingdom","United Kingdom","Muslims, asylum seekers, refugees, immigration-related institutions","Far-right nationalist groups, online extremist agitators","Watch","1,2,4,5,6,7","6","7","OK","current","2024-08-01","The profile describes a hostile environment affecting migrants and refugees and discrimination against racial, religious, Roma, Gypsy, Traveller and transgender communities.","Draft — verify profile","https://www.genocidewatch.com/country-pages/united-kingdom","","https://www.genocidewatch.com/country-pages/united-kingdom","","","base_country","0","","MultiPolygon","EPSG:4326","Natural Earth 1:50m topology-simplified","ADMIN=United Kingdom","Base-country geometry standardised to Natural Earth 1:50m and simplified jointly as one polygon coverage. Shared borders remain edge-matched; tolerance 0.12 degrees.","ffed0a09e2574343f203e1b8f89b14f8420b368ebe16c6dd26918b90123fc8ee","","MULTIPOLYGON (((-2.74214 51.5811, -3.29312 51.39043, -3.56235 51.41382, -4.09102 51.65991, -4.60078 51.73765, -4.90229 51.62627, -5.2623 51.88018, -5.08809 51.9959, -4.38315 52.19731, -3.98032 52.54175, -4.10146 52.91548, -4.68306 52.80615, -4.63833 52.89111, -4.11104 53.21895, -3.16558 53.39468, -2.91309 53.35024, -3.0646 53.51284, -2.9251 53.73276, -3.02676 53.90591, -2.86758 54.17725, -3.16597 54.12793, -3.56938 54.46758, -3.4646 54.7731, -3.26792 54.90659, -3.43408 54.96377, -3.95791 54.78096, -4.30366 54.83569, -4.51748 54.75835, -4.81807 54.84614, -4.91123 54.68945, -5.1355 54.85752, -4.67676 55.50132, -4.89185 55.69912, -4.84409 56.05117, -5.22822 55.88633, -5.17642 56.11699, -5.41045 55.99536, -5.38584 55.77012, -5.55645 55.3896, -5.76821 55.36265, -5.62285 55.81313, -5.60957 56.05527, -5.39194 56.51479, -5.18838 56.75806, -5.65244 56.53198, -6.13276 56.71802, -5.73062 56.85308, -5.86143 56.90269, -5.59131 57.10234, -5.56191 57.23271, -5.79492 57.37881, -5.58179 57.54678, -5.74492 57.66831, -5.60835 57.88135, -5.15723 57.88135, -5.41318 58.06973, -5.33828 58.23872, -5.0083 58.26265, -5.0665 58.52021, -4.71543 58.51001, -3.05308 58.63481, -3.21235 58.32124, -3.99004 57.95903, -3.85713 57.81855, -4.13452 57.57773, -3.40278 57.70825, -2.24414 57.68086, -2.07407 57.70239, -1.77793 57.49375, -2.02031 57.25889, -2.26025 56.86333, -2.59268 56.56157, -3.21445 56.38394, -2.88516 56.39751, -2.65273 56.31826, -3.36226 56.02764, -3.04873 55.95195, -2.59932 56.02729, -2.14707 55.90298, -1.65537 55.57036, -1.29175 54.77388, -1.15439 54.65449, -0.67139 54.50391, -0.08437 54.11807, -0.20557 54.02173, 0.11533 53.60928, -0.2937 53.69233, 0.12832 53.46826, 0.35576 53.15996, 0.0459 52.90562, 0.27979 52.80869, 0.55879 52.96694, 1.05557 52.95898, 1.65674 52.75371, 1.74658 52.46899, 1.55898 52.08687, 1.27441 51.84536, 0.75225 51.72959, 0.89092 51.57144, 0.59346 51.51948, 0.68652 51.38657, 1.41494 51.36328, 1.39756 51.18203, 1.04443 51.04727, 0.96016 50.92588, 0.20508 50.76304, -0.20391 50.81436, -0.78525 50.76543, -1.41646 50.89687, -1.51675 50.74746, -2.03105 50.72539, -2.03584 50.60308, -2.54775 50.61631, -2.99941 50.7166, -3.40459 50.63242, -3.58437 50.32183, -3.79336 50.22925, -4.17256 50.39082, -4.72798 50.29048, -5.22524 50.02139, -5.57065 50.19697, -5.34229 50.24614, -4.58291 50.77637, -4.5231 50.97744, -4.29648 51.02715, -4.18818 51.18853, -3.84233 51.23091, -3.13599 51.20503, -2.43306 51.74072, -2.74214 51.5811)), ((-4.08428 53.26431, -4.37305 53.13418, -4.56787 53.38647, -4.31509 53.41724, -4.08428 53.26431)), ((-2.54888 59.23135, -2.60361 59.28931, -2.40698 59.29756, -2.54888 59.23135)), ((-1.06787 60.50229, -1.16553 60.60391, -1.00562 60.7165, -1.06787 60.50229)), ((-1.2874 60.46704, -1.05244 60.44448, -1.28379 59.88691, -1.27617 60.11465, -1.66377 60.28252, -1.37461 60.33291, -1.54883 60.4813, -1.30171 60.60767, -1.2874 60.46704)), ((-0.82549 60.68394, -0.92754 60.79717, -0.80181 60.83125, -0.82549 60.68394)), ((-3.27881 58.78193, -3.40083 58.88179, -3.27192 58.90527, -3.27881 58.78193)), ((-2.92939 58.7416, -3.03545 58.82266, -2.89644 58.82759, -2.92939 58.7416)), ((-2.86377 58.89053, -3.34707 58.98672, -3.31035 59.13081, -2.86377 58.89053)), ((-2.72939 59.18677, -3.05205 59.32388, -2.97554 59.34712, -2.72939 59.18677)), ((-6.60762 56.58501, -6.56992 56.66123, -6.48369 56.66577, -6.60762 56.58501)), ((-5.10542 55.44883, -5.33149 55.48105, -5.31812 55.70918, -5.1604 55.6668, -5.10542 55.44883)), ((-5.77788 56.34434, -6.17617 56.28872, -6.13887 56.49062, -6.31064 56.55215, -6.10273 56.64565, -5.76084 56.49067, -5.77788 56.34434)), ((-6.12891 55.93057, -6.05532 55.69531, -6.30508 55.60693, -6.44526 55.83237, -6.12891 55.93057)), ((-5.97007 55.81455, -6.07197 55.89312, -5.72515 56.11855, -5.97007 55.81455)), ((-6.4252 58.02129, -6.95693 57.75005, -6.85684 57.92354, -7.05708 58.00317, -7.01206 58.22871, -6.23745 58.50283, -6.4252 58.02129)), ((-6.30874 56.95181, -6.43262 57.01792, -6.32236 57.05054, -6.30874 56.95181)), ((-6.13555 57.31426, -5.66865 57.2269, -5.94907 57.04517, -6.03437 57.20122, -6.32271 57.20249, -6.76113 57.44238, -6.6168 57.5627, -6.16606 57.5853, -6.13555 57.31426)), ((-7.09277 57.62666, -7.32056 57.53374, -7.49941 57.63633, -7.09277 57.62666)), ((-7.38149 57.13066, -7.41055 57.3811, -7.26714 57.37178, -7.24756 57.12637, -7.38149 57.13066)), ((-7.50479 56.95166, -7.52295 57.00679, -7.40669 57.00029, -7.50479 56.95166)), ((-6.6498 54.05864, -7.04971 54.40825, -7.35518 54.12124, -7.85493 54.21528, -8.11826 54.41426, -7.74629 54.61582, -7.88613 54.66606, -7.55039 54.76797, -7.3769 55.02769, -7.10063 55.04829, -6.94717 55.18252, -6.47505 55.24102, -6.12915 55.21738, -5.71685 54.81748, -5.8791 54.68437, -5.58252 54.66343, -5.48389 54.44165, -5.67109 54.54976, -5.60679 54.27256, -5.82617 54.23584, -6.01904 54.05127, -6.6498 54.05864)), ((-1.06558 50.69023, -1.3063 50.58853, -1.51533 50.66978, -1.31279 50.77349, -1.06558 50.69023)))"
"107","107","Europe","Central Europe","hungary","Hungary","Roma

Jews

Muslims

LGBTQIA+ Individuals","Orban government, Fidesz party, and other government actors

Ethnic Hungarians","Watch","1,3","2","3","OK","current","2026-07-01","The profile describes democratic backsliding under Viktor Orbán and state-backed discrimination affecting Roma, Jewish, Muslim and LGBTQ+ communities.","Draft — verify profile","https://www.genocidewatch.com/country-pages/hungary","https://d0dbb2cb-698c-4513-aa47-eba3a335e06f.filesusr.com/ugd/55b26a_dbd3798fe6c94d14bf13e9225316bb67.pdf","https://www.genocidewatch.com/country-pages/hungary","","","base_country","0","","Polygon","EPSG:4326","Natural Earth 1:50m topology-simplified","ADMIN=Hungary","Base-country geometry standardised to Natural Earth 1:50m and simplified jointly as one polygon coverage. Shared borders remain edge-matched; tolerance 0.12 degrees.","977581663681d75ce052d531ecaf4d2c503aabc4bdcffe26a001d6d46c938716","","POLYGON ((22.13184 48.40532, 22.3502 48.25605, 22.76914 48.10962, 22.87666 47.94727, 22.67676 47.79902, 22.29063 47.72783, 21.99971 47.50503, 21.99531 47.3957, 21.32021 46.60781, 21.26455 46.4123, 21.03984 46.24224, 20.83701 46.25972, 20.61367 46.1335, 20.2418 46.10859, 19.53076 46.15518, 19.2084 45.98442, 18.90537 45.93174, 18.66602 45.90747, 18.3583 45.75303, 17.80713 45.79043, 17.31064 45.99614, 16.74805 46.41641, 16.51621 46.4999, 16.28359 46.85728, 16.09307 46.86328, 16.45342 47.00679, 16.44287 47.39951, 16.62305 47.44756, 16.55098 47.74736, 17.0666 47.70757, 17.17461 48.01206, 17.76191 47.77017, 18.72422 47.78716, 18.79189 48.00029, 19.46699 48.11069, 19.62539 48.2231, 19.89863 48.13135, 20.33379 48.29556, 20.49004 48.5269, 21.06729 48.50591, 21.45137 48.55225, 21.76699 48.33809, 22.13184 48.40532))"
"108","108","Europe","Central Europe","poland","Poland","LGBTQ+ individuals, women, Jewish people (Holocaust historians and communities)","Polish government under Law and Justice Party (PiS), President Andrzej Duda","Watch","3,4,6,10","4","10","OK","current","","The profile describes nationalist and xenophobic policies, hostility toward LGBTQ+ people and historical distortion relating to the Holocaust.","Draft — verify profile","https://www.genocidewatch.com/country-pages/poland","https://www.genocidewatch.com/_files/ugd/1585f1_b47429836b554ad5b82f99b84015c754.pdf","https://www.genocidewatch.com/country-pages/poland","","","base_country","0","","Polygon","EPSG:4326","Natural Earth 1:50m topology-simplified","ADMIN=Poland","Base-country geometry standardised to Natural Earth 1:50m and simplified jointly as one polygon coverage. Shared borders remain edge-matched; tolerance 0.12 degrees.","b605fa83d75e01c03174075513aa6103bab06b41767e7c17bfa8ea9141ee704f","","POLYGON ((23.60527 51.51792, 23.66445 51.31006, 24.10576 50.84497, 23.97266 50.41006, 23.71172 50.37734, 23.03633 49.89907, 22.64941 49.53901, 22.70566 49.17119, 22.80977 49.02075, 22.53867 49.07271, 22.02012 49.20952, 21.63965 49.41196, 21.07939 49.41826, 20.94727 49.31709, 20.61611 49.3917, 20.16367 49.31641, 20.05762 49.1813, 19.75664 49.20439, 19.77393 49.37217, 19.4416 49.59771, 19.14941 49.4, 18.96836 49.39624, 18.5624 49.87935, 18.02832 50.03525, 17.8748 49.97227, 17.58936 50.15747, 17.72012 50.29863, 17.41523 50.25479, 16.88008 50.42705, 16.98965 50.23691, 16.6791 50.09746, 16.21035 50.42373, 16.41973 50.57363, 16.00723 50.61162, 15.35439 50.81177, 15.25859 50.95854, 14.99375 51.01436, 14.80938 50.85898, 15.0166 51.25273, 14.90596 51.46333, 14.72471 51.52388, 14.60166 51.83237, 14.75254 52.08184, 14.55459 52.35967, 14.61943 52.52852, 14.12861 52.87822, 14.36855 53.10557, 14.41455 53.2835, 14.25889 53.72964, 14.5835 53.63936, 14.5584 53.82319, 14.21367 53.87075, 14.21143 53.95034, 14.71572 54.01831, 16.18633 54.29038, 16.55977 54.55381, 17.26191 54.72954, 17.84297 54.8167, 18.32344 54.83818, 18.66963 54.43091, 18.97627 54.34893, 19.60439 54.45918, 20.2082 54.42075, 22.16846 54.35986, 22.76621 54.35679, 23.01553 54.34834, 23.45361 54.14346, 23.48467 53.93979, 23.59893 53.59922, 23.88711 53.02754, 23.84473 52.66421, 23.47959 52.55156, 23.19697 52.25693, 23.65244 52.04038, 23.54482 51.71025, 23.60527 51.51792))"
"109","109","Europe","Southeast Europe","albania","Albania","Romani community (current), victims of the Hoxha regime (historical)","Hoxha regime (historical), systemic discrimination by state and society (current)","Watch","3,10","2","10","OK","current","2022-12-01","","No details found","https://www.genocidewatch.com/single-post/country-report-albania","https://download-files.wixmp.com/ugd/09ea84_1951e9fd6ad649aba797a76d045b62fb.pdf?token=eyJhbGciOiJIUzI1NiIsInR5cCI6IkpXVCJ9.eyJvYmoiOltbeyJwYXRoIjoiL3VnZC8wOWVhODRfMTk1MWU5ZmQ2YWQ2NDlhYmE3OTdhNzZkMDQ1YjYyZmIucGRmIn1dXSwiZGlzIjp7ImZpbGVuYW1lIjoiQWxiYW5pYSBDb3VudHJ5IFJlcG9ydCBEZWNlbWJlciAyMDIyLnBkZiIsInR5cGUiOiJhdHRhY2htZW50In0sImF1ZCI6WyJ1cm46c2VydmljZTpmaWxlLmRvd25sb2FkIl0sImV4cCI6MTc4NTk5MzkxNCwianRpIjoiNzI4MmEyODYtMTI0NS00MjhjLWFhYjktOTgzNDk2ZTdmNjI1IiwiaWF0IjoxNzg1OTU3OTE0LCJpc3MiOiJ1cm46YXBwOmU2NjYzMGU3MTRmMDQ5MGFhZWExZjE0OWIzYjY5ZTMyIiwic3ViIjoidXJuOmFwcDplNjY2MzBlNzE0ZjA0OTBhYWVhMWYxNDliM2I2OWUzMiJ9.B3tGC_MFsARNjzmukCM3TjqrlqDQyNxOT6du8TneJvA","","","","base_country","0","","Polygon","EPSG:4326","Natural Earth 1:50m topology-simplified","ADMIN=Albania","Base-country geometry standardised to Natural Earth 1:50m and simplified jointly as one polygon coverage. Shared borders remain edge-matched; tolerance 0.12 degrees.","06bad806631b404f815bbeb3bb6f0544dfb26dac018a7b3ceeb0070dd2bf41a4","","POLYGON ((20.96426 40.8499, 21.03105 40.65864, 20.80605 40.44546, 20.65742 40.11738, 20.31113 39.97944, 20.38242 39.80264, 20.20684 39.65352, 20.00127 39.70942, 19.85186 40.04355, 19.48457 40.20996, 19.34463 40.62207, 19.46123 40.9333, 19.44063 41.42476, 19.57754 41.7875, 19.34238 41.86909, 19.28066 42.17256, 19.65449 42.62856, 19.78828 42.47617, 20.0457 42.5499, 20.24053 42.33896, 20.48545 42.22339, 20.58145 41.91743, 20.44863 41.52129, 20.48896 41.27261, 20.74082 40.90527, 20.96426 40.8499))"
"110","110","Europe","Southeast Europe","bosnia-and-herz","Bosnia and Herz.","Bosniaks","Republika Srpska, Bosnian Serb and Serb leaders","Warning","1,3,4,5,6,7,10","7","10","OK","current","2025-05-01","The profile warns that genocide denial, historical revisionism and nationalist political rhetoric continue to obstruct reconciliation and revive tensions.","Draft — verify profile","https://www.genocidewatch.com/country-pages/bosnia-herzegovina","https://d0dbb2cb-698c-4513-aa47-eba3a335e06f.filesusr.com/ugd/82af05_14426f575a9b41929b2c818faa1ef38b.pdf","https://www.genocidewatch.com/country-pages/bosnia-herzegovina","","","base_country","0","","Polygon","EPSG:4326","Natural Earth 1:50m topology-simplified","ADMIN=Bosnia and Herzegovina","Base-country geometry standardised to Natural Earth 1:50m and simplified jointly as one polygon coverage. Shared borders remain edge-matched; tolerance 0.12 degrees.","18d5a0c29fffbfb66cb3680bcabfccdaf14a81a35e67ed768f6b6131ccf5a721","","POLYGON ((19.19434 43.5333, 18.94023 43.49673, 19.02666 43.29243, 18.85107 43.34634, 18.67422 43.23081, 18.62363 43.02769, 18.44385 42.96846, 18.54326 42.67417, 18.43633 42.55972, 17.58516 42.93838, 17.6248 43.04277, 17.29307 43.30562, 17.27383 43.44575, 16.71348 43.77881, 16.21426 44.21514, 16.13027 44.47373, 15.73662 44.76582, 15.78809 45.17896, 16.02832 45.1896, 16.29336 45.00884, 16.53066 45.2167, 16.91865 45.27656, 17.12539 45.17178, 17.81279 45.07812, 17.99629 45.1418, 18.6626 45.07744, 18.83643 44.88325, 19.00713 44.86919, 19.34863 44.88091, 19.15137 44.52734, 19.15186 44.30254, 19.58379 44.04346, 19.24502 43.96504, 19.48818 43.70356, 19.45127 43.56206, 19.19434 43.5333))"
"111","111","Europe","Southeast Europe","bulgaria","Bulgaria","Roma","Bulgarian public

Bulgarian police

Bulgarian healthcare professionals","Watch","3","1","3","OK","current","30.02.2021","In Bulgaria, many Roma live in segregated communities, with limited accesss to healthcare, education, and employment opportunities. Targeted lockdowns during the COVID-19 pandemic worsened anti-Roma discrimination. Isolatd from the rest of Bulgaria and blamed for the virus, these communities struggle to access clean water, electricity, and food.","Draft — verify profile","https://www.genocidewatch.com/de/copy-of-country-pages/bulgaria","","https://www.genocidewatch.com/de/copy-of-country-pages/bulgaria","","","base_country","0","","Polygon","EPSG:4326","Natural Earth 1:50m topology-simplified","ADMIN=Bulgaria","Base-country geometry standardised to Natural Earth 1:50m and simplified jointly as one polygon coverage. Shared borders remain edge-matched; tolerance 0.12 degrees.","f930e1fc6ec2037a7260cb16cea78efd106b5ce0f9848f692b6d018580a59fb5","latest_report_date is not ISO or is invalid in source: 30.02.2021","POLYGON ((28.01445 41.96904, 27.53486 41.9208, 27.29492 42.07954, 26.61533 41.96489, 26.3209 41.71655, 26.06602 41.67324, 26.15518 41.43486, 25.25117 41.24355, 24.51826 41.55254, 24.05605 41.52725, 23.63516 41.38677, 22.91602 41.33628, 23.00566 41.71694, 22.83682 41.9936, 22.34404 42.31396, 22.52354 42.44097, 22.4668 42.84248, 22.70615 42.88394, 22.97686 43.18799, 22.55459 43.45449, 22.39482 43.70664, 22.4208 44.00742, 22.70508 44.23779, 23.02852 44.07798, 22.91904 43.83447, 23.22461 43.87388, 24.22676 43.76348, 24.43057 43.79438, 25.49707 43.6708, 25.81885 43.76685, 26.21582 44.00728, 27.08691 44.16738, 27.42539 44.02051, 27.88428 43.98735, 28.05 43.82241, 28.58535 43.74224, 28.46543 43.38931, 28.13369 43.39561, 27.92891 43.18613, 27.88887 42.74971, 27.48477 42.46807, 27.7082 42.34995, 28.01445 41.96904))"
"112","112","Europe","Southeast Europe","cyprus","Cyprus","Greek and Maronite minorities","Turkish Republic of Northern Cyprus

Cyprus Turkish Peace Force Command","Warning","2,6","2","6","OK","current","","The profile describes unresolved Greek- and Turkish-Cypriot tensions, the continuing military division of the island and demographic changes in the north.","Draft — verify profile","https://www.genocidewatch.com/country-pages/cyprus","","https://www.genocidewatch.com/country-pages/cyprus","","","base_country","0","","Polygon","EPSG:4326","Natural Earth 1:50m topology-simplified","ADMIN=Cyprus","Base-country geometry standardised to Natural Earth 1:50m and simplified jointly as one polygon coverage. Shared borders remain edge-matched; tolerance 0.12 degrees.","0f83dc0a61e41a0ce1297bd3fd8a81b4b49a4e5dc78ab919c7c71f407873443b","","POLYGON ((32.91953 35.08784, 33.38379 35.1627, 33.52568 35.03867, 33.86641 35.0936, 34.0502 34.98838, 33.69941 34.96987, 33.51445 34.80645, 32.9418 34.57588, 32.44902 34.72944, 32.31719 34.95332, 32.65234 35.18267, 32.91953 35.08784))"
"113","113","Europe","Southeast Europe","greece","Greece","Migrants, Refugees, Asylum Seekers, Women, Children.","Greek government, Greek security forces","Watch","1,3,4,8","4","8","OK","current","2023-10-01","The profile describes abusive treatment of migrants and refugees, prosecution of people assisting them, anti-immigrant vigilantism and high levels of gender-based violence.","Draft — verify profile","https://www.genocidewatch.com/country-pages/greece","https://d0dbb2cb-698c-4513-aa47-eba3a335e06f.filesusr.com/ugd/b444d3_6199aaf771d8428ab6302cc658e02301.pdf","https://www.genocidewatch.com/country-pages/greece","","","base_country","0","","MultiPolygon","EPSG:4326","Natural Earth 1:50m topology-simplified","ADMIN=Greece","Base-country geometry standardised to Natural Earth 1:50m and simplified jointly as one polygon coverage. Shared borders remain edge-matched; tolerance 0.12 degrees.","c74333c7ebbbc484ae798da8b854cc00053825d8bdf255c6f4cdb51ecb4fc313","","MULTIPOLYGON (((27.83828 36.53799, 27.78574 36.60752, 27.8625 36.64116, 27.83828 36.53799)), ((20.76133 38.07056, 20.52354 38.10664, 20.40869 38.33677, 20.56318 38.47495, 20.76133 38.07056)), ((20.99395 37.70801, 20.81855 37.66475, 20.6915 37.92954, 20.99395 37.70801)), ((20.55469 38.58257, 20.63467 38.81758, 20.71484 38.63833, 20.55469 38.58257)), ((20.75869 38.32944, 20.70928 38.3186, 20.62363 38.48032, 20.75869 38.32944)), ((19.64893 39.72617, 19.83857 39.82012, 19.95527 39.47041, 19.64893 39.72617)), ((23.47197 38.8501, 23.87822 38.68657, 24.09902 38.671, 24.27578 38.22002, 24.56328 38.14751, 24.50234 37.96992, 24.21201 38.11753, 24.04014 38.38999, 23.75879 38.40122, 23.25215 38.80122, 22.87031 38.87051, 23.3127 39.03491, 23.47197 38.8501)), ((23.77979 39.1144, 23.66611 39.09536, 23.59395 39.20859, 23.77979 39.1144)), ((23.84121 39.14658, 23.88809 39.22637, 23.93975 39.20054, 23.84121 39.14658)), ((24.67471 38.80923, 24.46104 38.88862, 24.48564 38.98027, 24.67471 38.80923)), ((24.77422 40.61519, 24.51553 40.64702, 24.71914 40.78628, 24.77422 40.61519)), ((23.51143 37.90117, 23.43525 37.91147, 23.46221 37.98037, 23.51143 37.90117)), ((22.93945 36.17622, 22.95049 36.38394, 23.09707 36.24658, 22.93945 36.17622)), ((27.13789 35.40908, 27.0707 35.59775, 27.23359 35.47856, 27.13789 35.40908)), ((26.91992 36.94521, 26.88867 37.08726, 27.04014 37.00156, 26.91992 36.94521)), ((26.91836 36.72593, 27.06113 36.84038, 27.35215 36.8689, 26.91836 36.72593)), ((25.5459 36.96758, 25.36191 37.07041, 25.52529 37.19639, 25.5459 36.96758)), ((25.19941 36.99131, 25.10547 37.03496, 25.27529 37.13784, 25.19941 36.99131)), ((25.48242 36.39263, 25.37051 36.35894, 25.40898 36.47373, 25.48242 36.39263)), ((25.36436 36.65835, 25.25996 36.75845, 25.40693 36.71733, 25.36436 36.65835)), ((26.82441 37.81143, 27.05508 37.70928, 26.84492 37.64473, 26.58105 37.72373, 26.82441 37.81143)), ((25.98242 37.52559, 26.08633 37.63491, 26.35137 37.67432, 25.98242 37.52559)), ((25.74316 36.78975, 26.00068 36.9374, 26.06445 36.90273, 25.74316 36.78975)), ((26.46064 36.5854, 26.33145 36.51138, 26.26982 36.59541, 26.46064 36.5854)), ((24.28896 37.52827, 24.32041 37.67773, 24.40078 37.64902, 24.28896 37.52827)), ((24.37891 37.31411, 24.36973 37.41963, 24.48145 37.40801, 24.37891 37.31411)), ((24.53066 36.68398, 24.32598 36.65562, 24.35742 36.74429, 24.53066 36.68398)), ((24.93789 37.3897, 24.89619 37.40659, 24.90654 37.50889, 24.93789 37.3897)), ((24.96221 37.69238, 24.71436 37.89888, 24.95635 37.90479, 24.96221 37.69238)), ((25.15635 37.54507, 24.99648 37.6769, 25.22539 37.63066, 25.15635 37.54507)), ((24.70264 36.91709, 24.68145 37.02163, 24.76318 36.94922, 24.70264 36.91709)), ((25.99854 38.16152, 25.84609 38.57402, 26.16035 38.54072, 26.15703 38.30293, 25.99854 38.16152)), ((26.58398 39.03145, 26.16084 39.02588, 25.84414 39.20005, 26.34775 39.38301, 26.58398 39.03145)), ((25.68574 40.42656, 25.44805 40.48281, 25.56855 40.51587, 25.68574 40.42656)), ((25.35703 39.80811, 25.06221 39.85239, 25.05801 39.99966, 25.44912 40.03481, 25.35703 39.80811)), ((25.30713 37.41299, 25.34814 37.50918, 25.46299 37.47109, 25.30713 37.41299)), ((24.52354 37.1251, 24.4248 37.13198, 24.5291 37.19233, 24.52354 37.1251)), ((27.71553 35.95732, 27.71631 36.17158, 27.91445 36.34531, 28.23184 36.43364, 28.08779 36.06533, 27.71553 35.95732)), ((24.25537 35.4686, 24.31289 35.36382, 24.72129 35.4248, 25.47568 35.3062, 25.73018 35.34858, 25.74502 35.14272, 26.16787 35.21509, 26.24434 35.04468, 24.7998 34.93447, 24.70889 35.08906, 23.88359 35.24609, 23.63809 35.23516, 23.54756 35.41558, 23.73691 35.65552, 23.79336 35.5562, 24.25537 35.4686)), ((26.3209 41.71655, 26.58135 41.60127, 26.6249 41.40176, 26.33066 41.23877, 26.33105 40.95449, 26.03896 40.72676, 25.85566 40.84409, 25.10449 40.99473, 24.79297 40.85752, 24.47705 40.94775, 24.08232 40.72407, 23.76279 40.7478, 23.8668 40.41855, 23.72051 40.28628, 23.96748 40.11455, 23.94707 39.96558, 23.66455 40.22383, 23.42627 40.26396, 23.39561 39.98984, 23.31201 40.21646, 22.89648 40.3999, 22.92227 40.59087, 22.62949 40.49556, 22.59219 40.03691, 22.91904 39.62891, 23.28848 39.28882, 22.83896 39.25859, 22.96553 39.03091, 22.59678 38.89058, 23.25293 38.66123, 23.68398 38.35244, 23.96699 38.275, 24.05537 37.70962, 23.97158 37.67676, 23.58047 38.01055, 23.03633 37.87837, 23.19756 37.62021, 23.48926 37.44019, 23.16152 37.33384, 23.09648 37.44058, 22.72539 37.54214, 22.99502 37.01587, 22.98291 36.52837, 22.77988 36.78618, 22.6084 36.77974, 22.3748 36.51357, 22.37598 36.7019, 22.08047 37.02896, 21.95557 36.99009, 21.89238 36.7373, 21.58291 37.08096, 21.69248 37.30928, 21.57129 37.54102, 21.13799 37.85415, 21.40371 38.19668, 21.6584 38.1751, 21.82471 38.32812, 22.55586 38.11323, 22.92031 37.9583, 23.14893 38.17607, 22.93252 38.20195, 22.42168 38.43853, 22.22686 38.35283, 21.96533 38.41245, 21.47256 38.32139, 21.11318 38.38467, 20.77734 38.92788, 21.07422 38.88516, 21.11836 39.02998, 20.77969 39.00854, 20.30078 39.3271, 20.00127 39.70942, 20.20684 39.65352, 20.38242 39.80264, 20.31113 39.97944, 20.65742 40.11738, 20.80605 40.44546, 21.03105 40.65864, 20.96426 40.8499, 21.57578 40.86895, 21.92949 41.10742, 22.49355 41.11851, 22.91602 41.33628, 23.63516 41.38677, 24.05605 41.52725, 24.51826 41.55254, 25.25117 41.24355, 26.15518 41.43486, 26.06602 41.67324, 26.3209 41.71655)))"
"115","115","Europe","Southeast Europe","serbia","Serbia","Bosniak Muslims, Kosovar Albanians, government critics, genocide recognition advocates","Serbian government, Serbian Army (historical), Republika Srpska leadership","Watch","6,10","2","10","OK","historical","2025-05-01","The profile describes genocide denial and nationalist rhetoric, with renewed tensions over Kosovo and Bosnia threatening regional stability.","Draft — verify profile","https://www.genocidewatch.com/country-pages/serbia","https://d0dbb2cb-698c-4513-aa47-eba3a335e06f.filesusr.com/ugd/82af05_fafba77dfdf84bf2b946ae602def2fec.pdf","https://www.genocidewatch.com/country-pages/serbia","","","base_country","0","","Polygon","EPSG:4326","Natural Earth 1:50m topology-simplified","NAME_LONG=Serbia","Base-country geometry standardised to Natural Earth 1:50m and simplified jointly as one polygon coverage. Shared borders remain edge-matched; tolerance 0.12 degrees.","8f2208b3d43a66996279551d64ff17f488a1063af9da94b9974b418546d42ec5","","POLYGON ((22.70508 44.23779, 22.4208 44.00742, 22.39482 43.70664, 22.55459 43.45449, 22.97686 43.18799, 22.70615 42.88394, 22.4668 42.84248, 22.52354 42.44097, 22.34404 42.31396, 22.23975 42.35815, 21.5625 42.24751, 21.75293 42.66982, 21.39062 42.75142, 21.05703 43.0917, 20.76338 43.25859, 20.46885 42.85791, 19.55156 43.21226, 19.19434 43.5333, 19.45127 43.56206, 19.48818 43.70356, 19.24502 43.96504, 19.58379 44.04346, 19.15186 44.30254, 19.15137 44.52734, 19.34863 44.88091, 19.00713 44.86919, 19.13691 45.19624, 19.33027 45.26807, 19.00469 45.39951, 18.83906 45.83574, 18.90537 45.93174, 19.2084 45.98442, 19.53076 46.15518, 20.2418 46.10859, 20.35859 45.97549, 20.775 45.7498, 20.77422 45.48442, 21.4918 45.12227, 21.35791 44.86182, 22.09307 44.54194, 22.49766 44.70625, 22.7209 44.60552, 22.50234 44.4896, 22.70508 44.23779))"
"116","116","Europe","Southeast Europe","romania","Romania","Roma (Romani people)","Romanian government, Romanian police, Romanian public, social media users","Watch","3,4","2","4","OK","current","2021-08-01","The profile describes Holocaust denial and revisionism, political polarization and continuing segregation and discrimination against Roma communities.","Draft — verify profile","https://www.genocidewatch.com/country-pages/romania","","https://www.genocidewatch.com/country-pages/romania","","","base_country","0","","Polygon","EPSG:4326","Natural Earth 1:50m topology-simplified","ADMIN=Romania","Base-country geometry standardised to Natural Earth 1:50m and simplified jointly as one polygon coverage. Shared borders remain edge-matched; tolerance 0.12 degrees.","4025f0156b8308da53fec30b4f8e2c8ed7eefb842ca1657531f3fc91520c265e","","POLYGON ((28.2125 45.45044, 28.45127 45.29219, 28.76074 45.23413, 29.40371 45.41968, 29.70586 45.25991, 29.55752 44.84341, 29.04824 44.75757, 29.04775 44.92568, 28.64541 44.29565, 28.58535 43.74224, 28.05 43.82241, 27.88428 43.98735, 27.42539 44.02051, 27.08691 44.16738, 26.21582 44.00728, 25.81885 43.76685, 25.49707 43.6708, 24.43057 43.79438, 24.22676 43.76348, 23.22461 43.87388, 22.91904 43.83447, 23.02852 44.07798, 22.70508 44.23779, 22.50234 44.4896, 22.7209 44.60552, 22.49766 44.70625, 22.09307 44.54194, 21.35791 44.86182, 21.4918 45.12227, 20.77422 45.48442, 20.775 45.7498, 20.35859 45.97549, 20.2418 46.10859, 20.61367 46.1335, 20.83701 46.25972, 21.03984 46.24224, 21.26455 46.4123, 21.32021 46.60781, 21.99531 47.3957, 21.99971 47.50503, 22.29063 47.72783, 22.67676 47.79902, 22.87666 47.94727, 23.20264 48.08452, 24.17773 47.90605, 24.57891 47.93105, 24.89336 47.71777, 25.46426 47.91079, 26.1627 47.99253, 26.30566 48.20376, 26.61895 48.25986, 26.98076 48.15503, 27.33691 47.63975, 27.85381 47.1145, 28.07178 46.97842, 28.23945 46.64082, 28.24434 46.45127, 28.09971 45.97261, 28.2125 45.45044))"
"29","100029","Africa","North Africa","western-sahara","Western Sahara","Sahrawi people, Sahrawi independence activists, journalists","Moroccan government, Moroccan military forces","Warning","3,8","2","8","OK","current","2022-02-14","Western Sahara independence groups have been engaged in conflict with Morocco over the sovereignty of Western Sahara’s territory since Spain ended colonial rule in 1975. Since then, war has driven 158,000 Sahrawi people into refugee camps in Algeria and the country has been divided by a 2700km wall built by the Moroccan army. Moroccans now outnumber Sahrawis in Western Sahara.","Draft — verify profile","https://www.genocidewatch.com/country-pages/western-sahara","https://d0dbb2cb-698c-4513-aa47-eba3a335e06f.filesusr.com/ugd/d0bbf9_0719df86d51a413592873869f7a6f1ad.pdf","https://www.genocidewatch.com/country-pages/western-sahara","","","overlay_territory","100","Morocco","Polygon","EPSG:4326","Existing Ten Stages corrected GeoJSON","NAME=Western Sahara","Geometry retained from Ten_Stages_Map_GW_09.10_updated_historic_corrected.geojson. Overlay geometry simplified with topology preservation; tolerance 0.080 degrees.","2970630a025122e9144a4407687fe6614d082e119ce6f2b59c63e308e72a3e41","","POLYGON ((-8.81703 27.66146, -8.68239 27.66144, -8.68766 26.00002, -12.01531 25.9949, -12.01934 23.461, -12.61943 23.27083, -13.15229 22.82, -13.01525 21.33343, -16.95883 21.33286, -17.05687 20.76691, -17.01374 21.41997, -14.74997 21.50008, -14.62985 21.86042, -14.22019 22.30965, -13.89013 23.69049, -13.31001 23.98055, -12.99018 24.4698, -12.43014 24.83017, -12.06001 25.9903, -11.71724 26.10358, -11.3369 26.6329, -11.39157 26.88291, -10.75678 27.01959, -9.81686 26.84968, -9.41206 27.08796, -8.7939 27.12018, -8.81703 27.66146))"
"40","100040","Middle East","Middle East","palestine","Palestine","Palestinians in the OPT; Palestinian citizens of Israel; Israeli war crime victims; LGBTQIA+ people; Residents of Lebanon","Israeli government; Israeli Defence Force; Hamas","Emergency","8,9,10","3","10","OK","current","2026-07-11","Since the partition of Palestine in 1947 and the creation of Israel in 1948, Israelis and Palestinians have been in an ongoing state of conflict. Both populations have historical claims to the disputed territory, have experienced intergenerational trauma, and face some form of existential threat. On the one hand, Palestinians have faced discrimination, dispossession, persecution, and the erasure of their cultural heritage, and 5.7 million refugees cannot access their homelands after the exodus of Palestinians in 1948. In the Occupied Palestinian Territories (OPT), Israel has subjected Palestinians to military occupation in the West Bank and a blockade in Gaza. On the other hand, many Jewish people sought protection in Israel's creation following centuries of persecution and genocide in Europe. Hamas, a terrorist group whose charter expresses the aim to destroy Israel, now controls Gaza. Both Hamas and Israel have committed war crimes in recent conflicts, with Palestinians suffering overwhelmingly. However, Israelis and Palestinians have campaigned together for peaceful co-existence. LGBTQI+ people have also won hard-fought rights in Israel. However, they face ongoing persecution in the OPT and even the threat of death in Gaza.","No details found","https://www.genocidewatch.com/country-pages/israel%2Fpalestine","https://www.genocidewatch.com/_files/ugd/b89303_82fd0f606538424bb5a3b5acf5bd2ca6.pdf","https://www.genocidewatch.com/country-pages/israel%2Fpalestine","","","overlay_territory","100","Israel","MultiPolygon","EPSG:4326","Existing Ten Stages corrected GeoJSON","NAME=Palestine","Geometry retained from Ten_Stages_Map_GW_09.10_updated_historic_corrected.geojson. Overlay geometry simplified with topology preservation; tolerance 0.029 degrees.","e207225341a0c7c392d849681cfee31be83bda7187e43969dcd8f28799294e19","","MULTIPOLYGON (((34.9867 31.96723, 34.95822 32.18645, 35.06435 32.46314, 35.20863 32.54264, 35.39291 32.49448, 35.40686 32.41479, 35.56096 32.38472, 35.52282 32.05784, 35.55941 31.76535, 35.48014 31.64112, 35.45874 31.49157, 35.16491 31.36227, 34.87883 31.36284, 34.97361 31.63037, 35.12574 31.7331, 35.23797 31.70933, 35.26281 31.74863, 35.22202 31.87918, 35.18617 31.80874, 35.07632 31.85416, 34.97743 31.83337, 35.03901 31.90864, 34.9867 31.96723)), ((34.4812 31.58314, 34.55603 31.53983, 34.36734 31.39281, 34.35091 31.28925, 34.24835 31.21145, 34.20027 31.31427, 34.4812 31.58314)))"
"49","100049","Asia","East Asia","hong-kong","Hong Kong","Pro-democracy activists, South Asian Immigrants,
Muslims","Chinese Government, Hong Kong police force","Warning","3,4,5,6,8","5","8","OK","current","2025-05-01","Under the 1997 Basic Law of the HKSAR (Hong Kong Special Administrative Region), Hong Kong was granted relative political and economic freedom from China until 2047. However, China has since encroached on these civil rights. The passage of the National Security Law in 2020 has restricted protest activity and voting rights. Crackdowns on freedom of press, expression, as well as persecution of democrats in Hong Kong soon followed, and remain an ongoing process today. China now has direct legal control over Hong Kong.","Draft — verify profile","https://www.genocidewatch.com/country-pages/hong-kong","https://www.genocidewatch.com/_files/ugd/001731_f4b0133ab3084487a122e893b39599c9.docx?dn=Country%2520Report%2520Hong%2520Kong%2520Special%2520Administrative%2520Region%2520(SAR)%2520of%2520China%25202025.docx","https://www.genocidewatch.com/country-pages/hong-kong","","","overlay_territory","100","China","MultiPolygon","EPSG:4326","Existing Ten Stages corrected GeoJSON","NAME=Hong Kong","Geometry retained from Ten_Stages_Map_GW_09.10_updated_historic_corrected.geojson. Overlay geometry simplified with topology preservation; tolerance 0.018 degrees.","4b5e0d66114fa4fb735bf1497ee6c99f710fb037ad6d63aa037ce81b35389bb1","","MULTIPOLYGON (((114.22983 22.55581, 114.20932 22.52371, 114.25457 22.55097, 114.28924 22.50519, 114.33513 22.50642, 114.25375 22.45177, 114.21176 22.47057, 114.21713 22.44794, 114.16749 22.44807, 114.20932 22.39867, 114.23821 22.43537, 114.27255 22.40965, 114.32374 22.48005, 114.34759 22.42292, 114.35987 22.46117, 114.39975 22.43614, 114.3576 22.33242, 114.31861 22.38939, 114.27801 22.39098, 114.27646 22.34805, 114.25839 22.36209, 114.31162 22.29731, 114.29672 22.25829, 114.25554 22.32233, 114.23894 22.28168, 114.19549 22.31826, 114.17189 22.28872, 114.10483 22.36986, 114.02052 22.35037, 113.97063 22.38707, 113.94483 22.36209, 113.89698 22.40876, 114.09146 22.53439, 114.22983 22.55581)), ((113.84645 22.19709, 113.8392 22.2342, 113.89251 22.29271, 114.05486 22.33633, 114.01271 22.31135, 114.00017 22.21613, 113.94565 22.23725, 113.91912 22.20502, 113.89251 22.2224, 113.84645 22.19709)), ((114.21559 22.28563, 114.25148 22.25906, 114.25611 22.2036, 114.22267 22.23884, 114.20769 22.18956, 114.18385 22.24103, 114.16489 22.22785, 114.11256 22.27151, 114.21559 22.28563)), ((114.15463 22.2036, 114.11085 22.17707, 114.1067 22.23579, 114.15463 22.2036)))"
"60","100060","Asia","South-East Asia","west-papua","West Papua","Indigenous West Papuans
Independence activists and OPM supporters","Indonesian government
Indonesian military and security forces
Foreign mining corporations, particularly Freeport-McMoRan","Watch","3,4,9,10","4","10","OK","current","2022-09-30","","No details found","https://www.genocidewatch.com/single-post/country-report-west-papua","https://d0dbb2cb-698c-4513-aa47-eba3a335e06f.filesusr.com/ugd/09ea84_58258c1733ba49bf92ef8d122e859386.pdf","","","","overlay_territory","100","Indonesia","Polygon","EPSG:4326","User-supplied west papua 1.shp","Single feature in uploaded shapefile","West Papua polygon supplied separately by the user. Overlay geometry simplified with topology preservation; tolerance 0.080 degrees.","3458fb694e5ff1dd6eeb6fd8a572bb0c0b73c82e8f5781b65f412d0f7e4fd138","case_type was blank or invalid in the workbook; set to current","POLYGON ((140.97446 -2.60052, 140.9769 -6.33512, 140.84921 -6.70285, 140.97716 -6.89663, 140.97698 -9.10613, 139.98813 -8.19248, 140.1517 -7.8847, 139.97364 -8.09694, 139.39519 -8.20094, 139.25465 -8.14609, 139.21713 -7.95135, 139.22446 -8.0744, 138.9144 -8.29209, 138.84278 -8.11745, 139.09303 -7.55999, 138.66749 -7.19785, 139.15707 -7.2431, 139.24 -7.15106, 138.84254 -7.1456, 138.56153 -6.91863, 138.93149 -6.84254, 139.19223 -6.97291, 138.68344 -6.71453, 138.82911 -6.70599, 138.46608 -6.40211, 138.26246 -5.91473, 138.40398 -5.83571, 138.15756 -5.7737, 138.36297 -5.67881, 138.07106 -5.72861, 138.07106 -5.40993, 137.99928 -5.47894, 137.27882 -4.93662, 136.82211 -4.92832, 135.95045 -4.50628, 135.18556 -4.44891, 134.6482 -4.11875, 134.68849 -3.94744, 134.96778 -3.93678, 134.67579 -3.90838, 134.52524 -4.02646, 134.33351 -3.86883, 134.31528 -4.02028, 134.12745 -3.74529, 133.97104 -3.85027, 133.83814 -3.59043, 133.82928 -3.72186, 133.70314 -3.67262, 133.64145 -3.48366, 133.69093 -3.21608, 133.92945 -3.11468, 133.86052 -2.92295, 133.66822 -3.12217, 133.6277 -3.41627, 133.51401 -3.37835, 133.59181 -3.54534, 133.40886 -3.72243, 133.45338 -3.86541, 133.25099 -4.06683, 132.90772 -4.08815, 132.73097 -3.68231, 132.93181 -3.55413, 132.8117 -3.28167, 132.67115 -3.32855, 132.32569 -2.94655, 131.97608 -2.92978, 132.04444 -2.8034, 131.95802 -2.78818, 132.20192 -2.67645, 132.73658 -2.80999, 133.03354 -2.47942, 133.25847 -2.41644, 133.38071 -2.67645, 133.44557 -2.49472, 133.45037 -2.64235, 133.47348 -2.52166, 133.64064 -2.5429, 133.68238 -2.71746, 133.71314 -2.51198, 133.8169 -2.64902, 133.74724 -2.43792, 134.00514 -2.38844, 133.86736 -2.34124, 133.94996 -2.2929, 133.94996 -2.20355, 133.792 -2.26019, 133.94044 -2.1076, 133.64576 -2.23602, 132.30568 -2.26556, 131.9419 -1.89512, 132.02394 -1.67596, 131.88673 -1.65203, 131.98219 -1.53875, 131.80486 -1.6076, 131.79119 -1.49774, 131.43653 -1.50172, 131.37281 -1.39471, 131.20574 -1.52361, 130.94825 -1.4122, 131.23618 -1.11728, 131.24301 -0.81943, 131.87648 -0.68963, 132.39666 -0.35345, 132.97511 -0.44476, 133.39161 -0.72324, 133.97722 -0.72324, 134.17213 -0.86386, 134.03614 -0.95778, 134.28199 -1.35019, 134.08709 -1.68279, 134.19337 -2.37908, 134.46388 -2.86207, 134.48439 -2.53932, 134.63844 -2.51116, 134.70134 -2.95867, 134.85133 -2.89984, 134.89894 -3.26279, 135.34083 -3.38974, 135.90992 -2.98577, 136.38087 -2.23406, 137.17848 -2.10613, 137.12355 -1.79746, 137.83912 -1.47112, 139.78077 -2.35467, 140.15797 -2.3209, 140.74464 -2.49912, 140.72381 -2.63397, 140.97446 -2.60052))"
"63","100063","Asia","Former Soviet Union","abkhazia","Abkhazia","Ethnic Georgians (especially in Gali district)","Abkhazian authorities, Russian occupying forces","Warning","3,4,5,6","4","6","OK","current","2021-09-01","The profile describes the displacement of ethnic Georgians, continuing discrimination in the Gali district, and pressure to adopt Abkhaz or Russian identity under Russian-backed rule.","Draft — verify profile","https://www.genocidewatch.com/country-pages/abkhazia","","https://www.genocidewatch.com/country-pages/abkhazia","","","overlay_territory","100","Georgia","Polygon","EPSG:4326","Existing Ten Stages corrected GeoJSON","NAME=Abkhazia","Geometry retained from Ten_Stages_Map_GW_09.10_updated_historic_corrected.geojson. Overlay geometry simplified with topology preservation; tolerance 0.038 degrees.","9c8f21b2c32f157066c15482805c461f1fa5047633aa78859489c2b4e03ac25c","","POLYGON ((41.29116 42.40717, 41.65924 42.43689, 41.66984 42.49668, 41.94824 42.63756, 41.87639 42.83797, 41.94706 42.89801, 41.86646 42.99454, 42.03967 43.05521, 42.13714 43.19375, 41.88601 43.25185, 41.80394 43.20204, 41.61734 43.22057, 41.39364 43.36623, 41.288 43.337, 40.94994 43.41973, 40.66178 43.56305, 40.56456 43.51906, 40.09788 43.56598, 39.88448 43.22443, 40.15104 43.01809, 40.73962 42.89265, 40.98223 42.64857, 41.23439 42.59274, 41.29116 42.40717))"
"67","100067","Asia","Former Soviet Union","chechnya","Chechnya","LGBTQIA+ people, Journalists, Government critics","Government,
Police and security forces","Emergency","8,9,10","3","10","OK","current","","Chechnya is a Muslim-majority autonomous republic in the south of the Russian Federation. After an aggressive war with Russia and unsuccessful attempt to gain independence in the 1990s, Chechnya has built closer relations with the Kremlin under its current leader, Ramzan Kadyrov, who came to power in 2005. Kadyrov's rule has been marked by his thuggish, hypermasculine personna and his brutal, authoritarian practices. Since 2017, the Chechen authorities have led a ruthless crackdown on the LGBTQIA+ community, known globally as a ""gay purge."" They have rounded up and tortured victims, committed extrajudicial killings, and encouraged families to carry out “honor killings.” Kadyrov has denied both the round-ups and the existence of gay people in the Chechnya. In 2017, a French gay rights groups filed a case at the ICC, accusing Chechnya of ""genocide,"" though the existing Genocide Convention excludes LGBTQI+ people as possible victims. In 2020, the HBO documentary ""Welcome to Chechnya"" showed the extraodinary efforts of activists helping LGBTQIA+ people flee the republic.","Draft — verify profile","https://www.genocidewatch.com/country-pages/chechnya","","https://www.genocidewatch.com/country-pages/chechnya","","","overlay_territory","100","Russia","Polygon","EPSG:4326","Existing Ten Stages corrected GeoJSON","NAME=Chechnya","Geometry retained from Ten_Stages_Map_GW_09.10_updated_historic_corrected.geojson. Overlay geometry simplified with topology preservation; tolerance 0.036 degrees.","37af64e65eaed27184c0039d719f8f12ff61c7d1a72beb5acbfb258b6e3511a7","","POLYGON ((44.83227 43.68214, 44.8709 43.53581, 45.13652 43.42127, 45.10646 43.28132, 45.19538 43.10549, 45.0778 43.00832, 45.07162 42.89903, 45.08678 42.84177, 45.19484 42.80775, 45.08661 42.71175, 45.15837 42.70753, 45.34041 42.52252, 45.57145 42.54824, 45.71149 42.4765, 45.82084 42.49866, 45.92563 42.6026, 46.00523 42.59627, 46.07489 42.71781, 46.17399 42.73195, 46.11703 42.80291, 46.18733 42.88622, 46.30043 42.86466, 46.30901 42.90975, 46.36727 42.84073, 46.53312 42.92239, 46.46992 43.01453, 46.52199 43.023, 46.50639 43.08465, 46.38874 43.14585, 46.43895 43.18589, 46.39172 43.20168, 46.42436 43.2989, 46.32764 43.4501, 46.43689 43.53759, 46.4585 43.66357, 46.66209 43.8359, 46.44814 43.87663, 46.44063 44.00289, 46.32142 44.01051, 46.36042 43.94445, 46.25113 43.94588, 46.25047 43.88149, 46.09567 43.8607, 46.08034 43.81647, 46.00358 43.88138, 46.07208 43.9303, 45.86011 43.97099, 45.43984 44.0093, 45.43797 43.87565, 45.20203 43.87694, 45.20261 43.95749, 45.0533 43.95794, 45.06356 43.71972, 44.83227 43.68214))"
"70","100070","Asia","Former Soviet Union","nagorno-karabakh-artsakh","Nagorno-Karabakh / Artsakh","Armenians","Azerbaijani Government and Armed Forces","Warning","4,7,8,10","4","10","OK","current","2022-09-30","Azerbaijan has invaded the rightful territory of the unrecognized Republic of Nagorno-Karabakh or Artsakh and is attempting to erase Armenian presence in the occupied territories.","Draft — verify profile","https://www.genocidewatch.com/de/country-pages/nagorno-karabakh%2Fartsakh","https://d0dbb2cb-698c-4513-aa47-eba3a335e06f.filesusr.com/ugd/09ea84_6a066cb5309c4bb682e4ba443f341b91.pdf","https://www.genocidewatch.com/de/country-pages/nagorno-karabakh%2Fartsakh","","","overlay_territory","100","Azerbaijan","Polygon","EPSG:4326","Natural Earth v5.1.1 — ne_50m_admin_0_breakaway_disputed_areas","BRK_NAME=Artsakh","Breakaway/disputed-area geometry supplied by Natural Earth. Overlay geometry simplified with topology preservation; tolerance 0.035 degrees.","876237d50f15b8dcc7e53d90af52ea877b96214f18887c7bbfd6707b4c74b163","","POLYGON ((46.47254 40.28925, 46.74648 40.41278, 47.06943 40.20694, 47.32212 39.4144, 46.98889 39.18019, 46.85257 39.14841, 46.55481 38.9044, 46.49063 38.90667, 46.48986 39.06945, 46.4003 39.19218, 46.58473 39.22368, 46.36526 39.4025, 46.47812 39.47511, 46.48143 39.55516, 46.32165 39.61745, 46.20207 39.59448, 45.57758 39.98398, 45.88596 40.02484, 45.96462 40.23377, 46.47254 40.28925))"
"82","100082","Asia","South Asia","kashmir","Kashmir","In Pakistan-administered Kashmir: 

Political activists and advocates for autonomy or self-determination (especially in Gilgit-Baltistan and Azad Kashmir)

Religious minorities (especially Ahmadis and Shia","In Pakistan-administered Kashmir: 
Pakistani federal authorities and security forces
Pakistani intelligence agencies 
Pakistani-appointed officials (especially in Gilgit-Baltistan)
Allied private entities (involved in land acquisition linked to CPEC)","Watch","3,5,8","3","8","OK","current","2025-03-30","Pakistan-administered Kashmir: Since the 1947 partition, Pakistan-administered Kashmir has experienced systemic repression under tight federal control. Political activists, journalists, and human rights defenders face arbitrary arrests, enforced disappearances, and anti-terror charges for advocating autonomy or exposing abuses. Religious minorities, particularly Ahmadis and Shia Muslims, suffer from targeted violence, discriminatory laws, and state-backed persecution. In Gilgit-Baltistan, indigenous communities are forcibly displaced for CPEC-related projects, often without compensation. Media and civil society operate under severe restrictions, with dissent criminalized and self-determination movements harshly suppressed.","Draft — verify profile","https://www.genocidewatch.com/de/country-pages/kashmir","https://d0dbb2cb-698c-4513-aa47-eba3a335e06f.filesusr.com/ugd/2f3638_b8257e59e84d415f95009e5f3af3589e.pdf","https://www.genocidewatch.com/de/country-pages/kashmir","","","overlay_territory","100","India; Pakistan; China","Polygon","EPSG:4326","Natural Earth v5.1.1 — ne_50m_admin_0_breakaway_disputed_areas","BRK_GROUP=Jammu and Kashmir plus BRK_NAME=Siachen Glacier","Union of Demchok, Jammu and Kashmir, Shaksam Valley, Aksai Chin, Gilgit-Baltistan and Siachen Glacier. Overlay geometry simplified with topology preservation; tolerance 0.080 degrees.","f8f917cc797a102cbe772ed4399be55acd9310c60cade8b5bf5878ffc2ead438","case_type was blank or invalid in the workbook; set to current","POLYGON ((79.37617 33.1463, 79.33483 32.97551, 79.49352 32.68829, 78.99769 32.36516, 78.70086 32.597, 78.27277 32.46324, 78.36321 32.71444, 77.98711 32.62052, 77.73911 32.95179, 77.21919 32.84673, 76.56538 33.16149, 75.84181 32.8768, 75.92434 32.72291, 75.83427 32.51882, 75.51201 32.31069, 74.68576 32.4938, 74.66323 32.75766, 74.35456 32.7687, 73.64308 33.10452, 73.43482 34.48896, 74.01164 34.89529, 74.09101 35.10365, 73.713 35.28369, 73.73868 35.51597, 73.34501 35.59194, 73.07247 35.85766, 72.56573 35.89714, 72.58387 36.23598, 73.13541 36.7135, 73.80224 36.73802, 73.73181 36.88778, 74.03892 36.82571, 74.69222 37.03572, 75.34665 36.91346, 75.42416 36.73822, 75.7722 36.69492, 75.95188 36.45811, 76.7153 36.15557, 76.82594 35.87502, 77.47727 35.62834, 77.52005 35.47342, 79.35229 35.97426, 80.00288 35.81943, 80.31295 35.57888, 80.02802 34.65941, 79.51662 34.4024, 79.43281 34.05503, 78.89723 33.96423, 79.00177 33.67125, 78.91671 33.38677, 79.37617 33.1463))"
"114","100114","Europe","Southeast Europe","kosovo","Kosovo","Serbs","Kosovo Police

Kosovo Government","Watch","3,6","2","6","OK","current","2025-05-01","The profile describes unresolved accountability and ethnic tensions following the Kosovo war, including risks facing Serb and other minority communities.","Draft — verify profile","https://www.genocidewatch.com/country-pages/kosovo","","https://www.genocidewatch.com/country-pages/kosovo","","","overlay_territory","100","Serbia","Polygon","EPSG:4326","Existing Ten Stages corrected GeoJSON","NAME=Kosovo","Geometry retained from Ten_Stages_Map_GW_09.10_updated_historic_corrected.geojson. Overlay geometry simplified with topology preservation; tolerance 0.034 degrees.","dcb50e30ff0a154a146a3d0828188843985d1ab21b8ac71dcb38fb9e4e1488b8","","POLYGON ((20.06496 42.54676, 20.10392 42.65311, 20.03467 42.75142, 20.1834 42.74251, 20.22608 42.80677, 20.4763 42.85552, 20.45945 42.95002, 20.66492 43.08541, 20.60404 43.19796, 20.79442 43.26307, 20.8647 43.21734, 20.83855 43.17047, 21.09259 43.09068, 21.26054 42.88656, 21.40844 42.847, 21.37867 42.74414, 21.77276 42.6475, 21.61742 42.38664, 21.51603 42.34194, 21.56407 42.24629, 21.36679 42.22386, 21.2993 42.09141, 21.09848 42.19595, 20.78491 42.08203, 20.7505 41.9068, 20.68146 41.84401, 20.56715 41.87318, 20.59929 41.96057, 20.50079 42.21122, 20.33336 42.31788, 20.23776 42.31992, 20.1526 42.49371, 20.06496 42.54676))"
