{
"type": "FeatureCollection",
"name": "csv acled fatalities of events where civilians where targeted 01012025 till 24072026",
"crs": { "type": "name", "properties": { "name": "urn:ogc:def:crs:OGC:1.3:CRS84" } },
"features": [
{ "type": "Feature", "properties": { "fatalities": 168.0, "latitude": 11.176734575185373, "longitude": -0.061070494313348364 }, "geometry": { "type": "Point", "coordinates": [ -0.061070494313348, 11.176734575185373 ] } },
{ "type": "Feature", "properties": { "fatalities": 33.0, "latitude": -29.470027381288538, "longitude": -51.022244461338829 }, "geometry": { "type": "Point", "coordinates": [ -51.022244461338829, -29.470027381288538 ] } },
{ "type": "Feature", "properties": { "fatalities": 44.0, "latitude": -19.953872098117706, "longitude": -54.73684081651141 }, "geometry": { "type": "Point", "coordinates": [ -54.73684081651141, -19.953872098117706 ] } },
{ "type": "Feature", "properties": { "fatalities": 10.0, "latitude": -20.738894491172527, "longitude": -51.726371990612833 }, "geometry": { "type": "Point", "coordinates": [ -51.726371990612833, -20.738894491172527 ] } },
{ "type": "Feature", "properties": { "fatalities": 982.0, "latitude": -7.5605392020261544, "longitude": -34.901043191191128 }, "geometry": { "type": "Point", "coordinates": [ -34.901043191191128, -7.560539202026154 ] } },
{ "type": "Feature", "properties": { "fatalities": 28.0, "latitude": -26.67795600288288, "longitude": -48.82690542824389 }, "geometry": { "type": "Point", "coordinates": [ -48.82690542824389, -26.67795600288288 ] } },
{ "type": "Feature", "properties": { "fatalities": 154.0, "latitude": -5.1003462180878403, "longitude": -43.060907295801421 }, "geometry": { "type": "Point", "coordinates": [ -43.060907295801421, -5.10034621808784 ] } },
{ "type": "Feature", "properties": { "fatalities": 167.0, "latitude": -20.660102486282714, "longitude": -40.248800890850923 }, "geometry": { "type": "Point", "coordinates": [ -40.248800890850923, -20.660102486282714 ] } },
{ "type": "Feature", "properties": { "fatalities": 539.0, "latitude": 11.450525512800461, "longitude": 13.814126662764998 }, "geometry": { "type": "Point", "coordinates": [ 13.814126662764998, 11.450525512800461 ] } },
{ "type": "Feature", "properties": { "fatalities": 2.0, "latitude": -6.7905202128110025, "longitude": 23.450115687528832 }, "geometry": { "type": "Point", "coordinates": [ 23.450115687528832, -6.790520212811002 ] } },
{ "type": "Feature", "properties": { "fatalities": 82.0, "latitude": 14.133460523003546, "longitude": -91.536844368088722 }, "geometry": { "type": "Point", "coordinates": [ -91.536844368088722, 14.133460523003546 ] } },
{ "type": "Feature", "properties": { "fatalities": 30.0, "latitude": 14.290119333554845, "longitude": -88.62979050714624 }, "geometry": { "type": "Point", "coordinates": [ -88.62979050714624, 14.290119333554845 ] } },
{ "type": "Feature", "properties": { "fatalities": 1209.0, "latitude": 18.322439062142735, "longitude": -72.073128522492496 }, "geometry": { "type": "Point", "coordinates": [ -72.073128522492496, 18.322439062142735 ] } },
{ "type": "Feature", "properties": { "fatalities": 13.0, "latitude": 32.739495417507264, "longitude": 44.4056630845282 }, "geometry": { "type": "Point", "coordinates": [ 44.4056630845282, 32.739495417507264 ] } },
{ "type": "Feature", "properties": { "fatalities": 122.0, "latitude": 17.65215800177738, "longitude": -76.817558897044208 }, "geometry": { "type": "Point", "coordinates": [ -76.817558897044208, 17.65215800177738 ] } },
{ "type": "Feature", "properties": { "fatalities": 10.0, "latitude": 1.3607314673317188, "longitude": 37.158260739395395 }, "geometry": { "type": "Point", "coordinates": [ 37.158260739395395, 1.360731467331719 ] } },
{ "type": "Feature", "properties": { "fatalities": 555.0, "latitude": 32.826163960565601, "longitude": -117.23572206484211 }, "geometry": { "type": "Point", "coordinates": [ -117.235722064842108, 32.826163960565601 ] } },
{ "type": "Feature", "properties": { "fatalities": 22.0, "latitude": 26.190992425488005, "longitude": -106.97257960910387 }, "geometry": { "type": "Point", "coordinates": [ -106.972579609103875, 26.190992425488005 ] } },
{ "type": "Feature", "properties": { "fatalities": 282.0, "latitude": 20.484742225005299, "longitude": -101.93496068921594 }, "geometry": { "type": "Point", "coordinates": [ -101.934960689215941, 20.484742225005299 ] } },
{ "type": "Feature", "properties": { "fatalities": 273.0, "latitude": 21.162937000792638, "longitude": -102.95056339777457 }, "geometry": { "type": "Point", "coordinates": [ -102.950563397774573, 21.162937000792638 ] } },
{ "type": "Feature", "properties": { "fatalities": 572.0, "latitude": 18.439216156039453, "longitude": -98.973388839152847 }, "geometry": { "type": "Point", "coordinates": [ -98.973388839152847, 18.439216156039453 ] } },
{ "type": "Feature", "properties": { "fatalities": 358.0, "latitude": 18.900202532096067, "longitude": -97.855896084383517 }, "geometry": { "type": "Point", "coordinates": [ -97.855896084383517, 18.900202532096067 ] } },
{ "type": "Feature", "properties": { "fatalities": 105.0, "latitude": 27.488915022048111, "longitude": -109.18240189019824 }, "geometry": { "type": "Point", "coordinates": [ -109.182401890198236, 27.488915022048111 ] } },
{ "type": "Feature", "properties": { "fatalities": 42.0, "latitude": 15.267504122062652, "longitude": 43.90147390552233 }, "geometry": { "type": "Point", "coordinates": [ 43.90147390552233, 15.267504122062652 ] } },
{ "type": "Feature", "properties": { "fatalities": 13.0, "latitude": 3.6363563079751202, "longitude": 45.31165352091989 }, "geometry": { "type": "Point", "coordinates": [ 45.31165352091989, 3.63635630797512 ] } },
{ "type": "Feature", "properties": { "fatalities": 212.0, "latitude": 14.471117386034031, "longitude": 33.689982159462915 }, "geometry": { "type": "Point", "coordinates": [ 33.689982159462915, 14.471117386034031 ] } },
{ "type": "Feature", "properties": { "fatalities": 26.0, "latitude": 12.592006715247916, "longitude": 33.443536141087364 }, "geometry": { "type": "Point", "coordinates": [ 33.443536141087364, 12.592006715247916 ] } },
{ "type": "Feature", "properties": { "fatalities": 375.0, "latitude": 14.561661751600138, "longitude": 32.542441691186767 }, "geometry": { "type": "Point", "coordinates": [ 32.542441691186767, 14.561661751600138 ] } },
{ "type": "Feature", "properties": { "fatalities": 0.0, "latitude": 12.098228678668482, "longitude": 25.9129711183807 }, "geometry": { "type": "Point", "coordinates": [ 25.9129711183807, 12.098228678668482 ] } },
{ "type": "Feature", "properties": { "fatalities": 0.0, "latitude": 13.017573891622474, "longitude": 26.557277644619742 }, "geometry": { "type": "Point", "coordinates": [ 26.557277644619742, 13.017573891622474 ] } },
{ "type": "Feature", "properties": { "fatalities": 12.0, "latitude": 11.623715169983527, "longitude": 33.880824175899953 }, "geometry": { "type": "Point", "coordinates": [ 33.880824175899953, 11.623715169983527 ] } },
{ "type": "Feature", "properties": { "fatalities": 499.0, "latitude": 15.561839260796281, "longitude": 32.078209788169168 }, "geometry": { "type": "Point", "coordinates": [ 32.078209788169168, 15.561839260796281 ] } },
{ "type": "Feature", "properties": { "fatalities": 145.0, "latitude": 9.1815845074624907, "longitude": 28.545280348608877 }, "geometry": { "type": "Point", "coordinates": [ 28.545280348608877, 9.181584507462491 ] } },
{ "type": "Feature", "properties": { "fatalities": 314.0, "latitude": 34.118157600480892, "longitude": 36.672918722211875 }, "geometry": { "type": "Point", "coordinates": [ 36.672918722211875, 34.118157600480892 ] } },
{ "type": "Feature", "properties": { "fatalities": 125.0, "latitude": 10.261091849522503, "longitude": -61.086195788224686 }, "geometry": { "type": "Point", "coordinates": [ -61.086195788224686, 10.261091849522503 ] } },
{ "type": "Feature", "properties": { "fatalities": 2.0, "latitude": 1.6000741129868941, "longitude": 32.636076430765591 }, "geometry": { "type": "Point", "coordinates": [ 32.636076430765591, 1.600074112986894 ] } },
{ "type": "Feature", "properties": { "fatalities": 5.0, "latitude": 20.780975254680005, "longitude": 93.72845906618376 }, "geometry": { "type": "Point", "coordinates": [ 93.72845906618376, 20.780975254680005 ] } },
{ "type": "Feature", "properties": { "fatalities": 46.0, "latitude": 20.279834316965939, "longitude": 95.802449073151891 }, "geometry": { "type": "Point", "coordinates": [ 95.802449073151891, 20.279834316965939 ] } },
{ "type": "Feature", "properties": { "fatalities": 80.0, "latitude": 20.277753936258904, "longitude": -99.800706939200509 }, "geometry": { "type": "Point", "coordinates": [ -99.800706939200509, 20.277753936258904 ] } },
{ "type": "Feature", "properties": { "fatalities": 11.0, "latitude": -13.214550843867404, "longitude": -56.448459306819622 }, "geometry": { "type": "Point", "coordinates": [ -56.448459306819622, -13.214550843867404 ] } },
{ "type": "Feature", "properties": { "fatalities": 65.0, "latitude": 1.6689367906955621, "longitude": -77.495521591666289 }, "geometry": { "type": "Point", "coordinates": [ -77.495521591666289, 1.668936790695562 ] } },
{ "type": "Feature", "properties": { "fatalities": 1.0, "latitude": 27.127927966678104, "longitude": 87.801939387166229 }, "geometry": { "type": "Point", "coordinates": [ 87.801939387166229, 27.127927966678104 ] } },
{ "type": "Feature", "properties": { "fatalities": 9.0, "latitude": 55.999637616709677, "longitude": 37.150413526307858 }, "geometry": { "type": "Point", "coordinates": [ 37.150413526307858, 55.999637616709677 ] } },
{ "type": "Feature", "properties": { "fatalities": 0.0, "latitude": -8.5282105338872647, "longitude": 125.61361014239992 }, "geometry": { "type": "Point", "coordinates": [ 125.613610142399921, -8.528210533887265 ] } },
{ "type": "Feature", "properties": { "fatalities": 0.0, "latitude": -2.7452104907799995, "longitude": 118.57315635487218 }, "geometry": { "type": "Point", "coordinates": [ 118.573156354872182, -2.745210490779999 ] } },
{ "type": "Feature", "properties": { "fatalities": 16.0, "latitude": 18.820122632995208, "longitude": 80.450923484766889 }, "geometry": { "type": "Point", "coordinates": [ 80.450923484766889, 18.820122632995208 ] } },
{ "type": "Feature", "properties": { "fatalities": 125.0, "latitude": -3.1194030819884109, "longitude": 29.541919521253696 }, "geometry": { "type": "Point", "coordinates": [ 29.541919521253696, -3.119403081988411 ] } },
{ "type": "Feature", "properties": { "fatalities": 131.0, "latitude": 23.174154823467784, "longitude": -106.07762379316233 }, "geometry": { "type": "Point", "coordinates": [ -106.077623793162331, 23.174154823467784 ] } },
{ "type": "Feature", "properties": { "fatalities": 6.0, "latitude": 11.218007564202466, "longitude": 0.935318677124924 }, "geometry": { "type": "Point", "coordinates": [ 0.935318677124924, 11.218007564202466 ] } },
{ "type": "Feature", "properties": { "fatalities": 136.0, "latitude": 15.469672317462559, "longitude": 33.239155371716343 }, "geometry": { "type": "Point", "coordinates": [ 33.239155371716343, 15.469672317462559 ] } },
{ "type": "Feature", "properties": { "fatalities": 111.0, "latitude": 13.224885915579293, "longitude": 7.0014126985862024 }, "geometry": { "type": "Point", "coordinates": [ 7.001412698586202, 13.224885915579293 ] } },
{ "type": "Feature", "properties": { "fatalities": 444.0, "latitude": 13.192599092199798, "longitude": 5.9141159798948078 }, "geometry": { "type": "Point", "coordinates": [ 5.914115979894808, 13.192599092199798 ] } },
{ "type": "Feature", "properties": { "fatalities": 13.0, "latitude": 6.1480129521006646, "longitude": 5.6564832184888045 }, "geometry": { "type": "Point", "coordinates": [ 5.656483218488805, 6.148012952100665 ] } },
{ "type": "Feature", "properties": { "fatalities": 125.0, "latitude": -22.230895889525733, "longitude": -43.437790275198189 }, "geometry": { "type": "Point", "coordinates": [ -43.437790275198189, -22.230895889525733 ] } },
{ "type": "Feature", "properties": { "fatalities": 182.0, "latitude": -23.29611455408654, "longitude": -43.463586669103833 }, "geometry": { "type": "Point", "coordinates": [ -43.463586669103833, -23.29611455408654 ] } },
{ "type": "Feature", "properties": { "fatalities": 2.0, "latitude": 16.110866228428367, "longitude": 95.708110726793166 }, "geometry": { "type": "Point", "coordinates": [ 95.708110726793166, 16.110866228428367 ] } },
{ "type": "Feature", "properties": { "fatalities": 8.0, "latitude": 6.9872642662413371, "longitude": 4.0449095953821219 }, "geometry": { "type": "Point", "coordinates": [ 4.044909595382122, 6.987264266241337 ] } },
{ "type": "Feature", "properties": { "fatalities": 62.0, "latitude": 35.005033081162175, "longitude": 69.624468987340705 }, "geometry": { "type": "Point", "coordinates": [ 69.624468987340705, 35.005033081162175 ] } },
{ "type": "Feature", "properties": { "fatalities": 62.0, "latitude": 8.7041312902954324, "longitude": 4.8466048386146143 }, "geometry": { "type": "Point", "coordinates": [ 4.846604838614614, 8.704131290295432 ] } },
{ "type": "Feature", "properties": { "fatalities": 1.0, "latitude": 21.698227041112908, "longitude": 89.583953220167558 }, "geometry": { "type": "Point", "coordinates": [ 89.583953220167558, 21.698227041112908 ] } },
{ "type": "Feature", "properties": { "fatalities": 95.0, "latitude": 21.379550547308323, "longitude": 96.126915150623972 }, "geometry": { "type": "Point", "coordinates": [ 96.126915150623972, 21.379550547308323 ] } },
{ "type": "Feature", "properties": { "fatalities": 24.0, "latitude": 31.253514039946186, "longitude": 35.498105909687915 }, "geometry": { "type": "Point", "coordinates": [ 35.498105909687915, 31.253514039946186 ] } },
{ "type": "Feature", "properties": { "fatalities": 119.0, "latitude": 10.508493095215382, "longitude": 7.8088093318986118 }, "geometry": { "type": "Point", "coordinates": [ 7.808809331898612, 10.508493095215382 ] } },
{ "type": "Feature", "properties": { "fatalities": 5.0, "latitude": -5.1397470828329395, "longitude": -41.006683843160992 }, "geometry": { "type": "Point", "coordinates": [ -41.006683843160992, -5.139747082832939 ] } },
{ "type": "Feature", "properties": { "fatalities": 14.0, "latitude": 30.014169956560352, "longitude": -90.498292798787304 }, "geometry": { "type": "Point", "coordinates": [ -90.498292798787304, 30.014169956560352 ] } },
{ "type": "Feature", "properties": { "fatalities": 2557.0, "latitude": 35.192394074818473, "longitude": 36.171966093887264 }, "geometry": { "type": "Point", "coordinates": [ 36.171966093887264, 35.192394074818473 ] } },
{ "type": "Feature", "properties": { "fatalities": 179.0, "latitude": -12.20635840412721, "longitude": -39.062427757102846 }, "geometry": { "type": "Point", "coordinates": [ -39.062427757102846, -12.20635840412721 ] } },
{ "type": "Feature", "properties": { "fatalities": 1301.0, "latitude": -2.6532237657574731, "longitude": -79.949495523905853 }, "geometry": { "type": "Point", "coordinates": [ -79.949495523905853, -2.653223765757473 ] } },
{ "type": "Feature", "properties": { "fatalities": 1011.0, "latitude": -0.81775005676895574, "longitude": -80.770826292497247 }, "geometry": { "type": "Point", "coordinates": [ -80.770826292497247, -0.817750056768956 ] } },
{ "type": "Feature", "properties": { "fatalities": 272.0, "latitude": 0.77357015094046, "longitude": -79.591253752693987 }, "geometry": { "type": "Point", "coordinates": [ -79.591253752693987, 0.77357015094046 ] } },
{ "type": "Feature", "properties": { "fatalities": 579.0, "latitude": -3.8091153100636883, "longitude": -80.07065628030152 }, "geometry": { "type": "Point", "coordinates": [ -80.07065628030152, -3.809115310063688 ] } },
{ "type": "Feature", "properties": { "fatalities": 20.0, "latitude": 17.235799711035661, "longitude": 96.027931614459376 }, "geometry": { "type": "Point", "coordinates": [ 96.027931614459376, 17.235799711035661 ] } },
{ "type": "Feature", "properties": { "fatalities": 30.0, "latitude": 20.468892979237154, "longitude": 92.535295656218452 }, "geometry": { "type": "Point", "coordinates": [ 92.535295656218452, 20.468892979237154 ] } },
{ "type": "Feature", "properties": { "fatalities": 21.0, "latitude": 17.525645156872468, "longitude": -87.955300573711284 }, "geometry": { "type": "Point", "coordinates": [ -87.955300573711284, 17.525645156872468 ] } },
{ "type": "Feature", "properties": { "fatalities": 2.0, "latitude": 43.347159014943287, "longitude": 76.975424374361793 }, "geometry": { "type": "Point", "coordinates": [ 76.975424374361793, 43.347159014943287 ] } },
{ "type": "Feature", "properties": { "fatalities": 4.0, "latitude": -0.54995284236637576, "longitude": 37.12101169208308 }, "geometry": { "type": "Point", "coordinates": [ 37.12101169208308, -0.549952842366376 ] } },
{ "type": "Feature", "properties": { "fatalities": 50.0, "latitude": 14.29797214235391, "longitude": 44.222239818775535 }, "geometry": { "type": "Point", "coordinates": [ 44.222239818775535, 14.29797214235391 ] } },
{ "type": "Feature", "properties": { "fatalities": 1067.0, "latitude": 25.012661175031539, "longitude": -107.05972096463657 }, "geometry": { "type": "Point", "coordinates": [ -107.059720964636568, 25.012661175031539 ] } },
{ "type": "Feature", "properties": { "fatalities": 4.0, "latitude": 15.480639261826298, "longitude": 48.663843033164788 }, "geometry": { "type": "Point", "coordinates": [ 48.663843033164788, 15.480639261826298 ] } },
{ "type": "Feature", "properties": { "fatalities": 504.0, "latitude": 21.650294640446731, "longitude": -101.8051188600727 }, "geometry": { "type": "Point", "coordinates": [ -101.805118860072696, 21.650294640446731 ] } },
{ "type": "Feature", "properties": { "fatalities": 177.0, "latitude": 6.1218119893947573, "longitude": 9.7788317276195347 }, "geometry": { "type": "Point", "coordinates": [ 9.778831727619535, 6.121811989394757 ] } },
{ "type": "Feature", "properties": { "fatalities": 144.0, "latitude": 6.1100710652484969, "longitude": 10.831672850167834 }, "geometry": { "type": "Point", "coordinates": [ 10.831672850167834, 6.110071065248497 ] } },
{ "type": "Feature", "properties": { "fatalities": 48.0, "latitude": 4.4311428623232683, "longitude": 8.7970097313077797 }, "geometry": { "type": "Point", "coordinates": [ 8.79700973130778, 4.431142862323268 ] } },
{ "type": "Feature", "properties": { "fatalities": 549.0, "latitude": 11.400883812519103, "longitude": 7.1839223038300171 }, "geometry": { "type": "Point", "coordinates": [ 7.183922303830017, 11.400883812519103 ] } },
{ "type": "Feature", "properties": { "fatalities": 604.0, "latitude": 12.29583843493689, "longitude": 6.5523419117248505 }, "geometry": { "type": "Point", "coordinates": [ 6.55234191172485, 12.29583843493689 ] } },
{ "type": "Feature", "properties": { "fatalities": 103.0, "latitude": 10.534102866374328, "longitude": 12.179856445577339 }, "geometry": { "type": "Point", "coordinates": [ 12.179856445577339, 10.534102866374328 ] } },
{ "type": "Feature", "properties": { "fatalities": 390.0, "latitude": 12.26680015059342, "longitude": 5.4787667918793757 }, "geometry": { "type": "Point", "coordinates": [ 5.478766791879376, 12.26680015059342 ] } },
{ "type": "Feature", "properties": { "fatalities": 192.0, "latitude": 10.53105127105661, "longitude": 13.293064422868001 }, "geometry": { "type": "Point", "coordinates": [ 13.293064422868001, 10.53105127105661 ] } },
{ "type": "Feature", "properties": { "fatalities": 592.0, "latitude": 12.32092386662926, "longitude": 7.637169313944268 }, "geometry": { "type": "Point", "coordinates": [ 7.637169313944268, 12.32092386662926 ] } },
{ "type": "Feature", "properties": { "fatalities": 13.0, "latitude": 11.450429285369777, "longitude": 11.570183423296633 }, "geometry": { "type": "Point", "coordinates": [ 11.570183423296633, 11.450429285369777 ] } },
{ "type": "Feature", "properties": { "fatalities": 51.0, "latitude": 12.233966758392103, "longitude": 4.4170115291754879 }, "geometry": { "type": "Point", "coordinates": [ 4.417011529175488, 12.233966758392103 ] } },
{ "type": "Feature", "properties": { "fatalities": 124.0, "latitude": 6.1444841001554549, "longitude": 6.6726108476645569 }, "geometry": { "type": "Point", "coordinates": [ 6.672610847664557, 6.144484100155455 ] } },
{ "type": "Feature", "properties": { "fatalities": 10.0, "latitude": 18.021470484455399, "longitude": -73.026078365819046 }, "geometry": { "type": "Point", "coordinates": [ -73.026078365819046, 18.021470484455399 ] } },
{ "type": "Feature", "properties": { "fatalities": 28.0, "latitude": 18.606146097356849, "longitude": -73.897027737477259 }, "geometry": { "type": "Point", "coordinates": [ -73.897027737477259, 18.606146097356849 ] } },
{ "type": "Feature", "properties": { "fatalities": 16.0, "latitude": -7.4997637589649617, "longitude": -41.049135160655972 }, "geometry": { "type": "Point", "coordinates": [ -41.049135160655972, -7.499763758964962 ] } },
{ "type": "Feature", "properties": { "fatalities": 112.0, "latitude": -9.279025157365993, "longitude": -40.048637010009621 }, "geometry": { "type": "Point", "coordinates": [ -40.048637010009621, -9.279025157365993 ] } },
{ "type": "Feature", "properties": { "fatalities": 33.0, "latitude": -22.48962335376094, "longitude": -55.84223166374742 }, "geometry": { "type": "Point", "coordinates": [ -55.84223166374742, -22.48962335376094 ] } },
{ "type": "Feature", "properties": { "fatalities": 106.0, "latitude": -19.483823071014729, "longitude": -44.421081477515536 }, "geometry": { "type": "Point", "coordinates": [ -44.421081477515536, -19.483823071014729 ] } },
{ "type": "Feature", "properties": { "fatalities": 285.0, "latitude": -9.3108124411470836, "longitude": -35.937402861143937 }, "geometry": { "type": "Point", "coordinates": [ -35.937402861143937, -9.310812441147084 ] } },
{ "type": "Feature", "properties": { "fatalities": 215.0, "latitude": -2.8513196696978853, "longitude": -59.83811667895138 }, "geometry": { "type": "Point", "coordinates": [ -59.83811667895138, -2.851319669697885 ] } },
{ "type": "Feature", "properties": { "fatalities": 19.0, "latitude": -9.3008395879530923, "longitude": -37.987933074412574 }, "geometry": { "type": "Point", "coordinates": [ -37.987933074412574, -9.300839587953092 ] } },
{ "type": "Feature", "properties": { "fatalities": 7.0, "latitude": -1.3849148777438434, "longitude": -51.086887291298758 }, "geometry": { "type": "Point", "coordinates": [ -51.086887291298758, -1.384914877743843 ] } },
{ "type": "Feature", "properties": { "fatalities": 53.0, "latitude": -15.433369142809651, "longitude": -56.537798528377714 }, "geometry": { "type": "Point", "coordinates": [ -56.537798528377714, -15.433369142809651 ] } },
{ "type": "Feature", "properties": { "fatalities": 61.0, "latitude": 5.6728345833101557, "longitude": 26.052204108222885 }, "geometry": { "type": "Point", "coordinates": [ 26.052204108222885, 5.672834583310156 ] } },
{ "type": "Feature", "properties": { "fatalities": 0.0, "latitude": 22.797764191437768, "longitude": -80.957360161565433 }, "geometry": { "type": "Point", "coordinates": [ -80.957360161565433, 22.797764191437768 ] } },
{ "type": "Feature", "properties": { "fatalities": 2.0, "latitude": -5.8240030254282065, "longitude": 24.107616635349842 }, "geometry": { "type": "Point", "coordinates": [ 24.107616635349842, -5.824003025428206 ] } },
{ "type": "Feature", "properties": { "fatalities": 215.0, "latitude": 14.020431275579348, "longitude": -86.81494015136461 }, "geometry": { "type": "Point", "coordinates": [ -86.81494015136461, 14.020431275579348 ] } },
{ "type": "Feature", "properties": { "fatalities": 30.0, "latitude": 32.200976510844839, "longitude": 46.817660965491044 }, "geometry": { "type": "Point", "coordinates": [ 46.817660965491044, 32.200976510844839 ] } },
{ "type": "Feature", "properties": { "fatalities": 515.0, "latitude": 25.622238629648741, "longitude": -100.21934556865013 }, "geometry": { "type": "Point", "coordinates": [ -100.219345568650127, 25.622238629648741 ] } },
{ "type": "Feature", "properties": { "fatalities": 41.0, "latitude": 14.790115620389486, "longitude": -5.3118617375703261 }, "geometry": { "type": "Point", "coordinates": [ -5.311861737570326, 14.790115620389486 ] } },
{ "type": "Feature", "properties": { "fatalities": 274.0, "latitude": 13.825656447495286, "longitude": -5.6223454867382507 }, "geometry": { "type": "Point", "coordinates": [ -5.622345486738251, 13.825656447495286 ] } },
{ "type": "Feature", "properties": { "fatalities": 17.0, "latitude": 15.538924494823767, "longitude": -1.2938289842477784 }, "geometry": { "type": "Point", "coordinates": [ -1.293828984247778, 15.538924494823767 ] } },
{ "type": "Feature", "properties": { "fatalities": 178.0, "latitude": 7.8555766948985646, "longitude": 7.5323360499764753 }, "geometry": { "type": "Point", "coordinates": [ 7.532336049976475, 7.855576694898565 ] } },
{ "type": "Feature", "properties": { "fatalities": 31.0, "latitude": 6.9934746168867719, "longitude": 6.0698423578958227 }, "geometry": { "type": "Point", "coordinates": [ 6.069842357895823, 6.993474616886772 ] } },
{ "type": "Feature", "properties": { "fatalities": 99.0, "latitude": 18.694606241615617, "longitude": -65.812419411245273 }, "geometry": { "type": "Point", "coordinates": [ -65.812419411245273, 18.694606241615617 ] } },
{ "type": "Feature", "properties": { "fatalities": 90.0, "latitude": 32.330895824191693, "longitude": 34.995441055800697 }, "geometry": { "type": "Point", "coordinates": [ 34.995441055800697, 32.330895824191693 ] } },
{ "type": "Feature", "properties": { "fatalities": 3.0, "latitude": 12.043438310468829, "longitude": 27.067891674203477 }, "geometry": { "type": "Point", "coordinates": [ 27.067891674203477, 12.043438310468829 ] } },
{ "type": "Feature", "properties": { "fatalities": 13.0, "latitude": 34.779862713027363, "longitude": 38.866476104262617 }, "geometry": { "type": "Point", "coordinates": [ 38.866476104262617, 34.779862713027363 ] } },
{ "type": "Feature", "properties": { "fatalities": 353.0, "latitude": 33.230610486812765, "longitude": 35.828678859728889 }, "geometry": { "type": "Point", "coordinates": [ 35.828678859728889, 33.230610486812765 ] } },
{ "type": "Feature", "properties": { "fatalities": 71.0, "latitude": 34.992744856413438, "longitude": 37.528006197261341 }, "geometry": { "type": "Point", "coordinates": [ 37.528006197261341, 34.992744856413438 ] } },
{ "type": "Feature", "properties": { "fatalities": 2.0, "latitude": 8.5885969300140896, "longitude": -63.808005447073107 }, "geometry": { "type": "Point", "coordinates": [ -63.808005447073107, 8.58859693001409 ] } },
{ "type": "Feature", "properties": { "fatalities": 20.0, "latitude": 23.543942571027731, "longitude": 88.995846408298817 }, "geometry": { "type": "Point", "coordinates": [ 88.995846408298817, 23.543942571027731 ] } },
{ "type": "Feature", "properties": { "fatalities": 31.0, "latitude": 23.877666126919472, "longitude": 90.185929545306621 }, "geometry": { "type": "Point", "coordinates": [ 90.185929545306621, 23.877666126919472 ] } },
{ "type": "Feature", "properties": { "fatalities": 9.0, "latitude": 30.805520133678293, "longitude": 75.247124705508071 }, "geometry": { "type": "Point", "coordinates": [ 75.247124705508071, 30.805520133678293 ] } },
{ "type": "Feature", "properties": { "fatalities": 12.0, "latitude": 25.354878632926503, "longitude": 88.401828448360249 }, "geometry": { "type": "Point", "coordinates": [ 88.401828448360249, 25.354878632926503 ] } },
{ "type": "Feature", "properties": { "fatalities": 146.0, "latitude": 22.179759834455428, "longitude": 95.248062647920563 }, "geometry": { "type": "Point", "coordinates": [ 95.248062647920563, 22.179759834455428 ] } },
{ "type": "Feature", "properties": { "fatalities": 63.0, "latitude": 23.265371382789233, "longitude": 95.572508787827275 }, "geometry": { "type": "Point", "coordinates": [ 95.572508787827275, 23.265371382789233 ] } },
{ "type": "Feature", "properties": { "fatalities": 43.0, "latitude": 19.1718044285583, "longitude": 95.480324878314249 }, "geometry": { "type": "Point", "coordinates": [ 95.480324878314249, 19.1718044285583 ] } },
{ "type": "Feature", "properties": { "fatalities": 67.0, "latitude": 18.056310447860213, "longitude": 95.160537446672535 }, "geometry": { "type": "Point", "coordinates": [ 95.160537446672535, 18.056310447860213 ] } },
{ "type": "Feature", "properties": { "fatalities": 15.0, "latitude": 12.76373602020116, "longitude": 99.121860475630186 }, "geometry": { "type": "Point", "coordinates": [ 99.121860475630186, 12.76373602020116 ] } },
{ "type": "Feature", "properties": { "fatalities": 1.0, "latitude": 47.408785284071513, "longitude": 37.996554896227309 }, "geometry": { "type": "Point", "coordinates": [ 37.996554896227309, 47.408785284071513 ] } },
{ "type": "Feature", "properties": { "fatalities": 39.0, "latitude": 11.452856920517544, "longitude": 36.087641919921751 }, "geometry": { "type": "Point", "coordinates": [ 36.087641919921751, 11.452856920517544 ] } },
{ "type": "Feature", "properties": { "fatalities": 4.0, "latitude": 43.323893745003204, "longitude": 45.306961966222971 }, "geometry": { "type": "Point", "coordinates": [ 45.306961966222971, 43.323893745003204 ] } },
{ "type": "Feature", "properties": { "fatalities": 0.0, "latitude": -8.6680727075921222, "longitude": 124.5260146172147 }, "geometry": { "type": "Point", "coordinates": [ 124.526014617214699, -8.668072707592122 ] } },
{ "type": "Feature", "properties": { "fatalities": 293.0, "latitude": 36.06541324974269, "longitude": 37.034749766600072 }, "geometry": { "type": "Point", "coordinates": [ 37.034749766600072, 36.06541324974269 ] } },
{ "type": "Feature", "properties": { "fatalities": 11.0, "latitude": 24.622671332032695, "longitude": 89.294596738249751 }, "geometry": { "type": "Point", "coordinates": [ 89.294596738249751, 24.622671332032695 ] } },
{ "type": "Feature", "properties": { "fatalities": 171.0, "latitude": 12.197502181494363, "longitude": 3.3675988333936311 }, "geometry": { "type": "Point", "coordinates": [ 3.367598833393631, 12.197502181494363 ] } },
{ "type": "Feature", "properties": { "fatalities": 30.0, "latitude": 15.46234252510704, "longitude": -85.568912121956146 }, "geometry": { "type": "Point", "coordinates": [ -85.568912121956146, 15.46234252510704 ] } },
{ "type": "Feature", "properties": { "fatalities": 45.0, "latitude": -2.1279657829601732, "longitude": -44.022114764560442 }, "geometry": { "type": "Point", "coordinates": [ -44.022114764560442, -2.127965782960173 ] } },
{ "type": "Feature", "properties": { "fatalities": 155.0, "latitude": 11.362431111849464, "longitude": 37.175710204348299 }, "geometry": { "type": "Point", "coordinates": [ 37.175710204348299, 11.362431111849464 ] } },
{ "type": "Feature", "properties": { "fatalities": 48.0, "latitude": 7.2722393704332697, "longitude": 30.626361544448855 }, "geometry": { "type": "Point", "coordinates": [ 30.626361544448855, 7.27223937043327 ] } },
{ "type": "Feature", "properties": { "fatalities": 64.0, "latitude": 7.3284005369725316, "longitude": 29.512379446174318 }, "geometry": { "type": "Point", "coordinates": [ 29.512379446174318, 7.328400536972532 ] } },
{ "type": "Feature", "properties": { "fatalities": 94.0, "latitude": 33.176612874832927, "longitude": 12.78504957320642 }, "geometry": { "type": "Point", "coordinates": [ 12.78504957320642, 33.176612874832927 ] } },
{ "type": "Feature", "properties": { "fatalities": 14.0, "latitude": -10.541760165744259, "longitude": 40.428791440390562 }, "geometry": { "type": "Point", "coordinates": [ 40.428791440390562, -10.541760165744259 ] } },
{ "type": "Feature", "properties": { "fatalities": 28.0, "latitude": 22.351430695362573, "longitude": 91.962587205906246 }, "geometry": { "type": "Point", "coordinates": [ 91.962587205906246, 22.351430695362573 ] } },
{ "type": "Feature", "properties": { "fatalities": 54.0, "latitude": 33.041503636398708, "longitude": 37.161486000562995 }, "geometry": { "type": "Point", "coordinates": [ 37.161486000562995, 33.041503636398708 ] } },
{ "type": "Feature", "properties": { "fatalities": 42.0, "latitude": 17.074952929048482, "longitude": -97.072626806743258 }, "geometry": { "type": "Point", "coordinates": [ -97.072626806743258, 17.074952929048482 ] } },
{ "type": "Feature", "properties": { "fatalities": 183.0, "latitude": -1.0930058390078015, "longitude": 28.487255936077709 }, "geometry": { "type": "Point", "coordinates": [ 28.487255936077709, -1.093005839007801 ] } },
{ "type": "Feature", "properties": { "fatalities": 28.0, "latitude": 26.303675516293325, "longitude": 65.079742619092414 }, "geometry": { "type": "Point", "coordinates": [ 65.079742619092414, 26.303675516293325 ] } },
{ "type": "Feature", "properties": { "fatalities": 122.0, "latitude": 26.283628653081813, "longitude": 62.954274989658984 }, "geometry": { "type": "Point", "coordinates": [ 62.954274989658984, 26.283628653081813 ] } },
{ "type": "Feature", "properties": { "fatalities": 42.0, "latitude": 9.5979992392181419, "longitude": 6.3049443179368465 }, "geometry": { "type": "Point", "coordinates": [ 6.304944317936847, 9.597999239218142 ] } },
{ "type": "Feature", "properties": { "fatalities": 104.0, "latitude": 14.090392434062579, "longitude": 5.2692999394414262 }, "geometry": { "type": "Point", "coordinates": [ 5.269299939441426, 14.090392434062579 ] } },
{ "type": "Feature", "properties": { "fatalities": 147.0, "latitude": 12.380687907487983, "longitude": 14.345245041004649 }, "geometry": { "type": "Point", "coordinates": [ 14.345245041004649, 12.380687907487983 ] } },
{ "type": "Feature", "properties": { "fatalities": 92.0, "latitude": 11.378876460131995, "longitude": 6.1125578753626568 }, "geometry": { "type": "Point", "coordinates": [ 6.112557875362657, 11.378876460131995 ] } },
{ "type": "Feature", "properties": { "fatalities": 101.0, "latitude": 14.142731049589035, "longitude": 22.498997136704872 }, "geometry": { "type": "Point", "coordinates": [ 22.498997136704872, 14.142731049589035 ] } },
{ "type": "Feature", "properties": { "fatalities": 94.0, "latitude": -8.7223198563209419, "longitude": -36.95382865398404 }, "geometry": { "type": "Point", "coordinates": [ -36.95382865398404, -8.722319856320942 ] } },
{ "type": "Feature", "properties": { "fatalities": 6.0, "latitude": -10.203517890071787, "longitude": -59.212375531887474 }, "geometry": { "type": "Point", "coordinates": [ -59.212375531887474, -10.203517890071787 ] } },
{ "type": "Feature", "properties": { "fatalities": 79.0, "latitude": -3.9927244556437458, "longitude": -38.937120646957652 }, "geometry": { "type": "Point", "coordinates": [ -38.937120646957652, -3.992724455643746 ] } },
{ "type": "Feature", "properties": { "fatalities": 28.0, "latitude": -18.428327476916468, "longitude": -42.301538809409841 }, "geometry": { "type": "Point", "coordinates": [ -42.301538809409841, -18.428327476916468 ] } },
{ "type": "Feature", "properties": { "fatalities": 10.0, "latitude": -23.722176972035754, "longitude": -53.879814867838256 }, "geometry": { "type": "Point", "coordinates": [ -53.879814867838256, -23.722176972035754 ] } },
{ "type": "Feature", "properties": { "fatalities": 36.0, "latitude": -11.055878515354786, "longitude": -36.982872053298038 }, "geometry": { "type": "Point", "coordinates": [ -36.982872053298038, -11.055878515354786 ] } },
{ "type": "Feature", "properties": { "fatalities": 4.0, "latitude": -17.258947326693285, "longitude": -44.366748301580387 }, "geometry": { "type": "Point", "coordinates": [ -44.366748301580387, -17.258947326693285 ] } },
{ "type": "Feature", "properties": { "fatalities": 184.0, "latitude": 15.364306928878749, "longitude": -88.408283924293485 }, "geometry": { "type": "Point", "coordinates": [ -88.408283924293485, 15.364306928878749 ] } },
{ "type": "Feature", "properties": { "fatalities": 56.0, "latitude": 32.273161623325308, "longitude": -116.05201774271134 }, "geometry": { "type": "Point", "coordinates": [ -116.052017742711342, 32.273161623325308 ] } },
{ "type": "Feature", "properties": { "fatalities": 6.0, "latitude": 15.904536902310333, "longitude": -92.194881763483608 }, "geometry": { "type": "Point", "coordinates": [ -92.194881763483608, 15.904536902310333 ] } },
{ "type": "Feature", "properties": { "fatalities": 811.0, "latitude": 19.589170043090235, "longitude": -98.820732190860454 }, "geometry": { "type": "Point", "coordinates": [ -98.820732190860454, 19.589170043090235 ] } },
{ "type": "Feature", "properties": { "fatalities": 97.0, "latitude": 19.995777285114837, "longitude": -103.06999965815254 }, "geometry": { "type": "Point", "coordinates": [ -103.06999965815254, 19.995777285114837 ] } },
{ "type": "Feature", "properties": { "fatalities": 35.0, "latitude": 7.8524848261772027, "longitude": 6.4915441689203339 }, "geometry": { "type": "Point", "coordinates": [ 6.491544168920334, 7.852484826177203 ] } },
{ "type": "Feature", "properties": { "fatalities": 13.0, "latitude": 12.358643659203654, "longitude": 9.8380907547893255 }, "geometry": { "type": "Point", "coordinates": [ 9.838090754789325, 12.358643659203654 ] } },
{ "type": "Feature", "properties": { "fatalities": 129.0, "latitude": 1.8244935794574231, "longitude": 45.339130806509708 }, "geometry": { "type": "Point", "coordinates": [ 45.339130806509708, 1.824493579457423 ] } },
{ "type": "Feature", "properties": { "fatalities": 45.0, "latitude": 2.7001773972212852, "longitude": 45.848712606315353 }, "geometry": { "type": "Point", "coordinates": [ 45.848712606315353, 2.700177397221285 ] } },
{ "type": "Feature", "properties": { "fatalities": 79.0, "latitude": 34.554447286475579, "longitude": 40.186283745158534 }, "geometry": { "type": "Point", "coordinates": [ 40.186283745158534, 34.554447286475579 ] } },
{ "type": "Feature", "properties": { "fatalities": 18.0, "latitude": 10.558218153426104, "longitude": -68.123219200283089 }, "geometry": { "type": "Point", "coordinates": [ -68.123219200283089, 10.558218153426104 ] } },
{ "type": "Feature", "properties": { "fatalities": 20.0, "latitude": 17.241482465811135, "longitude": 43.23845204884578 }, "geometry": { "type": "Point", "coordinates": [ 43.23845204884578, 17.241482465811135 ] } },
{ "type": "Feature", "properties": { "fatalities": 232.0, "latitude": 21.084659101987963, "longitude": 94.926007887434665 }, "geometry": { "type": "Point", "coordinates": [ 94.926007887434665, 21.084659101987963 ] } },
{ "type": "Feature", "properties": { "fatalities": 16.0, "latitude": 22.970069320208761, "longitude": 94.36496222428022 }, "geometry": { "type": "Point", "coordinates": [ 94.36496222428022, 22.970069320208761 ] } },
{ "type": "Feature", "properties": { "fatalities": 99.0, "latitude": 32.155430084380612, "longitude": 70.707194596285646 }, "geometry": { "type": "Point", "coordinates": [ 70.707194596285646, 32.155430084380612 ] } },
{ "type": "Feature", "properties": { "fatalities": 54.0, "latitude": 7.1590281187722438, "longitude": 123.92669163100571 }, "geometry": { "type": "Point", "coordinates": [ 123.92669163100571, 7.159028118772244 ] } },
{ "type": "Feature", "properties": { "fatalities": 12.0, "latitude": 8.0181241654762214, "longitude": 123.20140976752779 }, "geometry": { "type": "Point", "coordinates": [ 123.201409767527792, 8.018124165476221 ] } },
{ "type": "Feature", "properties": { "fatalities": 24.0, "latitude": 47.644220899660134, "longitude": 36.434680267309375 }, "geometry": { "type": "Point", "coordinates": [ 36.434680267309375, 47.644220899660134 ] } },
{ "type": "Feature", "properties": { "fatalities": 3.0, "latitude": 35.537810291631551, "longitude": 70.879270468370592 }, "geometry": { "type": "Point", "coordinates": [ 70.879270468370592, 35.537810291631551 ] } },
{ "type": "Feature", "properties": { "fatalities": 56.0, "latitude": 1.222911506550286, "longitude": -78.540159599437104 }, "geometry": { "type": "Point", "coordinates": [ -78.540159599437104, 1.222911506550286 ] } },
{ "type": "Feature", "properties": { "fatalities": 390.0, "latitude": 18.907067034718587, "longitude": -72.939256440452496 }, "geometry": { "type": "Point", "coordinates": [ -72.939256440452496, 18.907067034718587 ] } },
{ "type": "Feature", "properties": { "fatalities": 1.0, "latitude": 43.220716391257113, "longitude": 19.87833930253236 }, "geometry": { "type": "Point", "coordinates": [ 19.87833930253236, 43.220716391257113 ] } },
{ "type": "Feature", "properties": { "fatalities": 31.0, "latitude": 6.2922413027091206, "longitude": 124.65474185650257 }, "geometry": { "type": "Point", "coordinates": [ 124.654741856502568, 6.292241302709121 ] } },
{ "type": "Feature", "properties": { "fatalities": 16.0, "latitude": 31.127867843122043, "longitude": 66.04465722361067 }, "geometry": { "type": "Point", "coordinates": [ 66.04465722361067, 31.127867843122043 ] } },
{ "type": "Feature", "properties": { "fatalities": 19.0, "latitude": -13.536031270210099, "longitude": 38.646271082943962 }, "geometry": { "type": "Point", "coordinates": [ 38.646271082943962, -13.536031270210099 ] } },
{ "type": "Feature", "properties": { "fatalities": 431.0, "latitude": -12.790806061678893, "longitude": -38.036866430584631 }, "geometry": { "type": "Point", "coordinates": [ -38.036866430584631, -12.790806061678893 ] } },
{ "type": "Feature", "properties": { "fatalities": 65.0, "latitude": 10.361505263558703, "longitude": 22.36902306610709 }, "geometry": { "type": "Point", "coordinates": [ 22.36902306610709, 10.361505263558703 ] } },
{ "type": "Feature", "properties": { "fatalities": 199.0, "latitude": 8.249700781232093, "longitude": 29.020159609601752 }, "geometry": { "type": "Point", "coordinates": [ 29.020159609601752, 8.249700781232093 ] } },
{ "type": "Feature", "properties": { "fatalities": 84.0, "latitude": 7.2133818264633929, "longitude": 31.739643249813874 }, "geometry": { "type": "Point", "coordinates": [ 31.739643249813874, 7.213381826463393 ] } },
{ "type": "Feature", "properties": { "fatalities": 257.0, "latitude": 19.498792558034832, "longitude": -104.1998490884158 }, "geometry": { "type": "Point", "coordinates": [ -104.199849088415803, 19.498792558034832 ] } },
{ "type": "Feature", "properties": { "fatalities": 88.0, "latitude": 10.493121195508019, "longitude": 6.7399234616285764 }, "geometry": { "type": "Point", "coordinates": [ 6.739923461628576, 10.493121195508019 ] } },
{ "type": "Feature", "properties": { "fatalities": 88.0, "latitude": 9.610267873866766, "longitude": 7.3608126339991466 }, "geometry": { "type": "Point", "coordinates": [ 7.360812633999147, 9.610267873866766 ] } },
{ "type": "Feature", "properties": { "fatalities": 275.0, "latitude": -8.7285973155839205, "longitude": -34.912047095660704 }, "geometry": { "type": "Point", "coordinates": [ -34.912047095660704, -8.72859731558392 ] } },
{ "type": "Feature", "properties": { "fatalities": 19.0, "latitude": 6.9810410324604248, "longitude": 3.0492604825595424 }, "geometry": { "type": "Point", "coordinates": [ 3.049260482559542, 6.981041032460425 ] } },
{ "type": "Feature", "properties": { "fatalities": 858.0, "latitude": -1.5035630630747792, "longitude": -79.829213824087731 }, "geometry": { "type": "Point", "coordinates": [ -79.829213824087731, -1.503563063074779 ] } },
{ "type": "Feature", "properties": { "fatalities": 124.0, "latitude": 0.093405644937466614, "longitude": -78.654544774878673 }, "geometry": { "type": "Point", "coordinates": [ -78.654544774878673, 0.093405644937467 ] } },
{ "type": "Feature", "properties": { "fatalities": 76.0, "latitude": -1.044448049811018, "longitude": -78.769768086124998 }, "geometry": { "type": "Point", "coordinates": [ -78.769768086124998, -1.044448049811018 ] } },
{ "type": "Feature", "properties": { "fatalities": 73.0, "latitude": 13.318095963736466, "longitude": 12.592155263411549 }, "geometry": { "type": "Point", "coordinates": [ 12.592155263411549, 13.318095963736466 ] } },
{ "type": "Feature", "properties": { "fatalities": 35.0, "latitude": 14.161809832429984, "longitude": 45.244994539391861 }, "geometry": { "type": "Point", "coordinates": [ 45.244994539391861, 14.161809832429984 ] } },
{ "type": "Feature", "properties": { "fatalities": 346.0, "latitude": 20.965090006867413, "longitude": -100.7955926847747 }, "geometry": { "type": "Point", "coordinates": [ -100.795592684774704, 20.965090006867413 ] } },
{ "type": "Feature", "properties": { "fatalities": 2234.0, "latitude": 31.419848056583316, "longitude": 34.173337151057709 }, "geometry": { "type": "Point", "coordinates": [ 34.173337151057709, 31.419848056583316 ] } },
{ "type": "Feature", "properties": { "fatalities": 23.0, "latitude": 24.725550855967288, "longitude": 62.024841229899685 }, "geometry": { "type": "Point", "coordinates": [ 62.024841229899685, 24.725550855967288 ] } },
{ "type": "Feature", "properties": { "fatalities": 12.0, "latitude": 29.952624384542784, "longitude": 70.601916226103313 }, "geometry": { "type": "Point", "coordinates": [ 70.601916226103313, 29.952624384542784 ] } },
{ "type": "Feature", "properties": { "fatalities": 7.0, "latitude": 12.378869033928558, "longitude": 12.076128375455397 }, "geometry": { "type": "Point", "coordinates": [ 12.076128375455397, 12.378869033928558 ] } },
{ "type": "Feature", "properties": { "fatalities": 69.0, "latitude": 10.427327478424708, "longitude": 3.6001443496326759 }, "geometry": { "type": "Point", "coordinates": [ 3.600144349632676, 10.427327478424708 ] } },
{ "type": "Feature", "properties": { "fatalities": 117.0, "latitude": 5.4031735800145499, "longitude": -76.14465626209342 }, "geometry": { "type": "Point", "coordinates": [ -76.14465626209342, 5.40317358001455 ] } },
{ "type": "Feature", "properties": { "fatalities": 9.0, "latitude": -15.25979833075843, "longitude": -58.474085262373634 }, "geometry": { "type": "Point", "coordinates": [ -58.474085262373634, -15.25979833075843 ] } },
{ "type": "Feature", "properties": { "fatalities": 31.0, "latitude": -1.4752187239137051, "longitude": -47.062946632215848 }, "geometry": { "type": "Point", "coordinates": [ -47.062946632215848, -1.475218723913705 ] } },
{ "type": "Feature", "properties": { "fatalities": 40.0, "latitude": -27.675959913087567, "longitude": -48.861584251981796 }, "geometry": { "type": "Point", "coordinates": [ -48.861584251981796, -27.675959913087567 ] } },
{ "type": "Feature", "properties": { "fatalities": 28.0, "latitude": -10.238928903134196, "longitude": -48.319872377859767 }, "geometry": { "type": "Point", "coordinates": [ -48.319872377859767, -10.238928903134196 ] } },
{ "type": "Feature", "properties": { "fatalities": 79.0, "latitude": -9.8912957942022057, "longitude": -36.968326123850552 }, "geometry": { "type": "Point", "coordinates": [ -36.968326123850552, -9.891295794202206 ] } },
{ "type": "Feature", "properties": { "fatalities": 778.0, "latitude": 14.551612203622799, "longitude": -90.489785356580938 }, "geometry": { "type": "Point", "coordinates": [ -90.489785356580938, 14.551612203622799 ] } },
{ "type": "Feature", "properties": { "fatalities": 38.0, "latitude": 33.810338225427024, "longitude": 44.024454083671898 }, "geometry": { "type": "Point", "coordinates": [ 44.024454083671898, 33.810338225427024 ] } },
{ "type": "Feature", "properties": { "fatalities": 3.0, "latitude": -24.251240759821304, "longitude": 45.167873230498415 }, "geometry": { "type": "Point", "coordinates": [ 45.167873230498415, -24.251240759821304 ] } },
{ "type": "Feature", "properties": { "fatalities": 106.0, "latitude": 28.746909926870696, "longitude": -111.43645803655708 }, "geometry": { "type": "Point", "coordinates": [ -111.436458036557084, 28.746909926870696 ] } },
{ "type": "Feature", "properties": { "fatalities": 174.0, "latitude": 17.702592950405375, "longitude": -92.875705568349929 }, "geometry": { "type": "Point", "coordinates": [ -92.875705568349929, 17.702592950405375 ] } },
{ "type": "Feature", "properties": { "fatalities": 16.0, "latitude": 5.2900712005630055, "longitude": 8.2930538012620314 }, "geometry": { "type": "Point", "coordinates": [ 8.293053801262031, 5.290071200563006 ] } },
{ "type": "Feature", "properties": { "fatalities": 110.0, "latitude": 5.3005472635424979, "longitude": 7.2694162798385857 }, "geometry": { "type": "Point", "coordinates": [ 7.269416279838586, 5.300547263542498 ] } },
{ "type": "Feature", "properties": { "fatalities": 13.0, "latitude": 1.9534386970183364, "longitude": 43.211292467989566 }, "geometry": { "type": "Point", "coordinates": [ 43.211292467989566, 1.953438697018336 ] } },
{ "type": "Feature", "properties": { "fatalities": 115.0, "latitude": 35.85362492579609, "longitude": 38.393763525602751 }, "geometry": { "type": "Point", "coordinates": [ 38.393763525602751, 35.85362492579609 ] } },
{ "type": "Feature", "properties": { "fatalities": 33.0, "latitude": 13.468294544162466, "longitude": 43.511690537994092 }, "geometry": { "type": "Point", "coordinates": [ 43.511690537994092, 13.468294544162466 ] } },
{ "type": "Feature", "properties": { "fatalities": 25.0, "latitude": 22.792365529981211, "longitude": 89.883678499822466 }, "geometry": { "type": "Point", "coordinates": [ 89.883678499822466, 22.792365529981211 ] } },
{ "type": "Feature", "properties": { "fatalities": 41.0, "latitude": 6.0627869569135235, "longitude": -77.062714437856144 }, "geometry": { "type": "Point", "coordinates": [ -77.062714437856144, 6.062786956913524 ] } },
{ "type": "Feature", "properties": { "fatalities": 99.0, "latitude": 2.1111889260905685, "longitude": -76.457968136322407 }, "geometry": { "type": "Point", "coordinates": [ -76.457968136322407, 2.111188926090569 ] } },
{ "type": "Feature", "properties": { "fatalities": 26.0, "latitude": 11.184958974533057, "longitude": 25.278310979218258 }, "geometry": { "type": "Point", "coordinates": [ 25.278310979218258, 11.184958974533057 ] } },
{ "type": "Feature", "properties": { "fatalities": 10.0, "latitude": 11.301221533173914, "longitude": -61.038039855197439 }, "geometry": { "type": "Point", "coordinates": [ -61.038039855197439, 11.301221533173914 ] } },
{ "type": "Feature", "properties": { "fatalities": 0.0, "latitude": 51.366306875618548, "longitude": 55.764774017219395 }, "geometry": { "type": "Point", "coordinates": [ 55.764774017219395, 51.366306875618548 ] } },
{ "type": "Feature", "properties": { "fatalities": 2.0, "latitude": -23.519616298055226, "longitude": -55.886695136082473 }, "geometry": { "type": "Point", "coordinates": [ -55.886695136082473, -23.519616298055226 ] } },
{ "type": "Feature", "properties": { "fatalities": 78.0, "latitude": 16.077674321070724, "longitude": -3.9704164174357746 }, "geometry": { "type": "Point", "coordinates": [ -3.970416417435775, 16.077674321070724 ] } },
{ "type": "Feature", "properties": { "fatalities": 2.0, "latitude": -3.4949712212356974, "longitude": 139.29204819352188 }, "geometry": { "type": "Point", "coordinates": [ 139.292048193521879, -3.494971221235697 ] } },
{ "type": "Feature", "properties": { "fatalities": 15.0, "latitude": 9.9385031871161207, "longitude": 31.427907312616057 }, "geometry": { "type": "Point", "coordinates": [ 31.427907312616057, 9.938503187116121 ] } },
{ "type": "Feature", "properties": { "fatalities": 77.0, "latitude": 12.068027405516675, "longitude": 0.2979662176402863 }, "geometry": { "type": "Point", "coordinates": [ 0.297966217640286, 12.068027405516675 ] } },
{ "type": "Feature", "properties": { "fatalities": 26.0, "latitude": 0.99333659637311156, "longitude": -76.563951753312736 }, "geometry": { "type": "Point", "coordinates": [ -76.563951753312736, 0.993336596373112 ] } },
{ "type": "Feature", "properties": { "fatalities": 25.0, "latitude": 24.824101753388156, "longitude": 93.79717418262338 }, "geometry": { "type": "Point", "coordinates": [ 93.79717418262338, 24.824101753388156 ] } },
{ "type": "Feature", "properties": { "fatalities": 573.0, "latitude": 1.7169637964079516, "longitude": 30.357604780481719 }, "geometry": { "type": "Point", "coordinates": [ 30.357604780481719, 1.716963796407952 ] } },
{ "type": "Feature", "properties": { "fatalities": 176.0, "latitude": 13.115694229516148, "longitude": 3.7754446779159343 }, "geometry": { "type": "Point", "coordinates": [ 3.775444677915934, 13.115694229516148 ] } },
{ "type": "Feature", "properties": { "fatalities": 64.0, "latitude": 22.332469375107923, "longitude": -102.82897054156444 }, "geometry": { "type": "Point", "coordinates": [ -102.828970541564445, 22.332469375107923 ] } },
{ "type": "Feature", "properties": { "fatalities": 117.0, "latitude": 17.965555780847161, "longitude": -94.872421384874414 }, "geometry": { "type": "Point", "coordinates": [ -94.872421384874414, 17.965555780847161 ] } },
{ "type": "Feature", "properties": { "fatalities": 28.0, "latitude": 30.033813373531242, "longitude": 66.068798318383955 }, "geometry": { "type": "Point", "coordinates": [ 66.068798318383955, 30.033813373531242 ] } },
{ "type": "Feature", "properties": { "fatalities": 8.0, "latitude": 7.7827224395637069, "longitude": 16.161224815386003 }, "geometry": { "type": "Point", "coordinates": [ 16.161224815386003, 7.782722439563707 ] } },
{ "type": "Feature", "properties": { "fatalities": 202.0, "latitude": -8.1419885903011995, "longitude": -35.9246574410355 }, "geometry": { "type": "Point", "coordinates": [ -35.9246574410355, -8.141988590301199 ] } },
{ "type": "Feature", "properties": { "fatalities": 44.0, "latitude": 14.408312195594243, "longitude": -85.80717371012139 }, "geometry": { "type": "Point", "coordinates": [ -85.80717371012139, 14.408312195594243 ] } },
{ "type": "Feature", "properties": { "fatalities": 54.0, "latitude": -22.788812042877801, "longitude": -42.397074897842288 }, "geometry": { "type": "Point", "coordinates": [ -42.397074897842288, -22.788812042877801 ] } },
{ "type": "Feature", "properties": { "fatalities": 35.0, "latitude": -19.564226982210464, "longitude": -40.228481720790803 }, "geometry": { "type": "Point", "coordinates": [ -40.228481720790803, -19.564226982210464 ] } },
{ "type": "Feature", "properties": { "fatalities": 21.0, "latitude": -5.4977217486960734, "longitude": -50.211733126208237 }, "geometry": { "type": "Point", "coordinates": [ -50.211733126208237, -5.497721748696073 ] } },
{ "type": "Feature", "properties": { "fatalities": 11.0, "latitude": -3.7723456740707189, "longitude": -49.151455838467612 }, "geometry": { "type": "Point", "coordinates": [ -49.151455838467612, -3.772345674070719 ] } },
{ "type": "Feature", "properties": { "fatalities": 56.0, "latitude": -4.9443665912261139, "longitude": -49.185455243592024 }, "geometry": { "type": "Point", "coordinates": [ -49.185455243592024, -4.944366591226114 ] } },
{ "type": "Feature", "properties": { "fatalities": 2.0, "latitude": -5.6182155343353983, "longitude": -46.149902164950682 }, "geometry": { "type": "Point", "coordinates": [ -46.149902164950682, -5.618215534335398 ] } },
{ "type": "Feature", "properties": { "fatalities": 25.0, "latitude": -13.928498259674312, "longitude": -40.127901774650411 }, "geometry": { "type": "Point", "coordinates": [ -40.127901774650411, -13.928498259674312 ] } },
{ "type": "Feature", "properties": { "fatalities": 95.0, "latitude": -22.734576455689645, "longitude": -44.5032566044218 }, "geometry": { "type": "Point", "coordinates": [ -44.5032566044218, -22.734576455689645 ] } },
{ "type": "Feature", "properties": { "fatalities": 25.0, "latitude": -23.13140196034351, "longitude": -47.664107621115974 }, "geometry": { "type": "Point", "coordinates": [ -47.664107621115974, -23.13140196034351 ] } },
{ "type": "Feature", "properties": { "fatalities": 0.0, "latitude": 6.7320549674321386, "longitude": 22.237098950772776 }, "geometry": { "type": "Point", "coordinates": [ 22.237098950772776, 6.732054967432139 ] } },
{ "type": "Feature", "properties": { "fatalities": 70.0, "latitude": 8.0766329455543708, "longitude": -72.040235195758129 }, "geometry": { "type": "Point", "coordinates": [ -72.040235195758129, 8.076632945554371 ] } },
{ "type": "Feature", "properties": { "fatalities": 738.0, "latitude": -2.1027677153494557, "longitude": 29.012409872222097 }, "geometry": { "type": "Point", "coordinates": [ 29.012409872222097, -2.102767715349456 ] } },
{ "type": "Feature", "properties": { "fatalities": 64.0, "latitude": 8.5656134557300891, "longitude": 38.384784233703968 }, "geometry": { "type": "Point", "coordinates": [ 38.384784233703968, 8.565613455730089 ] } },
{ "type": "Feature", "properties": { "fatalities": 11.0, "latitude": 30.078798647487975, "longitude": 47.477293904779124 }, "geometry": { "type": "Point", "coordinates": [ 47.477293904779124, 30.078798647487975 ] } },
{ "type": "Feature", "properties": { "fatalities": 8.0, "latitude": 30.545154165842415, "longitude": -114.88754248653412 }, "geometry": { "type": "Point", "coordinates": [ -114.887542486534116, 30.545154165842415 ] } },
{ "type": "Feature", "properties": { "fatalities": 145.0, "latitude": 29.051326990483723, "longitude": -105.58435711636902 }, "geometry": { "type": "Point", "coordinates": [ -105.58435711636902, 29.051326990483723 ] } },
{ "type": "Feature", "properties": { "fatalities": 15.0, "latitude": 14.438873061144159, "longitude": -9.1308390035275675 }, "geometry": { "type": "Point", "coordinates": [ -9.130839003527567, 14.438873061144159 ] } },
{ "type": "Feature", "properties": { "fatalities": 5.0, "latitude": -29.264245429894288, "longitude": 30.68687781479564 }, "geometry": { "type": "Point", "coordinates": [ 30.68687781479564, -29.264245429894288 ] } },
{ "type": "Feature", "properties": { "fatalities": 7.0, "latitude": -25.313178610794033, "longitude": 28.332989573041509 }, "geometry": { "type": "Point", "coordinates": [ 28.332989573041509, -25.313178610794033 ] } },
{ "type": "Feature", "properties": { "fatalities": 10.0, "latitude": 8.7583715442164447, "longitude": 46.248872012239524 }, "geometry": { "type": "Point", "coordinates": [ 46.248872012239524, 8.758371544216445 ] } },
{ "type": "Feature", "properties": { "fatalities": 47.0, "latitude": 13.482936582783191, "longitude": 34.131774715452508 }, "geometry": { "type": "Point", "coordinates": [ 34.131774715452508, 13.482936582783191 ] } },
{ "type": "Feature", "properties": { "fatalities": 0.0, "latitude": 9.3795455365992382, "longitude": 24.037671592982214 }, "geometry": { "type": "Point", "coordinates": [ 24.037671592982214, 9.379545536599238 ] } },
{ "type": "Feature", "properties": { "fatalities": 110.0, "latitude": 36.462702371477967, "longitude": 40.611526729625311 }, "geometry": { "type": "Point", "coordinates": [ 40.611526729625311, 36.462702371477967 ] } },
{ "type": "Feature", "properties": { "fatalities": 18.0, "latitude": 23.120393318420923, "longitude": 91.075400151259927 }, "geometry": { "type": "Point", "coordinates": [ 91.075400151259927, 23.120393318420923 ] } },
{ "type": "Feature", "properties": { "fatalities": 43.0, "latitude": 15.575239794383164, "longitude": 97.74898013444944 }, "geometry": { "type": "Point", "coordinates": [ 97.74898013444944, 15.575239794383164 ] } },
{ "type": "Feature", "properties": { "fatalities": 11.0, "latitude": 16.934235850846903, "longitude": 94.843081150451241 }, "geometry": { "type": "Point", "coordinates": [ 94.843081150451241, 16.934235850846903 ] } },
{ "type": "Feature", "properties": { "fatalities": 9.0, "latitude": 1.8782991618206208, "longitude": -74.50403468954606 }, "geometry": { "type": "Point", "coordinates": [ -74.50403468954606, 1.878299161820621 ] } },
{ "type": "Feature", "properties": { "fatalities": 15.0, "latitude": 33.872173057923256, "longitude": 69.587517940816767 }, "geometry": { "type": "Point", "coordinates": [ 69.587517940816767, 33.872173057923256 ] } },
{ "type": "Feature", "properties": { "fatalities": 0.0, "latitude": -0.58133097465507055, "longitude": -72.750775268072445 }, "geometry": { "type": "Point", "coordinates": [ -72.750775268072445, -0.581330974655071 ] } },
{ "type": "Feature", "properties": { "fatalities": 4.0, "latitude": -6.2355840230003787, "longitude": 146.78543674352201 }, "geometry": { "type": "Point", "coordinates": [ 146.785436743522013, -6.235584023000379 ] } },
{ "type": "Feature", "properties": { "fatalities": 6.0, "latitude": 25.753862756271388, "longitude": 68.282789367479396 }, "geometry": { "type": "Point", "coordinates": [ 68.282789367479396, 25.753862756271388 ] } },
{ "type": "Feature", "properties": { "fatalities": 6.0, "latitude": -3.5879807526302185, "longitude": 39.904338734132288 }, "geometry": { "type": "Point", "coordinates": [ 39.904338734132288, -3.587980752630219 ] } },
{ "type": "Feature", "properties": { "fatalities": 22.0, "latitude": 10.524059771670228, "longitude": 14.41295565339489 }, "geometry": { "type": "Point", "coordinates": [ 14.41295565339489, 10.524059771670228 ] } },
{ "type": "Feature", "properties": { "fatalities": 200.0, "latitude": 19.322020467735403, "longitude": -102.06252491618368 }, "geometry": { "type": "Point", "coordinates": [ -102.062524916183676, 19.322020467735403 ] } },
{ "type": "Feature", "properties": { "fatalities": 54.0, "latitude": 8.1338951593556157, "longitude": 31.22456371216964 }, "geometry": { "type": "Point", "coordinates": [ 31.22456371216964, 8.133895159355616 ] } },
{ "type": "Feature", "properties": { "fatalities": 47.0, "latitude": 15.75828057265058, "longitude": -87.375152044854602 }, "geometry": { "type": "Point", "coordinates": [ -87.375152044854602, 15.75828057265058 ] } },
{ "type": "Feature", "properties": { "fatalities": 9.0, "latitude": -1.4897048847447536, "longitude": 36.533925071060352 }, "geometry": { "type": "Point", "coordinates": [ 36.533925071060352, -1.489704884744754 ] } },
{ "type": "Feature", "properties": { "fatalities": 892.0, "latitude": 0.78799329033376841, "longitude": 29.739067348200514 }, "geometry": { "type": "Point", "coordinates": [ 29.739067348200514, 0.787993290333768 ] } },
{ "type": "Feature", "properties": { "fatalities": 222.0, "latitude": -1.9644472818507668, "longitude": -80.894386899526978 }, "geometry": { "type": "Point", "coordinates": [ -80.894386899526978, -1.964447281850767 ] } },
{ "type": "Feature", "properties": { "fatalities": 23.0, "latitude": 28.365956730016304, "longitude": 69.420585163726713 }, "geometry": { "type": "Point", "coordinates": [ 69.420585163726713, 28.365956730016304 ] } },
{ "type": "Feature", "properties": { "fatalities": 26.0, "latitude": 8.7910640632213592, "longitude": 35.142118152914215 }, "geometry": { "type": "Point", "coordinates": [ 35.142118152914215, 8.791064063221359 ] } },
{ "type": "Feature", "properties": { "fatalities": 4.0, "latitude": 12.371004778797287, "longitude": 10.952833285836869 }, "geometry": { "type": "Point", "coordinates": [ 10.952833285836869, 12.371004778797287 ] } },
{ "type": "Feature", "properties": { "fatalities": 94.0, "latitude": 12.382128303151243, "longitude": 13.207201969586379 }, "geometry": { "type": "Point", "coordinates": [ 13.207201969586379, 12.382128303151243 ] } },
{ "type": "Feature", "properties": { "fatalities": 8.0, "latitude": 9.622772599087245, "longitude": 12.781859178145469 }, "geometry": { "type": "Point", "coordinates": [ 12.781859178145469, 9.622772599087245 ] } },
{ "type": "Feature", "properties": { "fatalities": 12.0, "latitude": 17.010704092666678, "longitude": -91.994080707127168 }, "geometry": { "type": "Point", "coordinates": [ -91.994080707127168, 17.010704092666678 ] } },
{ "type": "Feature", "properties": { "fatalities": 46.0, "latitude": 6.3799298520424612, "longitude": -71.228464917159585 }, "geometry": { "type": "Point", "coordinates": [ -71.228464917159585, 6.379929852042461 ] } },
{ "type": "Feature", "properties": { "fatalities": 70.0, "latitude": -0.22316473250259466, "longitude": -51.050299839545787 }, "geometry": { "type": "Point", "coordinates": [ -51.050299839545787, -0.223164732502595 ] } },
{ "type": "Feature", "properties": { "fatalities": 3.0, "latitude": -10.832397680502673, "longitude": -58.286547413812983 }, "geometry": { "type": "Point", "coordinates": [ -58.286547413812983, -10.832397680502673 ] } },
{ "type": "Feature", "properties": { "fatalities": 22.0, "latitude": -6.2810422008534754, "longitude": -43.085459826267503 }, "geometry": { "type": "Point", "coordinates": [ -43.085459826267503, -6.281042200853475 ] } },
{ "type": "Feature", "properties": { "fatalities": 19.0, "latitude": -3.3860098815844939, "longitude": -39.951021065006849 }, "geometry": { "type": "Point", "coordinates": [ -39.951021065006849, -3.386009881584494 ] } },
{ "type": "Feature", "properties": { "fatalities": 2.0, "latitude": 0.93523630758146892, "longitude": -51.013823648553952 }, "geometry": { "type": "Point", "coordinates": [ -51.013823648553952, 0.935236307581469 ] } },
{ "type": "Feature", "properties": { "fatalities": 14.0, "latitude": -2.1611873579333318, "longitude": 30.171213494331464 }, "geometry": { "type": "Point", "coordinates": [ 30.171213494331464, -2.161187357933332 ] } },
{ "type": "Feature", "properties": { "fatalities": 3.0, "latitude": -15.46141752483453, "longitude": 46.731432428198012 }, "geometry": { "type": "Point", "coordinates": [ 46.731432428198012, -15.46141752483453 ] } },
{ "type": "Feature", "properties": { "fatalities": 87.0, "latitude": 19.122012628973302, "longitude": -99.946083212060003 }, "geometry": { "type": "Point", "coordinates": [ -99.946083212060003, 19.122012628973302 ] } },
{ "type": "Feature", "properties": { "fatalities": 288.0, "latitude": 19.804141549076668, "longitude": -100.93336342336237 }, "geometry": { "type": "Point", "coordinates": [ -100.933363423362366, 19.804141549076668 ] } },
{ "type": "Feature", "properties": { "fatalities": 39.0, "latitude": 26.522410256966449, "longitude": -97.846763364308686 }, "geometry": { "type": "Point", "coordinates": [ -97.846763364308686, 26.522410256966449 ] } },
{ "type": "Feature", "properties": { "fatalities": 92.0, "latitude": 13.511337510284731, "longitude": -3.9334362910480638 }, "geometry": { "type": "Point", "coordinates": [ -3.933436291048064, 13.511337510284731 ] } },
{ "type": "Feature", "properties": { "fatalities": 62.0, "latitude": -13.547907043483557, "longitude": 39.825405750748999 }, "geometry": { "type": "Point", "coordinates": [ 39.825405750748999, -13.547907043483557 ] } },
{ "type": "Feature", "properties": { "fatalities": 85.0, "latitude": 18.257386321615716, "longitude": -66.680513623802227 }, "geometry": { "type": "Point", "coordinates": [ -66.680513623802227, 18.257386321615716 ] } },
{ "type": "Feature", "properties": { "fatalities": 11.0, "latitude": 13.65552700620955, "longitude": 31.854409529878001 }, "geometry": { "type": "Point", "coordinates": [ 31.854409529878001, 13.65552700620955 ] } },
{ "type": "Feature", "properties": { "fatalities": 37.0, "latitude": 37.281669932024734, "longitude": 41.498489584365764 }, "geometry": { "type": "Point", "coordinates": [ 41.498489584365764, 37.281669932024734 ] } },
{ "type": "Feature", "properties": { "fatalities": 39.0, "latitude": 34.317223468633053, "longitude": 41.486446376725056 }, "geometry": { "type": "Point", "coordinates": [ 41.486446376725056, 34.317223468633053 ] } },
{ "type": "Feature", "properties": { "fatalities": 0.0, "latitude": 27.224782920429266, "longitude": 95.667225064001371 }, "geometry": { "type": "Point", "coordinates": [ 95.667225064001371, 27.224782920429266 ] } },
{ "type": "Feature", "properties": { "fatalities": 10.0, "latitude": 24.202574135953821, "longitude": 91.383507107533163 }, "geometry": { "type": "Point", "coordinates": [ 91.383507107533163, 24.202574135953821 ] } },
{ "type": "Feature", "properties": { "fatalities": 1.0, "latitude": 21.66528842298905, "longitude": 97.330136335384978 }, "geometry": { "type": "Point", "coordinates": [ 97.330136335384978, 21.66528842298905 ] } },
{ "type": "Feature", "properties": { "fatalities": 7.0, "latitude": 28.384580925115355, "longitude": 62.808772094815204 }, "geometry": { "type": "Point", "coordinates": [ 62.808772094815204, 28.384580925115355 ] } },
{ "type": "Feature", "properties": { "fatalities": 22.0, "latitude": 6.7194720101281478, "longitude": 121.74674510711081 }, "geometry": { "type": "Point", "coordinates": [ 121.746745107110812, 6.719472010128148 ] } },
{ "type": "Feature", "properties": { "fatalities": 54.0, "latitude": 5.9499856419633543, "longitude": 37.797653915106942 }, "geometry": { "type": "Point", "coordinates": [ 37.797653915106942, 5.949985641963354 ] } },
{ "type": "Feature", "properties": { "fatalities": 1.0, "latitude": 35.549360430531436, "longitude": 33.41207751785101 }, "geometry": { "type": "Point", "coordinates": [ 33.41207751785101, 35.549360430531436 ] } },
{ "type": "Feature", "properties": { "fatalities": 395.0, "latitude": 16.822587448676952, "longitude": -100.22942597180996 }, "geometry": { "type": "Point", "coordinates": [ -100.22942597180996, 16.822587448676952 ] } },
{ "type": "Feature", "properties": { "fatalities": 2.0, "latitude": -16.848036590805435, "longitude": -52.604560906847496 }, "geometry": { "type": "Point", "coordinates": [ -52.604560906847496, -16.848036590805435 ] } },
{ "type": "Feature", "properties": { "fatalities": 85.0, "latitude": 7.3818015667870567, "longitude": 28.398538660032475 }, "geometry": { "type": "Point", "coordinates": [ 28.398538660032475, 7.381801566787057 ] } },
{ "type": "Feature", "properties": { "fatalities": 22.0, "latitude": 12.966140464758141, "longitude": -87.043477586317366 }, "geometry": { "type": "Point", "coordinates": [ -87.043477586317366, 12.966140464758141 ] } },
{ "type": "Feature", "properties": { "fatalities": 146.0, "latitude": 8.734339226505206, "longitude": 9.0383486396551938 }, "geometry": { "type": "Point", "coordinates": [ 9.038348639655194, 8.734339226505206 ] } },
{ "type": "Feature", "properties": { "fatalities": 1.0, "latitude": -24.053793264068176, "longitude": -49.780097201223143 }, "geometry": { "type": "Point", "coordinates": [ -49.780097201223143, -24.053793264068176 ] } },
{ "type": "Feature", "properties": { "fatalities": 16.0, "latitude": -12.389216898860624, "longitude": -76.812536243115744 }, "geometry": { "type": "Point", "coordinates": [ -76.812536243115744, -12.389216898860624 ] } },
{ "type": "Feature", "properties": { "fatalities": 93.0, "latitude": -23.709493111190216, "longitude": -46.63348503228773 }, "geometry": { "type": "Point", "coordinates": [ -46.63348503228773, -23.709493111190216 ] } },
{ "type": "Feature", "properties": { "fatalities": 103.0, "latitude": 14.8184019813497, "longitude": 1.4231536653931136 }, "geometry": { "type": "Point", "coordinates": [ 1.423153665393114, 14.8184019813497 ] } },
{ "type": "Feature", "properties": { "fatalities": 17.0, "latitude": 7.7357691609223629, "longitude": 18.376990174774676 }, "geometry": { "type": "Point", "coordinates": [ 18.376990174774676, 7.735769160922363 ] } },
{ "type": "Feature", "properties": { "fatalities": 63.0, "latitude": 36.92421208295476, "longitude": 37.908666932587899 }, "geometry": { "type": "Point", "coordinates": [ 37.908666932587899, 36.92421208295476 ] } },
{ "type": "Feature", "properties": { "fatalities": 47.0, "latitude": 10.177507106074783, "longitude": 123.9498334518028 }, "geometry": { "type": "Point", "coordinates": [ 123.949833451802803, 10.177507106074783 ] } },
{ "type": "Feature", "properties": { "fatalities": 28.0, "latitude": 25.74645691465053, "longitude": 61.940835809027234 }, "geometry": { "type": "Point", "coordinates": [ 61.940835809027234, 25.74645691465053 ] } },
{ "type": "Feature", "properties": { "fatalities": 1.0, "latitude": 6.9694567521030777, "longitude": 11.305413521027074 }, "geometry": { "type": "Point", "coordinates": [ 11.305413521027074, 6.969456752103078 ] } },
{ "type": "Feature", "properties": { "fatalities": 26.0, "latitude": 6.979018809805897, "longitude": 10.240720391885599 }, "geometry": { "type": "Point", "coordinates": [ 10.240720391885599, 6.979018809805897 ] } },
{ "type": "Feature", "properties": { "fatalities": 603.0, "latitude": 9.6194056001637378, "longitude": 8.4269625478098806 }, "geometry": { "type": "Point", "coordinates": [ 8.426962547809881, 9.619405600163738 ] } },
{ "type": "Feature", "properties": { "fatalities": 63.0, "latitude": 11.353283646993246, "longitude": 5.0524945339743272 }, "geometry": { "type": "Point", "coordinates": [ 5.052494533974327, 11.353283646993246 ] } },
{ "type": "Feature", "properties": { "fatalities": 182.0, "latitude": 9.564498877836229, "longitude": 4.226245888589891 }, "geometry": { "type": "Point", "coordinates": [ 4.226245888589891, 9.564498877836229 ] } },
{ "type": "Feature", "properties": { "fatalities": 16.0, "latitude": -14.327834795751858, "longitude": -56.49306386428421 }, "geometry": { "type": "Point", "coordinates": [ -56.49306386428421, -14.327834795751858 ] } },
{ "type": "Feature", "properties": { "fatalities": 6.0, "latitude": -3.3764227031878371, "longitude": -60.78551526157635 }, "geometry": { "type": "Point", "coordinates": [ -60.78551526157635, -3.376422703187837 ] } },
{ "type": "Feature", "properties": { "fatalities": 19.0, "latitude": -15.710669767260315, "longitude": -59.452282592702836 }, "geometry": { "type": "Point", "coordinates": [ -59.452282592702836, -15.710669767260315 ] } },
{ "type": "Feature", "properties": { "fatalities": 156.0, "latitude": 17.29338915146101, "longitude": -99.123462882385141 }, "geometry": { "type": "Point", "coordinates": [ -99.123462882385141, 17.29338915146101 ] } },
{ "type": "Feature", "properties": { "fatalities": 69.0, "latitude": 18.211692003272738, "longitude": -96.906384962834295 }, "geometry": { "type": "Point", "coordinates": [ -96.906384962834295, 18.211692003272738 ] } },
{ "type": "Feature", "properties": { "fatalities": 127.0, "latitude": 20.047426368680032, "longitude": -97.69355325884024 }, "geometry": { "type": "Point", "coordinates": [ -97.69355325884024, 20.047426368680032 ] } },
{ "type": "Feature", "properties": { "fatalities": 9.0, "latitude": 9.8452231237425654, "longitude": 43.766009162692789 }, "geometry": { "type": "Point", "coordinates": [ 43.766009162692789, 9.845223123742565 ] } },
{ "type": "Feature", "properties": { "fatalities": 129.0, "latitude": 12.148358522338086, "longitude": 24.754878229969847 }, "geometry": { "type": "Point", "coordinates": [ 24.754878229969847, 12.148358522338086 ] } },
{ "type": "Feature", "properties": { "fatalities": 2.0, "latitude": 37.134296970020564, "longitude": 36.528689375223806 }, "geometry": { "type": "Point", "coordinates": [ 36.528689375223806, 37.134296970020564 ] } },
{ "type": "Feature", "properties": { "fatalities": 122.0, "latitude": 32.153316588836383, "longitude": 36.324511934849262 }, "geometry": { "type": "Point", "coordinates": [ 36.324511934849262, 32.153316588836383 ] } },
{ "type": "Feature", "properties": { "fatalities": 94.0, "latitude": 10.741764554605881, "longitude": -61.953605912464788 }, "geometry": { "type": "Point", "coordinates": [ -61.953605912464788, 10.741764554605881 ] } },
{ "type": "Feature", "properties": { "fatalities": 11.0, "latitude": 10.265607209692952, "longitude": -66.335341064806229 }, "geometry": { "type": "Point", "coordinates": [ -66.335341064806229, 10.265607209692952 ] } },
{ "type": "Feature", "properties": { "fatalities": 2.0, "latitude": 28.684652583983517, "longitude": 80.560468776336975 }, "geometry": { "type": "Point", "coordinates": [ 80.560468776336975, 28.684652583983517 ] } },
{ "type": "Feature", "properties": { "fatalities": 14.0, "latitude": 20.57018819122246, "longitude": 97.001139914069739 }, "geometry": { "type": "Point", "coordinates": [ 97.001139914069739, 20.57018819122246 ] } },
{ "type": "Feature", "properties": { "fatalities": 54.0, "latitude": 6.1389743512719592, "longitude": 7.698730213636007 }, "geometry": { "type": "Point", "coordinates": [ 7.698730213636007, 6.138974351271959 ] } },
{ "type": "Feature", "properties": { "fatalities": 10.0, "latitude": 1.6454631899543761, "longitude": -72.569123882130796 }, "geometry": { "type": "Point", "coordinates": [ -72.569123882130796, 1.645463189954376 ] } },
{ "type": "Feature", "properties": { "fatalities": 6.0, "latitude": 35.599207542080265, "longitude": 68.407428350896041 }, "geometry": { "type": "Point", "coordinates": [ 68.407428350896041, 35.599207542080265 ] } },
{ "type": "Feature", "properties": { "fatalities": 21.0, "latitude": -0.13357574137957676, "longitude": -76.670721682419554 }, "geometry": { "type": "Point", "coordinates": [ -76.670721682419554, -0.133575741379577 ] } },
{ "type": "Feature", "properties": { "fatalities": 74.0, "latitude": 7.2900289616571445, "longitude": -74.023473744948461 }, "geometry": { "type": "Point", "coordinates": [ -74.023473744948461, 7.290028961657145 ] } },
{ "type": "Feature", "properties": { "fatalities": 0.0, "latitude": 6.5684522154563378, "longitude": 80.759438558059301 }, "geometry": { "type": "Point", "coordinates": [ 80.759438558059301, 6.568452215456338 ] } },
{ "type": "Feature", "properties": { "fatalities": 45.0, "latitude": 34.400889057624632, "longitude": 70.819891201116604 }, "geometry": { "type": "Point", "coordinates": [ 70.819891201116604, 34.400889057624632 ] } },
{ "type": "Feature", "properties": { "fatalities": 94.0, "latitude": 18.354593077459914, "longitude": 96.350040818065935 }, "geometry": { "type": "Point", "coordinates": [ 96.350040818065935, 18.354593077459914 ] } },
{ "type": "Feature", "properties": { "fatalities": 1.0, "latitude": 14.17566366293951, "longitude": 100.62218131264939 }, "geometry": { "type": "Point", "coordinates": [ 100.622181312649388, 14.17566366293951 ] } },
{ "type": "Feature", "properties": { "fatalities": 16.0, "latitude": 31.085036819842244, "longitude": -111.34188214640719 }, "geometry": { "type": "Point", "coordinates": [ -111.341882146407187, 31.085036819842244 ] } },
{ "type": "Feature", "properties": { "fatalities": 12.0, "latitude": -11.044289363159491, "longitude": -39.044347879733564 }, "geometry": { "type": "Point", "coordinates": [ -39.044347879733564, -11.044289363159491 ] } },
{ "type": "Feature", "properties": { "fatalities": 0.0, "latitude": 21.402750891584041, "longitude": 85.202700971354687 }, "geometry": { "type": "Point", "coordinates": [ 85.202700971354687, 21.402750891584041 ] } },
{ "type": "Feature", "properties": { "fatalities": 143.0, "latitude": 8.073480990147516, "longitude": 32.332842931409878 }, "geometry": { "type": "Point", "coordinates": [ 32.332842931409878, 8.073480990147516 ] } },
{ "type": "Feature", "properties": { "fatalities": 1.0, "latitude": 4.3259353385058503, "longitude": 34.427809006699292 }, "geometry": { "type": "Point", "coordinates": [ 34.427809006699292, 4.32593533850585 ] } },
{ "type": "Feature", "properties": { "fatalities": 68.0, "latitude": 26.819114808621123, "longitude": 63.987813075979332 }, "geometry": { "type": "Point", "coordinates": [ 63.987813075979332, 26.819114808621123 ] } },
{ "type": "Feature", "properties": { "fatalities": 53.0, "latitude": 6.9914334294455012, "longitude": 5.0519159149592268 }, "geometry": { "type": "Point", "coordinates": [ 5.051915914959227, 6.991433429445501 ] } },
{ "type": "Feature", "properties": { "fatalities": 12.0, "latitude": -16.211187625825147, "longitude": -40.167931911367852 }, "geometry": { "type": "Point", "coordinates": [ -40.167931911367852, -16.211187625825147 ] } },
{ "type": "Feature", "properties": { "fatalities": 8.0, "latitude": 31.905410552832393, "longitude": 75.377884311944996 }, "geometry": { "type": "Point", "coordinates": [ 75.377884311944996, 31.905410552832393 ] } },
{ "type": "Feature", "properties": { "fatalities": 1.0, "latitude": 24.912757525873353, "longitude": 80.846207274713763 }, "geometry": { "type": "Point", "coordinates": [ 80.846207274713763, 24.912757525873353 ] } },
{ "type": "Feature", "properties": { "fatalities": 70.0, "latitude": -12.547602511100409, "longitude": 40.41751303192288 }, "geometry": { "type": "Point", "coordinates": [ 40.41751303192288, -12.547602511100409 ] } },
{ "type": "Feature", "properties": { "fatalities": 10.0, "latitude": 6.1314325300547869, "longitude": 8.734321800361089 }, "geometry": { "type": "Point", "coordinates": [ 8.734321800361089, 6.131432530054787 ] } },
{ "type": "Feature", "properties": { "fatalities": 86.0, "latitude": 11.452614949458365, "longitude": 12.688543253486841 }, "geometry": { "type": "Point", "coordinates": [ 12.688543253486841, 11.452614949458365 ] } },
{ "type": "Feature", "properties": { "fatalities": 8.0, "latitude": 14.130272474941528, "longitude": 6.3587832318838169 }, "geometry": { "type": "Point", "coordinates": [ 6.358783231883817, 14.130272474941528 ] } },
{ "type": "Feature", "properties": { "fatalities": 287.0, "latitude": 19.199397404954016, "longitude": -71.990084304706798 }, "geometry": { "type": "Point", "coordinates": [ -71.990084304706798, 19.199397404954016 ] } },
{ "type": "Feature", "properties": { "fatalities": 65.0, "latitude": 35.628561328200057, "longitude": 39.734105015071535 }, "geometry": { "type": "Point", "coordinates": [ 39.734105015071535, 35.628561328200057 ] } },
{ "type": "Feature", "properties": { "fatalities": 1.0, "latitude": -12.775330104324778, "longitude": -40.107986634192855 }, "geometry": { "type": "Point", "coordinates": [ -40.107986634192855, -12.775330104324778 ] } },
{ "type": "Feature", "properties": { "fatalities": 82.0, "latitude": -0.86778068456018864, "longitude": -48.05917471385785 }, "geometry": { "type": "Point", "coordinates": [ -48.05917471385785, -0.867780684560189 ] } },
{ "type": "Feature", "properties": { "fatalities": 2.0, "latitude": -9.8360449636550591, "longitude": -56.315421156449055 }, "geometry": { "type": "Point", "coordinates": [ -56.315421156449055, -9.836044963655059 ] } },
{ "type": "Feature", "properties": { "fatalities": 94.0, "latitude": -1.4307506610070118, "longitude": -49.083773898104887 }, "geometry": { "type": "Point", "coordinates": [ -49.083773898104887, -1.430750661007012 ] } },
{ "type": "Feature", "properties": { "fatalities": 13.0, "latitude": -16.724142859379349, "longitude": -43.310086458715119 }, "geometry": { "type": "Point", "coordinates": [ -43.310086458715119, -16.724142859379349 ] } },
{ "type": "Feature", "properties": { "fatalities": 2.0, "latitude": -13.059687761790496, "longitude": -58.380051064077328 }, "geometry": { "type": "Point", "coordinates": [ -58.380051064077328, -13.059687761790496 ] } },
{ "type": "Feature", "properties": { "fatalities": 31.0, "latitude": -14.798786575281579, "longitude": -57.487517571386498 }, "geometry": { "type": "Point", "coordinates": [ -57.487517571386498, -14.798786575281579 ] } },
{ "type": "Feature", "properties": { "fatalities": 65.0, "latitude": 14.689041920639044, "longitude": -87.603606689068016 }, "geometry": { "type": "Point", "coordinates": [ -87.603606689068016, 14.689041920639044 ] } },
{ "type": "Feature", "properties": { "fatalities": 11.0, "latitude": -0.49365869526997197, "longitude": 35.987823252774859 }, "geometry": { "type": "Point", "coordinates": [ 35.987823252774859, -0.493658695269972 ] } },
{ "type": "Feature", "properties": { "fatalities": 5.0, "latitude": 17.969980524446871, "longitude": -100.08896898199986 }, "geometry": { "type": "Point", "coordinates": [ -100.088968981999855, 17.969980524446871 ] } },
{ "type": "Feature", "properties": { "fatalities": 14.0, "latitude": 20.742317805935414, "longitude": -98.665427917745845 }, "geometry": { "type": "Point", "coordinates": [ -98.665427917745845, 20.742317805935414 ] } },
{ "type": "Feature", "properties": { "fatalities": 112.0, "latitude": 19.35244717336656, "longitude": -96.737337532275404 }, "geometry": { "type": "Point", "coordinates": [ -96.737337532275404, 19.35244717336656 ] } },
{ "type": "Feature", "properties": { "fatalities": 24.0, "latitude": 13.120634201585796, "longitude": 24.222214888206931 }, "geometry": { "type": "Point", "coordinates": [ 24.222214888206931, 13.120634201585796 ] } },
{ "type": "Feature", "properties": { "fatalities": 0.0, "latitude": -0.3223827584120964, "longitude": 32.561997446987306 }, "geometry": { "type": "Point", "coordinates": [ 32.561997446987306, -0.322382758412096 ] } },
{ "type": "Feature", "properties": { "fatalities": 0.0, "latitude": 44.165997463612165, "longitude": 19.104042928373786 }, "geometry": { "type": "Point", "coordinates": [ 19.104042928373786, 44.165997463612165 ] } },
{ "type": "Feature", "properties": { "fatalities": 11.0, "latitude": 25.274728767924863, "longitude": 91.694142137718416 }, "geometry": { "type": "Point", "coordinates": [ 91.694142137718416, 25.274728767924863 ] } },
{ "type": "Feature", "properties": { "fatalities": 80.0, "latitude": 22.470140723414847, "longitude": 96.453727704058352 }, "geometry": { "type": "Point", "coordinates": [ 96.453727704058352, 22.470140723414847 ] } },
{ "type": "Feature", "properties": { "fatalities": 47.0, "latitude": 3.2925655866936081, "longitude": -60.494523555656514 }, "geometry": { "type": "Point", "coordinates": [ -60.494523555656514, 3.292565586693608 ] } },
{ "type": "Feature", "properties": { "fatalities": 124.0, "latitude": 11.025168427869247, "longitude": -74.640395625322824 }, "geometry": { "type": "Point", "coordinates": [ -74.640395625322824, 11.025168427869247 ] } },
{ "type": "Feature", "properties": { "fatalities": 10.0, "latitude": 36.683145115641061, "longitude": 70.940817768179386 }, "geometry": { "type": "Point", "coordinates": [ 70.940817768179386, 36.683145115641061 ] } },
{ "type": "Feature", "properties": { "fatalities": 55.0, "latitude": 16.587990601679348, "longitude": -93.071381480739092 }, "geometry": { "type": "Point", "coordinates": [ -93.071381480739092, 16.587990601679348 ] } },
{ "type": "Feature", "properties": { "fatalities": 33.0, "latitude": 6.8838659860839924, "longitude": 16.728055782042272 }, "geometry": { "type": "Point", "coordinates": [ 16.728055782042272, 6.883865986083992 ] } },
{ "type": "Feature", "properties": { "fatalities": 0.0, "latitude": 45.393877254083677, "longitude": 39.073950776917798 }, "geometry": { "type": "Point", "coordinates": [ 39.073950776917798, 45.393877254083677 ] } },
{ "type": "Feature", "properties": { "fatalities": 167.0, "latitude": 3.2192385329310236, "longitude": -76.352762894391759 }, "geometry": { "type": "Point", "coordinates": [ -76.352762894391759, 3.219238532931024 ] } },
{ "type": "Feature", "properties": { "fatalities": 10.0, "latitude": 22.508541678807706, "longitude": -105.02231805985765 }, "geometry": { "type": "Point", "coordinates": [ -105.022318059857653, 22.508541678807706 ] } },
{ "type": "Feature", "properties": { "fatalities": 9.0, "latitude": 12.341906141086479, "longitude": 8.7326372307276134 }, "geometry": { "type": "Point", "coordinates": [ 8.732637230727613, 12.341906141086479 ] } },
{ "type": "Feature", "properties": { "fatalities": 53.0, "latitude": 11.444084894103463, "longitude": 14.946127268217523 }, "geometry": { "type": "Point", "coordinates": [ 14.946127268217523, 11.444084894103463 ] } },
{ "type": "Feature", "properties": { "fatalities": 155.0, "latitude": 6.9908959209418216, "longitude": 8.1365222915547992 }, "geometry": { "type": "Point", "coordinates": [ 8.136522291554799, 6.990895920941822 ] } },
{ "type": "Feature", "properties": { "fatalities": 26.0, "latitude": 4.1464180460927214, "longitude": 18.160123273044018 }, "geometry": { "type": "Point", "coordinates": [ 18.160123273044018, 4.146418046092721 ] } },
{ "type": "Feature", "properties": { "fatalities": 3.0, "latitude": 13.309039444316529, "longitude": 11.455806844713505 }, "geometry": { "type": "Point", "coordinates": [ 11.455806844713505, 13.309039444316529 ] } },
{ "type": "Feature", "properties": { "fatalities": 26.0, "latitude": 8.0101822796482569, "longitude": 33.439153824446592 }, "geometry": { "type": "Point", "coordinates": [ 33.439153824446592, 8.010182279648257 ] } },
{ "type": "Feature", "properties": { "fatalities": 120.0, "latitude": 33.273177507387025, "longitude": 70.762567515256606 }, "geometry": { "type": "Point", "coordinates": [ 70.762567515256606, 33.273177507387025 ] } },
{ "type": "Feature", "properties": { "fatalities": 11.0, "latitude": 12.395940408428656, "longitude": 44.8433226232859 }, "geometry": { "type": "Point", "coordinates": [ 44.8433226232859, 12.395940408428656 ] } },
{ "type": "Feature", "properties": { "fatalities": 114.0, "latitude": -11.536438613073065, "longitude": 39.841722274946015 }, "geometry": { "type": "Point", "coordinates": [ 39.841722274946015, -11.536438613073065 ] } },
{ "type": "Feature", "properties": { "fatalities": 55.0, "latitude": 30.574294706325016, "longitude": 67.197745767577075 }, "geometry": { "type": "Point", "coordinates": [ 67.197745767577075, 30.574294706325016 ] } },
{ "type": "Feature", "properties": { "fatalities": 48.0, "latitude": 11.268936260415405, "longitude": 38.252704157284931 }, "geometry": { "type": "Point", "coordinates": [ 38.252704157284931, 11.268936260415405 ] } },
{ "type": "Feature", "properties": { "fatalities": 23.0, "latitude": 5.9894910916174942, "longitude": 17.264331039550456 }, "geometry": { "type": "Point", "coordinates": [ 17.264331039550456, 5.989491091617494 ] } },
{ "type": "Feature", "properties": { "fatalities": 104.0, "latitude": 4.40639994957301, "longitude": 9.7909738944778244 }, "geometry": { "type": "Point", "coordinates": [ 9.790973894477824, 4.40639994957301 ] } },
{ "type": "Feature", "properties": { "fatalities": 38.0, "latitude": 5.2778013052970953, "longitude": 9.3257072271934565 }, "geometry": { "type": "Point", "coordinates": [ 9.325707227193456, 5.277801305297095 ] } },
{ "type": "Feature", "properties": { "fatalities": 95.0, "latitude": 10.452411115105148, "longitude": 4.635064001278562 }, "geometry": { "type": "Point", "coordinates": [ 4.635064001278562, 10.452411115105148 ] } },
{ "type": "Feature", "properties": { "fatalities": 13.0, "latitude": -3.7146685900092424, "longitude": -51.160397899089219 }, "geometry": { "type": "Point", "coordinates": [ -51.160397899089219, -3.714668590009242 ] } },
{ "type": "Feature", "properties": { "fatalities": 3.0, "latitude": -16.563685182557535, "longitude": 39.20423394059393 }, "geometry": { "type": "Point", "coordinates": [ 39.20423394059393, -16.563685182557535 ] } },
{ "type": "Feature", "properties": { "fatalities": 16.0, "latitude": 21.254216765290781, "longitude": 91.653817711422533 }, "geometry": { "type": "Point", "coordinates": [ 91.653817711422533, 21.254216765290781 ] } },
{ "type": "Feature", "properties": { "fatalities": 2.0, "latitude": 42.870801009518907, "longitude": 75.500353769756231 }, "geometry": { "type": "Point", "coordinates": [ 75.500353769756231, 42.870801009518907 ] } },
{ "type": "Feature", "properties": { "fatalities": 8.0, "latitude": -18.356756719806366, "longitude": 47.357883183307798 }, "geometry": { "type": "Point", "coordinates": [ 47.357883183307798, -18.356756719806366 ] } },
{ "type": "Feature", "properties": { "fatalities": 39.0, "latitude": 6.9933175046615732, "longitude": 7.0982147623850773 }, "geometry": { "type": "Point", "coordinates": [ 7.098214762385077, 6.993317504661573 ] } },
{ "type": "Feature", "properties": { "fatalities": 18.0, "latitude": 6.04126809490133, "longitude": 15.113527468147552 }, "geometry": { "type": "Point", "coordinates": [ 15.113527468147552, 6.04126809490133 ] } },
{ "type": "Feature", "properties": { "fatalities": 46.0, "latitude": -10.192520684825316, "longitude": -67.613330725500447 }, "geometry": { "type": "Point", "coordinates": [ -67.613330725500447, -10.192520684825316 ] } },
{ "type": "Feature", "properties": { "fatalities": 12.0, "latitude": 1.4811320678082887, "longitude": 34.905294235005002 }, "geometry": { "type": "Point", "coordinates": [ 34.905294235005002, 1.481132067808289 ] } },
{ "type": "Feature", "properties": { "fatalities": 1.0, "latitude": -17.363447456210981, "longitude": 47.892877945666356 }, "geometry": { "type": "Point", "coordinates": [ 47.892877945666356, -17.363447456210981 ] } },
{ "type": "Feature", "properties": { "fatalities": 9.0, "latitude": 19.454427316856204, "longitude": 1.2661264357161606 }, "geometry": { "type": "Point", "coordinates": [ 1.266126435716161, 19.454427316856204 ] } },
{ "type": "Feature", "properties": { "fatalities": 0.0, "latitude": 38.292257102020741, "longitude": 23.50973159680952 }, "geometry": { "type": "Point", "coordinates": [ 23.50973159680952, 38.292257102020741 ] } },
{ "type": "Feature", "properties": { "fatalities": 9.0, "latitude": 16.930049666724162, "longitude": 45.351128757275113 }, "geometry": { "type": "Point", "coordinates": [ 45.351128757275113, 16.930049666724162 ] } },
{ "type": "Feature", "properties": { "fatalities": 811.0, "latitude": -1.1514163076697255, "longitude": 29.641282590506172 }, "geometry": { "type": "Point", "coordinates": [ 29.641282590506172, -1.151416307669725 ] } },
{ "type": "Feature", "properties": { "fatalities": 4.0, "latitude": 36.18238347873536, "longitude": 67.169305148390677 }, "geometry": { "type": "Point", "coordinates": [ 67.169305148390677, 36.18238347873536 ] } },
{ "type": "Feature", "properties": { "fatalities": 13.0, "latitude": 51.386524824457318, "longitude": 35.559823643435358 }, "geometry": { "type": "Point", "coordinates": [ 35.559823643435358, 51.386524824457318 ] } },
{ "type": "Feature", "properties": { "fatalities": 9.0, "latitude": 28.407746702644982, "longitude": 67.207841893622458 }, "geometry": { "type": "Point", "coordinates": [ 67.207841893622458, 28.407746702644982 ] } },
{ "type": "Feature", "properties": { "fatalities": 14.0, "latitude": 28.413800476390819, "longitude": 65.00174998630203 }, "geometry": { "type": "Point", "coordinates": [ 65.00174998630203, 28.413800476390819 ] } },
{ "type": "Feature", "properties": { "fatalities": 2.0, "latitude": 37.599463401458664, "longitude": 58.325064487815993 }, "geometry": { "type": "Point", "coordinates": [ 58.325064487815993, 37.599463401458664 ] } },
{ "type": "Feature", "properties": { "fatalities": 21.0, "latitude": -6.9268127233572052, "longitude": -40.009397204688867 }, "geometry": { "type": "Point", "coordinates": [ -40.009397204688867, -6.926812723357205 ] } },
{ "type": "Feature", "properties": { "fatalities": 37.0, "latitude": -19.536110263292858, "longitude": -42.325303393081057 }, "geometry": { "type": "Point", "coordinates": [ -42.325303393081057, -19.536110263292858 ] } },
{ "type": "Feature", "properties": { "fatalities": 22.0, "latitude": 12.224335307301734, "longitude": 37.867588389431184 }, "geometry": { "type": "Point", "coordinates": [ 37.867588389431184, 12.224335307301734 ] } },
{ "type": "Feature", "properties": { "fatalities": 2.0, "latitude": 24.08942789428945, "longitude": 22.865843692831564 }, "geometry": { "type": "Point", "coordinates": [ 22.865843692831564, 24.08942789428945 ] } },
{ "type": "Feature", "properties": { "fatalities": 0.0, "latitude": -11.39336018846198, "longitude": 33.929570708528161 }, "geometry": { "type": "Point", "coordinates": [ 33.929570708528161, -11.39336018846198 ] } },
{ "type": "Feature", "properties": { "fatalities": 12.0, "latitude": 15.114541050106881, "longitude": -7.0574824609039029 }, "geometry": { "type": "Point", "coordinates": [ -7.057482460903903, 15.114541050106881 ] } },
{ "type": "Feature", "properties": { "fatalities": 4.0, "latitude": 3.1072338010807781, "longitude": 39.407110851200692 }, "geometry": { "type": "Point", "coordinates": [ 39.407110851200692, 3.107233801080778 ] } },
{ "type": "Feature", "properties": { "fatalities": 22.0, "latitude": -12.725929703166754, "longitude": -55.447941718868584 }, "geometry": { "type": "Point", "coordinates": [ -55.447941718868584, -12.725929703166754 ] } },
{ "type": "Feature", "properties": { "fatalities": 7.0, "latitude": -4.5666120452650594, "longitude": -39.970415720919767 }, "geometry": { "type": "Point", "coordinates": [ -39.970415720919767, -4.566612045265059 ] } },
{ "type": "Feature", "properties": { "fatalities": 5.0, "latitude": -4.1272725867799869, "longitude": -56.096245622934511 }, "geometry": { "type": "Point", "coordinates": [ -56.096245622934511, -4.127272586779987 ] } },
{ "type": "Feature", "properties": { "fatalities": 61.0, "latitude": -23.227568244085187, "longitude": -45.568733662149803 }, "geometry": { "type": "Point", "coordinates": [ -45.568733662149803, -23.227568244085187 ] } },
{ "type": "Feature", "properties": { "fatalities": 63.0, "latitude": 16.617509023097323, "longitude": -98.172453735422522 }, "geometry": { "type": "Point", "coordinates": [ -98.172453735422522, 16.617509023097323 ] } },
{ "type": "Feature", "properties": { "fatalities": 26.0, "latitude": -33.836214914490661, "longitude": 18.494065486813763 }, "geometry": { "type": "Point", "coordinates": [ 18.494065486813763, -33.836214914490661 ] } },
{ "type": "Feature", "properties": { "fatalities": 2.0, "latitude": 4.92800292570438, "longitude": -61.328876318257905 }, "geometry": { "type": "Point", "coordinates": [ -61.328876318257905, 4.92800292570438 ] } },
{ "type": "Feature", "properties": { "fatalities": 5.0, "latitude": 10.206410251239603, "longitude": -69.065147804608259 }, "geometry": { "type": "Point", "coordinates": [ -69.065147804608259, 10.206410251239603 ] } },
{ "type": "Feature", "properties": { "fatalities": 40.0, "latitude": 16.69899607301414, "longitude": 98.075207256467195 }, "geometry": { "type": "Point", "coordinates": [ 98.075207256467195, 16.69899607301414 ] } },
{ "type": "Feature", "properties": { "fatalities": 0.0, "latitude": 34.639419155482585, "longitude": 32.571188286723896 }, "geometry": { "type": "Point", "coordinates": [ 32.571188286723896, 34.639419155482585 ] } },
{ "type": "Feature", "properties": { "fatalities": 20.0, "latitude": 23.503389059729692, "longitude": -102.70516327217575 }, "geometry": { "type": "Point", "coordinates": [ -102.705163272175753, 23.503389059729692 ] } },
{ "type": "Feature", "properties": { "fatalities": 32.0, "latitude": 17.530042133717721, "longitude": 97.215119648804389 }, "geometry": { "type": "Point", "coordinates": [ 97.215119648804389, 17.530042133717721 ] } },
{ "type": "Feature", "properties": { "fatalities": 22.0, "latitude": 11.29192235255306, "longitude": 2.9683717023503986 }, "geometry": { "type": "Point", "coordinates": [ 2.968371702350399, 11.29192235255306 ] } },
{ "type": "Feature", "properties": { "fatalities": 11.0, "latitude": -4.1420731537281883, "longitude": 30.075747729302194 }, "geometry": { "type": "Point", "coordinates": [ 30.075747729302194, -4.142073153728188 ] } },
{ "type": "Feature", "properties": { "fatalities": 108.0, "latitude": 14.460526529503563, "longitude": -3.6116011918719666 }, "geometry": { "type": "Point", "coordinates": [ -3.611601191871967, 14.460526529503563 ] } },
{ "type": "Feature", "properties": { "fatalities": 23.0, "latitude": -4.4996438321909595, "longitude": -79.120550343929139 }, "geometry": { "type": "Point", "coordinates": [ -79.120550343929139, -4.49964383219096 ] } },
{ "type": "Feature", "properties": { "fatalities": 61.0, "latitude": 11.92031222851627, "longitude": 29.364551906187277 }, "geometry": { "type": "Point", "coordinates": [ 29.364551906187277, 11.92031222851627 ] } },
{ "type": "Feature", "properties": { "fatalities": 28.0, "latitude": 16.248830221844219, "longitude": 43.573616514249963 }, "geometry": { "type": "Point", "coordinates": [ 43.573616514249963, 16.248830221844219 ] } },
{ "type": "Feature", "properties": { "fatalities": 7.0, "latitude": 2.6372989526923614, "longitude": 30.971116141015163 }, "geometry": { "type": "Point", "coordinates": [ 30.971116141015163, 2.637298952692361 ] } },
{ "type": "Feature", "properties": { "fatalities": 7.0, "latitude": 5.0745564634626019, "longitude": 17.709732508043682 }, "geometry": { "type": "Point", "coordinates": [ 17.709732508043682, 5.074556463462602 ] } },
{ "type": "Feature", "properties": { "fatalities": 26.0, "latitude": -11.598016170025701, "longitude": -55.404775578427703 }, "geometry": { "type": "Point", "coordinates": [ -55.404775578427703, -11.598016170025701 ] } },
{ "type": "Feature", "properties": { "fatalities": 16.0, "latitude": -20.632521701814941, "longitude": -42.349147341998503 }, "geometry": { "type": "Point", "coordinates": [ -42.349147341998503, -20.632521701814941 ] } },
{ "type": "Feature", "properties": { "fatalities": 1.0, "latitude": -27.10750235414465, "longitude": -49.888403708482549 }, "geometry": { "type": "Point", "coordinates": [ -49.888403708482549, -27.10750235414465 ] } },
{ "type": "Feature", "properties": { "fatalities": 11.0, "latitude": -21.347756293587551, "longitude": -50.721010294937194 }, "geometry": { "type": "Point", "coordinates": [ -50.721010294937194, -21.347756293587551 ] } },
{ "type": "Feature", "properties": { "fatalities": 43.0, "latitude": 7.9414902923133743, "longitude": -74.930395225929686 }, "geometry": { "type": "Point", "coordinates": [ -74.930395225929686, 7.941490292313374 ] } },
{ "type": "Feature", "properties": { "fatalities": 38.0, "latitude": 15.079858584837677, "longitude": -86.583115740909037 }, "geometry": { "type": "Point", "coordinates": [ -86.583115740909037, 15.079858584837677 ] } },
{ "type": "Feature", "properties": { "fatalities": 0.0, "latitude": -25.076640470912242, "longitude": 46.945832025277085 }, "geometry": { "type": "Point", "coordinates": [ 46.945832025277085, -25.076640470912242 ] } },
{ "type": "Feature", "properties": { "fatalities": 11.0, "latitude": 26.705639705816754, "longitude": -105.78727190568389 }, "geometry": { "type": "Point", "coordinates": [ -105.787271905683895, 26.705639705816754 ] } },
{ "type": "Feature", "properties": { "fatalities": 32.0, "latitude": 22.128352298038809, "longitude": -100.65537091006746 }, "geometry": { "type": "Point", "coordinates": [ -100.655370910067461, 22.128352298038809 ] } },
{ "type": "Feature", "properties": { "fatalities": 16.0, "latitude": 10.00406345231055, "longitude": 30.311941354135573 }, "geometry": { "type": "Point", "coordinates": [ 30.311941354135573, 10.00406345231055 ] } },
{ "type": "Feature", "properties": { "fatalities": 26.0, "latitude": 37.29644319296694, "longitude": 69.702461452859353 }, "geometry": { "type": "Point", "coordinates": [ 69.702461452859353, 37.29644319296694 ] } },
{ "type": "Feature", "properties": { "fatalities": 0.0, "latitude": 28.497337899332283, "longitude": 116.40511995736189 }, "geometry": { "type": "Point", "coordinates": [ 116.40511995736189, 28.497337899332283 ] } },
{ "type": "Feature", "properties": { "fatalities": 45.0, "latitude": 19.980859884520502, "longitude": 94.606338290523539 }, "geometry": { "type": "Point", "coordinates": [ 94.606338290523539, 19.980859884520502 ] } },
{ "type": "Feature", "properties": { "fatalities": 8.0, "latitude": -4.5301548953509272, "longitude": -42.02241568705746 }, "geometry": { "type": "Point", "coordinates": [ -42.02241568705746, -4.530154895350927 ] } },
{ "type": "Feature", "properties": { "fatalities": 10.0, "latitude": 8.724833263077814, "longitude": 6.9217966928223627 }, "geometry": { "type": "Point", "coordinates": [ 6.921796692822363, 8.724833263077814 ] } },
{ "type": "Feature", "properties": { "fatalities": 51.0, "latitude": 5.622777944585355, "longitude": 27.171652606897357 }, "geometry": { "type": "Point", "coordinates": [ 27.171652606897357, 5.622777944585355 ] } },
{ "type": "Feature", "properties": { "fatalities": 2.0, "latitude": 12.157575278929915, "longitude": 2.331006242636342 }, "geometry": { "type": "Point", "coordinates": [ 2.331006242636342, 12.157575278929915 ] } },
{ "type": "Feature", "properties": { "fatalities": 3.0, "latitude": 11.132796963209277, "longitude": -1.0435944160519144 }, "geometry": { "type": "Point", "coordinates": [ -1.043594416051914, 11.132796963209277 ] } },
{ "type": "Feature", "properties": { "fatalities": 1.0, "latitude": 5.2775520054544867, "longitude": 33.898922545839802 }, "geometry": { "type": "Point", "coordinates": [ 33.898922545839802, 5.277552005454487 ] } },
{ "type": "Feature", "properties": { "fatalities": 1.0, "latitude": 32.995779748666259, "longitude": 43.16691069008052 }, "geometry": { "type": "Point", "coordinates": [ 43.16691069008052, 32.995779748666259 ] } },
{ "type": "Feature", "properties": { "fatalities": 7.0, "latitude": -26.442499151352482, "longitude": 32.758284754802361 }, "geometry": { "type": "Point", "coordinates": [ 32.758284754802361, -26.442499151352482 ] } },
{ "type": "Feature", "properties": { "fatalities": 13.0, "latitude": 35.678664280690207, "longitude": 44.507932399270913 }, "geometry": { "type": "Point", "coordinates": [ 44.507932399270913, 35.678664280690207 ] } },
{ "type": "Feature", "properties": { "fatalities": 47.0, "latitude": 6.149352483356652, "longitude": 3.6561047744271598 }, "geometry": { "type": "Point", "coordinates": [ 3.65610477442716, 6.149352483356652 ] } },
{ "type": "Feature", "properties": { "fatalities": 1.0, "latitude": 17.009743228750967, "longitude": 7.751193743938849 }, "geometry": { "type": "Point", "coordinates": [ 7.751193743938849, 17.009743228750967 ] } },
{ "type": "Feature", "properties": { "fatalities": 0.0, "latitude": 7.675769475234846, "longitude": 80.999419893812217 }, "geometry": { "type": "Point", "coordinates": [ 80.999419893812217, 7.675769475234846 ] } },
{ "type": "Feature", "properties": { "fatalities": 29.0, "latitude": 13.023567414076357, "longitude": 1.6881331937524342 }, "geometry": { "type": "Point", "coordinates": [ 1.688133193752434, 13.023567414076357 ] } },
{ "type": "Feature", "properties": { "fatalities": 0.0, "latitude": 32.83997749622452, "longitude": 38.477731662728921 }, "geometry": { "type": "Point", "coordinates": [ 38.477731662728921, 32.83997749622452 ] } },
{ "type": "Feature", "properties": { "fatalities": 37.0, "latitude": 7.9440859159794188, "longitude": 34.542679506768458 }, "geometry": { "type": "Point", "coordinates": [ 34.542679506768458, 7.944085915979419 ] } },
{ "type": "Feature", "properties": { "fatalities": 9.0, "latitude": 10.902348053285484, "longitude": -67.192416232626556 }, "geometry": { "type": "Point", "coordinates": [ -67.192416232626556, 10.902348053285484 ] } },
{ "type": "Feature", "properties": { "fatalities": 24.0, "latitude": -5.7755684322134107, "longitude": -37.939486041896046 }, "geometry": { "type": "Point", "coordinates": [ -37.939486041896046, -5.775568432213411 ] } },
{ "type": "Feature", "properties": { "fatalities": 6.0, "latitude": -21.663338356974215, "longitude": -44.475774267717782 }, "geometry": { "type": "Point", "coordinates": [ -44.475774267717782, -21.663338356974215 ] } },
{ "type": "Feature", "properties": { "fatalities": 55.0, "latitude": -9.3137823731431073, "longitude": -63.795416635010127 }, "geometry": { "type": "Point", "coordinates": [ -63.795416635010127, -9.313782373143107 ] } },
{ "type": "Feature", "properties": { "fatalities": 14.0, "latitude": -3.1774075608261096, "longitude": 30.70534011864682 }, "geometry": { "type": "Point", "coordinates": [ 30.70534011864682, -3.17740756082611 ] } },
{ "type": "Feature", "properties": { "fatalities": 16.0, "latitude": 11.395034796343401, "longitude": -73.651555364839069 }, "geometry": { "type": "Point", "coordinates": [ -73.651555364839069, 11.395034796343401 ] } },
{ "type": "Feature", "properties": { "fatalities": 1.0, "latitude": 20.912670275422531, "longitude": -77.839804326787259 }, "geometry": { "type": "Point", "coordinates": [ -77.839804326787259, 20.912670275422531 ] } },
{ "type": "Feature", "properties": { "fatalities": 2.0, "latitude": 32.29484883396016, "longitude": 21.818675439409386 }, "geometry": { "type": "Point", "coordinates": [ 21.818675439409386, 32.29484883396016 ] } },
{ "type": "Feature", "properties": { "fatalities": 60.0, "latitude": 14.80332131945678, "longitude": -92.392568234778608 }, "geometry": { "type": "Point", "coordinates": [ -92.392568234778608, 14.80332131945678 ] } },
{ "type": "Feature", "properties": { "fatalities": 16.0, "latitude": 24.918646914103956, "longitude": -99.192989135254408 }, "geometry": { "type": "Point", "coordinates": [ -99.192989135254408, 24.918646914103956 ] } },
{ "type": "Feature", "properties": { "fatalities": 10.0, "latitude": 10.528681535104818, "longitude": 9.9765485869384065 }, "geometry": { "type": "Point", "coordinates": [ 9.976548586938407, 10.528681535104818 ] } },
{ "type": "Feature", "properties": { "fatalities": 69.0, "latitude": 8.7310306448732948, "longitude": 7.9751816044838542 }, "geometry": { "type": "Point", "coordinates": [ 7.975181604483854, 8.731030644873295 ] } },
{ "type": "Feature", "properties": { "fatalities": 12.0, "latitude": 17.773389566965317, "longitude": -65.864229390118084 }, "geometry": { "type": "Point", "coordinates": [ -65.864229390118084, 17.773389566965317 ] } },
{ "type": "Feature", "properties": { "fatalities": 0.0, "latitude": 6.1379922546778749, "longitude": 0.74141806600225546 }, "geometry": { "type": "Point", "coordinates": [ 0.741418066002255, 6.137992254677875 ] } },
{ "type": "Feature", "properties": { "fatalities": 51.0, "latitude": 11.124149406395476, "longitude": -71.784485063003061 }, "geometry": { "type": "Point", "coordinates": [ -71.784485063003061, 11.124149406395476 ] } },
{ "type": "Feature", "properties": { "fatalities": 1.0, "latitude": 31.628274556785861, "longitude": 62.572266904863433 }, "geometry": { "type": "Point", "coordinates": [ 62.572266904863433, 31.628274556785861 ] } },
{ "type": "Feature", "properties": { "fatalities": 91.0, "latitude": 29.484905537586783, "longitude": 67.202876304672031 }, "geometry": { "type": "Point", "coordinates": [ 67.202876304672031, 29.484905537586783 ] } },
{ "type": "Feature", "properties": { "fatalities": 3.0, "latitude": -17.905435386520196, "longitude": -39.153739284106571 }, "geometry": { "type": "Point", "coordinates": [ -39.153739284106571, -17.905435386520196 ] } },
{ "type": "Feature", "properties": { "fatalities": 3.0, "latitude": -14.112393180206064, "longitude": -51.496831567140624 }, "geometry": { "type": "Point", "coordinates": [ -51.496831567140624, -14.112393180206064 ] } },
{ "type": "Feature", "properties": { "fatalities": 216.0, "latitude": 13.32210994761844, "longitude": 13.736041173879332 }, "geometry": { "type": "Point", "coordinates": [ 13.736041173879332, 13.32210994761844 ] } },
{ "type": "Feature", "properties": { "fatalities": 1.0, "latitude": 5.7206152737525153, "longitude": 24.935536580856255 }, "geometry": { "type": "Point", "coordinates": [ 24.935536580856255, 5.720615273752515 ] } },
{ "type": "Feature", "properties": { "fatalities": 11.0, "latitude": -13.847180868411517, "longitude": -55.491235244956229 }, "geometry": { "type": "Point", "coordinates": [ -55.491235244956229, -13.847180868411517 ] } },
{ "type": "Feature", "properties": { "fatalities": 3.0, "latitude": 4.9180670859437612, "longitude": 22.085271994477523 }, "geometry": { "type": "Point", "coordinates": [ 22.085271994477523, 4.918067085943761 ] } },
{ "type": "Feature", "properties": { "fatalities": 6.0, "latitude": -12.114069612884304, "longitude": 27.264577642425529 }, "geometry": { "type": "Point", "coordinates": [ 27.264577642425529, -12.114069612884304 ] } },
{ "type": "Feature", "properties": { "fatalities": 7.0, "latitude": 9.1319007361733977, "longitude": 42.121466080159848 }, "geometry": { "type": "Point", "coordinates": [ 42.121466080159848, 9.131900736173398 ] } },
{ "type": "Feature", "properties": { "fatalities": 18.0, "latitude": 31.407831883453621, "longitude": 45.975341921968351 }, "geometry": { "type": "Point", "coordinates": [ 45.975341921968351, 31.407831883453621 ] } },
{ "type": "Feature", "properties": { "fatalities": 5.0, "latitude": 2.3350262725806865, "longitude": 36.617577298791964 }, "geometry": { "type": "Point", "coordinates": [ 36.617577298791964, 2.335026272580687 ] } },
{ "type": "Feature", "properties": { "fatalities": 47.0, "latitude": 16.83926393882728, "longitude": -95.053887323028036 }, "geometry": { "type": "Point", "coordinates": [ -95.053887323028036, 16.83926393882728 ] } },
{ "type": "Feature", "properties": { "fatalities": 16.0, "latitude": 18.120985753306591, "longitude": -91.790095926307657 }, "geometry": { "type": "Point", "coordinates": [ -91.790095926307657, 18.120985753306591 ] } },
{ "type": "Feature", "properties": { "fatalities": 91.0, "latitude": 13.631257082945741, "longitude": -2.9633051272115432 }, "geometry": { "type": "Point", "coordinates": [ -2.963305127211543, 13.631257082945741 ] } },
{ "type": "Feature", "properties": { "fatalities": 28.0, "latitude": 16.55916081929011, "longitude": 0.099094260581184881 }, "geometry": { "type": "Point", "coordinates": [ 0.099094260581185, 16.55916081929011 ] } },
{ "type": "Feature", "properties": { "fatalities": 2.0, "latitude": -7.5189110744314034, "longitude": -78.400294702660901 }, "geometry": { "type": "Point", "coordinates": [ -78.400294702660901, -7.518911074431403 ] } },
{ "type": "Feature", "properties": { "fatalities": 3.0, "latitude": 10.322830518202291, "longitude": 47.366254065419632 }, "geometry": { "type": "Point", "coordinates": [ 47.366254065419632, 10.322830518202291 ] } },
{ "type": "Feature", "properties": { "fatalities": 25.0, "latitude": 12.193738407290034, "longitude": 23.594549323589604 }, "geometry": { "type": "Point", "coordinates": [ 23.594549323589604, 12.193738407290034 ] } },
{ "type": "Feature", "properties": { "fatalities": 1401.0, "latitude": 13.071673698694511, "longitude": 25.391145293414883 }, "geometry": { "type": "Point", "coordinates": [ 25.391145293414883, 13.071673698694511 ] } },
{ "type": "Feature", "properties": { "fatalities": 3.0, "latitude": 26.42122974181596, "longitude": 85.43599090914114 }, "geometry": { "type": "Point", "coordinates": [ 85.43599090914114, 26.42122974181596 ] } },
{ "type": "Feature", "properties": { "fatalities": 11.0, "latitude": 31.636011293316727, "longitude": 69.51736090236777 }, "geometry": { "type": "Point", "coordinates": [ 69.51736090236777, 31.636011293316727 ] } },
{ "type": "Feature", "properties": { "fatalities": 15.0, "latitude": 2.7449132256014699, "longitude": -72.479320042188093 }, "geometry": { "type": "Point", "coordinates": [ -72.479320042188093, 2.74491322560147 ] } },
{ "type": "Feature", "properties": { "fatalities": 0.0, "latitude": 19.356272941674284, "longitude": 0.18573572882288608 }, "geometry": { "type": "Point", "coordinates": [ 0.185735728822886, 19.356272941674284 ] } },
{ "type": "Feature", "properties": { "fatalities": 17.0, "latitude": 4.475785078561926, "longitude": 6.8483834069582024 }, "geometry": { "type": "Point", "coordinates": [ 6.848383406958202, 4.475785078561926 ] } },
{ "type": "Feature", "properties": { "fatalities": 2.0, "latitude": -23.404398642598405, "longitude": 29.71800193555914 }, "geometry": { "type": "Point", "coordinates": [ 29.71800193555914, -23.404398642598405 ] } },
{ "type": "Feature", "properties": { "fatalities": 23.0, "latitude": -3.3418520170096433, "longitude": -79.002762424663715 }, "geometry": { "type": "Point", "coordinates": [ -79.002762424663715, -3.341852017009643 ] } },
{ "type": "Feature", "properties": { "fatalities": 18.0, "latitude": 4.6224724969323248, "longitude": 28.802991179404884 }, "geometry": { "type": "Point", "coordinates": [ 28.802991179404884, 4.622472496932325 ] } },
{ "type": "Feature", "properties": { "fatalities": 13.0, "latitude": -3.9584839018023863, "longitude": -40.985562549193908 }, "geometry": { "type": "Point", "coordinates": [ -40.985562549193908, -3.958483901802386 ] } },
{ "type": "Feature", "properties": { "fatalities": 19.0, "latitude": -3.9191473363072973, "longitude": -43.03643454502739 }, "geometry": { "type": "Point", "coordinates": [ -43.03643454502739, -3.919147336307297 ] } },
{ "type": "Feature", "properties": { "fatalities": 100.0, "latitude": 32.859609409291544, "longitude": -114.8614774058305 }, "geometry": { "type": "Point", "coordinates": [ -114.861477405830499, 32.859609409291544 ] } },
{ "type": "Feature", "properties": { "fatalities": 9.0, "latitude": 15.458072779993037, "longitude": -2.2996302163725786 }, "geometry": { "type": "Point", "coordinates": [ -2.299630216372579, 15.458072779993037 ] } },
{ "type": "Feature", "properties": { "fatalities": 35.0, "latitude": 7.8389140808957931, "longitude": 4.4416737211070823 }, "geometry": { "type": "Point", "coordinates": [ 4.441673721107082, 7.838914080895793 ] } },
{ "type": "Feature", "properties": { "fatalities": 4.0, "latitude": -27.181188823068172, "longitude": 26.924866855547283 }, "geometry": { "type": "Point", "coordinates": [ 26.924866855547283, -27.181188823068172 ] } },
{ "type": "Feature", "properties": { "fatalities": 24.0, "latitude": 11.134074176240555, "longitude": 26.425575660258765 }, "geometry": { "type": "Point", "coordinates": [ 26.425575660258765, 11.134074176240555 ] } },
{ "type": "Feature", "properties": { "fatalities": 0.0, "latitude": 42.030131795290053, "longitude": 41.987713617880793 }, "geometry": { "type": "Point", "coordinates": [ 41.987713617880793, 42.030131795290053 ] } },
{ "type": "Feature", "properties": { "fatalities": 21.0, "latitude": 27.352155646424109, "longitude": 65.0413613388627 }, "geometry": { "type": "Point", "coordinates": [ 65.0413613388627, 27.352155646424109 ] } },
{ "type": "Feature", "properties": { "fatalities": 0.0, "latitude": 23.659167050644758, "longitude": 5.2906668139691861 }, "geometry": { "type": "Point", "coordinates": [ 5.290666813969186, 23.659167050644758 ] } },
{ "type": "Feature", "properties": { "fatalities": 7.0, "latitude": 35.951185040310257, "longitude": 43.231329763924983 }, "geometry": { "type": "Point", "coordinates": [ 43.231329763924983, 35.951185040310257 ] } },
{ "type": "Feature", "properties": { "fatalities": 7.0, "latitude": 16.389736171133915, "longitude": -1.9564406176176565 }, "geometry": { "type": "Point", "coordinates": [ -1.956440617617657, 16.389736171133915 ] } },
{ "type": "Feature", "properties": { "fatalities": 13.0, "latitude": 16.299593401920117, "longitude": -2.9604976461923984 }, "geometry": { "type": "Point", "coordinates": [ -2.960497646192398, 16.299593401920117 ] } },
{ "type": "Feature", "properties": { "fatalities": 11.0, "latitude": 24.283099616498575, "longitude": 88.106734336116148 }, "geometry": { "type": "Point", "coordinates": [ 88.106734336116148, 24.283099616498575 ] } },
{ "type": "Feature", "properties": { "fatalities": 31.0, "latitude": 11.256456323340016, "longitude": 1.9452534297070783 }, "geometry": { "type": "Point", "coordinates": [ 1.945253429707078, 11.256456323340016 ] } },
{ "type": "Feature", "properties": { "fatalities": 22.0, "latitude": 9.9446957769014954, "longitude": 122.84897221357279 }, "geometry": { "type": "Point", "coordinates": [ 122.848972213572793, 9.944695776901495 ] } },
{ "type": "Feature", "properties": { "fatalities": 4.0, "latitude": 19.673641224482221, "longitude": 93.413837539647773 }, "geometry": { "type": "Point", "coordinates": [ 93.413837539647773, 19.673641224482221 ] } },
{ "type": "Feature", "properties": { "fatalities": 61.0, "latitude": 6.8869773145810633, "longitude": -75.02847951624004 }, "geometry": { "type": "Point", "coordinates": [ -75.02847951624004, 6.886977314581063 ] } },
{ "type": "Feature", "properties": { "fatalities": 8.0, "latitude": 4.5665397768690807, "longitude": 29.930047825615716 }, "geometry": { "type": "Point", "coordinates": [ 29.930047825615716, 4.566539776869081 ] } },
{ "type": "Feature", "properties": { "fatalities": 44.0, "latitude": -15.971202565681907, "longitude": -48.486189783213881 }, "geometry": { "type": "Point", "coordinates": [ -48.486189783213881, -15.971202565681907 ] } },
{ "type": "Feature", "properties": { "fatalities": 26.0, "latitude": 10.298640320621278, "longitude": -0.41247123131819591 }, "geometry": { "type": "Point", "coordinates": [ -0.412471231318196, 10.298640320621278 ] } },
{ "type": "Feature", "properties": { "fatalities": 38.0, "latitude": 14.135320915566643, "longitude": -7.3553279207119981 }, "geometry": { "type": "Point", "coordinates": [ -7.355327920711998, 14.135320915566643 ] } },
{ "type": "Feature", "properties": { "fatalities": 1.0, "latitude": 9.6382695149240085, "longitude": 77.518274981821079 }, "geometry": { "type": "Point", "coordinates": [ 77.518274981821079, 9.638269514924009 ] } },
{ "type": "Feature", "properties": { "fatalities": 0.0, "latitude": 48.236589375610912, "longitude": 38.936926695760903 }, "geometry": { "type": "Point", "coordinates": [ 38.936926695760903, 48.236589375610912 ] } },
{ "type": "Feature", "properties": { "fatalities": 1.0, "latitude": 0.37472841747887975, "longitude": -52.023424162387911 }, "geometry": { "type": "Point", "coordinates": [ -52.023424162387911, 0.37472841747888 ] } },
{ "type": "Feature", "properties": { "fatalities": 17.0, "latitude": 12.374467619164783, "longitude": 15.489416597152331 }, "geometry": { "type": "Point", "coordinates": [ 15.489416597152331, 12.374467619164783 ] } },
{ "type": "Feature", "properties": { "fatalities": 26.0, "latitude": 10.011007022853947, "longitude": -74.736360440875515 }, "geometry": { "type": "Point", "coordinates": [ -74.736360440875515, 10.011007022853947 ] } },
{ "type": "Feature", "properties": { "fatalities": 54.0, "latitude": 18.39784975422317, "longitude": -93.773663587683828 }, "geometry": { "type": "Point", "coordinates": [ -93.773663587683828, 18.39784975422317 ] } },
{ "type": "Feature", "properties": { "fatalities": 25.0, "latitude": 18.478708537937059, "longitude": 0.86817966362367127 }, "geometry": { "type": "Point", "coordinates": [ 0.868179663623671, 18.478708537937059 ] } },
{ "type": "Feature", "properties": { "fatalities": 1.0, "latitude": -23.536732034927937, "longitude": 34.767512350325333 }, "geometry": { "type": "Point", "coordinates": [ 34.767512350325333, -23.536732034927937 ] } },
{ "type": "Feature", "properties": { "fatalities": 37.0, "latitude": 2.7689752841810868, "longitude": 44.799277725550297 }, "geometry": { "type": "Point", "coordinates": [ 44.799277725550297, 2.768975284181087 ] } },
{ "type": "Feature", "properties": { "fatalities": 0.0, "latitude": 52.819978193312402, "longitude": 12.138900304103554 }, "geometry": { "type": "Point", "coordinates": [ 12.138900304103554, 52.819978193312402 ] } },
{ "type": "Feature", "properties": { "fatalities": 3.0, "latitude": 25.300276162554827, "longitude": 81.97402266492189 }, "geometry": { "type": "Point", "coordinates": [ 81.97402266492189, 25.300276162554827 ] } },
{ "type": "Feature", "properties": { "fatalities": 0.0, "latitude": 26.769857123872683, "longitude": -13.016590809449262 }, "geometry": { "type": "Point", "coordinates": [ -13.016590809449262, 26.769857123872683 ] } },
{ "type": "Feature", "properties": { "fatalities": 22.0, "latitude": 8.5895203912943785, "longitude": -75.838141108461016 }, "geometry": { "type": "Point", "coordinates": [ -75.838141108461016, 8.589520391294378 ] } },
{ "type": "Feature", "properties": { "fatalities": 22.0, "latitude": 9.3965425387805954, "longitude": 38.999723076877522 }, "geometry": { "type": "Point", "coordinates": [ 38.999723076877522, 9.396542538780595 ] } },
{ "type": "Feature", "properties": { "fatalities": 6.0, "latitude": 17.236997445911744, "longitude": -2.6237039192205729 }, "geometry": { "type": "Point", "coordinates": [ -2.623703919220573, 17.236997445911744 ] } },
{ "type": "Feature", "properties": { "fatalities": 10.0, "latitude": 14.734800532136378, "longitude": -10.946931466143035 }, "geometry": { "type": "Point", "coordinates": [ -10.946931466143035, 14.734800532136378 ] } },
{ "type": "Feature", "properties": { "fatalities": 0.0, "latitude": -21.017520004200925, "longitude": -54.779666379347717 }, "geometry": { "type": "Point", "coordinates": [ -54.779666379347717, -21.017520004200925 ] } },
{ "type": "Feature", "properties": { "fatalities": 4.0, "latitude": 5.9793971582039971, "longitude": -72.213910124599352 }, "geometry": { "type": "Point", "coordinates": [ -72.213910124599352, 5.979397158203997 ] } },
{ "type": "Feature", "properties": { "fatalities": 37.0, "latitude": 9.6278976214836351, "longitude": 10.587677843708535 }, "geometry": { "type": "Point", "coordinates": [ 10.587677843708535, 9.627897621483635 ] } },
{ "type": "Feature", "properties": { "fatalities": 1.0, "latitude": 42.375374976909498, "longitude": 74.047095716771253 }, "geometry": { "type": "Point", "coordinates": [ 74.047095716771253, 42.375374976909498 ] } },
{ "type": "Feature", "properties": { "fatalities": 46.0, "latitude": 5.8199339068349367, "longitude": -75.127284766925655 }, "geometry": { "type": "Point", "coordinates": [ -75.127284766925655, 5.819933906834937 ] } },
{ "type": "Feature", "properties": { "fatalities": 24.0, "latitude": 4.4494658251664383, "longitude": 32.18275476744806 }, "geometry": { "type": "Point", "coordinates": [ 32.18275476744806, 4.449465825166438 ] } },
{ "type": "Feature", "properties": { "fatalities": 21.0, "latitude": 15.12523240614585, "longitude": 44.937791875299752 }, "geometry": { "type": "Point", "coordinates": [ 44.937791875299752, 15.12523240614585 ] } },
{ "type": "Feature", "properties": { "fatalities": 13.0, "latitude": 6.921880847021316, "longitude": -1.7459212708576624 }, "geometry": { "type": "Point", "coordinates": [ -1.745921270857662, 6.921880847021316 ] } },
{ "type": "Feature", "properties": { "fatalities": 121.0, "latitude": 8.7246934746122093, "longitude": -72.937301018805073 }, "geometry": { "type": "Point", "coordinates": [ -72.937301018805073, 8.724693474612209 ] } },
{ "type": "Feature", "properties": { "fatalities": 3.0, "latitude": 9.5618072463145491, "longitude": 80.418887719433016 }, "geometry": { "type": "Point", "coordinates": [ 80.418887719433016, 9.561807246314549 ] } },
{ "type": "Feature", "properties": { "fatalities": 14.0, "latitude": 0.61371228388883992, "longitude": 33.16993223806621 }, "geometry": { "type": "Point", "coordinates": [ 33.16993223806621, 0.61371228388884 ] } },
{ "type": "Feature", "properties": { "fatalities": 12.0, "latitude": 8.1931432652205629, "longitude": 30.125378949338714 }, "geometry": { "type": "Point", "coordinates": [ 30.125378949338714, 8.193143265220563 ] } },
{ "type": "Feature", "properties": { "fatalities": 31.0, "latitude": 8.9324583912033866, "longitude": 32.973419898480415 }, "geometry": { "type": "Point", "coordinates": [ 32.973419898480415, 8.932458391203387 ] } },
{ "type": "Feature", "properties": { "fatalities": 35.0, "latitude": -6.3900393448023864, "longitude": -34.890075863341345 }, "geometry": { "type": "Point", "coordinates": [ -34.890075863341345, -6.390039344802386 ] } },
{ "type": "Feature", "properties": { "fatalities": 23.0, "latitude": -19.99763081303713, "longitude": -45.481315836138009 }, "geometry": { "type": "Point", "coordinates": [ -45.481315836138009, -19.99763081303713 ] } },
{ "type": "Feature", "properties": { "fatalities": 0.0, "latitude": 49.796317811326112, "longitude": 57.678013910426898 }, "geometry": { "type": "Point", "coordinates": [ 57.678013910426898, 49.796317811326112 ] } },
{ "type": "Feature", "properties": { "fatalities": 0.0, "latitude": 23.782056712948119, "longitude": -15.925198631326582 }, "geometry": { "type": "Point", "coordinates": [ -15.925198631326582, 23.782056712948119 ] } },
{ "type": "Feature", "properties": { "fatalities": 0.0, "latitude": 43.549073809387778, "longitude": 74.18063309806179 }, "geometry": { "type": "Point", "coordinates": [ 74.18063309806179, 43.549073809387778 ] } },
{ "type": "Feature", "properties": { "fatalities": 35.0, "latitude": 3.8527684804894049, "longitude": 42.129723669800704 }, "geometry": { "type": "Point", "coordinates": [ 42.129723669800704, 3.852768480489405 ] } },
{ "type": "Feature", "properties": { "fatalities": 5.0, "latitude": 4.8737767923239712, "longitude": 23.195344298781585 }, "geometry": { "type": "Point", "coordinates": [ 23.195344298781585, 4.873776792323971 ] } },
{ "type": "Feature", "properties": { "fatalities": 8.0, "latitude": 50.399528831075507, "longitude": 36.207255562904805 }, "geometry": { "type": "Point", "coordinates": [ 36.207255562904805, 50.399528831075507 ] } },
{ "type": "Feature", "properties": { "fatalities": 1.0, "latitude": 6.7329955144042613, "longitude": 39.443896779205062 }, "geometry": { "type": "Point", "coordinates": [ 39.443896779205062, 6.732995514404261 ] } },
{ "type": "Feature", "properties": { "fatalities": 16.0, "latitude": -17.33908438366905, "longitude": -40.188047567454653 }, "geometry": { "type": "Point", "coordinates": [ -40.188047567454653, -17.33908438366905 ] } },
{ "type": "Feature", "properties": { "fatalities": 528.0, "latitude": -0.14891054664948339, "longitude": 29.115587754473882 }, "geometry": { "type": "Point", "coordinates": [ 29.115587754473882, -0.148910546649483 ] } },
{ "type": "Feature", "properties": { "fatalities": 8.0, "latitude": 17.333095602291053, "longitude": -1.6053673460499147 }, "geometry": { "type": "Point", "coordinates": [ -1.605367346049915, 17.333095602291053 ] } },
{ "type": "Feature", "properties": { "fatalities": 31.0, "latitude": 36.700097878339001, "longitude": 39.269989005477612 }, "geometry": { "type": "Point", "coordinates": [ 39.269989005477612, 36.700097878339001 ] } },
{ "type": "Feature", "properties": { "fatalities": 0.0, "latitude": 31.598032674129524, "longitude": 121.87047752050098 }, "geometry": { "type": "Point", "coordinates": [ 121.870477520500984, 31.598032674129524 ] } },
{ "type": "Feature", "properties": { "fatalities": 1.0, "latitude": -30.95247684560681, "longitude": -71.202641623530852 }, "geometry": { "type": "Point", "coordinates": [ -71.202641623530852, -30.95247684560681 ] } },
{ "type": "Feature", "properties": { "fatalities": 0.0, "latitude": -8.2054973201686199, "longitude": -77.440815183654706 }, "geometry": { "type": "Point", "coordinates": [ -77.440815183654706, -8.20549732016862 ] } },
{ "type": "Feature", "properties": { "fatalities": 0.0, "latitude": 50.751350878275026, "longitude": 71.903728165535526 }, "geometry": { "type": "Point", "coordinates": [ 71.903728165535526, 50.751350878275026 ] } },
{ "type": "Feature", "properties": { "fatalities": 1.0, "latitude": 14.271977453842474, "longitude": 14.275270773735834 }, "geometry": { "type": "Point", "coordinates": [ 14.275270773735834, 14.271977453842474 ] } },
{ "type": "Feature", "properties": { "fatalities": 6.0, "latitude": 10.533285552800601, "longitude": 11.074104430860393 }, "geometry": { "type": "Point", "coordinates": [ 11.074104430860393, 10.533285552800601 ] } },
{ "type": "Feature", "properties": { "fatalities": 337.0, "latitude": -0.36101558906714187, "longitude": -79.70980269744831 }, "geometry": { "type": "Point", "coordinates": [ -79.70980269744831, -0.361015589067142 ] } },
{ "type": "Feature", "properties": { "fatalities": 8.0, "latitude": 4.9603007907148697, "longitude": 20.980919393221335 }, "geometry": { "type": "Point", "coordinates": [ 20.980919393221335, 4.96030079071487 ] } },
{ "type": "Feature", "properties": { "fatalities": 33.0, "latitude": 48.400105071155714, "longitude": 37.433610791471125 }, "geometry": { "type": "Point", "coordinates": [ 37.433610791471125, 48.400105071155714 ] } },
{ "type": "Feature", "properties": { "fatalities": 10.0, "latitude": 20.666870345204888, "longitude": -104.09081887915606 }, "geometry": { "type": "Point", "coordinates": [ -104.09081887915606, 20.666870345204888 ] } },
{ "type": "Feature", "properties": { "fatalities": 54.0, "latitude": 6.8590372675809377, "longitude": 17.827310604516633 }, "geometry": { "type": "Point", "coordinates": [ 17.827310604516633, 6.859037267580938 ] } },
{ "type": "Feature", "properties": { "fatalities": 11.0, "latitude": 15.225535960073875, "longitude": -91.334368310432652 }, "geometry": { "type": "Point", "coordinates": [ -91.334368310432652, 15.225535960073875 ] } },
{ "type": "Feature", "properties": { "fatalities": 0.0, "latitude": 44.568306103979445, "longitude": 133.4799211680695 }, "geometry": { "type": "Point", "coordinates": [ 133.479921168069495, 44.568306103979445 ] } },
{ "type": "Feature", "properties": { "fatalities": 89.0, "latitude": -7.529668002511845, "longitude": -38.990467728140523 }, "geometry": { "type": "Point", "coordinates": [ -38.990467728140523, -7.529668002511845 ] } },
{ "type": "Feature", "properties": { "fatalities": 80.0, "latitude": -30.420343089866925, "longitude": -51.060439372201913 }, "geometry": { "type": "Point", "coordinates": [ -51.060439372201913, -30.420343089866925 ] } },
{ "type": "Feature", "properties": { "fatalities": 1.0, "latitude": 24.211373757885951, "longitude": -98.182946858074388 }, "geometry": { "type": "Point", "coordinates": [ -98.182946858074388, 24.211373757885951 ] } },
{ "type": "Feature", "properties": { "fatalities": 1.0, "latitude": -19.548642377916149, "longitude": 34.890267879223906 }, "geometry": { "type": "Point", "coordinates": [ 34.890267879223906, -19.548642377916149 ] } },
{ "type": "Feature", "properties": { "fatalities": 3.0, "latitude": 27.106131279881712, "longitude": 84.546038965687913 }, "geometry": { "type": "Point", "coordinates": [ 84.546038965687913, 27.106131279881712 ] } },
{ "type": "Feature", "properties": { "fatalities": 99.0, "latitude": 10.321993020270869, "longitude": 23.511719446019249 }, "geometry": { "type": "Point", "coordinates": [ 23.511719446019249, 10.321993020270869 ] } },
{ "type": "Feature", "properties": { "fatalities": 66.0, "latitude": 6.9061082190660894, "longitude": 15.632697467615557 }, "geometry": { "type": "Point", "coordinates": [ 15.632697467615557, 6.906108219066089 ] } },
{ "type": "Feature", "properties": { "fatalities": 0.0, "latitude": 26.073632627680329, "longitude": 119.65013063391078 }, "geometry": { "type": "Point", "coordinates": [ 119.650130633910777, 26.073632627680329 ] } },
{ "type": "Feature", "properties": { "fatalities": 0.0, "latitude": 51.199620764451588, "longitude": 94.736738745265981 }, "geometry": { "type": "Point", "coordinates": [ 94.736738745265981, 51.199620764451588 ] } },
{ "type": "Feature", "properties": { "fatalities": 11.0, "latitude": 11.855089332990083, "longitude": -3.598203115133936 }, "geometry": { "type": "Point", "coordinates": [ -3.598203115133936, 11.855089332990083 ] } },
{ "type": "Feature", "properties": { "fatalities": 0.0, "latitude": 21.436255666503232, "longitude": -99.652776398406431 }, "geometry": { "type": "Point", "coordinates": [ -99.652776398406431, 21.436255666503232 ] } },
{ "type": "Feature", "properties": { "fatalities": 50.0, "latitude": 2.5492331451244929, "longitude": -75.428100582581379 }, "geometry": { "type": "Point", "coordinates": [ -75.428100582581379, 2.549233145124493 ] } },
{ "type": "Feature", "properties": { "fatalities": 106.0, "latitude": -2.1898216907797616, "longitude": -78.885837836670618 }, "geometry": { "type": "Point", "coordinates": [ -78.885837836670618, -2.189821690779762 ] } },
{ "type": "Feature", "properties": { "fatalities": 7.0, "latitude": 9.2361283547675406, "longitude": 27.423770282748251 }, "geometry": { "type": "Point", "coordinates": [ 27.423770282748251, 9.236128354767541 ] } },
{ "type": "Feature", "properties": { "fatalities": 5.0, "latitude": 13.882717744296578, "longitude": 47.243962169767613 }, "geometry": { "type": "Point", "coordinates": [ 47.243962169767613, 13.882717744296578 ] } },
{ "type": "Feature", "properties": { "fatalities": 4.0, "latitude": 10.782097842337244, "longitude": 122.12662655292371 }, "geometry": { "type": "Point", "coordinates": [ 122.12662655292371, 10.782097842337244 ] } },
{ "type": "Feature", "properties": { "fatalities": 3.0, "latitude": 16.156877599365373, "longitude": -94.151083562674813 }, "geometry": { "type": "Point", "coordinates": [ -94.151083562674813, 16.156877599365373 ] } },
{ "type": "Feature", "properties": { "fatalities": 59.0, "latitude": -25.665472094971214, "longitude": -48.792338545731958 }, "geometry": { "type": "Point", "coordinates": [ -48.792338545731958, -25.665472094971214 ] } },
{ "type": "Feature", "properties": { "fatalities": 32.0, "latitude": 32.039650772263585, "longitude": -106.51088609312487 }, "geometry": { "type": "Point", "coordinates": [ -106.510886093124867, 32.039650772263585 ] } },
{ "type": "Feature", "properties": { "fatalities": 1.0, "latitude": 14.040681803348456, "longitude": 78.423696011307328 }, "geometry": { "type": "Point", "coordinates": [ 78.423696011307328, 14.040681803348456 ] } },
{ "type": "Feature", "properties": { "fatalities": 3.0, "latitude": -7.5835867595889725, "longitude": -64.628636757828716 }, "geometry": { "type": "Point", "coordinates": [ -64.628636757828716, -7.583586759588973 ] } },
{ "type": "Feature", "properties": { "fatalities": 12.0, "latitude": -3.8748656892573177, "longitude": -45.084489727634384 }, "geometry": { "type": "Point", "coordinates": [ -45.084489727634384, -3.874865689257318 ] } },
{ "type": "Feature", "properties": { "fatalities": 22.0, "latitude": -21.193182351530716, "longitude": -41.309832195369481 }, "geometry": { "type": "Point", "coordinates": [ -41.309832195369481, -21.193182351530716 ] } },
{ "type": "Feature", "properties": { "fatalities": 15.0, "latitude": 3.6504543917527243, "longitude": -75.32708777778727 }, "geometry": { "type": "Point", "coordinates": [ -75.32708777778727, 3.650454391752724 ] } },
{ "type": "Feature", "properties": { "fatalities": 11.0, "latitude": 18.163089683893908, "longitude": -102.18786971625316 }, "geometry": { "type": "Point", "coordinates": [ -102.187869716253161, 18.163089683893908 ] } },
{ "type": "Feature", "properties": { "fatalities": 4.0, "latitude": 10.278499638128713, "longitude": 24.653234470952349 }, "geometry": { "type": "Point", "coordinates": [ 24.653234470952349, 10.278499638128713 ] } },
{ "type": "Feature", "properties": { "fatalities": 6.0, "latitude": 23.216439336133469, "longitude": 84.60173563803238 }, "geometry": { "type": "Point", "coordinates": [ 84.60173563803238, 23.216439336133469 ] } },
{ "type": "Feature", "properties": { "fatalities": 5.0, "latitude": 26.749838824129643, "longitude": 89.899802932582531 }, "geometry": { "type": "Point", "coordinates": [ 89.899802932582531, 26.749838824129643 ] } },
{ "type": "Feature", "properties": { "fatalities": 19.0, "latitude": 23.826126383462352, "longitude": 97.995035041706515 }, "geometry": { "type": "Point", "coordinates": [ 97.995035041706515, 23.826126383462352 ] } },
{ "type": "Feature", "properties": { "fatalities": 0.0, "latitude": 55.772280353976903, "longitude": 59.894926830417383 }, "geometry": { "type": "Point", "coordinates": [ 59.894926830417383, 55.772280353976903 ] } },
{ "type": "Feature", "properties": { "fatalities": 73.0, "latitude": 14.465924085034494, "longitude": -6.3319726839586856 }, "geometry": { "type": "Point", "coordinates": [ -6.331972683958686, 14.465924085034494 ] } },
{ "type": "Feature", "properties": { "fatalities": 3.0, "latitude": 9.9830853398220825, "longitude": 78.551490661420928 }, "geometry": { "type": "Point", "coordinates": [ 78.551490661420928, 9.983085339822082 ] } },
{ "type": "Feature", "properties": { "fatalities": 3.0, "latitude": 25.966894268132602, "longitude": 81.10164343663638 }, "geometry": { "type": "Point", "coordinates": [ 81.10164343663638, 25.966894268132602 ] } },
{ "type": "Feature", "properties": { "fatalities": 108.0, "latitude": 16.143678340837333, "longitude": -86.347940684769029 }, "geometry": { "type": "Point", "coordinates": [ -86.347940684769029, 16.143678340837333 ] } },
{ "type": "Feature", "properties": { "fatalities": 18.0, "latitude": 0.99674653376514, "longitude": 43.754830447329333 }, "geometry": { "type": "Point", "coordinates": [ 43.754830447329333, 0.99674653376514 ] } },
{ "type": "Feature", "properties": { "fatalities": 2.0, "latitude": 9.2873617127863159, "longitude": 26.298096281850452 }, "geometry": { "type": "Point", "coordinates": [ 26.298096281850452, 9.287361712786316 ] } },
{ "type": "Feature", "properties": { "fatalities": 67.0, "latitude": 4.5088478759794102, "longitude": 31.056925979779276 }, "geometry": { "type": "Point", "coordinates": [ 31.056925979779276, 4.50884787597941 ] } },
{ "type": "Feature", "properties": { "fatalities": 1.0, "latitude": 4.8625575215208743, "longitude": 101.13443128452415 }, "geometry": { "type": "Point", "coordinates": [ 101.134431284524155, 4.862557521520874 ] } },
{ "type": "Feature", "properties": { "fatalities": 5.0, "latitude": 26.798765045727936, "longitude": 68.294898292939223 }, "geometry": { "type": "Point", "coordinates": [ 68.294898292939223, 26.798765045727936 ] } },
{ "type": "Feature", "properties": { "fatalities": 25.0, "latitude": -3.3488596257302259, "longitude": -41.999648470550063 }, "geometry": { "type": "Point", "coordinates": [ -41.999648470550063, -3.348859625730226 ] } },
{ "type": "Feature", "properties": { "fatalities": 8.0, "latitude": 14.431517518334211, "longitude": 43.184368010079716 }, "geometry": { "type": "Point", "coordinates": [ 43.184368010079716, 14.431517518334211 ] } },
{ "type": "Feature", "properties": { "fatalities": 1.0, "latitude": 11.086354529130469, "longitude": -2.0119748483435371 }, "geometry": { "type": "Point", "coordinates": [ -2.011974848343537, 11.086354529130469 ] } },
{ "type": "Feature", "properties": { "fatalities": 59.0, "latitude": 11.757440405603113, "longitude": -72.671432715130351 }, "geometry": { "type": "Point", "coordinates": [ -72.671432715130351, 11.757440405603113 ] } },
{ "type": "Feature", "properties": { "fatalities": 11.0, "latitude": 8.7166399804947972, "longitude": 36.212688903568719 }, "geometry": { "type": "Point", "coordinates": [ 36.212688903568719, 8.716639980494797 ] } },
{ "type": "Feature", "properties": { "fatalities": 6.0, "latitude": 11.867547443531471, "longitude": -8.9412719924813864 }, "geometry": { "type": "Point", "coordinates": [ -8.941271992481386, 11.867547443531471 ] } },
{ "type": "Feature", "properties": { "fatalities": 5.0, "latitude": 35.766152830107814, "longitude": 51.420549537970508 }, "geometry": { "type": "Point", "coordinates": [ 51.420549537970508, 35.766152830107814 ] } },
{ "type": "Feature", "properties": { "fatalities": 7.0, "latitude": 23.757677669446664, "longitude": -99.348986745796552 }, "geometry": { "type": "Point", "coordinates": [ -99.348986745796552, 23.757677669446664 ] } },
{ "type": "Feature", "properties": { "fatalities": 1.0, "latitude": -3.9798195886236787, "longitude": -73.028472111290128 }, "geometry": { "type": "Point", "coordinates": [ -73.028472111290128, -3.979819588623679 ] } },
{ "type": "Feature", "properties": { "fatalities": 2.0, "latitude": -0.82275278180076084, "longitude": 42.683874881910192 }, "geometry": { "type": "Point", "coordinates": [ 42.683874881910192, -0.822752781800761 ] } },
{ "type": "Feature", "properties": { "fatalities": 39.0, "latitude": 13.164369424611406, "longitude": 23.051452129082353 }, "geometry": { "type": "Point", "coordinates": [ 23.051452129082353, 13.164369424611406 ] } },
{ "type": "Feature", "properties": { "fatalities": 6.0, "latitude": 8.6532115443348534, "longitude": -62.051946420725294 }, "geometry": { "type": "Point", "coordinates": [ -62.051946420725294, 8.653211544334853 ] } },
{ "type": "Feature", "properties": { "fatalities": 0.0, "latitude": 41.471839608616875, "longitude": 44.741124074441892 }, "geometry": { "type": "Point", "coordinates": [ 44.741124074441892, 41.471839608616875 ] } },
{ "type": "Feature", "properties": { "fatalities": 10.0, "latitude": 30.947098216332495, "longitude": 72.95604645807984 }, "geometry": { "type": "Point", "coordinates": [ 72.95604645807984, 30.947098216332495 ] } },
{ "type": "Feature", "properties": { "fatalities": 37.0, "latitude": 7.378047254806626, "longitude": 125.03374850399466 }, "geometry": { "type": "Point", "coordinates": [ 125.033748503994659, 7.378047254806626 ] } },
{ "type": "Feature", "properties": { "fatalities": 5.0, "latitude": -10.53518920405913, "longitude": -62.025622347575762 }, "geometry": { "type": "Point", "coordinates": [ -62.025622347575762, -10.53518920405913 ] } },
{ "type": "Feature", "properties": { "fatalities": 3.0, "latitude": 28.789672552756358, "longitude": -113.75284069807455 }, "geometry": { "type": "Point", "coordinates": [ -113.75284069807455, 28.789672552756358 ] } },
{ "type": "Feature", "properties": { "fatalities": 118.0, "latitude": -20.062549736557472, "longitude": -43.386454360190292 }, "geometry": { "type": "Point", "coordinates": [ -43.386454360190292, -20.062549736557472 ] } },
{ "type": "Feature", "properties": { "fatalities": 4.0, "latitude": 2.518829175152018, "longitude": 33.238844076325613 }, "geometry": { "type": "Point", "coordinates": [ 33.238844076325613, 2.518829175152018 ] } },
{ "type": "Feature", "properties": { "fatalities": 18.0, "latitude": 3.4276431187860821, "longitude": 33.836105908326203 }, "geometry": { "type": "Point", "coordinates": [ 33.836105908326203, 3.427643118786082 ] } },
{ "type": "Feature", "properties": { "fatalities": 0.0, "latitude": 41.33139989999092, "longitude": 71.211245548689433 }, "geometry": { "type": "Point", "coordinates": [ 71.211245548689433, 41.33139989999092 ] } },
{ "type": "Feature", "properties": { "fatalities": 178.0, "latitude": 13.156142268175214, "longitude": 4.8386084645289333 }, "geometry": { "type": "Point", "coordinates": [ 4.838608464528933, 13.156142268175214 ] } },
{ "type": "Feature", "properties": { "fatalities": 1.0, "latitude": 11.086966266909622, "longitude": 78.781080503085789 }, "geometry": { "type": "Point", "coordinates": [ 78.781080503085789, 11.086966266909622 ] } },
{ "type": "Feature", "properties": { "fatalities": 173.0, "latitude": 13.829478058646417, "longitude": 0.016938610326549204 }, "geometry": { "type": "Point", "coordinates": [ 0.016938610326549, 13.829478058646417 ] } },
{ "type": "Feature", "properties": { "fatalities": 24.0, "latitude": 35.390960082514518, "longitude": 41.054720733806839 }, "geometry": { "type": "Point", "coordinates": [ 41.054720733806839, 35.390960082514518 ] } },
{ "type": "Feature", "properties": { "fatalities": 79.0, "latitude": 19.777181260470147, "longitude": -72.853048600428068 }, "geometry": { "type": "Point", "coordinates": [ -72.853048600428068, 19.777181260470147 ] } },
{ "type": "Feature", "properties": { "fatalities": 36.0, "latitude": 25.254846588484487, "longitude": 67.221824858174116 }, "geometry": { "type": "Point", "coordinates": [ 67.221824858174116, 25.254846588484487 ] } },
{ "type": "Feature", "properties": { "fatalities": 12.0, "latitude": 8.2420187812466832, "longitude": 124.30274993021384 }, "geometry": { "type": "Point", "coordinates": [ 124.302749930213835, 8.242018781246683 ] } },
{ "type": "Feature", "properties": { "fatalities": 6.0, "latitude": 24.518198351321693, "longitude": 92.587594687123058 }, "geometry": { "type": "Point", "coordinates": [ 92.587594687123058, 24.518198351321693 ] } },
{ "type": "Feature", "properties": { "fatalities": 0.0, "latitude": 40.108960701528339, "longitude": 116.70663889931512 }, "geometry": { "type": "Point", "coordinates": [ 116.706638899315124, 40.108960701528339 ] } },
{ "type": "Feature", "properties": { "fatalities": 3.0, "latitude": 9.4339540198985947, "longitude": -0.75645142131468868 }, "geometry": { "type": "Point", "coordinates": [ -0.756451421314689, 9.433954019898595 ] } },
{ "type": "Feature", "properties": { "fatalities": 0.0, "latitude": 9.4935803671695158, "longitude": 1.1979543425827461 }, "geometry": { "type": "Point", "coordinates": [ 1.197954342582746, 9.493580367169516 ] } },
{ "type": "Feature", "properties": { "fatalities": 16.0, "latitude": -8.1044121690223854, "longitude": -40.02898465922506 }, "geometry": { "type": "Point", "coordinates": [ -40.02898465922506, -8.104412169022385 ] } },
{ "type": "Feature", "properties": { "fatalities": 4.0, "latitude": -11.932242818114778, "longitude": -49.391699662383672 }, "geometry": { "type": "Point", "coordinates": [ -49.391699662383672, -11.932242818114778 ] } },
{ "type": "Feature", "properties": { "fatalities": 5.0, "latitude": 7.8017900553723205, "longitude": 15.05949333840965 }, "geometry": { "type": "Point", "coordinates": [ 15.05949333840965, 7.801790055372321 ] } },
{ "type": "Feature", "properties": { "fatalities": 0.0, "latitude": 9.3976440455593764, "longitude": -8.7625386071380298 }, "geometry": { "type": "Point", "coordinates": [ -8.76253860713803, 9.397644045559376 ] } },
{ "type": "Feature", "properties": { "fatalities": 10.0, "latitude": 12.234295470911446, "longitude": 22.432931657433649 }, "geometry": { "type": "Point", "coordinates": [ 22.432931657433649, 12.234295470911446 ] } },
{ "type": "Feature", "properties": { "fatalities": 20.0, "latitude": 16.477960308565724, "longitude": 32.77907194724002 }, "geometry": { "type": "Point", "coordinates": [ 32.77907194724002, 16.477960308565724 ] } },
{ "type": "Feature", "properties": { "fatalities": 0.0, "latitude": 52.9318015916962, "longitude": 13.878959238402766 }, "geometry": { "type": "Point", "coordinates": [ 13.878959238402766, 52.9318015916962 ] } },
{ "type": "Feature", "properties": { "fatalities": 8.0, "latitude": 23.439678281452679, "longitude": 92.273842350371808 }, "geometry": { "type": "Point", "coordinates": [ 92.273842350371808, 23.439678281452679 ] } },
{ "type": "Feature", "properties": { "fatalities": 1.0, "latitude": 40.690803162731349, "longitude": 72.517493981190455 }, "geometry": { "type": "Point", "coordinates": [ 72.517493981190455, 40.690803162731349 ] } },
{ "type": "Feature", "properties": { "fatalities": 43.0, "latitude": 10.760454459337595, "longitude": -72.759407978301269 }, "geometry": { "type": "Point", "coordinates": [ -72.759407978301269, 10.760454459337595 ] } },
{ "type": "Feature", "properties": { "fatalities": 0.0, "latitude": 12.09428645002461, "longitude": 123.59601565696582 }, "geometry": { "type": "Point", "coordinates": [ 123.596015656965818, 12.09428645002461 ] } },
{ "type": "Feature", "properties": { "fatalities": 8.0, "latitude": 11.703768392958501, "longitude": 32.763450934353685 }, "geometry": { "type": "Point", "coordinates": [ 32.763450934353685, 11.703768392958501 ] } },
{ "type": "Feature", "properties": { "fatalities": 16.0, "latitude": 13.34065773336439, "longitude": 44.536122403111378 }, "geometry": { "type": "Point", "coordinates": [ 44.536122403111378, 13.34065773336439 ] } },
{ "type": "Feature", "properties": { "fatalities": 0.0, "latitude": 25.475749891126981, "longitude": 55.777872451701413 }, "geometry": { "type": "Point", "coordinates": [ 55.777872451701413, 25.475749891126981 ] } },
{ "type": "Feature", "properties": { "fatalities": 11.0, "latitude": -20.102805425969393, "longitude": -41.287706899886288 }, "geometry": { "type": "Point", "coordinates": [ -41.287706899886288, -20.102805425969393 ] } },
{ "type": "Feature", "properties": { "fatalities": 2.0, "latitude": 8.7049427139984328, "longitude": 14.478510525433446 }, "geometry": { "type": "Point", "coordinates": [ 14.478510525433446, 8.704942713998433 ] } },
{ "type": "Feature", "properties": { "fatalities": 2.0, "latitude": -1.5963238305090135, "longitude": 38.797687772243243 }, "geometry": { "type": "Point", "coordinates": [ 38.797687772243243, -1.596323830509013 ] } },
{ "type": "Feature", "properties": { "fatalities": 3.0, "latitude": -14.220872355256752, "longitude": -75.949952998075986 }, "geometry": { "type": "Point", "coordinates": [ -75.949952998075986, -14.220872355256752 ] } },
{ "type": "Feature", "properties": { "fatalities": 9.0, "latitude": 15.16219339654393, "longitude": 36.663292389937986 }, "geometry": { "type": "Point", "coordinates": [ 36.663292389937986, 15.16219339654393 ] } },
{ "type": "Feature", "properties": { "fatalities": 10.0, "latitude": 21.957842399247912, "longitude": 25.317978347536101 }, "geometry": { "type": "Point", "coordinates": [ 25.317978347536101, 21.957842399247912 ] } },
{ "type": "Feature", "properties": { "fatalities": 5.0, "latitude": 28.907116357359609, "longitude": 78.378888236888386 }, "geometry": { "type": "Point", "coordinates": [ 78.378888236888386, 28.907116357359609 ] } },
{ "type": "Feature", "properties": { "fatalities": 20.0, "latitude": 19.466345444873468, "longitude": 96.674442405300184 }, "geometry": { "type": "Point", "coordinates": [ 96.674442405300184, 19.466345444873468 ] } },
{ "type": "Feature", "properties": { "fatalities": 24.0, "latitude": 27.85719224739676, "longitude": 68.307393606679952 }, "geometry": { "type": "Point", "coordinates": [ 68.307393606679952, 27.85719224739676 ] } },
{ "type": "Feature", "properties": { "fatalities": 44.0, "latitude": -12.534833765024807, "longitude": 39.247548696891677 }, "geometry": { "type": "Point", "coordinates": [ 39.247548696891677, -12.534833765024807 ] } },
{ "type": "Feature", "properties": { "fatalities": 4.0, "latitude": 50.267061026684836, "longitude": 37.761182200680636 }, "geometry": { "type": "Point", "coordinates": [ 37.761182200680636, 50.267061026684836 ] } },
{ "type": "Feature", "properties": { "fatalities": 3.0, "latitude": -11.018634849776543, "longitude": -41.11333905444868 }, "geometry": { "type": "Point", "coordinates": [ -41.11333905444868, -11.018634849776543 ] } },
{ "type": "Feature", "properties": { "fatalities": 46.0, "latitude": 12.321676740436731, "longitude": 36.777455887506989 }, "geometry": { "type": "Point", "coordinates": [ 36.777455887506989, 12.321676740436731 ] } },
{ "type": "Feature", "properties": { "fatalities": 17.0, "latitude": 6.3418685236063537, "longitude": 31.14139827943206 }, "geometry": { "type": "Point", "coordinates": [ 31.14139827943206, 6.341868523606354 ] } },
{ "type": "Feature", "properties": { "fatalities": 6.0, "latitude": 33.334000858947796, "longitude": 68.376369353430078 }, "geometry": { "type": "Point", "coordinates": [ 68.376369353430078, 33.334000858947796 ] } },
{ "type": "Feature", "properties": { "fatalities": 61.0, "latitude": 13.60679366789657, "longitude": 98.276061016888534 }, "geometry": { "type": "Point", "coordinates": [ 98.276061016888534, 13.60679366789657 ] } },
{ "type": "Feature", "properties": { "fatalities": 285.0, "latitude": 13.889172274505755, "longitude": 1.0398448033477614 }, "geometry": { "type": "Point", "coordinates": [ 1.039844803347761, 13.889172274505755 ] } },
{ "type": "Feature", "properties": { "fatalities": 11.0, "latitude": 14.023302872831771, "longitude": 46.252322689092971 }, "geometry": { "type": "Point", "coordinates": [ 46.252322689092971, 14.023302872831771 ] } },
{ "type": "Feature", "properties": { "fatalities": 29.0, "latitude": -18.457000120092147, "longitude": -40.208230725492179 }, "geometry": { "type": "Point", "coordinates": [ -40.208230725492179, -18.457000120092147 ] } },
{ "type": "Feature", "properties": { "fatalities": 4.0, "latitude": -6.1784506861947168, "longitude": -47.186493266056353 }, "geometry": { "type": "Point", "coordinates": [ -47.186493266056353, -6.178450686194717 ] } },
{ "type": "Feature", "properties": { "fatalities": 12.0, "latitude": -15.59254114242168, "longitude": -54.566818741918851 }, "geometry": { "type": "Point", "coordinates": [ -54.566818741918851, -15.59254114242168 ] } },
{ "type": "Feature", "properties": { "fatalities": 0.0, "latitude": 6.1007093566705306, "longitude": -2.9709339815781339 }, "geometry": { "type": "Point", "coordinates": [ -2.970933981578134, 6.100709356670531 ] } },
{ "type": "Feature", "properties": { "fatalities": 22.0, "latitude": 31.138540909415063, "longitude": 47.151717323305384 }, "geometry": { "type": "Point", "coordinates": [ 47.151717323305384, 31.138540909415063 ] } },
{ "type": "Feature", "properties": { "fatalities": 1.0, "latitude": 21.135584282517314, "longitude": -89.179291258501976 }, "geometry": { "type": "Point", "coordinates": [ -89.179291258501976, 21.135584282517314 ] } },
{ "type": "Feature", "properties": { "fatalities": 4.0, "latitude": 8.7346769731920677, "longitude": 10.110692768933772 }, "geometry": { "type": "Point", "coordinates": [ 10.110692768933772, 8.734676973192068 ] } },
{ "type": "Feature", "properties": { "fatalities": 1.0, "latitude": -31.088514116839033, "longitude": 29.272709982348914 }, "geometry": { "type": "Point", "coordinates": [ 29.272709982348914, -31.088514116839033 ] } },
{ "type": "Feature", "properties": { "fatalities": 40.0, "latitude": 6.9739423732538031, "longitude": 47.296538175343727 }, "geometry": { "type": "Point", "coordinates": [ 47.296538175343727, 6.973942373253803 ] } },
{ "type": "Feature", "properties": { "fatalities": 0.0, "latitude": 12.861161224581389, "longitude": 53.733222313266467 }, "geometry": { "type": "Point", "coordinates": [ 53.733222313266467, 12.861161224581389 ] } },
{ "type": "Feature", "properties": { "fatalities": 6.0, "latitude": 34.475056096760845, "longitude": 65.967132474334107 }, "geometry": { "type": "Point", "coordinates": [ 65.967132474334107, 34.475056096760845 ] } },
{ "type": "Feature", "properties": { "fatalities": 0.0, "latitude": 43.212056937287969, "longitude": 21.442012860716577 }, "geometry": { "type": "Point", "coordinates": [ 21.442012860716577, 43.212056937287969 ] } },
{ "type": "Feature", "properties": { "fatalities": 22.0, "latitude": -3.1031864093332975, "longitude": -52.137545022032263 }, "geometry": { "type": "Point", "coordinates": [ -52.137545022032263, -3.103186409333297 ] } },
{ "type": "Feature", "properties": { "fatalities": 14.0, "latitude": 7.4261454184503863, "longitude": -71.145390973107368 }, "geometry": { "type": "Point", "coordinates": [ -71.145390973107368, 7.426145418450386 ] } },
{ "type": "Feature", "properties": { "fatalities": 28.0, "latitude": 7.0342774761139051, "longitude": -72.126750726322157 }, "geometry": { "type": "Point", "coordinates": [ -72.126750726322157, 7.034277476113905 ] } },
{ "type": "Feature", "properties": { "fatalities": 8.0, "latitude": 14.538471463518912, "longitude": -2.6351749306657646 }, "geometry": { "type": "Point", "coordinates": [ -2.635174930665765, 14.538471463518912 ] } },
{ "type": "Feature", "properties": { "fatalities": 2.0, "latitude": -29.15838613281419, "longitude": 28.087527721595844 }, "geometry": { "type": "Point", "coordinates": [ 28.087527721595844, -29.15838613281419 ] } },
{ "type": "Feature", "properties": { "fatalities": 5.0, "latitude": -17.411017727979409, "longitude": 46.772883426604928 }, "geometry": { "type": "Point", "coordinates": [ 46.772883426604928, -17.411017727979409 ] } },
{ "type": "Feature", "properties": { "fatalities": 3.0, "latitude": -9.7580297021620499, "longitude": -45.224149661236346 }, "geometry": { "type": "Point", "coordinates": [ -45.224149661236346, -9.75802970216205 ] } },
{ "type": "Feature", "properties": { "fatalities": 1.0, "latitude": 59.787848780200022, "longitude": 30.309349539567812 }, "geometry": { "type": "Point", "coordinates": [ 30.309349539567812, 59.787848780200022 ] } },
{ "type": "Feature", "properties": { "fatalities": 4.0, "latitude": 15.21618626775191, "longitude": 12.492541538787753 }, "geometry": { "type": "Point", "coordinates": [ 12.492541538787753, 15.21618626775191 ] } },
{ "type": "Feature", "properties": { "fatalities": 0.0, "latitude": 30.962149742127572, "longitude": 114.1218205565265 }, "geometry": { "type": "Point", "coordinates": [ 114.121820556526501, 30.962149742127572 ] } },
{ "type": "Feature", "properties": { "fatalities": 30.0, "latitude": 3.6067620089915646, "longitude": 30.448600756245106 }, "geometry": { "type": "Point", "coordinates": [ 30.448600756245106, 3.606762008991565 ] } },
{ "type": "Feature", "properties": { "fatalities": 17.0, "latitude": 0.67200382086203014, "longitude": 32.027861745601868 }, "geometry": { "type": "Point", "coordinates": [ 32.027861745601868, 0.67200382086203 ] } },
{ "type": "Feature", "properties": { "fatalities": 48.0, "latitude": 14.543487485807898, "longitude": 121.41941479119912 }, "geometry": { "type": "Point", "coordinates": [ 121.419414791199117, 14.543487485807898 ] } },
{ "type": "Feature", "properties": { "fatalities": 18.0, "latitude": 2.8375104135122768, "longitude": 43.739367792135027 }, "geometry": { "type": "Point", "coordinates": [ 43.739367792135027, 2.837510413512277 ] } },
{ "type": "Feature", "properties": { "fatalities": 0.0, "latitude": 10.260086126692816, "longitude": -1.3820646460882517 }, "geometry": { "type": "Point", "coordinates": [ -1.382064646088252, 10.260086126692816 ] } },
{ "type": "Feature", "properties": { "fatalities": 1.0, "latitude": -15.786293721662068, "longitude": 12.108270758372061 }, "geometry": { "type": "Point", "coordinates": [ 12.108270758372061, -15.786293721662068 ] } },
{ "type": "Feature", "properties": { "fatalities": 1.0, "latitude": -14.741730787988203, "longitude": 11.669179655776187 }, "geometry": { "type": "Point", "coordinates": [ 11.669179655776187, -14.741730787988203 ] } },
{ "type": "Feature", "properties": { "fatalities": 5.0, "latitude": -11.462878406344041, "longitude": -57.350306489787087 }, "geometry": { "type": "Point", "coordinates": [ -57.350306489787087, -11.462878406344041 ] } },
{ "type": "Feature", "properties": { "fatalities": 19.0, "latitude": -22.069337020489794, "longitude": -54.822621022585317 }, "geometry": { "type": "Point", "coordinates": [ -54.822621022585317, -22.069337020489794 ] } },
{ "type": "Feature", "properties": { "fatalities": 50.0, "latitude": 7.653749587864481, "longitude": 38.913095938119369 }, "geometry": { "type": "Point", "coordinates": [ 38.913095938119369, 7.653749587864481 ] } },
{ "type": "Feature", "properties": { "fatalities": 2.0, "latitude": 50.064295057158077, "longitude": 9.8857389136724318 }, "geometry": { "type": "Point", "coordinates": [ 9.885738913672432, 50.064295057158077 ] } },
{ "type": "Feature", "properties": { "fatalities": 49.0, "latitude": 34.91917624098209, "longitude": 72.072882217086786 }, "geometry": { "type": "Point", "coordinates": [ 72.072882217086786, 34.91917624098209 ] } },
{ "type": "Feature", "properties": { "fatalities": 56.0, "latitude": 6.4777932720230291, "longitude": -76.041739468658434 }, "geometry": { "type": "Point", "coordinates": [ -76.041739468658434, 6.477793272023029 ] } },
{ "type": "Feature", "properties": { "fatalities": 5.0, "latitude": 10.322681586861444, "longitude": -8.4915703255723916 }, "geometry": { "type": "Point", "coordinates": [ -8.491570325572392, 10.322681586861444 ] } },
{ "type": "Feature", "properties": { "fatalities": 28.0, "latitude": 14.613461636521063, "longitude": -1.6432279404380739 }, "geometry": { "type": "Point", "coordinates": [ -1.643227940438074, 14.613461636521063 ] } },
{ "type": "Feature", "properties": { "fatalities": 5.0, "latitude": 19.483139313845324, "longitude": -71.049909794604972 }, "geometry": { "type": "Point", "coordinates": [ -71.049909794604972, 19.483139313845324 ] } },
{ "type": "Feature", "properties": { "fatalities": 146.0, "latitude": 6.9861484139661112, "longitude": 9.1842181169387906 }, "geometry": { "type": "Point", "coordinates": [ 9.184218116938791, 6.986148413966111 ] } },
{ "type": "Feature", "properties": { "fatalities": 16.0, "latitude": -4.2758914817054228, "longitude": 15.653335192107512 }, "geometry": { "type": "Point", "coordinates": [ 15.653335192107512, -4.275891481705423 ] } },
{ "type": "Feature", "properties": { "fatalities": 178.0, "latitude": 7.8539878232257596, "longitude": 9.6429411839937167 }, "geometry": { "type": "Point", "coordinates": [ 9.642941183993717, 7.85398782322576 ] } },
{ "type": "Feature", "properties": { "fatalities": 9.0, "latitude": 31.672540928644171, "longitude": 64.874914736468156 }, "geometry": { "type": "Point", "coordinates": [ 64.874914736468156, 31.672540928644171 ] } },
{ "type": "Feature", "properties": { "fatalities": 44.0, "latitude": 14.961994491508705, "longitude": -89.446710433833957 }, "geometry": { "type": "Point", "coordinates": [ -89.446710433833957, 14.961994491508705 ] } },
{ "type": "Feature", "properties": { "fatalities": 116.0, "latitude": 10.502420511623466, "longitude": 36.490781649892618 }, "geometry": { "type": "Point", "coordinates": [ 36.490781649892618, 10.502420511623466 ] } },
{ "type": "Feature", "properties": { "fatalities": 3.0, "latitude": 32.317582502255163, "longitude": 20.425753493885235 }, "geometry": { "type": "Point", "coordinates": [ 20.425753493885235, 32.317582502255163 ] } },
{ "type": "Feature", "properties": { "fatalities": 107.0, "latitude": 12.972269947381758, "longitude": 0.66486139697553426 }, "geometry": { "type": "Point", "coordinates": [ 0.664861396975534, 12.972269947381758 ] } },
{ "type": "Feature", "properties": { "fatalities": 8.0, "latitude": -12.087141668902591, "longitude": -45.280648598302228 }, "geometry": { "type": "Point", "coordinates": [ -45.280648598302228, -12.087141668902591 ] } },
{ "type": "Feature", "properties": { "fatalities": 6.0, "latitude": -21.152859415689736, "longitude": -43.412079644454337 }, "geometry": { "type": "Point", "coordinates": [ -43.412079644454337, -21.152859415689736 ] } },
{ "type": "Feature", "properties": { "fatalities": 6.0, "latitude": 9.7494217556338114, "longitude": -72.848028513949373 }, "geometry": { "type": "Point", "coordinates": [ -72.848028513949373, 9.749421755633811 ] } },
{ "type": "Feature", "properties": { "fatalities": 4.0, "latitude": -8.6881671571977641, "longitude": -78.517225429277275 }, "geometry": { "type": "Point", "coordinates": [ -78.517225429277275, -8.688167157197764 ] } },
{ "type": "Feature", "properties": { "fatalities": 27.0, "latitude": 16.745727003540114, "longitude": -4.6731301462056507 }, "geometry": { "type": "Point", "coordinates": [ -4.673130146205651, 16.745727003540114 ] } },
{ "type": "Feature", "properties": { "fatalities": 2.0, "latitude": 12.870768525360365, "longitude": -5.9271015555862681 }, "geometry": { "type": "Point", "coordinates": [ -5.927101555586268, 12.870768525360365 ] } },
{ "type": "Feature", "properties": { "fatalities": 15.0, "latitude": -12.893721549570987, "longitude": -60.273965045531455 }, "geometry": { "type": "Point", "coordinates": [ -60.273965045531455, -12.893721549570987 ] } },
{ "type": "Feature", "properties": { "fatalities": 329.0, "latitude": 14.053727225831496, "longitude": 24.859936042876082 }, "geometry": { "type": "Point", "coordinates": [ 24.859936042876082, 14.053727225831496 ] } },
{ "type": "Feature", "properties": { "fatalities": 100.0, "latitude": 15.088964077094206, "longitude": 23.128590570456645 }, "geometry": { "type": "Point", "coordinates": [ 23.128590570456645, 15.088964077094206 ] } },
{ "type": "Feature", "properties": { "fatalities": 105.0, "latitude": 1.7744590801727564, "longitude": 29.217136558001673 }, "geometry": { "type": "Point", "coordinates": [ 29.217136558001673, 1.774459080172756 ] } },
{ "type": "Feature", "properties": { "fatalities": 27.0, "latitude": 1.4210765067363036, "longitude": 36.034235932366975 }, "geometry": { "type": "Point", "coordinates": [ 36.034235932366975, 1.421076506736304 ] } },
{ "type": "Feature", "properties": { "fatalities": 0.0, "latitude": 55.760233213163367, "longitude": 40.724292074952544 }, "geometry": { "type": "Point", "coordinates": [ 40.724292074952544, 55.760233213163367 ] } },
{ "type": "Feature", "properties": { "fatalities": 7.0, "latitude": 17.087455079008727, "longitude": 44.302767490920793 }, "geometry": { "type": "Point", "coordinates": [ 44.302767490920793, 17.087455079008727 ] } },
{ "type": "Feature", "properties": { "fatalities": 3.0, "latitude": 5.9244633155202866, "longitude": 19.422468045433703 }, "geometry": { "type": "Point", "coordinates": [ 19.422468045433703, 5.924463315520287 ] } },
{ "type": "Feature", "properties": { "fatalities": 9.0, "latitude": -14.510783184541999, "longitude": -39.098769035171969 }, "geometry": { "type": "Point", "coordinates": [ -39.098769035171969, -14.510783184541999 ] } },
{ "type": "Feature", "properties": { "fatalities": 1.0, "latitude": -1.5434641126242989, "longitude": 37.668936438715555 }, "geometry": { "type": "Point", "coordinates": [ 37.668936438715555, -1.543464112624299 ] } },
{ "type": "Feature", "properties": { "fatalities": 2.0, "latitude": 26.733852999793335, "longitude": 83.384882905117806 }, "geometry": { "type": "Point", "coordinates": [ 83.384882905117806, 26.733852999793335 ] } },
{ "type": "Feature", "properties": { "fatalities": 26.0, "latitude": 4.7408980889739896, "longitude": -75.226818362157218 }, "geometry": { "type": "Point", "coordinates": [ -75.226818362157218, 4.74089808897399 ] } },
{ "type": "Feature", "properties": { "fatalities": 4.0, "latitude": 12.251378044286399, "longitude": -5.2360443107030834 }, "geometry": { "type": "Point", "coordinates": [ -5.236044310703083, 12.251378044286399 ] } },
{ "type": "Feature", "properties": { "fatalities": 15.0, "latitude": -13.362150322254571, "longitude": -39.080568042381984 }, "geometry": { "type": "Point", "coordinates": [ -39.080568042381984, -13.362150322254571 ] } },
{ "type": "Feature", "properties": { "fatalities": 2.0, "latitude": 19.780101084383777, "longitude": -75.592992026594388 }, "geometry": { "type": "Point", "coordinates": [ -75.592992026594388, 19.780101084383777 ] } },
{ "type": "Feature", "properties": { "fatalities": 7.0, "latitude": 29.194357690784557, "longitude": -107.91265725627015 }, "geometry": { "type": "Point", "coordinates": [ -107.912657256270151, 29.194357690784557 ] } },
{ "type": "Feature", "properties": { "fatalities": 18.0, "latitude": 11.419168249386454, "longitude": 8.2660087144301535 }, "geometry": { "type": "Point", "coordinates": [ 8.266008714430154, 11.419168249386454 ] } },
{ "type": "Feature", "properties": { "fatalities": 21.0, "latitude": 2.0177841443308218, "longitude": 42.132562852184854 }, "geometry": { "type": "Point", "coordinates": [ 42.132562852184854, 2.017784144330822 ] } },
{ "type": "Feature", "properties": { "fatalities": 1.0, "latitude": 30.624728920783234, "longitude": 77.51974228890225 }, "geometry": { "type": "Point", "coordinates": [ 77.51974228890225, 30.624728920783234 ] } },
{ "type": "Feature", "properties": { "fatalities": 0.0, "latitude": 47.840352291721601, "longitude": 17.481333459143311 }, "geometry": { "type": "Point", "coordinates": [ 17.481333459143311, 47.840352291721601 ] } },
{ "type": "Feature", "properties": { "fatalities": 86.0, "latitude": 8.4861656911441905, "longitude": 39.461863590676053 }, "geometry": { "type": "Point", "coordinates": [ 39.461863590676053, 8.486165691144191 ] } },
{ "type": "Feature", "properties": { "fatalities": 7.0, "latitude": 0.09268119599741971, "longitude": 43.22268297319232 }, "geometry": { "type": "Point", "coordinates": [ 43.22268297319232, 0.09268119599742 ] } },
{ "type": "Feature", "properties": { "fatalities": 0.0, "latitude": 44.945436130891437, "longitude": 26.302173189910597 }, "geometry": { "type": "Point", "coordinates": [ 26.302173189910597, 44.945436130891437 ] } },
{ "type": "Feature", "properties": { "fatalities": 36.0, "latitude": 15.107672513314641, "longitude": -4.2956229434234094 }, "geometry": { "type": "Point", "coordinates": [ -4.295622943423409, 15.107672513314641 ] } },
{ "type": "Feature", "properties": { "fatalities": 0.0, "latitude": 41.394643210031845, "longitude": 68.49580074307741 }, "geometry": { "type": "Point", "coordinates": [ 68.49580074307741, 41.394643210031845 ] } },
{ "type": "Feature", "properties": { "fatalities": 15.0, "latitude": -23.900744371649562, "longitude": -51.84275927626372 }, "geometry": { "type": "Point", "coordinates": [ -51.84275927626372, -23.900744371649562 ] } },
{ "type": "Feature", "properties": { "fatalities": 5.0, "latitude": -17.950492125751754, "longitude": -52.644257055913776 }, "geometry": { "type": "Point", "coordinates": [ -52.644257055913776, -17.950492125751754 ] } },
{ "type": "Feature", "properties": { "fatalities": 4.0, "latitude": -9.1998087255781975, "longitude": -44.179364887165704 }, "geometry": { "type": "Point", "coordinates": [ -44.179364887165704, -9.199808725578198 ] } },
{ "type": "Feature", "properties": { "fatalities": 44.0, "latitude": -5.198645936416975, "longitude": -36.910624610562493 }, "geometry": { "type": "Point", "coordinates": [ -36.910624610562493, -5.198645936416975 ] } },
{ "type": "Feature", "properties": { "fatalities": 7.0, "latitude": 5.1084923986810145, "longitude": 16.635661012235875 }, "geometry": { "type": "Point", "coordinates": [ 16.635661012235875, 5.108492398681014 ] } },
{ "type": "Feature", "properties": { "fatalities": 72.0, "latitude": 4.3167853247477366, "longitude": -76.248328185624658 }, "geometry": { "type": "Point", "coordinates": [ -76.248328185624658, 4.316785324747737 ] } },
{ "type": "Feature", "properties": { "fatalities": 14.0, "latitude": 6.6357800677990415, "longitude": -73.117829155487755 }, "geometry": { "type": "Point", "coordinates": [ -73.117829155487755, 6.635780067799042 ] } },
{ "type": "Feature", "properties": { "fatalities": 11.0, "latitude": 9.7227984810221315, "longitude": 34.729914855141736 }, "geometry": { "type": "Point", "coordinates": [ 34.729914855141736, 9.722798481022132 ] } },
{ "type": "Feature", "properties": { "fatalities": 65.0, "latitude": 20.78795695174054, "longitude": -87.249866858306859 }, "geometry": { "type": "Point", "coordinates": [ -87.249866858306859, 20.78795695174054 ] } },
{ "type": "Feature", "properties": { "fatalities": 18.0, "latitude": 22.817702649552366, "longitude": -101.67293925101457 }, "geometry": { "type": "Point", "coordinates": [ -101.672939251014569, 22.817702649552366 ] } },
{ "type": "Feature", "properties": { "fatalities": 42.0, "latitude": 6.159812464765122, "longitude": 46.809912631000998 }, "geometry": { "type": "Point", "coordinates": [ 46.809912631000998, 6.159812464765122 ] } },
{ "type": "Feature", "properties": { "fatalities": 22.0, "latitude": 5.4135079972689066, "longitude": 45.284595430122813 }, "geometry": { "type": "Point", "coordinates": [ 45.284595430122813, 5.413507997268907 ] } },
{ "type": "Feature", "properties": { "fatalities": 6.0, "latitude": 4.5678672402029932, "longitude": 44.775982301797342 }, "geometry": { "type": "Point", "coordinates": [ 44.775982301797342, 4.567867240202993 ] } },
{ "type": "Feature", "properties": { "fatalities": 65.0, "latitude": 14.727399182620648, "longitude": 30.222425894733611 }, "geometry": { "type": "Point", "coordinates": [ 30.222425894733611, 14.727399182620648 ] } },
{ "type": "Feature", "properties": { "fatalities": 0.0, "latitude": 26.523018803190975, "longitude": 74.764630518626404 }, "geometry": { "type": "Point", "coordinates": [ 74.764630518626404, 26.523018803190975 ] } },
{ "type": "Feature", "properties": { "fatalities": 18.0, "latitude": 22.456073132194724, "longitude": 88.699642647803273 }, "geometry": { "type": "Point", "coordinates": [ 88.699642647803273, 22.456073132194724 ] } },
{ "type": "Feature", "properties": { "fatalities": 14.0, "latitude": 17.157883424780003, "longitude": 120.3462428001019 }, "geometry": { "type": "Point", "coordinates": [ 120.346242800101905, 17.157883424780003 ] } },
{ "type": "Feature", "properties": { "fatalities": 6.0, "latitude": 34.440538159190865, "longitude": 63.55503674864034 }, "geometry": { "type": "Point", "coordinates": [ 63.55503674864034, 34.440538159190865 ] } },
{ "type": "Feature", "properties": { "fatalities": 59.0, "latitude": 9.1238310199095025, "longitude": 29.661795542732825 }, "geometry": { "type": "Point", "coordinates": [ 29.661795542732825, 9.123831019909503 ] } },
{ "type": "Feature", "properties": { "fatalities": 12.0, "latitude": -18.302495403161604, "longitude": -46.479663626839972 }, "geometry": { "type": "Point", "coordinates": [ -46.479663626839972, -18.302495403161604 ] } },
{ "type": "Feature", "properties": { "fatalities": 197.0, "latitude": 14.753658812161648, "longitude": 0.38624042417980792 }, "geometry": { "type": "Point", "coordinates": [ 0.386240424179808, 14.753658812161648 ] } },
{ "type": "Feature", "properties": { "fatalities": 73.0, "latitude": 7.8469032634793363, "longitude": 5.4611564084849658 }, "geometry": { "type": "Point", "coordinates": [ 5.461156408484966, 7.846903263479336 ] } },
{ "type": "Feature", "properties": { "fatalities": 2.0, "latitude": 5.2637046947423967, "longitude": 10.366816803186389 }, "geometry": { "type": "Point", "coordinates": [ 10.366816803186389, 5.263704694742397 ] } },
{ "type": "Feature", "properties": { "fatalities": 4.0, "latitude": -3.4494043245788659, "longitude": -58.928854859922559 }, "geometry": { "type": "Point", "coordinates": [ -58.928854859922559, -3.449404324578866 ] } },
{ "type": "Feature", "properties": { "fatalities": 6.0, "latitude": -18.02837526475729, "longitude": -70.127966132053132 }, "geometry": { "type": "Point", "coordinates": [ -70.127966132053132, -18.02837526475729 ] } },
{ "type": "Feature", "properties": { "fatalities": 6.0, "latitude": 10.987095570225474, "longitude": 48.988872335110997 }, "geometry": { "type": "Point", "coordinates": [ 48.988872335110997, 10.987095570225474 ] } },
{ "type": "Feature", "properties": { "fatalities": 0.0, "latitude": 42.538712122799794, "longitude": 44.319917290487687 }, "geometry": { "type": "Point", "coordinates": [ 44.319917290487687, 42.538712122799794 ] } },
{ "type": "Feature", "properties": { "fatalities": 70.0, "latitude": 33.787814614631984, "longitude": 71.993253211348602 }, "geometry": { "type": "Point", "coordinates": [ 71.993253211348602, 33.787814614631984 ] } },
{ "type": "Feature", "properties": { "fatalities": 0.0, "latitude": 35.352782889813703, "longitude": -78.863360276061712 }, "geometry": { "type": "Point", "coordinates": [ -78.863360276061712, 35.352782889813703 ] } },
{ "type": "Feature", "properties": { "fatalities": 0.0, "latitude": 45.110522282325434, "longitude": 19.909343896824499 }, "geometry": { "type": "Point", "coordinates": [ 19.909343896824499, 45.110522282325434 ] } },
{ "type": "Feature", "properties": { "fatalities": 4.0, "latitude": 19.197355784976867, "longitude": 81.550992570804297 }, "geometry": { "type": "Point", "coordinates": [ 81.550992570804297, 19.197355784976867 ] } },
{ "type": "Feature", "properties": { "fatalities": 27.0, "latitude": 31.676681208783869, "longitude": -117.22520394844743 }, "geometry": { "type": "Point", "coordinates": [ -117.22520394844743, 31.676681208783869 ] } },
{ "type": "Feature", "properties": { "fatalities": 24.0, "latitude": 16.100594839391384, "longitude": 44.623785868320496 }, "geometry": { "type": "Point", "coordinates": [ 44.623785868320496, 16.100594839391384 ] } },
{ "type": "Feature", "properties": { "fatalities": 1.0, "latitude": 54.541679328551382, "longitude": 28.320791294389217 }, "geometry": { "type": "Point", "coordinates": [ 28.320791294389217, 54.541679328551382 ] } },
{ "type": "Feature", "properties": { "fatalities": 1.0, "latitude": 3.5404875739263639, "longitude": 9.1762814059948461 }, "geometry": { "type": "Point", "coordinates": [ 9.176281405994846, 3.540487573926364 ] } },
{ "type": "Feature", "properties": { "fatalities": 14.0, "latitude": -2.4383917194965563, "longitude": -55.063971333410819 }, "geometry": { "type": "Point", "coordinates": [ -55.063971333410819, -2.438391719496556 ] } },
{ "type": "Feature", "properties": { "fatalities": 4.0, "latitude": -6.9529739590831259, "longitude": -37.955581460747808 }, "geometry": { "type": "Point", "coordinates": [ -37.955581460747808, -6.952973959083126 ] } },
{ "type": "Feature", "properties": { "fatalities": 1.0, "latitude": 22.490018017433595, "longitude": -81.984072892828607 }, "geometry": { "type": "Point", "coordinates": [ -81.984072892828607, 22.490018017433595 ] } },
{ "type": "Feature", "properties": { "fatalities": 17.0, "latitude": 31.669564359233942, "longitude": 44.777114390194662 }, "geometry": { "type": "Point", "coordinates": [ 44.777114390194662, 31.669564359233942 ] } },
{ "type": "Feature", "properties": { "fatalities": 43.0, "latitude": 0.38021247682877307, "longitude": 37.701890457928386 }, "geometry": { "type": "Point", "coordinates": [ 37.701890457928386, 0.380212476828773 ] } },
{ "type": "Feature", "properties": { "fatalities": 3.0, "latitude": 22.028923120727409, "longitude": 90.769808134990427 }, "geometry": { "type": "Point", "coordinates": [ 90.769808134990427, 22.028923120727409 ] } },
{ "type": "Feature", "properties": { "fatalities": 0.0, "latitude": 54.325543773976811, "longitude": 10.209808056925779 }, "geometry": { "type": "Point", "coordinates": [ 10.209808056925779, 54.325543773976811 ] } },
{ "type": "Feature", "properties": { "fatalities": 4.0, "latitude": 23.457396292359469, "longitude": 79.486652033115433 }, "geometry": { "type": "Point", "coordinates": [ 79.486652033115433, 23.457396292359469 ] } },
{ "type": "Feature", "properties": { "fatalities": 2.0, "latitude": 17.343222039792042, "longitude": 79.125993998536529 }, "geometry": { "type": "Point", "coordinates": [ 79.125993998536529, 17.343222039792042 ] } },
{ "type": "Feature", "properties": { "fatalities": 1.0, "latitude": 42.260898676409155, "longitude": 20.636278309134756 }, "geometry": { "type": "Point", "coordinates": [ 20.636278309134756, 42.260898676409155 ] } },
{ "type": "Feature", "properties": { "fatalities": 11.0, "latitude": 17.513451824966349, "longitude": 0.47925859563469753 }, "geometry": { "type": "Point", "coordinates": [ 0.479258595634698, 17.513451824966349 ] } },
{ "type": "Feature", "properties": { "fatalities": 27.0, "latitude": 14.936017971718647, "longitude": 3.5394609424619903 }, "geometry": { "type": "Point", "coordinates": [ 3.53946094246199, 14.936017971718647 ] } },
{ "type": "Feature", "properties": { "fatalities": 9.0, "latitude": 11.629748965669119, "longitude": 98.796403103073473 }, "geometry": { "type": "Point", "coordinates": [ 98.796403103073473, 11.629748965669119 ] } },
{ "type": "Feature", "properties": { "fatalities": 11.0, "latitude": 0.55531710141737001, "longitude": 34.30924850214889 }, "geometry": { "type": "Point", "coordinates": [ 34.30924850214889, 0.55531710141737 ] } },
{ "type": "Feature", "properties": { "fatalities": 257.0, "latitude": 0.84555102568025553, "longitude": 28.594165838793952 }, "geometry": { "type": "Point", "coordinates": [ 28.594165838793952, 0.845551025680256 ] } },
{ "type": "Feature", "properties": { "fatalities": 25.0, "latitude": 14.267551768883763, "longitude": 13.118482211344013 }, "geometry": { "type": "Point", "coordinates": [ 13.118482211344013, 14.267551768883763 ] } },
{ "type": "Feature", "properties": { "fatalities": 17.0, "latitude": 24.340744115761453, "longitude": 95.899352002208474 }, "geometry": { "type": "Point", "coordinates": [ 95.899352002208474, 24.340744115761453 ] } },
{ "type": "Feature", "properties": { "fatalities": 6.0, "latitude": 10.131390030040901, "longitude": -4.2060098745850079 }, "geometry": { "type": "Point", "coordinates": [ -4.206009874585008, 10.131390030040901 ] } },
{ "type": "Feature", "properties": { "fatalities": 27.0, "latitude": -16.697621308965108, "longitude": -54.609133290242667 }, "geometry": { "type": "Point", "coordinates": [ -54.609133290242667, -16.697621308965108 ] } },
{ "type": "Feature", "properties": { "fatalities": 16.0, "latitude": -5.218069469986621, "longitude": -34.879144930844355 }, "geometry": { "type": "Point", "coordinates": [ -34.879144930844355, -5.218069469986621 ] } },
{ "type": "Feature", "properties": { "fatalities": 21.0, "latitude": -3.3452061216512896, "longitude": 16.306266560024142 }, "geometry": { "type": "Point", "coordinates": [ 16.306266560024142, -3.34520612165129 ] } },
{ "type": "Feature", "properties": { "fatalities": 8.0, "latitude": 17.59712470170729, "longitude": 1.5448842516885652 }, "geometry": { "type": "Point", "coordinates": [ 1.544884251688565, 17.59712470170729 ] } },
{ "type": "Feature", "properties": { "fatalities": 4.0, "latitude": 7.8286035045696485, "longitude": 3.4335589191255553 }, "geometry": { "type": "Point", "coordinates": [ 3.433558919125555, 7.828603504569648 ] } },
{ "type": "Feature", "properties": { "fatalities": 3.0, "latitude": 6.5072960677305565, "longitude": 27.787256038623717 }, "geometry": { "type": "Point", "coordinates": [ 27.787256038623717, 6.507296067730556 ] } },
{ "type": "Feature", "properties": { "fatalities": 1.0, "latitude": 32.233207383095603, "longitude": 66.019694804762636 }, "geometry": { "type": "Point", "coordinates": [ 66.019694804762636, 32.233207383095603 ] } },
{ "type": "Feature", "properties": { "fatalities": 17.0, "latitude": 9.919459681185872, "longitude": -67.258539529712408 }, "geometry": { "type": "Point", "coordinates": [ -67.258539529712408, 9.919459681185872 ] } },
{ "type": "Feature", "properties": { "fatalities": 15.0, "latitude": 16.732701421233642, "longitude": -90.066312039677342 }, "geometry": { "type": "Point", "coordinates": [ -90.066312039677342, 16.732701421233642 ] } },
{ "type": "Feature", "properties": { "fatalities": 0.0, "latitude": 20.415181973682952, "longitude": -88.325152518265099 }, "geometry": { "type": "Point", "coordinates": [ -88.325152518265099, 20.415181973682952 ] } },
{ "type": "Feature", "properties": { "fatalities": 36.0, "latitude": 27.881967603060321, "longitude": 66.114773480995439 }, "geometry": { "type": "Point", "coordinates": [ 66.114773480995439, 27.881967603060321 ] } },
{ "type": "Feature", "properties": { "fatalities": 3.0, "latitude": 5.8092197820522404, "longitude": 22.713864836031515 }, "geometry": { "type": "Point", "coordinates": [ 22.713864836031515, 5.80921978205224 ] } },
{ "type": "Feature", "properties": { "fatalities": 28.0, "latitude": 12.020100441518863, "longitude": 40.012354317814591 }, "geometry": { "type": "Point", "coordinates": [ 40.012354317814591, 12.020100441518863 ] } },
{ "type": "Feature", "properties": { "fatalities": 9.0, "latitude": -0.43692283771452067, "longitude": 34.849674331639029 }, "geometry": { "type": "Point", "coordinates": [ 34.849674331639029, -0.436922837714521 ] } },
{ "type": "Feature", "properties": { "fatalities": 6.0, "latitude": 20.162717683832646, "longitude": -105.225024082278 }, "geometry": { "type": "Point", "coordinates": [ -105.225024082277997, 20.162717683832646 ] } },
{ "type": "Feature", "properties": { "fatalities": 16.0, "latitude": 14.00073928064641, "longitude": 26.037302524139822 }, "geometry": { "type": "Point", "coordinates": [ 26.037302524139822, 14.00073928064641 ] } },
{ "type": "Feature", "properties": { "fatalities": 0.0, "latitude": 3.4886069834694853, "longitude": 32.708982731109728 }, "geometry": { "type": "Point", "coordinates": [ 32.708982731109728, 3.488606983469485 ] } },
{ "type": "Feature", "properties": { "fatalities": 0.0, "latitude": 3.1518504829719505, "longitude": 98.539389281489647 }, "geometry": { "type": "Point", "coordinates": [ 98.539389281489647, 3.15185048297195 ] } },
{ "type": "Feature", "properties": { "fatalities": 0.0, "latitude": 11.853885254568912, "longitude": 75.123045950300607 }, "geometry": { "type": "Point", "coordinates": [ 75.123045950300607, 11.853885254568912 ] } },
{ "type": "Feature", "properties": { "fatalities": 0.0, "latitude": 43.036352748377716, "longitude": 72.720524374859195 }, "geometry": { "type": "Point", "coordinates": [ 72.720524374859195, 43.036352748377716 ] } },
{ "type": "Feature", "properties": { "fatalities": 1.0, "latitude": 59.426573235213411, "longitude": 17.274508256325294 }, "geometry": { "type": "Point", "coordinates": [ 17.274508256325294, 59.426573235213411 ] } },
{ "type": "Feature", "properties": { "fatalities": 2.0, "latitude": 33.909698124419272, "longitude": 67.181277969034511 }, "geometry": { "type": "Point", "coordinates": [ 67.181277969034511, 33.909698124419272 ] } },
{ "type": "Feature", "properties": { "fatalities": 1.0, "latitude": 34.968321236465954, "longitude": 62.310784171966176 }, "geometry": { "type": "Point", "coordinates": [ 62.310784171966176, 34.968321236465954 ] } },
{ "type": "Feature", "properties": { "fatalities": 8.0, "latitude": 37.836058420574744, "longitude": 71.004653895873403 }, "geometry": { "type": "Point", "coordinates": [ 71.004653895873403, 37.836058420574744 ] } },
{ "type": "Feature", "properties": { "fatalities": 1.0, "latitude": 21.571402050890526, "longitude": 92.847075895721602 }, "geometry": { "type": "Point", "coordinates": [ 92.847075895721602, 21.571402050890526 ] } },
{ "type": "Feature", "properties": { "fatalities": 112.0, "latitude": 12.752110526269288, "longitude": 31.175092346883115 }, "geometry": { "type": "Point", "coordinates": [ 31.175092346883115, 12.752110526269288 ] } },
{ "type": "Feature", "properties": { "fatalities": 1.0, "latitude": -6.5329466525633419, "longitude": 139.20145784582115 }, "geometry": { "type": "Point", "coordinates": [ 139.201457845821153, -6.532946652563342 ] } },
{ "type": "Feature", "properties": { "fatalities": 20.0, "latitude": 15.689931449923813, "longitude": 0.76383169958304531 }, "geometry": { "type": "Point", "coordinates": [ 0.763831699583045, 15.689931449923813 ] } },
{ "type": "Feature", "properties": { "fatalities": 15.0, "latitude": 28.928672397900087, "longitude": 68.320294101420444 }, "geometry": { "type": "Point", "coordinates": [ 68.320294101420444, 28.928672397900087 ] } },
{ "type": "Feature", "properties": { "fatalities": 6.0, "latitude": -2.9175646509506721, "longitude": -57.963405493345228 }, "geometry": { "type": "Point", "coordinates": [ -57.963405493345228, -2.917564650950672 ] } },
{ "type": "Feature", "properties": { "fatalities": 4.0, "latitude": -27.343570107907244, "longitude": -53.007081604211429 }, "geometry": { "type": "Point", "coordinates": [ -53.007081604211429, -27.343570107907244 ] } },
{ "type": "Feature", "properties": { "fatalities": 5.0, "latitude": 32.204298073649092, "longitude": 13.521647289931392 }, "geometry": { "type": "Point", "coordinates": [ 13.521647289931392, 32.204298073649092 ] } },
{ "type": "Feature", "properties": { "fatalities": 11.0, "latitude": 25.358178882153023, "longitude": -103.63442993914271 }, "geometry": { "type": "Point", "coordinates": [ -103.634429939142706, 25.358178882153023 ] } },
{ "type": "Feature", "properties": { "fatalities": 24.0, "latitude": 24.050253902510807, "longitude": 94.686860033547461 }, "geometry": { "type": "Point", "coordinates": [ 94.686860033547461, 24.050253902510807 ] } },
{ "type": "Feature", "properties": { "fatalities": 48.0, "latitude": 12.917741327503416, "longitude": -0.34431405479144128 }, "geometry": { "type": "Point", "coordinates": [ -0.344314054791441, 12.917741327503416 ] } },
{ "type": "Feature", "properties": { "fatalities": 1.0, "latitude": 26.784954932587691, "longitude": -100.06865446827955 }, "geometry": { "type": "Point", "coordinates": [ -100.068654468279547, 26.784954932587691 ] } },
{ "type": "Feature", "properties": { "fatalities": 56.0, "latitude": -5.4636514309732354, "longitude": 139.61597907624633 }, "geometry": { "type": "Point", "coordinates": [ 139.615979076246333, -5.463651430973235 ] } },
{ "type": "Feature", "properties": { "fatalities": 3.0, "latitude": 21.070059880605257, "longitude": 12.172648110475649 }, "geometry": { "type": "Point", "coordinates": [ 12.172648110475649, 21.070059880605257 ] } },
{ "type": "Feature", "properties": { "fatalities": 12.0, "latitude": -16.480507700113584, "longitude": -49.531372327777483 }, "geometry": { "type": "Point", "coordinates": [ -49.531372327777483, -16.480507700113584 ] } },
{ "type": "Feature", "properties": { "fatalities": 8.0, "latitude": 33.239485171898004, "longitude": 14.16120156490676 }, "geometry": { "type": "Point", "coordinates": [ 14.16120156490676, 33.239485171898004 ] } },
{ "type": "Feature", "properties": { "fatalities": 40.0, "latitude": 13.20281201991155, "longitude": 21.879831856476592 }, "geometry": { "type": "Point", "coordinates": [ 21.879831856476592, 13.20281201991155 ] } },
{ "type": "Feature", "properties": { "fatalities": 1.0, "latitude": 10.551721026164628, "longitude": -83.455981474557944 }, "geometry": { "type": "Point", "coordinates": [ -83.455981474557944, 10.551721026164628 ] } },
{ "type": "Feature", "properties": { "fatalities": 3.0, "latitude": -3.5422980953102972, "longitude": 38.773478754503415 }, "geometry": { "type": "Point", "coordinates": [ 38.773478754503415, -3.542298095310297 ] } },
{ "type": "Feature", "properties": { "fatalities": 126.0, "latitude": 9.6253129005902487, "longitude": 9.5027962755025026 }, "geometry": { "type": "Point", "coordinates": [ 9.502796275502503, 9.625312900590249 ] } },
{ "type": "Feature", "properties": { "fatalities": 1.0, "latitude": 43.022219598969514, "longitude": 46.731732879974366 }, "geometry": { "type": "Point", "coordinates": [ 46.731732879974366, 43.022219598969514 ] } },
{ "type": "Feature", "properties": { "fatalities": 6.0, "latitude": 24.588188643910083, "longitude": -110.47084545849252 }, "geometry": { "type": "Point", "coordinates": [ -110.470845458492519, 24.588188643910083 ] } },
{ "type": "Feature", "properties": { "fatalities": 2.0, "latitude": 24.722909393841057, "longitude": 68.271049181988559 }, "geometry": { "type": "Point", "coordinates": [ 68.271049181988559, 24.722909393841057 ] } },
{ "type": "Feature", "properties": { "fatalities": 1.0, "latitude": 10.736173158182483, "longitude": 77.741384500022562 }, "geometry": { "type": "Point", "coordinates": [ 77.741384500022562, 10.736173158182483 ] } },
{ "type": "Feature", "properties": { "fatalities": 26.0, "latitude": 26.310986228232927, "longitude": -109.24944387545544 }, "geometry": { "type": "Point", "coordinates": [ -109.249443875455441, 26.310986228232927 ] } },
{ "type": "Feature", "properties": { "fatalities": 36.0, "latitude": 11.020141927463081, "longitude": 123.22127607006587 }, "geometry": { "type": "Point", "coordinates": [ 123.221276070065869, 11.020141927463081 ] } },
{ "type": "Feature", "properties": { "fatalities": 2.0, "latitude": -2.3800589906561433, "longitude": -56.990115711704675 }, "geometry": { "type": "Point", "coordinates": [ -56.990115711704675, -2.380058990656143 ] } },
{ "type": "Feature", "properties": { "fatalities": 3.0, "latitude": 30.343602972331254, "longitude": 46.318985792001719 }, "geometry": { "type": "Point", "coordinates": [ 46.318985792001719, 30.343602972331254 ] } },
{ "type": "Feature", "properties": { "fatalities": 19.0, "latitude": 20.496301327298546, "longitude": -96.565415906850376 }, "geometry": { "type": "Point", "coordinates": [ -96.565415906850376, 20.496301327298546 ] } },
{ "type": "Feature", "properties": { "fatalities": 7.0, "latitude": 8.7319689631509725, "longitude": 11.191572787136508 }, "geometry": { "type": "Point", "coordinates": [ 11.191572787136508, 8.731968963150972 ] } },
{ "type": "Feature", "properties": { "fatalities": 0.0, "latitude": -37.883289239759719, "longitude": -73.601668262488218 }, "geometry": { "type": "Point", "coordinates": [ -73.601668262488218, -37.883289239759719 ] } },
{ "type": "Feature", "properties": { "fatalities": 0.0, "latitude": 54.635600110587752, "longitude": 60.086217635713602 }, "geometry": { "type": "Point", "coordinates": [ 60.086217635713602, 54.635600110587752 ] } },
{ "type": "Feature", "properties": { "fatalities": 1.0, "latitude": 35.041632200805971, "longitude": 67.175398063237935 }, "geometry": { "type": "Point", "coordinates": [ 67.175398063237935, 35.041632200805971 ] } },
{ "type": "Feature", "properties": { "fatalities": 0.0, "latitude": 2.9107270676426653, "longitude": 101.62106790673862 }, "geometry": { "type": "Point", "coordinates": [ 101.621067906738617, 2.910727067642665 ] } },
{ "type": "Feature", "properties": { "fatalities": 12.0, "latitude": 25.779369027903467, "longitude": 64.042038171803824 }, "geometry": { "type": "Point", "coordinates": [ 64.042038171803824, 25.779369027903467 ] } },
{ "type": "Feature", "properties": { "fatalities": 0.0, "latitude": 17.160634585277094, "longitude": 13.571856237837434 }, "geometry": { "type": "Point", "coordinates": [ 13.571856237837434, 17.160634585277094 ] } },
{ "type": "Feature", "properties": { "fatalities": 0.0, "latitude": 45.261513679808516, "longitude": 33.528420350373977 }, "geometry": { "type": "Point", "coordinates": [ 33.528420350373977, 45.261513679808516 ] } },
{ "type": "Feature", "properties": { "fatalities": 2.0, "latitude": -24.180014452659236, "longitude": -47.696777303658834 }, "geometry": { "type": "Point", "coordinates": [ -47.696777303658834, -24.180014452659236 ] } },
{ "type": "Feature", "properties": { "fatalities": 4.0, "latitude": -15.651408934301266, "longitude": -39.117031037033442 }, "geometry": { "type": "Point", "coordinates": [ -39.117031037033442, -15.651408934301266 ] } },
{ "type": "Feature", "properties": { "fatalities": 8.0, "latitude": -21.805407563412675, "longitude": -51.765046742533727 }, "geometry": { "type": "Point", "coordinates": [ -51.765046742533727, -21.805407563412675 ] } },
{ "type": "Feature", "properties": { "fatalities": 5.0, "latitude": -20.995118524875238, "longitude": -47.599085301957466 }, "geometry": { "type": "Point", "coordinates": [ -47.599085301957466, -20.995118524875238 ] } },
{ "type": "Feature", "properties": { "fatalities": 3.0, "latitude": -17.562588356757804, "longitude": 37.384786895440406 }, "geometry": { "type": "Point", "coordinates": [ 37.384786895440406, -17.562588356757804 ] } },
{ "type": "Feature", "properties": { "fatalities": 1.0, "latitude": 20.620543403537901, "longitude": 79.848949128786614 }, "geometry": { "type": "Point", "coordinates": [ 79.848949128786614, 20.620543403537901 ] } },
{ "type": "Feature", "properties": { "fatalities": 8.0, "latitude": 24.29369560957139, "longitude": 84.877264517172236 }, "geometry": { "type": "Point", "coordinates": [ 84.877264517172236, 24.29369560957139 ] } },
{ "type": "Feature", "properties": { "fatalities": 23.0, "latitude": -7.5499039336703699, "longitude": -36.939379403784599 }, "geometry": { "type": "Point", "coordinates": [ -36.939379403784599, -7.54990393367037 ] } },
{ "type": "Feature", "properties": { "fatalities": 6.0, "latitude": 3.56313616989235, "longitude": 46.351729135135081 }, "geometry": { "type": "Point", "coordinates": [ 46.351729135135081, 3.56313616989235 ] } },
{ "type": "Feature", "properties": { "fatalities": 3.0, "latitude": -3.7106246567691796, "longitude": -70.070478467336542 }, "geometry": { "type": "Point", "coordinates": [ -70.070478467336542, -3.71062465676918 ] } },
{ "type": "Feature", "properties": { "fatalities": 15.0, "latitude": 8.9829816567157739, "longitude": -74.833024602288987 }, "geometry": { "type": "Point", "coordinates": [ -74.833024602288987, 8.982981656715774 ] } },
{ "type": "Feature", "properties": { "fatalities": 13.0, "latitude": 13.292955424483855, "longitude": 36.370977528853381 }, "geometry": { "type": "Point", "coordinates": [ 36.370977528853381, 13.292955424483855 ] } },
{ "type": "Feature", "properties": { "fatalities": 6.0, "latitude": 31.118063698088438, "longitude": -116.05327280684479 }, "geometry": { "type": "Point", "coordinates": [ -116.053272806844788, 31.118063698088438 ] } },
{ "type": "Feature", "properties": { "fatalities": 22.0, "latitude": -26.252667896764187, "longitude": 27.631747993906401 }, "geometry": { "type": "Point", "coordinates": [ 27.631747993906401, -26.252667896764187 ] } },
{ "type": "Feature", "properties": { "fatalities": 1.0, "latitude": 37.31171751545503, "longitude": 64.632443971915293 }, "geometry": { "type": "Point", "coordinates": [ 64.632443971915293, 37.31171751545503 ] } },
{ "type": "Feature", "properties": { "fatalities": 21.0, "latitude": 18.095790515955201, "longitude": 81.298798668242711 }, "geometry": { "type": "Point", "coordinates": [ 81.298798668242711, 18.095790515955201 ] } },
{ "type": "Feature", "properties": { "fatalities": 7.0, "latitude": 33.657068087270488, "longitude": 74.390033791858698 }, "geometry": { "type": "Point", "coordinates": [ 74.390033791858698, 33.657068087270488 ] } },
{ "type": "Feature", "properties": { "fatalities": 6.0, "latitude": 3.0406471641938406, "longitude": 40.502761202446543 }, "geometry": { "type": "Point", "coordinates": [ 40.502761202446543, 3.040647164193841 ] } },
{ "type": "Feature", "properties": { "fatalities": 1.0, "latitude": 8.8356803621518267, "longitude": -70.095740056584191 }, "geometry": { "type": "Point", "coordinates": [ -70.095740056584191, 8.835680362151827 ] } },
{ "type": "Feature", "properties": { "fatalities": 9.0, "latitude": 25.253087152831156, "longitude": 63.023708461406201 }, "geometry": { "type": "Point", "coordinates": [ 63.023708461406201, 25.253087152831156 ] } },
{ "type": "Feature", "properties": { "fatalities": 3.0, "latitude": 36.745487085240143, "longitude": 44.116127831218357 }, "geometry": { "type": "Point", "coordinates": [ 44.116127831218357, 36.745487085240143 ] } },
{ "type": "Feature", "properties": { "fatalities": 1.0, "latitude": 3.1731053098080761, "longitude": 38.304245616137074 }, "geometry": { "type": "Point", "coordinates": [ 38.304245616137074, 3.173105309808076 ] } },
{ "type": "Feature", "properties": { "fatalities": 1.0, "latitude": 25.367705274499855, "longitude": -98.016358229333477 }, "geometry": { "type": "Point", "coordinates": [ -98.016358229333477, 25.367705274499855 ] } },
{ "type": "Feature", "properties": { "fatalities": 1.0, "latitude": 27.572146805729417, "longitude": -111.48237546915611 }, "geometry": { "type": "Point", "coordinates": [ -111.482375469156111, 27.572146805729417 ] } },
{ "type": "Feature", "properties": { "fatalities": 31.0, "latitude": 28.541998114907351, "longitude": -106.79324868404102 }, "geometry": { "type": "Point", "coordinates": [ -106.793248684041018, 28.541998114907351 ] } },
{ "type": "Feature", "properties": { "fatalities": 26.0, "latitude": 17.756591533038488, "longitude": -98.015507597281044 }, "geometry": { "type": "Point", "coordinates": [ -98.015507597281044, 17.756591533038488 ] } },
{ "type": "Feature", "properties": { "fatalities": 1.0, "latitude": -29.298245170604275, "longitude": 31.985697873877637 }, "geometry": { "type": "Point", "coordinates": [ 31.985697873877637, -29.298245170604275 ] } },
{ "type": "Feature", "properties": { "fatalities": 12.0, "latitude": 22.750852040950992, "longitude": 97.661434096125149 }, "geometry": { "type": "Point", "coordinates": [ 97.661434096125149, 22.750852040950992 ] } },
{ "type": "Feature", "properties": { "fatalities": 0.0, "latitude": 46.788995578392921, "longitude": 42.477574389656695 }, "geometry": { "type": "Point", "coordinates": [ 42.477574389656695, 46.788995578392921 ] } },
{ "type": "Feature", "properties": { "fatalities": 0.0, "latitude": 13.285998996378558, "longitude": 18.369609344351012 }, "geometry": { "type": "Point", "coordinates": [ 18.369609344351012, 13.285998996378558 ] } },
{ "type": "Feature", "properties": { "fatalities": 5.0, "latitude": 28.471878514970054, "longitude": 77.199724386250864 }, "geometry": { "type": "Point", "coordinates": [ 77.199724386250864, 28.471878514970054 ] } },
{ "type": "Feature", "properties": { "fatalities": 51.0, "latitude": 32.748921985076322, "longitude": 69.551836686186334 }, "geometry": { "type": "Point", "coordinates": [ 69.551836686186334, 32.748921985076322 ] } },
{ "type": "Feature", "properties": { "fatalities": 3.0, "latitude": 33.542196212456354, "longitude": 45.260878742420097 }, "geometry": { "type": "Point", "coordinates": [ 45.260878742420097, 33.542196212456354 ] } },
{ "type": "Feature", "properties": { "fatalities": 0.0, "latitude": 9.2945087316556183, "longitude": 76.499338117771003 }, "geometry": { "type": "Point", "coordinates": [ 76.499338117771003, 9.294508731655618 ] } },
{ "type": "Feature", "properties": { "fatalities": 1.0, "latitude": -14.489196017766083, "longitude": -41.178183516867861 }, "geometry": { "type": "Point", "coordinates": [ -41.178183516867861, -14.489196017766083 ] } },
{ "type": "Feature", "properties": { "fatalities": 8.0, "latitude": -22.163516472977033, "longitude": -45.539498526414043 }, "geometry": { "type": "Point", "coordinates": [ -45.539498526414043, -22.163516472977033 ] } },
{ "type": "Feature", "properties": { "fatalities": 3.0, "latitude": 10.334784234319386, "longitude": 0.57086403281011955 }, "geometry": { "type": "Point", "coordinates": [ 0.57086403281012, 10.334784234319386 ] } },
{ "type": "Feature", "properties": { "fatalities": 19.0, "latitude": 28.123318734052084, "longitude": -110.30424793277 }, "geometry": { "type": "Point", "coordinates": [ -110.304247932769997, 28.123318734052084 ] } },
{ "type": "Feature", "properties": { "fatalities": 28.0, "latitude": 19.638257398369721, "longitude": -90.492386459924802 }, "geometry": { "type": "Point", "coordinates": [ -90.492386459924802, 19.638257398369721 ] } },
{ "type": "Feature", "properties": { "fatalities": 13.0, "latitude": 24.457910480596549, "longitude": -100.36731497050509 }, "geometry": { "type": "Point", "coordinates": [ -100.367314970505092, 24.457910480596549 ] } },
{ "type": "Feature", "properties": { "fatalities": 10.0, "latitude": 16.476348758960537, "longitude": -0.93648300325977174 }, "geometry": { "type": "Point", "coordinates": [ -0.936483003259772, 16.476348758960537 ] } },
{ "type": "Feature", "properties": { "fatalities": 0.0, "latitude": 45.096018807511271, "longitude": 18.313145987090191 }, "geometry": { "type": "Point", "coordinates": [ 18.313145987090191, 45.096018807511271 ] } },
{ "type": "Feature", "properties": { "fatalities": 0.0, "latitude": -4.1615782553377247, "longitude": 122.05329258659515 }, "geometry": { "type": "Point", "coordinates": [ 122.053292586595148, -4.161578255337725 ] } },
{ "type": "Feature", "properties": { "fatalities": 7.0, "latitude": 33.015739453321828, "longitude": 75.513111431387799 }, "geometry": { "type": "Point", "coordinates": [ 75.513111431387799, 33.015739453321828 ] } },
{ "type": "Feature", "properties": { "fatalities": 0.0, "latitude": -0.37980894915462265, "longitude": 33.707435716396937 }, "geometry": { "type": "Point", "coordinates": [ 33.707435716396937, -0.379808949154623 ] } },
{ "type": "Feature", "properties": { "fatalities": 5.0, "latitude": 7.7607179837613138, "longitude": 17.267324670833659 }, "geometry": { "type": "Point", "coordinates": [ 17.267324670833659, 7.760717983761314 ] } },
{ "type": "Feature", "properties": { "fatalities": 1.0, "latitude": -38.355055753267493, "longitude": -72.466088741121851 }, "geometry": { "type": "Point", "coordinates": [ -72.466088741121851, -38.355055753267493 ] } },
{ "type": "Feature", "properties": { "fatalities": 4.0, "latitude": 23.749770993289907, "longitude": 93.478005444523575 }, "geometry": { "type": "Point", "coordinates": [ 93.478005444523575, 23.749770993289907 ] } },
{ "type": "Feature", "properties": { "fatalities": 0.0, "latitude": -5.3712427052226221, "longitude": 146.07152867215916 }, "geometry": { "type": "Point", "coordinates": [ 146.071528672159161, -5.371242705222622 ] } },
{ "type": "Feature", "properties": { "fatalities": 1.0, "latitude": 44.168694411968417, "longitude": 20.684100347482914 }, "geometry": { "type": "Point", "coordinates": [ 20.684100347482914, 44.168694411968417 ] } },
{ "type": "Feature", "properties": { "fatalities": 6.0, "latitude": -4.3530296196177156, "longitude": 16.762442662703329 }, "geometry": { "type": "Point", "coordinates": [ 16.762442662703329, -4.353029619617716 ] } },
{ "type": "Feature", "properties": { "fatalities": 20.0, "latitude": -3.8700546346062872, "longitude": 136.97924760804338 }, "geometry": { "type": "Point", "coordinates": [ 136.97924760804338, -3.870054634606287 ] } },
{ "type": "Feature", "properties": { "fatalities": 92.0, "latitude": 4.3884683364672341, "longitude": 33.306668171646606 }, "geometry": { "type": "Point", "coordinates": [ 33.306668171646606, 4.388468336467234 ] } },
{ "type": "Feature", "properties": { "fatalities": 9.0, "latitude": 0.49688887221512162, "longitude": 35.444923461564265 }, "geometry": { "type": "Point", "coordinates": [ 35.444923461564265, 0.496888872215122 ] } },
{ "type": "Feature", "properties": { "fatalities": 0.0, "latitude": 45.435242945776686, "longitude": 31.965611683456352 }, "geometry": { "type": "Point", "coordinates": [ 31.965611683456352, 45.435242945776686 ] } },
{ "type": "Feature", "properties": { "fatalities": 0.0, "latitude": 27.106696469500537, "longitude": 111.50297013435814 }, "geometry": { "type": "Point", "coordinates": [ 111.502970134358137, 27.106696469500537 ] } },
{ "type": "Feature", "properties": { "fatalities": 6.0, "latitude": -19.042694481013939, "longitude": -52.684075327813275 }, "geometry": { "type": "Point", "coordinates": [ -52.684075327813275, -19.042694481013939 ] } },
{ "type": "Feature", "properties": { "fatalities": 4.0, "latitude": 18.658220162220623, "longitude": -95.796925058690562 }, "geometry": { "type": "Point", "coordinates": [ -95.796925058690562, 18.658220162220623 ] } },
{ "type": "Feature", "properties": { "fatalities": 0.0, "latitude": 37.67867091470093, "longitude": 117.11180059488984 }, "geometry": { "type": "Point", "coordinates": [ 117.111800594889843, 37.67867091470093 ] } },
{ "type": "Feature", "properties": { "fatalities": 5.0, "latitude": 26.797661186619099, "longitude": 78.040669279251645 }, "geometry": { "type": "Point", "coordinates": [ 78.040669279251645, 26.797661186619099 ] } },
{ "type": "Feature", "properties": { "fatalities": 3.0, "latitude": 34.784531058066968, "longitude": 74.511732027474721 }, "geometry": { "type": "Point", "coordinates": [ 74.511732027474721, 34.784531058066968 ] } },
{ "type": "Feature", "properties": { "fatalities": 0.0, "latitude": 48.014977699261529, "longitude": 86.990818712090558 }, "geometry": { "type": "Point", "coordinates": [ 86.990818712090558, 48.014977699261529 ] } },
{ "type": "Feature", "properties": { "fatalities": 1.0, "latitude": 20.661982292910995, "longitude": 86.077196430781797 }, "geometry": { "type": "Point", "coordinates": [ 86.077196430781797, 20.661982292910995 ] } },
{ "type": "Feature", "properties": { "fatalities": 8.0, "latitude": 10.368374680537535, "longitude": 1.5676439229495824 }, "geometry": { "type": "Point", "coordinates": [ 1.567643922949582, 10.368374680537535 ] } },
{ "type": "Feature", "properties": { "fatalities": 1.0, "latitude": 3.7812722420033755, "longitude": 43.200079039048923 }, "geometry": { "type": "Point", "coordinates": [ 43.200079039048923, 3.781272242003376 ] } },
{ "type": "Feature", "properties": { "fatalities": 10.0, "latitude": -33.423874501908905, "longitude": -70.371904085745058 }, "geometry": { "type": "Point", "coordinates": [ -70.371904085745058, -33.423874501908905 ] } },
{ "type": "Feature", "properties": { "fatalities": 1.0, "latitude": 47.544458228270592, "longitude": 29.037552547791311 }, "geometry": { "type": "Point", "coordinates": [ 29.037552547791311, 47.544458228270592 ] } },
{ "type": "Feature", "properties": { "fatalities": 0.0, "latitude": -7.1242949142404797, "longitude": 29.338305600850351 }, "geometry": { "type": "Point", "coordinates": [ 29.338305600850351, -7.12429491424048 ] } },
{ "type": "Feature", "properties": { "fatalities": 5.0, "latitude": 30.862393975209944, "longitude": 48.305868534087196 }, "geometry": { "type": "Point", "coordinates": [ 48.305868534087196, 30.862393975209944 ] } },
{ "type": "Feature", "properties": { "fatalities": 32.0, "latitude": 28.951657774945435, "longitude": 66.092157960184693 }, "geometry": { "type": "Point", "coordinates": [ 66.092157960184693, 28.951657774945435 ] } },
{ "type": "Feature", "properties": { "fatalities": 21.0, "latitude": -6.9702234382227743, "longitude": -35.911954413534247 }, "geometry": { "type": "Point", "coordinates": [ -35.911954413534247, -6.970223438222774 ] } },
{ "type": "Feature", "properties": { "fatalities": 79.0, "latitude": 8.3364468480085137, "longitude": -73.929471366119216 }, "geometry": { "type": "Point", "coordinates": [ -73.929471366119216, 8.336446848008514 ] } },
{ "type": "Feature", "properties": { "fatalities": 25.0, "latitude": 13.883348295398051, "longitude": -89.661051493261382 }, "geometry": { "type": "Point", "coordinates": [ -89.661051493261382, 13.883348295398051 ] } },
{ "type": "Feature", "properties": { "fatalities": 16.0, "latitude": -4.0548919252864044, "longitude": 135.82450139454821 }, "geometry": { "type": "Point", "coordinates": [ 135.824501394548207, -4.054891925286404 ] } },
{ "type": "Feature", "properties": { "fatalities": 6.0, "latitude": 25.362193140914325, "longitude": 85.155342191700356 }, "geometry": { "type": "Point", "coordinates": [ 85.155342191700356, 25.362193140914325 ] } },
{ "type": "Feature", "properties": { "fatalities": 1.0, "latitude": 16.963336320793651, "longitude": 78.060815164123966 }, "geometry": { "type": "Point", "coordinates": [ 78.060815164123966, 16.963336320793651 ] } },
{ "type": "Feature", "properties": { "fatalities": 2.0, "latitude": 5.6477275286074011, "longitude": 121.38424977183611 }, "geometry": { "type": "Point", "coordinates": [ 121.38424977183611, 5.647727528607401 ] } },
{ "type": "Feature", "properties": { "fatalities": 3.0, "latitude": -9.9217216754851272, "longitude": -62.909248047635167 }, "geometry": { "type": "Point", "coordinates": [ -62.909248047635167, -9.921721675485127 ] } },
{ "type": "Feature", "properties": { "fatalities": 6.0, "latitude": 1.3001722521856967, "longitude": 38.276541798120448 }, "geometry": { "type": "Point", "coordinates": [ 38.276541798120448, 1.300172252185697 ] } },
{ "type": "Feature", "properties": { "fatalities": 13.0, "latitude": 8.3034628311237206, "longitude": 27.909684546923128 }, "geometry": { "type": "Point", "coordinates": [ 27.909684546923128, 8.303462831123721 ] } },
{ "type": "Feature", "properties": { "fatalities": 11.0, "latitude": 6.1553500367517833, "longitude": 34.485694715201262 }, "geometry": { "type": "Point", "coordinates": [ 34.485694715201262, 6.155350036751783 ] } },
{ "type": "Feature", "properties": { "fatalities": 43.0, "latitude": 10.648025104496632, "longitude": -75.637473675580665 }, "geometry": { "type": "Point", "coordinates": [ -75.637473675580665, 10.648025104496632 ] } },
{ "type": "Feature", "properties": { "fatalities": 3.0, "latitude": 1.0156586774906899, "longitude": 25.168381667864342 }, "geometry": { "type": "Point", "coordinates": [ 25.168381667864342, 1.01565867749069 ] } },
{ "type": "Feature", "properties": { "fatalities": 14.0, "latitude": -8.1283914424033217, "longitude": -37.971730383370542 }, "geometry": { "type": "Point", "coordinates": [ -37.971730383370542, -8.128391442403322 ] } },
{ "type": "Feature", "properties": { "fatalities": 28.0, "latitude": -1.3796993210370321, "longitude": 34.248528810391115 }, "geometry": { "type": "Point", "coordinates": [ 34.248528810391115, -1.379699321037032 ] } },
{ "type": "Feature", "properties": { "fatalities": 21.0, "latitude": 7.151900647176177, "longitude": 32.851386027532911 }, "geometry": { "type": "Point", "coordinates": [ 32.851386027532911, 7.151900647176177 ] } },
{ "type": "Feature", "properties": { "fatalities": 7.0, "latitude": 11.273791895961986, "longitude": 22.97685049154607 }, "geometry": { "type": "Point", "coordinates": [ 22.97685049154607, 11.273791895961986 ] } },
{ "type": "Feature", "properties": { "fatalities": 2.0, "latitude": 40.300768696263496, "longitude": 22.104118813630322 }, "geometry": { "type": "Point", "coordinates": [ 22.104118813630322, 40.300768696263496 ] } },
{ "type": "Feature", "properties": { "fatalities": 0.0, "latitude": -2.2177805919620535, "longitude": 140.86586056364902 }, "geometry": { "type": "Point", "coordinates": [ 140.865860563649022, -2.217780591962053 ] } },
{ "type": "Feature", "properties": { "fatalities": 0.0, "latitude": 8.0058428051112696, "longitude": 82.066454497752275 }, "geometry": { "type": "Point", "coordinates": [ 82.066454497752275, 8.00584280511127 ] } },
{ "type": "Feature", "properties": { "fatalities": 20.0, "latitude": 5.9888370686321268, "longitude": 101.45944578513777 }, "geometry": { "type": "Point", "coordinates": [ 101.459445785137774, 5.988837068632127 ] } },
{ "type": "Feature", "properties": { "fatalities": 0.0, "latitude": 22.906941967688933, "longitude": -83.802258706891877 }, "geometry": { "type": "Point", "coordinates": [ -83.802258706891877, 22.906941967688933 ] } },
{ "type": "Feature", "properties": { "fatalities": 3.0, "latitude": 16.990451815161453, "longitude": 81.048979701188472 }, "geometry": { "type": "Point", "coordinates": [ 81.048979701188472, 16.990451815161453 ] } },
{ "type": "Feature", "properties": { "fatalities": 28.0, "latitude": 9.3656311571863711, "longitude": -2.6564389623330507 }, "geometry": { "type": "Point", "coordinates": [ -2.656438962333051, 9.365631157186371 ] } },
{ "type": "Feature", "properties": { "fatalities": 0.0, "latitude": 7.4819564854575038, "longitude": 50.721152687497629 }, "geometry": { "type": "Point", "coordinates": [ 50.721152687497629, 7.481956485457504 ] } },
{ "type": "Feature", "properties": { "fatalities": 17.0, "latitude": 9.5827057033425316, "longitude": 5.2599160080793261 }, "geometry": { "type": "Point", "coordinates": [ 5.259916008079326, 9.582705703342532 ] } },
{ "type": "Feature", "properties": { "fatalities": 0.0, "latitude": -6.8917392916695057, "longitude": -42.068174024358918 }, "geometry": { "type": "Point", "coordinates": [ -42.068174024358918, -6.891739291669506 ] } },
{ "type": "Feature", "properties": { "fatalities": 12.0, "latitude": -8.0947849274338299, "longitude": -72.36747331666497 }, "geometry": { "type": "Point", "coordinates": [ -72.36747331666497, -8.09478492743383 ] } },
{ "type": "Feature", "properties": { "fatalities": 13.0, "latitude": -10.464264007960439, "longitude": -55.361736311022113 }, "geometry": { "type": "Point", "coordinates": [ -55.361736311022113, -10.464264007960439 ] } },
{ "type": "Feature", "properties": { "fatalities": 1.0, "latitude": -21.447186193066827, "longitude": -55.797900302173495 }, "geometry": { "type": "Point", "coordinates": [ -55.797900302173495, -21.447186193066827 ] } },
{ "type": "Feature", "properties": { "fatalities": 0.0, "latitude": -22.1988980620626, "longitude": 47.452904871097388 }, "geometry": { "type": "Point", "coordinates": [ 47.452904871097388, -22.1988980620626 ] } },
{ "type": "Feature", "properties": { "fatalities": 3.0, "latitude": 32.787352208576685, "longitude": 67.186955843994724 }, "geometry": { "type": "Point", "coordinates": [ 67.186955843994724, 32.787352208576685 ] } },
{ "type": "Feature", "properties": { "fatalities": 4.0, "latitude": 10.138274266082755, "longitude": -84.490459494765446 }, "geometry": { "type": "Point", "coordinates": [ -84.490459494765446, 10.138274266082755 ] } },
{ "type": "Feature", "properties": { "fatalities": 74.0, "latitude": -4.0831803618911167, "longitude": 28.907564078538716 }, "geometry": { "type": "Point", "coordinates": [ 28.907564078538716, -4.083180361891117 ] } },
{ "type": "Feature", "properties": { "fatalities": 0.0, "latitude": 32.115869731134531, "longitude": 120.05079690596477 }, "geometry": { "type": "Point", "coordinates": [ 120.050796905964773, 32.115869731134531 ] } },
{ "type": "Feature", "properties": { "fatalities": 1.0, "latitude": 12.798459028893742, "longitude": -69.787732895900717 }, "geometry": { "type": "Point", "coordinates": [ -69.787732895900717, 12.798459028893742 ] } },
{ "type": "Feature", "properties": { "fatalities": 16.0, "latitude": -22.069605457924084, "longitude": -47.631543784758044 }, "geometry": { "type": "Point", "coordinates": [ -47.631543784758044, -22.069605457924084 ] } },
{ "type": "Feature", "properties": { "fatalities": 6.0, "latitude": -9.0743885896513987, "longitude": -48.286924325767217 }, "geometry": { "type": "Point", "coordinates": [ -48.286924325767217, -9.074388589651399 ] } },
{ "type": "Feature", "properties": { "fatalities": 10.0, "latitude": 4.0766384921838741, "longitude": -74.309671314821031 }, "geometry": { "type": "Point", "coordinates": [ -74.309671314821031, 4.076638492183874 ] } },
{ "type": "Feature", "properties": { "fatalities": 2.0, "latitude": 0.14945934269806033, "longitude": 42.135447079266655 }, "geometry": { "type": "Point", "coordinates": [ 42.135447079266655, 0.14945934269806 ] } },
{ "type": "Feature", "properties": { "fatalities": 0.0, "latitude": 32.25662271824072, "longitude": 14.889121589771161 }, "geometry": { "type": "Point", "coordinates": [ 14.889121589771161, 32.25662271824072 ] } },
{ "type": "Feature", "properties": { "fatalities": 4.0, "latitude": 8.711756938160061, "longitude": -10.722894747179474 }, "geometry": { "type": "Point", "coordinates": [ -10.722894747179474, 8.711756938160061 ] } },
{ "type": "Feature", "properties": { "fatalities": 7.0, "latitude": 12.333457453144, "longitude": 124.70784827636732 }, "geometry": { "type": "Point", "coordinates": [ 124.707848276367315, 12.333457453144 ] } },
{ "type": "Feature", "properties": { "fatalities": 0.0, "latitude": 30.697826613545388, "longitude": 121.49263779448034 }, "geometry": { "type": "Point", "coordinates": [ 121.492637794480345, 30.697826613545388 ] } },
{ "type": "Feature", "properties": { "fatalities": 0.0, "latitude": 16.895600699714699, "longitude": 75.16688102636158 }, "geometry": { "type": "Point", "coordinates": [ 75.16688102636158, 16.895600699714699 ] } },
{ "type": "Feature", "properties": { "fatalities": 2.0, "latitude": 18.757298042754886, "longitude": 77.462778947232678 }, "geometry": { "type": "Point", "coordinates": [ 77.462778947232678, 18.757298042754886 ] } },
{ "type": "Feature", "properties": { "fatalities": 1.0, "latitude": -5.1118486274703159, "longitude": 29.44094022944596 }, "geometry": { "type": "Point", "coordinates": [ 29.44094022944596, -5.111848627470316 ] } },
{ "type": "Feature", "properties": { "fatalities": 9.0, "latitude": 18.898811128435721, "longitude": -70.194666975351893 }, "geometry": { "type": "Point", "coordinates": [ -70.194666975351893, 18.898811128435721 ] } },
{ "type": "Feature", "properties": { "fatalities": 23.0, "latitude": 17.0557528652329, "longitude": -3.6391017456883299 }, "geometry": { "type": "Point", "coordinates": [ -3.63910174568833, 17.0557528652329 ] } },
{ "type": "Feature", "properties": { "fatalities": 3.0, "latitude": 12.674199259112214, "longitude": 32.313389232828534 }, "geometry": { "type": "Point", "coordinates": [ 32.313389232828534, 12.674199259112214 ] } },
{ "type": "Feature", "properties": { "fatalities": 0.0, "latitude": 51.235487446308277, "longitude": 13.99337450179191 }, "geometry": { "type": "Point", "coordinates": [ 13.99337450179191, 51.235487446308277 ] } },
{ "type": "Feature", "properties": { "fatalities": 43.0, "latitude": 18.228885597161039, "longitude": -77.700132428238248 }, "geometry": { "type": "Point", "coordinates": [ -77.700132428238248, 18.228885597161039 ] } },
{ "type": "Feature", "properties": { "fatalities": 1.0, "latitude": -15.42561092905699, "longitude": 47.842491994351271 }, "geometry": { "type": "Point", "coordinates": [ 47.842491994351271, -15.42561092905699 ] } },
{ "type": "Feature", "properties": { "fatalities": 0.0, "latitude": 11.966728031868938, "longitude": -1.6791824468055248 }, "geometry": { "type": "Point", "coordinates": [ -1.679182446805525, 11.966728031868938 ] } },
{ "type": "Feature", "properties": { "fatalities": 1.0, "latitude": 14.27577654325871, "longitude": 35.956059938674173 }, "geometry": { "type": "Point", "coordinates": [ 35.956059938674173, 14.27577654325871 ] } },
{ "type": "Feature", "properties": { "fatalities": 33.0, "latitude": 1.888982601496028, "longitude": 44.280349936437517 }, "geometry": { "type": "Point", "coordinates": [ 44.280349936437517, 1.888982601496028 ] } },
{ "type": "Feature", "properties": { "fatalities": 36.0, "latitude": -5.0023970586729787, "longitude": -47.15545960159205 }, "geometry": { "type": "Point", "coordinates": [ -47.15545960159205, -5.002397058672979 ] } },
{ "type": "Feature", "properties": { "fatalities": 3.0, "latitude": -2.0391704997844489, "longitude": -48.091404324257873 }, "geometry": { "type": "Point", "coordinates": [ -48.091404324257873, -2.039170499784449 ] } },
{ "type": "Feature", "properties": { "fatalities": 2.0, "latitude": 0.2642295668093354, "longitude": 39.934146064460357 }, "geometry": { "type": "Point", "coordinates": [ 39.934146064460357, 0.264229566809335 ] } },
{ "type": "Feature", "properties": { "fatalities": 0.0, "latitude": -19.404378440508957, "longitude": 45.672088659769798 }, "geometry": { "type": "Point", "coordinates": [ 45.672088659769798, -19.404378440508957 ] } },
{ "type": "Feature", "properties": { "fatalities": 3.0, "latitude": 16.322878543965825, "longitude": -91.12875352866655 }, "geometry": { "type": "Point", "coordinates": [ -91.12875352866655, 16.322878543965825 ] } },
{ "type": "Feature", "properties": { "fatalities": 12.0, "latitude": 15.943126805819318, "longitude": -97.236129602718748 }, "geometry": { "type": "Point", "coordinates": [ -97.236129602718748, 15.943126805819318 ] } },
{ "type": "Feature", "properties": { "fatalities": 34.0, "latitude": 18.831963101588904, "longitude": -103.18733518217435 }, "geometry": { "type": "Point", "coordinates": [ -103.187335182174351, 18.831963101588904 ] } },
{ "type": "Feature", "properties": { "fatalities": 15.0, "latitude": 13.252831165903784, "longitude": 8.0998979460497544 }, "geometry": { "type": "Point", "coordinates": [ 8.099897946049754, 13.252831165903784 ] } },
{ "type": "Feature", "properties": { "fatalities": 4.0, "latitude": 14.980294454912512, "longitude": 45.958504889224436 }, "geometry": { "type": "Point", "coordinates": [ 45.958504889224436, 14.980294454912512 ] } },
{ "type": "Feature", "properties": { "fatalities": 1.0, "latitude": 27.470141344028693, "longitude": 85.719232836781359 }, "geometry": { "type": "Point", "coordinates": [ 85.719232836781359, 27.470141344028693 ] } },
{ "type": "Feature", "properties": { "fatalities": 187.0, "latitude": 12.894389174637565, "longitude": 28.877359322718771 }, "geometry": { "type": "Point", "coordinates": [ 28.877359322718771, 12.894389174637565 ] } },
{ "type": "Feature", "properties": { "fatalities": 1.0, "latitude": 26.995699928451614, "longitude": 81.311908688524028 }, "geometry": { "type": "Point", "coordinates": [ 81.311908688524028, 26.995699928451614 ] } },
{ "type": "Feature", "properties": { "fatalities": 2.0, "latitude": 23.408438333080067, "longitude": -110.52430446575129 }, "geometry": { "type": "Point", "coordinates": [ -110.524304465751285, 23.408438333080067 ] } },
{ "type": "Feature", "properties": { "fatalities": 1.0, "latitude": 4.8274511742073711, "longitude": 24.310341605382835 }, "geometry": { "type": "Point", "coordinates": [ 24.310341605382835, 4.827451174207371 ] } },
{ "type": "Feature", "properties": { "fatalities": 8.0, "latitude": -8.7049948048369874, "longitude": -39.008368160024588 }, "geometry": { "type": "Point", "coordinates": [ -39.008368160024588, -8.704994804836987 ] } },
{ "type": "Feature", "properties": { "fatalities": 510.0, "latitude": 13.734784068213134, "longitude": 30.703384287256341 }, "geometry": { "type": "Point", "coordinates": [ 30.703384287256341, 13.734784068213134 ] } },
{ "type": "Feature", "properties": { "fatalities": 3.0, "latitude": 21.150059835674373, "longitude": -86.181082600845613 }, "geometry": { "type": "Point", "coordinates": [ -86.181082600845613, 21.150059835674373 ] } },
{ "type": "Feature", "properties": { "fatalities": 0.0, "latitude": 15.639069428924435, "longitude": 47.67843453950838 }, "geometry": { "type": "Point", "coordinates": [ 47.67843453950838, 15.639069428924435 ] } },
{ "type": "Feature", "properties": { "fatalities": 6.0, "latitude": 32.051679514347818, "longitude": 73.048531792177869 }, "geometry": { "type": "Point", "coordinates": [ 73.048531792177869, 32.051679514347818 ] } },
{ "type": "Feature", "properties": { "fatalities": 2.0, "latitude": 6.9525676008336363, "longitude": 36.169121682215192 }, "geometry": { "type": "Point", "coordinates": [ 36.169121682215192, 6.952567600833636 ] } },
{ "type": "Feature", "properties": { "fatalities": 6.0, "latitude": 0.20666178028595333, "longitude": 41.039036105793883 }, "geometry": { "type": "Point", "coordinates": [ 41.039036105793883, 0.206661780285953 ] } },
{ "type": "Feature", "properties": { "fatalities": 5.0, "latitude": -17.186696962081246, "longitude": -46.449198695108791 }, "geometry": { "type": "Point", "coordinates": [ -46.449198695108791, -17.186696962081246 ] } },
{ "type": "Feature", "properties": { "fatalities": 0.0, "latitude": -29.086630761955174, "longitude": 26.789669671536831 }, "geometry": { "type": "Point", "coordinates": [ 26.789669671536831, -29.086630761955174 ] } },
{ "type": "Feature", "properties": { "fatalities": 6.0, "latitude": 5.3401084300346158, "longitude": 32.780743744442468 }, "geometry": { "type": "Point", "coordinates": [ 32.780743744442468, 5.340108430034616 ] } },
{ "type": "Feature", "properties": { "fatalities": 3.0, "latitude": 23.935175537166657, "longitude": 86.928058640749171 }, "geometry": { "type": "Point", "coordinates": [ 86.928058640749171, 23.935175537166657 ] } },
{ "type": "Feature", "properties": { "fatalities": 24.0, "latitude": 33.845396453667696, "longitude": 62.40095975115922 }, "geometry": { "type": "Point", "coordinates": [ 62.40095975115922, 33.845396453667696 ] } },
{ "type": "Feature", "properties": { "fatalities": 82.0, "latitude": 10.326215366749558, "longitude": 38.630014667740923 }, "geometry": { "type": "Point", "coordinates": [ 38.630014667740923, 10.326215366749558 ] } },
{ "type": "Feature", "properties": { "fatalities": 4.0, "latitude": 25.691532229974381, "longitude": 89.595910164749114 }, "geometry": { "type": "Point", "coordinates": [ 89.595910164749114, 25.691532229974381 ] } },
{ "type": "Feature", "properties": { "fatalities": 1.0, "latitude": -14.724067133819762, "longitude": -67.907263319445875 }, "geometry": { "type": "Point", "coordinates": [ -67.907263319445875, -14.724067133819762 ] } },
{ "type": "Feature", "properties": { "fatalities": 2.0, "latitude": -9.6177779425569323, "longitude": -49.322520139493101 }, "geometry": { "type": "Point", "coordinates": [ -49.322520139493101, -9.617777942556932 ] } },
{ "type": "Feature", "properties": { "fatalities": 2.0, "latitude": -0.35874524608295288, "longitude": -74.70131990751625 }, "geometry": { "type": "Point", "coordinates": [ -74.70131990751625, -0.358745246082953 ] } },
{ "type": "Feature", "properties": { "fatalities": 51.0, "latitude": 11.32424923178568, "longitude": 4.004268318810384 }, "geometry": { "type": "Point", "coordinates": [ 4.004268318810384, 11.32424923178568 ] } },
{ "type": "Feature", "properties": { "fatalities": 5.0, "latitude": -0.63904144332824697, "longitude": 131.69432837275841 }, "geometry": { "type": "Point", "coordinates": [ 131.694328372758406, -0.639041443328247 ] } },
{ "type": "Feature", "properties": { "fatalities": 14.0, "latitude": -3.6833391593822236, "longitude": 138.13540984260982 }, "geometry": { "type": "Point", "coordinates": [ 138.135409842609818, -3.683339159382224 ] } },
{ "type": "Feature", "properties": { "fatalities": 161.0, "latitude": 12.57131283182596, "longitude": -4.2495129098754552 }, "geometry": { "type": "Point", "coordinates": [ -4.249512909875455, 12.57131283182596 ] } },
{ "type": "Feature", "properties": { "fatalities": 203.0, "latitude": 6.018503285604754, "longitude": 16.198165646988553 }, "geometry": { "type": "Point", "coordinates": [ 16.198165646988553, 6.018503285604754 ] } },
{ "type": "Feature", "properties": { "fatalities": 2.0, "latitude": -8.2633747409625489, "longitude": -70.40044253082597 }, "geometry": { "type": "Point", "coordinates": [ -70.40044253082597, -8.263374740962549 ] } },
{ "type": "Feature", "properties": { "fatalities": 0.0, "latitude": 50.400758308438462, "longitude": 83.113275528277867 }, "geometry": { "type": "Point", "coordinates": [ 83.113275528277867, 50.400758308438462 ] } },
{ "type": "Feature", "properties": { "fatalities": 17.0, "latitude": -2.2752385083026074, "longitude": 32.486717510565953 }, "geometry": { "type": "Point", "coordinates": [ 32.486717510565953, -2.275238508302607 ] } },
{ "type": "Feature", "properties": { "fatalities": 10.0, "latitude": -23.460474897473979, "longitude": -50.795605489601591 }, "geometry": { "type": "Point", "coordinates": [ -50.795605489601591, -23.460474897473979 ] } },
{ "type": "Feature", "properties": { "fatalities": 16.0, "latitude": 18.567119587986173, "longitude": 1.9488671948225595 }, "geometry": { "type": "Point", "coordinates": [ 1.94886719482256, 18.567119587986173 ] } },
{ "type": "Feature", "properties": { "fatalities": 7.0, "latitude": -33.645356410813548, "longitude": 25.778568773669836 }, "geometry": { "type": "Point", "coordinates": [ 25.778568773669836, -33.645356410813548 ] } },
{ "type": "Feature", "properties": { "fatalities": 8.0, "latitude": 11.231557103548401, "longitude": 24.128429340403599 }, "geometry": { "type": "Point", "coordinates": [ 24.128429340403599, 11.231557103548401 ] } },
{ "type": "Feature", "properties": { "fatalities": 1.0, "latitude": 46.760982312417958, "longitude": 13.453834100640194 }, "geometry": { "type": "Point", "coordinates": [ 13.453834100640194, 46.760982312417958 ] } },
{ "type": "Feature", "properties": { "fatalities": 0.0, "latitude": 52.683569128184295, "longitude": 10.417062986893326 }, "geometry": { "type": "Point", "coordinates": [ 10.417062986893326, 52.683569128184295 ] } },
{ "type": "Feature", "properties": { "fatalities": 2.0, "latitude": 25.156097246169949, "longitude": 78.83916256089455 }, "geometry": { "type": "Point", "coordinates": [ 78.83916256089455, 25.156097246169949 ] } },
{ "type": "Feature", "properties": { "fatalities": 1.0, "latitude": 25.901700218637465, "longitude": -80.09979465640231 }, "geometry": { "type": "Point", "coordinates": [ -80.09979465640231, 25.901700218637465 ] } },
{ "type": "Feature", "properties": { "fatalities": 2.0, "latitude": 40.785026223609449, "longitude": 69.830873732384603 }, "geometry": { "type": "Point", "coordinates": [ 69.830873732384603, 40.785026223609449 ] } },
{ "type": "Feature", "properties": { "fatalities": 0.0, "latitude": 45.682603007148849, "longitude": 11.152642388911874 }, "geometry": { "type": "Point", "coordinates": [ 11.152642388911874, 45.682603007148849 ] } },
{ "type": "Feature", "properties": { "fatalities": 3.0, "latitude": 20.593952829935976, "longitude": 30.841570317973343 }, "geometry": { "type": "Point", "coordinates": [ 30.841570317973343, 20.593952829935976 ] } },
{ "type": "Feature", "properties": { "fatalities": 0.0, "latitude": -6.7158321508555447, "longitude": 22.28427686427943 }, "geometry": { "type": "Point", "coordinates": [ 22.28427686427943, -6.715832150855545 ] } },
{ "type": "Feature", "properties": { "fatalities": 35.0, "latitude": 9.5434950944512771, "longitude": 3.204411396887517 }, "geometry": { "type": "Point", "coordinates": [ 3.204411396887517, 9.543495094451277 ] } },
{ "type": "Feature", "properties": { "fatalities": 2.0, "latitude": -27.524428520480534, "longitude": -50.946218301316819 }, "geometry": { "type": "Point", "coordinates": [ -50.946218301316819, -27.524428520480534 ] } },
{ "type": "Feature", "properties": { "fatalities": 4.0, "latitude": -19.908482294216668, "longitude": -47.566731682998586 }, "geometry": { "type": "Point", "coordinates": [ -47.566731682998586, -19.908482294216668 ] } },
{ "type": "Feature", "properties": { "fatalities": 28.0, "latitude": -16.783216648931852, "longitude": -39.135354351502471 }, "geometry": { "type": "Point", "coordinates": [ -39.135354351502471, -16.783216648931852 ] } },
{ "type": "Feature", "properties": { "fatalities": 0.0, "latitude": 9.5471361693273273, "longitude": 18.374609594741223 }, "geometry": { "type": "Point", "coordinates": [ 18.374609594741223, 9.547136169327327 ] } },
{ "type": "Feature", "properties": { "fatalities": 5.0, "latitude": 4.980959886043884, "longitude": -77.16973688177427 }, "geometry": { "type": "Point", "coordinates": [ -77.16973688177427, 4.980959886043884 ] } },
{ "type": "Feature", "properties": { "fatalities": 10.0, "latitude": 5.1595889690989036, "longitude": -74.213566491732365 }, "geometry": { "type": "Point", "coordinates": [ -74.213566491732365, 5.159588969098904 ] } },
{ "type": "Feature", "properties": { "fatalities": 7.0, "latitude": 30.527114579939031, "longitude": -112.54256961089925 }, "geometry": { "type": "Point", "coordinates": [ -112.54256961089925, 30.527114579939031 ] } },
{ "type": "Feature", "properties": { "fatalities": 38.0, "latitude": 5.3320334907011615, "longitude": 46.316923713825012 }, "geometry": { "type": "Point", "coordinates": [ 46.316923713825012, 5.332033490701162 ] } },
{ "type": "Feature", "properties": { "fatalities": 0.0, "latitude": 8.3573217108302202, "longitude": 50.207098954143532 }, "geometry": { "type": "Point", "coordinates": [ 50.207098954143532, 8.35732171083022 ] } },
{ "type": "Feature", "properties": { "fatalities": 5.0, "latitude": 49.2005375521153, "longitude": 2.0025038059369127 }, "geometry": { "type": "Point", "coordinates": [ 2.002503805936913, 49.2005375521153 ] } },
{ "type": "Feature", "properties": { "fatalities": 0.0, "latitude": -8.275439041068859, "longitude": 140.67212065867278 }, "geometry": { "type": "Point", "coordinates": [ 140.672120658672782, -8.275439041068859 ] } },
{ "type": "Feature", "properties": { "fatalities": 0.0, "latitude": -3.3412919629252338, "longitude": 133.92814789179548 }, "geometry": { "type": "Point", "coordinates": [ 133.928147891795476, -3.341291962925234 ] } },
{ "type": "Feature", "properties": { "fatalities": 5.0, "latitude": -22.544665490063963, "longitude": -48.689304399584209 }, "geometry": { "type": "Point", "coordinates": [ -48.689304399584209, -22.544665490063963 ] } },
{ "type": "Feature", "properties": { "fatalities": 0.0, "latitude": 23.717214312345138, "longitude": 77.549935814263335 }, "geometry": { "type": "Point", "coordinates": [ 77.549935814263335, 23.717214312345138 ] } },
{ "type": "Feature", "properties": { "fatalities": 2.0, "latitude": -0.20686440876576417, "longitude": 30.265153919859042 }, "geometry": { "type": "Point", "coordinates": [ 30.265153919859042, -0.206864408765764 ] } },
{ "type": "Feature", "properties": { "fatalities": 0.0, "latitude": 51.9934788768781, "longitude": 39.753445732561723 }, "geometry": { "type": "Point", "coordinates": [ 39.753445732561723, 51.9934788768781 ] } },
{ "type": "Feature", "properties": { "fatalities": 7.0, "latitude": 24.184486350675311, "longitude": -103.75167757093003 }, "geometry": { "type": "Point", "coordinates": [ -103.751677570930028, 24.184486350675311 ] } },
{ "type": "Feature", "properties": { "fatalities": 0.0, "latitude": 8.7261481082510794, "longitude": 12.280312968757288 }, "geometry": { "type": "Point", "coordinates": [ 12.280312968757288, 8.726148108251079 ] } },
{ "type": "Feature", "properties": { "fatalities": 4.0, "latitude": 11.078993975008935, "longitude": 27.569316198069295 }, "geometry": { "type": "Point", "coordinates": [ 27.569316198069295, 11.078993975008935 ] } },
{ "type": "Feature", "properties": { "fatalities": 3.0, "latitude": -3.1578318891288917, "longitude": 135.08016883757008 }, "geometry": { "type": "Point", "coordinates": [ 135.080168837570085, -3.157831889128892 ] } },
{ "type": "Feature", "properties": { "fatalities": 0.0, "latitude": 28.145877971419399, "longitude": 84.821995376243606 }, "geometry": { "type": "Point", "coordinates": [ 84.821995376243606, 28.145877971419399 ] } },
{ "type": "Feature", "properties": { "fatalities": 24.0, "latitude": 15.373988833103365, "longitude": -3.2897195766451377 }, "geometry": { "type": "Point", "coordinates": [ -3.289719576645138, 15.373988833103365 ] } },
{ "type": "Feature", "properties": { "fatalities": 15.0, "latitude": 18.555675761775014, "longitude": -76.716238462480248 }, "geometry": { "type": "Point", "coordinates": [ -76.716238462480248, 18.555675761775014 ] } },
{ "type": "Feature", "properties": { "fatalities": 48.0, "latitude": 20.337208167033509, "longitude": 0.57741317896636524 }, "geometry": { "type": "Point", "coordinates": [ 0.577413178966365, 20.337208167033509 ] } },
{ "type": "Feature", "properties": { "fatalities": 0.0, "latitude": 51.198292214410792, "longitude": 4.738468446984343 }, "geometry": { "type": "Point", "coordinates": [ 4.738468446984343, 51.198292214410792 ] } },
{ "type": "Feature", "properties": { "fatalities": 14.0, "latitude": 7.0878771131720129, "longitude": 33.960758287810968 }, "geometry": { "type": "Point", "coordinates": [ 33.960758287810968, 7.087877113172013 ] } },
{ "type": "Feature", "properties": { "fatalities": 1.0, "latitude": -25.34777553239962, "longitude": -52.925579177192752 }, "geometry": { "type": "Point", "coordinates": [ -52.925579177192752, -25.34777553239962 ] } },
{ "type": "Feature", "properties": { "fatalities": 14.0, "latitude": 4.4908022822648848, "longitude": 45.817520224337095 }, "geometry": { "type": "Point", "coordinates": [ 45.817520224337095, 4.490802282264885 ] } },
{ "type": "Feature", "properties": { "fatalities": 0.0, "latitude": 38.347271184463807, "longitude": 41.052914766640946 }, "geometry": { "type": "Point", "coordinates": [ 41.052914766640946, 38.347271184463807 ] } },
{ "type": "Feature", "properties": { "fatalities": 3.0, "latitude": 13.210725603149086, "longitude": 45.54559549365392 }, "geometry": { "type": "Point", "coordinates": [ 45.54559549365392, 13.210725603149086 ] } },
{ "type": "Feature", "properties": { "fatalities": 7.0, "latitude": 36.744857593800312, "longitude": 68.423809883936244 }, "geometry": { "type": "Point", "coordinates": [ 68.423809883936244, 36.744857593800312 ] } },
{ "type": "Feature", "properties": { "fatalities": 12.0, "latitude": 36.166465270028937, "longitude": 64.684438260739299 }, "geometry": { "type": "Point", "coordinates": [ 64.684438260739299, 36.166465270028937 ] } },
{ "type": "Feature", "properties": { "fatalities": 2.0, "latitude": 4.912500047106648, "longitude": -72.301720197212006 }, "geometry": { "type": "Point", "coordinates": [ -72.301720197212006, 4.912500047106648 ] } },
{ "type": "Feature", "properties": { "fatalities": 0.0, "latitude": 27.772657799478072, "longitude": 83.644811605296184 }, "geometry": { "type": "Point", "coordinates": [ 83.644811605296184, 27.772657799478072 ] } },
{ "type": "Feature", "properties": { "fatalities": 0.0, "latitude": 55.342508593267539, "longitude": 110.09670446141062 }, "geometry": { "type": "Point", "coordinates": [ 110.096704461410624, 55.342508593267539 ] } },
{ "type": "Feature", "properties": { "fatalities": 15.0, "latitude": 6.2819400637493494, "longitude": 32.258385505915491 }, "geometry": { "type": "Point", "coordinates": [ 32.258385505915491, 6.281940063749349 ] } },
{ "type": "Feature", "properties": { "fatalities": 2.0, "latitude": 9.797724329269526, "longitude": 33.637630527843179 }, "geometry": { "type": "Point", "coordinates": [ 33.637630527843179, 9.797724329269526 ] } },
{ "type": "Feature", "properties": { "fatalities": 7.0, "latitude": 29.699842233938075, "longitude": 31.237053761712755 }, "geometry": { "type": "Point", "coordinates": [ 31.237053761712755, 29.699842233938075 ] } },
{ "type": "Feature", "properties": { "fatalities": 10.0, "latitude": 12.979302491149483, "longitude": 39.645957542238364 }, "geometry": { "type": "Point", "coordinates": [ 39.645957542238364, 12.979302491149483 ] } },
{ "type": "Feature", "properties": { "fatalities": 7.0, "latitude": 5.2497104069270755, "longitude": 47.33826905335313 }, "geometry": { "type": "Point", "coordinates": [ 47.33826905335313, 5.249710406927075 ] } },
{ "type": "Feature", "properties": { "fatalities": 1.0, "latitude": -5.4281535552949691, "longitude": -52.214202446486702 }, "geometry": { "type": "Point", "coordinates": [ -52.214202446486702, -5.428153555294969 ] } },
{ "type": "Feature", "properties": { "fatalities": 15.0, "latitude": 27.327608873606497, "longitude": 62.88266414015461 }, "geometry": { "type": "Point", "coordinates": [ 62.88266414015461, 27.327608873606497 ] } },
{ "type": "Feature", "properties": { "fatalities": 10.0, "latitude": 4.2619514658093518, "longitude": 35.545332790710788 }, "geometry": { "type": "Point", "coordinates": [ 35.545332790710788, 4.261951465809352 ] } },
{ "type": "Feature", "properties": { "fatalities": 2.0, "latitude": 18.439594417682152, "longitude": 79.364650276506651 }, "geometry": { "type": "Point", "coordinates": [ 79.364650276506651, 18.439594417682152 ] } },
{ "type": "Feature", "properties": { "fatalities": 10.0, "latitude": 7.7454556998988435, "longitude": -1.4229777648601247 }, "geometry": { "type": "Point", "coordinates": [ -1.422977764860125, 7.745455699898844 ] } },
{ "type": "Feature", "properties": { "fatalities": 0.0, "latitude": 23.09467319360337, "longitude": -79.940749872894216 }, "geometry": { "type": "Point", "coordinates": [ -79.940749872894216, 23.09467319360337 ] } },
{ "type": "Feature", "properties": { "fatalities": 11.0, "latitude": 16.395085743558685, "longitude": -96.144895485669835 }, "geometry": { "type": "Point", "coordinates": [ -96.144895485669835, 16.395085743558685 ] } },
{ "type": "Feature", "properties": { "fatalities": 2.0, "latitude": 61.834029907683338, "longitude": 129.54469761601646 }, "geometry": { "type": "Point", "coordinates": [ 129.544697616016464, 61.834029907683338 ] } },
{ "type": "Feature", "properties": { "fatalities": 30.0, "latitude": 13.700307918111447, "longitude": -1.9849169175250259 }, "geometry": { "type": "Point", "coordinates": [ -1.984916917525026, 13.700307918111447 ] } },
{ "type": "Feature", "properties": { "fatalities": 6.0, "latitude": -22.686108394880229, "longitude": -53.838029138281954 }, "geometry": { "type": "Point", "coordinates": [ -53.838029138281954, -22.686108394880229 ] } },
{ "type": "Feature", "properties": { "fatalities": 1.0, "latitude": -12.260542292915039, "longitude": -61.180868513196259 }, "geometry": { "type": "Point", "coordinates": [ -61.180868513196259, -12.260542292915039 ] } },
{ "type": "Feature", "properties": { "fatalities": 28.0, "latitude": 9.6256424474913249, "longitude": -75.73744468490473 }, "geometry": { "type": "Point", "coordinates": [ -75.73744468490473, 9.625642447491325 ] } },
{ "type": "Feature", "properties": { "fatalities": 2.0, "latitude": 30.334194093860265, "longitude": 74.048965153589734 }, "geometry": { "type": "Point", "coordinates": [ 74.048965153589734, 30.334194093860265 ] } },
{ "type": "Feature", "properties": { "fatalities": 23.0, "latitude": 3.8876113970951018, "longitude": -77.277540334139928 }, "geometry": { "type": "Point", "coordinates": [ -77.277540334139928, 3.887611397095102 ] } },
{ "type": "Feature", "properties": { "fatalities": 26.0, "latitude": 6.1496161413514123, "longitude": 4.650831659225668 }, "geometry": { "type": "Point", "coordinates": [ 4.650831659225668, 6.149616141351412 ] } },
{ "type": "Feature", "properties": { "fatalities": 2.0, "latitude": 9.5146467275999793, "longitude": -13.21196202733508 }, "geometry": { "type": "Point", "coordinates": [ -13.21196202733508, 9.514646727599979 ] } },
{ "type": "Feature", "properties": { "fatalities": 15.0, "latitude": 29.443911816608072, "longitude": 69.451789466385762 }, "geometry": { "type": "Point", "coordinates": [ 69.451789466385762, 29.443911816608072 ] } },
{ "type": "Feature", "properties": { "fatalities": 0.0, "latitude": 35.268811398143349, "longitude": 24.073689952216046 }, "geometry": { "type": "Point", "coordinates": [ 24.073689952216046, 35.268811398143349 ] } },
{ "type": "Feature", "properties": { "fatalities": 0.0, "latitude": 51.34898709745837, "longitude": 51.003593851067443 }, "geometry": { "type": "Point", "coordinates": [ 51.003593851067443, 51.34898709745837 ] } },
{ "type": "Feature", "properties": { "fatalities": 1.0, "latitude": 4.0040585557703903, "longitude": -69.516908315328848 }, "geometry": { "type": "Point", "coordinates": [ -69.516908315328848, 4.00405855577039 ] } },
{ "type": "Feature", "properties": { "fatalities": 4.0, "latitude": 15.269600602901471, "longitude": 35.532482441262999 }, "geometry": { "type": "Point", "coordinates": [ 35.532482441262999, 15.269600602901471 ] } },
{ "type": "Feature", "properties": { "fatalities": 2.0, "latitude": -18.300412918239729, "longitude": 48.475299484901257 }, "geometry": { "type": "Point", "coordinates": [ 48.475299484901257, -18.300412918239729 ] } },
{ "type": "Feature", "properties": { "fatalities": 6.0, "latitude": 31.431185861728196, "longitude": 74.158850388330535 }, "geometry": { "type": "Point", "coordinates": [ 74.158850388330535, 31.431185861728196 ] } },
{ "type": "Feature", "properties": { "fatalities": 1.0, "latitude": -20.347099156443804, "longitude": 46.264246414643544 }, "geometry": { "type": "Point", "coordinates": [ 46.264246414643544, -20.347099156443804 ] } },
{ "type": "Feature", "properties": { "fatalities": 16.0, "latitude": 9.369692847245318, "longitude": -73.836155497563524 }, "geometry": { "type": "Point", "coordinates": [ -73.836155497563524, 9.369692847245318 ] } },
{ "type": "Feature", "properties": { "fatalities": 9.0, "latitude": 10.49347418599063, "longitude": 98.47304130477697 }, "geometry": { "type": "Point", "coordinates": [ 98.47304130477697, 10.49347418599063 ] } },
{ "type": "Feature", "properties": { "fatalities": 0.0, "latitude": -25.52042439101519, "longitude": -50.870673409152438 }, "geometry": { "type": "Point", "coordinates": [ -50.870673409152438, -25.52042439101519 ] } },
{ "type": "Feature", "properties": { "fatalities": 71.0, "latitude": 25.405171666210517, "longitude": 96.228597446557103 }, "geometry": { "type": "Point", "coordinates": [ 96.228597446557103, 25.405171666210517 ] } },
{ "type": "Feature", "properties": { "fatalities": 24.0, "latitude": 13.32098182924889, "longitude": 14.886619546062727 }, "geometry": { "type": "Point", "coordinates": [ 14.886619546062727, 13.32098182924889 ] } },
{ "type": "Feature", "properties": { "fatalities": 10.0, "latitude": 29.383634746187131, "longitude": 60.524331260377295 }, "geometry": { "type": "Point", "coordinates": [ 60.524331260377295, 29.383634746187131 ] } },
{ "type": "Feature", "properties": { "fatalities": 60.0, "latitude": 21.197328929959205, "longitude": -97.528411082124336 }, "geometry": { "type": "Point", "coordinates": [ -97.528411082124336, 21.197328929959205 ] } },
{ "type": "Feature", "properties": { "fatalities": 8.0, "latitude": 18.530084506463389, "longitude": -90.707833462971678 }, "geometry": { "type": "Point", "coordinates": [ -90.707833462971678, 18.530084506463389 ] } },
{ "type": "Feature", "properties": { "fatalities": 0.0, "latitude": 18.38547804588061, "longitude": -0.19695934144086294 }, "geometry": { "type": "Point", "coordinates": [ -0.196959341440863, 18.38547804588061 ] } },
{ "type": "Feature", "properties": { "fatalities": 28.0, "latitude": 15.763649691963925, "longitude": -4.995506063805073 }, "geometry": { "type": "Point", "coordinates": [ -4.995506063805073, 15.763649691963925 ] } },
{ "type": "Feature", "properties": { "fatalities": 5.0, "latitude": 33.900532209538618, "longitude": 64.782993901951784 }, "geometry": { "type": "Point", "coordinates": [ 64.782993901951784, 33.900532209538618 ] } },
{ "type": "Feature", "properties": { "fatalities": 6.0, "latitude": 26.416534950295286, "longitude": 88.699504324435097 }, "geometry": { "type": "Point", "coordinates": [ 88.699504324435097, 26.416534950295286 ] } },
{ "type": "Feature", "properties": { "fatalities": 1.0, "latitude": 47.984657895303656, "longitude": 6.9179326077715171 }, "geometry": { "type": "Point", "coordinates": [ 6.917932607771517, 47.984657895303656 ] } },
{ "type": "Feature", "properties": { "fatalities": 2.0, "latitude": 28.270262920837631, "longitude": 79.378500856596673 }, "geometry": { "type": "Point", "coordinates": [ 79.378500856596673, 28.270262920837631 ] } },
{ "type": "Feature", "properties": { "fatalities": 1.0, "latitude": 52.750106248914392, "longitude": 103.9521045402372 }, "geometry": { "type": "Point", "coordinates": [ 103.952104540237201, 52.750106248914392 ] } },
{ "type": "Feature", "properties": { "fatalities": 0.0, "latitude": -26.08955080637568, "longitude": 25.075740361167231 }, "geometry": { "type": "Point", "coordinates": [ 25.075740361167231, -26.08955080637568 ] } },
{ "type": "Feature", "properties": { "fatalities": 1.0, "latitude": -31.084075174270701, "longitude": 18.171862538268691 }, "geometry": { "type": "Point", "coordinates": [ 18.171862538268691, -31.084075174270701 ] } },
{ "type": "Feature", "properties": { "fatalities": 64.0, "latitude": 5.8884146079109305, "longitude": 20.51309466010078 }, "geometry": { "type": "Point", "coordinates": [ 20.51309466010078, 5.888414607910931 ] } },
{ "type": "Feature", "properties": { "fatalities": 7.0, "latitude": 6.831624363833912, "longitude": 18.929669783394232 }, "geometry": { "type": "Point", "coordinates": [ 18.929669783394232, 6.831624363833912 ] } },
{ "type": "Feature", "properties": { "fatalities": 1.0, "latitude": -16.530418459329255, "longitude": -56.582663814412186 }, "geometry": { "type": "Point", "coordinates": [ -56.582663814412186, -16.530418459329255 ] } },
{ "type": "Feature", "properties": { "fatalities": 1.0, "latitude": 6.7690980297965124, "longitude": 21.140467773861506 }, "geometry": { "type": "Point", "coordinates": [ 21.140467773861506, 6.769098029796512 ] } },
{ "type": "Feature", "properties": { "fatalities": 1.0, "latitude": 23.227621803445441, "longitude": -82.750477282060857 }, "geometry": { "type": "Point", "coordinates": [ -82.750477282060857, 23.227621803445441 ] } },
{ "type": "Feature", "properties": { "fatalities": 1.0, "latitude": 52.341273487237451, "longitude": 60.441492680863661 }, "geometry": { "type": "Point", "coordinates": [ 60.441492680863661, 52.341273487237451 ] } },
{ "type": "Feature", "properties": { "fatalities": 4.0, "latitude": 0.32210111654178614, "longitude": 38.821508965081406 }, "geometry": { "type": "Point", "coordinates": [ 38.821508965081406, 0.322101116541786 ] } },
{ "type": "Feature", "properties": { "fatalities": 97.0, "latitude": 9.6270758240181546, "longitude": 11.680934618481986 }, "geometry": { "type": "Point", "coordinates": [ 11.680934618481986, 9.627075824018155 ] } },
{ "type": "Feature", "properties": { "fatalities": 34.0, "latitude": 7.6866657011570663, "longitude": -73.027232275832873 }, "geometry": { "type": "Point", "coordinates": [ -73.027232275832873, 7.686665701157066 ] } },
{ "type": "Feature", "properties": { "fatalities": 1.0, "latitude": 35.592908442515402, "longitude": -0.89910796685189254 }, "geometry": { "type": "Point", "coordinates": [ -0.899107966851893, 35.592908442515402 ] } },
{ "type": "Feature", "properties": { "fatalities": 0.0, "latitude": -25.160883608244461, "longitude": 45.773937075714727 }, "geometry": { "type": "Point", "coordinates": [ 45.773937075714727, -25.160883608244461 ] } },
{ "type": "Feature", "properties": { "fatalities": 40.0, "latitude": 23.833779111756272, "longitude": -107.14524162663943 }, "geometry": { "type": "Point", "coordinates": [ -107.145241626639432, 23.833779111756272 ] } },
{ "type": "Feature", "properties": { "fatalities": 13.0, "latitude": 24.351711305647523, "longitude": -105.98264042632778 }, "geometry": { "type": "Point", "coordinates": [ -105.982640426327777, 24.351711305647523 ] } },
{ "type": "Feature", "properties": { "fatalities": 2.0, "latitude": 19.234524539653926, "longitude": -91.582856394672518 }, "geometry": { "type": "Point", "coordinates": [ -91.582856394672518, 19.234524539653926 ] } },
{ "type": "Feature", "properties": { "fatalities": 0.0, "latitude": 15.80649437758737, "longitude": 94.527949871121592 }, "geometry": { "type": "Point", "coordinates": [ 94.527949871121592, 15.80649437758737 ] } },
{ "type": "Feature", "properties": { "fatalities": 5.0, "latitude": 16.117581148878937, "longitude": 119.9856867713454 }, "geometry": { "type": "Point", "coordinates": [ 119.985686771345399, 16.117581148878937 ] } },
{ "type": "Feature", "properties": { "fatalities": 61.0, "latitude": 14.14628956756254, "longitude": -4.614868310930988 }, "geometry": { "type": "Point", "coordinates": [ -4.614868310930988, 14.14628956756254 ] } },
{ "type": "Feature", "properties": { "fatalities": 7.0, "latitude": -3.3074385827906623, "longitude": -44.04811152838608 }, "geometry": { "type": "Point", "coordinates": [ -44.04811152838608, -3.307438582790662 ] } },
{ "type": "Feature", "properties": { "fatalities": 0.0, "latitude": 54.207776351563595, "longitude": -5.9688196286816337 }, "geometry": { "type": "Point", "coordinates": [ -5.968819628681634, 54.207776351563595 ] } },
{ "type": "Feature", "properties": { "fatalities": 3.0, "latitude": -25.162649214196591, "longitude": 25.785021546039083 }, "geometry": { "type": "Point", "coordinates": [ 25.785021546039083, -25.162649214196591 ] } },
{ "type": "Feature", "properties": { "fatalities": 19.0, "latitude": -22.271286289753004, "longitude": -41.33203188068039 }, "geometry": { "type": "Point", "coordinates": [ -41.33203188068039, -22.271286289753004 ] } },
{ "type": "Feature", "properties": { "fatalities": 20.0, "latitude": 12.415543134204777, "longitude": 35.67629105590467 }, "geometry": { "type": "Point", "coordinates": [ 35.67629105590467, 12.415543134204777 ] } },
{ "type": "Feature", "properties": { "fatalities": 2.0, "latitude": 18.929600252174495, "longitude": -89.629670910426867 }, "geometry": { "type": "Point", "coordinates": [ -89.629670910426867, 18.929600252174495 ] } },
{ "type": "Feature", "properties": { "fatalities": 1.0, "latitude": 13.373518326745002, "longitude": -86.017480609898996 }, "geometry": { "type": "Point", "coordinates": [ -86.017480609898996, 13.373518326745002 ] } },
{ "type": "Feature", "properties": { "fatalities": 7.0, "latitude": 24.953376707485038, "longitude": 90.490721382214304 }, "geometry": { "type": "Point", "coordinates": [ 90.490721382214304, 24.953376707485038 ] } },
{ "type": "Feature", "properties": { "fatalities": 1.0, "latitude": 37.898109372263967, "longitude": 68.440801763414939 }, "geometry": { "type": "Point", "coordinates": [ 68.440801763414939, 37.898109372263967 ] } },
{ "type": "Feature", "properties": { "fatalities": 27.0, "latitude": 1.4379093633345099, "longitude": -75.529864439464305 }, "geometry": { "type": "Point", "coordinates": [ -75.529864439464305, 1.43790936333451 ] } },
{ "type": "Feature", "properties": { "fatalities": 8.0, "latitude": 24.620895838261443, "longitude": 97.114407873731551 }, "geometry": { "type": "Point", "coordinates": [ 97.114407873731551, 24.620895838261443 ] } },
{ "type": "Feature", "properties": { "fatalities": 0.0, "latitude": -8.6775460928770602, "longitude": 116.56841422826678 }, "geometry": { "type": "Point", "coordinates": [ 116.568414228266775, -8.67754609287706 ] } },
{ "type": "Feature", "properties": { "fatalities": 257.0, "latitude": 7.8561016164883775, "longitude": 8.5829934960906673 }, "geometry": { "type": "Point", "coordinates": [ 8.582993496090667, 7.856101616488377 ] } },
{ "type": "Feature", "properties": { "fatalities": 359.0, "latitude": 12.82556242105912, "longitude": 30.029464654193028 }, "geometry": { "type": "Point", "coordinates": [ 30.029464654193028, 12.82556242105912 ] } },
{ "type": "Feature", "properties": { "fatalities": 1.0, "latitude": 27.011613975653209, "longitude": -112.64764120130194 }, "geometry": { "type": "Point", "coordinates": [ -112.647641201301937, 27.011613975653209 ] } },
{ "type": "Feature", "properties": { "fatalities": 9.0, "latitude": -20.579564501645009, "longitude": -44.448382704259338 }, "geometry": { "type": "Point", "coordinates": [ -44.448382704259338, -20.579564501645009 ] } },
{ "type": "Feature", "properties": { "fatalities": 1.0, "latitude": 16.408490385548003, "longitude": 96.890863832419015 }, "geometry": { "type": "Point", "coordinates": [ 96.890863832419015, 16.408490385548003 ] } },
{ "type": "Feature", "properties": { "fatalities": 6.0, "latitude": 7.3464929926156071, "longitude": 79.94495931484596 }, "geometry": { "type": "Point", "coordinates": [ 79.94495931484596, 7.346492992615607 ] } },
{ "type": "Feature", "properties": { "fatalities": 9.0, "latitude": 4.1851273569390326, "longitude": 17.078164896447102 }, "geometry": { "type": "Point", "coordinates": [ 17.078164896447102, 4.185127356939033 ] } },
{ "type": "Feature", "properties": { "fatalities": 15.0, "latitude": 7.5400809784444025, "longitude": -75.9395702417998 }, "geometry": { "type": "Point", "coordinates": [ -75.9395702417998, 7.540080978444403 ] } },
{ "type": "Feature", "properties": { "fatalities": 1.0, "latitude": 42.139898054908436, "longitude": 25.274605367171425 }, "geometry": { "type": "Point", "coordinates": [ 25.274605367171425, 42.139898054908436 ] } },
{ "type": "Feature", "properties": { "fatalities": 0.0, "latitude": 5.3442225943648207, "longitude": 94.911426040528184 }, "geometry": { "type": "Point", "coordinates": [ 94.911426040528184, 5.344222594364821 ] } },
{ "type": "Feature", "properties": { "fatalities": 4.0, "latitude": 37.019385762304339, "longitude": 42.818658959130552 }, "geometry": { "type": "Point", "coordinates": [ 42.818658959130552, 37.019385762304339 ] } },
{ "type": "Feature", "properties": { "fatalities": 10.0, "latitude": 18.225176516579953, "longitude": -88.78402360635657 }, "geometry": { "type": "Point", "coordinates": [ -88.78402360635657, 18.225176516579953 ] } },
{ "type": "Feature", "properties": { "fatalities": 5.0, "latitude": 10.667155875670478, "longitude": 34.309549602308373 }, "geometry": { "type": "Point", "coordinates": [ 34.309549602308373, 10.667155875670478 ] } },
{ "type": "Feature", "properties": { "fatalities": 4.0, "latitude": -0.30311593644460461, "longitude": -47.03230349780921 }, "geometry": { "type": "Point", "coordinates": [ -47.03230349780921, -0.303115936444605 ] } },
{ "type": "Feature", "properties": { "fatalities": 2.0, "latitude": 10.513069357480701, "longitude": 15.538727725110141 }, "geometry": { "type": "Point", "coordinates": [ 15.538727725110141, 10.513069357480701 ] } },
{ "type": "Feature", "properties": { "fatalities": 40.0, "latitude": 10.389346934084017, "longitude": -73.743519135819554 }, "geometry": { "type": "Point", "coordinates": [ -73.743519135819554, 10.389346934084017 ] } },
{ "type": "Feature", "properties": { "fatalities": 0.0, "latitude": 11.501174420148255, "longitude": 51.495820694330746 }, "geometry": { "type": "Point", "coordinates": [ 51.495820694330746, 11.501174420148255 ] } },
{ "type": "Feature", "properties": { "fatalities": 20.0, "latitude": 6.3994483519033709, "longitude": 30.023313747653127 }, "geometry": { "type": "Point", "coordinates": [ 30.023313747653127, 6.399448351903371 ] } },
{ "type": "Feature", "properties": { "fatalities": 1.0, "latitude": -26.352739520832237, "longitude": -52.96626718695736 }, "geometry": { "type": "Point", "coordinates": [ -52.96626718695736, -26.352739520832237 ] } },
{ "type": "Feature", "properties": { "fatalities": 8.0, "latitude": -5.9544295225710107, "longitude": 12.167508551849501 }, "geometry": { "type": "Point", "coordinates": [ 12.167508551849501, -5.954429522571011 ] } },
{ "type": "Feature", "properties": { "fatalities": 9.0, "latitude": -19.308179379701304, "longitude": -48.587259323944849 }, "geometry": { "type": "Point", "coordinates": [ -48.587259323944849, -19.308179379701304 ] } },
{ "type": "Feature", "properties": { "fatalities": 8.0, "latitude": -25.149001167799739, "longitude": -54.952264807662985 }, "geometry": { "type": "Point", "coordinates": [ -54.952264807662985, -25.149001167799739 ] } },
{ "type": "Feature", "properties": { "fatalities": 5.0, "latitude": 6.1121921041706591, "longitude": -2.0622393327925685 }, "geometry": { "type": "Point", "coordinates": [ -2.062239332792569, 6.112192104170659 ] } },
{ "type": "Feature", "properties": { "fatalities": 0.0, "latitude": 29.25294992662128, "longitude": 106.67814013419148 }, "geometry": { "type": "Point", "coordinates": [ 106.67814013419148, 29.25294992662128 ] } },
{ "type": "Feature", "properties": { "fatalities": 5.0, "latitude": 17.275231801467701, "longitude": -93.963895394034381 }, "geometry": { "type": "Point", "coordinates": [ -93.963895394034381, 17.275231801467701 ] } },
{ "type": "Feature", "properties": { "fatalities": 2.0, "latitude": 5.4333023638641951, "longitude": 120.31837546080187 }, "geometry": { "type": "Point", "coordinates": [ 120.318375460801875, 5.433302363864195 ] } },
{ "type": "Feature", "properties": { "fatalities": 0.0, "latitude": 41.256344418029066, "longitude": 41.050987633424995 }, "geometry": { "type": "Point", "coordinates": [ 41.050987633424995, 41.256344418029066 ] } },
{ "type": "Feature", "properties": { "fatalities": 36.0, "latitude": 13.809097160454579, "longitude": 29.545257876096006 }, "geometry": { "type": "Point", "coordinates": [ 29.545257876096006, 13.809097160454579 ] } },
{ "type": "Feature", "properties": { "fatalities": 7.0, "latitude": 2.4582967330280767, "longitude": 34.369000967105613 }, "geometry": { "type": "Point", "coordinates": [ 34.369000967105613, 2.458296733028077 ] } },
{ "type": "Feature", "properties": { "fatalities": 25.0, "latitude": 21.880053785706796, "longitude": 94.045497852215291 }, "geometry": { "type": "Point", "coordinates": [ 94.045497852215291, 21.880053785706796 ] } },
{ "type": "Feature", "properties": { "fatalities": 86.0, "latitude": 11.984092720240431, "longitude": 28.218719000477179 }, "geometry": { "type": "Point", "coordinates": [ 28.218719000477179, 11.984092720240431 ] } },
{ "type": "Feature", "properties": { "fatalities": 0.0, "latitude": -31.160468133554286, "longitude": -53.171614359218438 }, "geometry": { "type": "Point", "coordinates": [ -53.171614359218438, -31.160468133554286 ] } },
{ "type": "Feature", "properties": { "fatalities": 1.0, "latitude": 20.748323720397764, "longitude": -90.273517189769549 }, "geometry": { "type": "Point", "coordinates": [ -90.273517189769549, 20.748323720397764 ] } },
{ "type": "Feature", "properties": { "fatalities": 28.0, "latitude": -6.5224272938324219, "longitude": 39.309847043236594 }, "geometry": { "type": "Point", "coordinates": [ 39.309847043236594, -6.522427293832422 ] } },
{ "type": "Feature", "properties": { "fatalities": 4.0, "latitude": 47.859388635481167, "longitude": 34.850622035901175 }, "geometry": { "type": "Point", "coordinates": [ 34.850622035901175, 47.859388635481167 ] } },
{ "type": "Feature", "properties": { "fatalities": 0.0, "latitude": 43.340939990334881, "longitude": 40.090627306153308 }, "geometry": { "type": "Point", "coordinates": [ 40.090627306153308, 43.340939990334881 ] } },
{ "type": "Feature", "properties": { "fatalities": 0.0, "latitude": 28.639684628054191, "longitude": 74.998155733607732 }, "geometry": { "type": "Point", "coordinates": [ 74.998155733607732, 28.639684628054191 ] } },
{ "type": "Feature", "properties": { "fatalities": 3.0, "latitude": 56.90082291175986, "longitude": 59.693582517094384 }, "geometry": { "type": "Point", "coordinates": [ 59.693582517094384, 56.90082291175986 ] } },
{ "type": "Feature", "properties": { "fatalities": 22.0, "latitude": 13.942221786153176, "longitude": 27.21128547752685 }, "geometry": { "type": "Point", "coordinates": [ 27.21128547752685, 13.942221786153176 ] } },
{ "type": "Feature", "properties": { "fatalities": 41.0, "latitude": -0.090920152675454835, "longitude": 27.966491331119471 }, "geometry": { "type": "Point", "coordinates": [ 27.966491331119471, -0.090920152675455 ] } },
{ "type": "Feature", "properties": { "fatalities": 0.0, "latitude": 47.031568632841875, "longitude": 129.905909582303 }, "geometry": { "type": "Point", "coordinates": [ 129.905909582302996, 47.031568632841875 ] } },
{ "type": "Feature", "properties": { "fatalities": 0.0, "latitude": 39.280217342833176, "longitude": 116.00781490870375 }, "geometry": { "type": "Point", "coordinates": [ 116.00781490870375, 39.280217342833176 ] } },
{ "type": "Feature", "properties": { "fatalities": 1.0, "latitude": 42.644923855440858, "longitude": -75.376178488018482 }, "geometry": { "type": "Point", "coordinates": [ -75.376178488018482, 42.644923855440858 ] } },
{ "type": "Feature", "properties": { "fatalities": 8.0, "latitude": 3.4110803549365212, "longitude": -73.393683574025943 }, "geometry": { "type": "Point", "coordinates": [ -73.393683574025943, 3.411080354936521 ] } },
{ "type": "Feature", "properties": { "fatalities": 1.0, "latitude": 46.040876352456877, "longitude": 20.734136798147521 }, "geometry": { "type": "Point", "coordinates": [ 20.734136798147521, 46.040876352456877 ] } },
{ "type": "Feature", "properties": { "fatalities": 4.0, "latitude": 27.413302480906104, "longitude": 77.047199498217111 }, "geometry": { "type": "Point", "coordinates": [ 77.047199498217111, 27.413302480906104 ] } },
{ "type": "Feature", "properties": { "fatalities": 0.0, "latitude": 37.660127294418864, "longitude": 115.96180083703454 }, "geometry": { "type": "Point", "coordinates": [ 115.961800837034545, 37.660127294418864 ] } },
{ "type": "Feature", "properties": { "fatalities": 4.0, "latitude": -4.5971661822584791, "longitude": -37.923443863883911 }, "geometry": { "type": "Point", "coordinates": [ -37.923443863883911, -4.597166182258479 ] } },
{ "type": "Feature", "properties": { "fatalities": 3.0, "latitude": -5.1725388347564918, "longitude": -38.954844260708477 }, "geometry": { "type": "Point", "coordinates": [ -38.954844260708477, -5.172538834756492 ] } },
{ "type": "Feature", "properties": { "fatalities": 14.0, "latitude": -9.8128912862471864, "longitude": -64.747521367679994 }, "geometry": { "type": "Point", "coordinates": [ -64.747521367679994, -9.812891286247186 ] } },
{ "type": "Feature", "properties": { "fatalities": 4.0, "latitude": -8.6765216887039909, "longitude": -41.070465861173815 }, "geometry": { "type": "Point", "coordinates": [ -41.070465861173815, -8.676521688703991 ] } },
{ "type": "Feature", "properties": { "fatalities": 1.0, "latitude": 6.719071262179841, "longitude": -77.98052163480682 }, "geometry": { "type": "Point", "coordinates": [ -77.98052163480682, 6.719071262179841 ] } },
{ "type": "Feature", "properties": { "fatalities": 2.0, "latitude": 49.902129784958071, "longitude": 8.2539163298268257 }, "geometry": { "type": "Point", "coordinates": [ 8.253916329826826, 49.902129784958071 ] } },
{ "type": "Feature", "properties": { "fatalities": 1.0, "latitude": 1.540822871315765, "longitude": 33.772285003538677 }, "geometry": { "type": "Point", "coordinates": [ 33.772285003538677, 1.540822871315765 ] } },
{ "type": "Feature", "properties": { "fatalities": 43.0, "latitude": 5.3092666311918322, "longitude": 6.2553216891011019 }, "geometry": { "type": "Point", "coordinates": [ 6.255321689101102, 5.309266631191832 ] } },
{ "type": "Feature", "properties": { "fatalities": 1.0, "latitude": 3.4462601201582523, "longitude": 99.6757139796551 }, "geometry": { "type": "Point", "coordinates": [ 99.6757139796551, 3.446260120158252 ] } },
{ "type": "Feature", "properties": { "fatalities": 0.0, "latitude": 26.411948293240897, "longitude": 50.557042482566025 }, "geometry": { "type": "Point", "coordinates": [ 50.557042482566025, 26.411948293240897 ] } },
{ "type": "Feature", "properties": { "fatalities": 3.0, "latitude": -2.7777221843498405, "longitude": -40.964510383986571 }, "geometry": { "type": "Point", "coordinates": [ -40.964510383986571, -2.777722184349841 ] } },
{ "type": "Feature", "properties": { "fatalities": 1.0, "latitude": -1.8373663870200341, "longitude": -56.009457903460415 }, "geometry": { "type": "Point", "coordinates": [ -56.009457903460415, -1.837366387020034 ] } },
{ "type": "Feature", "properties": { "fatalities": 3.0, "latitude": 6.2309054424889583, "longitude": -74.118169726155529 }, "geometry": { "type": "Point", "coordinates": [ -74.118169726155529, 6.230905442488958 ] } },
{ "type": "Feature", "properties": { "fatalities": 0.0, "latitude": 25.845416010883028, "longitude": -102.45066392314948 }, "geometry": { "type": "Point", "coordinates": [ -102.450663923149477, 25.845416010883028 ] } },
{ "type": "Feature", "properties": { "fatalities": 10.0, "latitude": 17.424673482469178, "longitude": -90.919931890580941 }, "geometry": { "type": "Point", "coordinates": [ -90.919931890580941, 17.424673482469178 ] } },
{ "type": "Feature", "properties": { "fatalities": 8.0, "latitude": 17.426853984591141, "longitude": 121.43134597379628 }, "geometry": { "type": "Point", "coordinates": [ 121.431345973796283, 17.426853984591141 ] } },
{ "type": "Feature", "properties": { "fatalities": 3.0, "latitude": 15.795405244523275, "longitude": 46.676475703362506 }, "geometry": { "type": "Point", "coordinates": [ 46.676475703362506, 15.795405244523275 ] } },
{ "type": "Feature", "properties": { "fatalities": 76.0, "latitude": 12.736714400682288, "longitude": -3.2842430505397648 }, "geometry": { "type": "Point", "coordinates": [ -3.284243050539765, 12.736714400682288 ] } },
{ "type": "Feature", "properties": { "fatalities": 2.0, "latitude": -0.82519926359703999, "longitude": -50.070248053253287 }, "geometry": { "type": "Point", "coordinates": [ -50.070248053253287, -0.82519926359704 ] } },
{ "type": "Feature", "properties": { "fatalities": 2.0, "latitude": -28.504655295084468, "longitude": -50.984170952520245 }, "geometry": { "type": "Point", "coordinates": [ -50.984170952520245, -28.504655295084468 ] } },
{ "type": "Feature", "properties": { "fatalities": 3.0, "latitude": 6.9371794425837763, "longitude": -0.81232071706706488 }, "geometry": { "type": "Point", "coordinates": [ -0.812320717067065, 6.937179442583776 ] } },
{ "type": "Feature", "properties": { "fatalities": 1.0, "latitude": -7.7166751903106849, "longitude": -62.805939303762244 }, "geometry": { "type": "Point", "coordinates": [ -62.805939303762244, -7.716675190310685 ] } },
{ "type": "Feature", "properties": { "fatalities": 0.0, "latitude": -38.81103178135789, "longitude": -71.327736905552484 }, "geometry": { "type": "Point", "coordinates": [ -71.327736905552484, -38.81103178135789 ] } },
{ "type": "Feature", "properties": { "fatalities": 0.0, "latitude": 20.200256567916828, "longitude": -77.172561371744763 }, "geometry": { "type": "Point", "coordinates": [ -77.172561371744763, 20.200256567916828 ] } },
{ "type": "Feature", "properties": { "fatalities": 5.0, "latitude": 9.4801676885316777, "longitude": -70.981080933783758 }, "geometry": { "type": "Point", "coordinates": [ -70.981080933783758, 9.480167688531678 ] } },
{ "type": "Feature", "properties": { "fatalities": 0.0, "latitude": 6.9508278571687105, "longitude": 0.13426992212950681 }, "geometry": { "type": "Point", "coordinates": [ 0.134269922129507, 6.950827857168711 ] } },
{ "type": "Feature", "properties": { "fatalities": 0.0, "latitude": 32.945700458807394, "longitude": 120.4166156988848 }, "geometry": { "type": "Point", "coordinates": [ 120.416615698884797, 32.945700458807394 ] } },
{ "type": "Feature", "properties": { "fatalities": 0.0, "latitude": 37.645360580746598, "longitude": 121.55519617104571 }, "geometry": { "type": "Point", "coordinates": [ 121.555196171045708, 37.645360580746598 ] } },
{ "type": "Feature", "properties": { "fatalities": 3.0, "latitude": 23.924734870730219, "longitude": 83.724472486762792 }, "geometry": { "type": "Point", "coordinates": [ 83.724472486762792, 23.924734870730219 ] } },
{ "type": "Feature", "properties": { "fatalities": 2.0, "latitude": -3.9751292242214418, "longitude": -59.886016794548844 }, "geometry": { "type": "Point", "coordinates": [ -59.886016794548844, -3.975129224221442 ] } },
{ "type": "Feature", "properties": { "fatalities": 2.0, "latitude": 19.319281237445345, "longitude": -88.556343710385704 }, "geometry": { "type": "Point", "coordinates": [ -88.556343710385704, 19.319281237445345 ] } },
{ "type": "Feature", "properties": { "fatalities": 6.0, "latitude": -26.94290370678597, "longitude": -51.960243666334975 }, "geometry": { "type": "Point", "coordinates": [ -51.960243666334975, -26.94290370678597 ] } },
{ "type": "Feature", "properties": { "fatalities": 38.0, "latitude": -15.895715299009947, "longitude": -57.533517959564236 }, "geometry": { "type": "Point", "coordinates": [ -57.533517959564236, -15.895715299009947 ] } },
{ "type": "Feature", "properties": { "fatalities": 0.0, "latitude": 1.5580644865703768, "longitude": 104.33879478486254 }, "geometry": { "type": "Point", "coordinates": [ 104.338794784862543, 1.558064486570377 ] } },
{ "type": "Feature", "properties": { "fatalities": 0.0, "latitude": 29.96987896978062, "longitude": 9.6548904016582533 }, "geometry": { "type": "Point", "coordinates": [ 9.654890401658253, 29.96987896978062 ] } },
{ "type": "Feature", "properties": { "fatalities": 9.0, "latitude": 26.078484170560902, "longitude": -99.034160075418583 }, "geometry": { "type": "Point", "coordinates": [ -99.034160075418583, 26.078484170560902 ] } },
{ "type": "Feature", "properties": { "fatalities": 46.0, "latitude": 4.7791187125753023, "longitude": 25.429447247021983 }, "geometry": { "type": "Point", "coordinates": [ 25.429447247021983, 4.779118712575302 ] } },
{ "type": "Feature", "properties": { "fatalities": 14.0, "latitude": 33.166852196314835, "longitude": 73.144203339157954 }, "geometry": { "type": "Point", "coordinates": [ 73.144203339157954, 33.166852196314835 ] } },
{ "type": "Feature", "properties": { "fatalities": 9.0, "latitude": 10.219264883834438, "longitude": -2.3376586976834077 }, "geometry": { "type": "Point", "coordinates": [ -2.337658697683408, 10.219264883834438 ] } },
{ "type": "Feature", "properties": { "fatalities": 0.0, "latitude": 40.122474778373828, "longitude": 26.635817355922853 }, "geometry": { "type": "Point", "coordinates": [ 26.635817355922853, 40.122474778373828 ] } },
{ "type": "Feature", "properties": { "fatalities": 9.0, "latitude": 11.828715783098877, "longitude": -69.863887008814004 }, "geometry": { "type": "Point", "coordinates": [ -69.863887008814004, 11.828715783098877 ] } },
{ "type": "Feature", "properties": { "fatalities": 1.0, "latitude": -9.8498000167854531, "longitude": -41.091867044464799 }, "geometry": { "type": "Point", "coordinates": [ -41.091867044464799, -9.849800016785453 ] } },
{ "type": "Feature", "properties": { "fatalities": 22.0, "latitude": 2.783376789382868, "longitude": -77.3861326038096 }, "geometry": { "type": "Point", "coordinates": [ -77.3861326038096, 2.783376789382868 ] } },
{ "type": "Feature", "properties": { "fatalities": 0.0, "latitude": 30.453434220352655, "longitude": 120.39127983097198 }, "geometry": { "type": "Point", "coordinates": [ 120.391279830971982, 30.453434220352655 ] } },
{ "type": "Feature", "properties": { "fatalities": 3.0, "latitude": -25.754557656683222, "longitude": -53.963770546328732 }, "geometry": { "type": "Point", "coordinates": [ -53.963770546328732, -25.754557656683222 ] } },
{ "type": "Feature", "properties": { "fatalities": 22.0, "latitude": 25.666045359264796, "longitude": -108.14885426422056 }, "geometry": { "type": "Point", "coordinates": [ -108.14885426422056, 25.666045359264796 ] } },
{ "type": "Feature", "properties": { "fatalities": 2.0, "latitude": -22.553418171581306, "longitude": 35.423077813861163 }, "geometry": { "type": "Point", "coordinates": [ 35.423077813861163, -22.553418171581306 ] } },
{ "type": "Feature", "properties": { "fatalities": 6.0, "latitude": 23.579436453178619, "longitude": 85.759448819315182 }, "geometry": { "type": "Point", "coordinates": [ 85.759448819315182, 23.579436453178619 ] } },
{ "type": "Feature", "properties": { "fatalities": 2.0, "latitude": 27.632848629590956, "longitude": 80.356118527126824 }, "geometry": { "type": "Point", "coordinates": [ 80.356118527126824, 27.632848629590956 ] } },
{ "type": "Feature", "properties": { "fatalities": 1.0, "latitude": -21.278803384782396, "longitude": 46.857892583012237 }, "geometry": { "type": "Point", "coordinates": [ 46.857892583012237, -21.278803384782396 ] } },
{ "type": "Feature", "properties": { "fatalities": 0.0, "latitude": 19.049288032924647, "longitude": 75.596462774279203 }, "geometry": { "type": "Point", "coordinates": [ 75.596462774279203, 19.049288032924647 ] } },
{ "type": "Feature", "properties": { "fatalities": 0.0, "latitude": 54.363945479558225, "longitude": 56.7033485927277 }, "geometry": { "type": "Point", "coordinates": [ 56.7033485927277, 54.363945479558225 ] } },
{ "type": "Feature", "properties": { "fatalities": 1.0, "latitude": 18.327711310609232, "longitude": -65.004267384935844 }, "geometry": { "type": "Point", "coordinates": [ -65.004267384935844, 18.327711310609232 ] } },
{ "type": "Feature", "properties": { "fatalities": 6.0, "latitude": 2.3432800637620299, "longitude": -78.426604349940888 }, "geometry": { "type": "Point", "coordinates": [ -78.426604349940888, 2.34328006376203 ] } },
{ "type": "Feature", "properties": { "fatalities": 14.0, "latitude": 28.020955640305367, "longitude": -107.99290816259682 }, "geometry": { "type": "Point", "coordinates": [ -107.992908162596819, 28.020955640305367 ] } },
{ "type": "Feature", "properties": { "fatalities": 2.0, "latitude": 22.112019795130514, "longitude": 87.524219221026868 }, "geometry": { "type": "Point", "coordinates": [ 87.524219221026868, 22.112019795130514 ] } },
{ "type": "Feature", "properties": { "fatalities": 0.0, "latitude": 40.238292378302013, "longitude": -2.5776562370749638 }, "geometry": { "type": "Point", "coordinates": [ -2.577656237074964, 40.238292378302013 ] } },
{ "type": "Feature", "properties": { "fatalities": 5.0, "latitude": 12.860176425666943, "longitude": -1.3390693996869678 }, "geometry": { "type": "Point", "coordinates": [ -1.339069399686968, 12.860176425666943 ] } },
{ "type": "Feature", "properties": { "fatalities": 4.0, "latitude": 13.738372681804599, "longitude": 122.1416855036862 }, "geometry": { "type": "Point", "coordinates": [ 122.141685503686205, 13.738372681804599 ] } },
{ "type": "Feature", "properties": { "fatalities": 2.0, "latitude": 3.2905661472494256, "longitude": 16.4447590689695 }, "geometry": { "type": "Point", "coordinates": [ 16.4447590689695, 3.290566147249426 ] } },
{ "type": "Feature", "properties": { "fatalities": 1.0, "latitude": 13.950740363135186, "longitude": 39.271789485709093 }, "geometry": { "type": "Point", "coordinates": [ 39.271789485709093, 13.950740363135186 ] } },
{ "type": "Feature", "properties": { "fatalities": 10.0, "latitude": 26.946628939786624, "longitude": -110.36084695817848 }, "geometry": { "type": "Point", "coordinates": [ -110.360846958178485, 26.946628939786624 ] } },
{ "type": "Feature", "properties": { "fatalities": 1.0, "latitude": 1.2899946095231294, "longitude": 124.97807111387431 }, "geometry": { "type": "Point", "coordinates": [ 124.978071113874307, 1.289994609523129 ] } },
{ "type": "Feature", "properties": { "fatalities": 3.0, "latitude": 27.846272360192742, "longitude": 78.207136670479372 }, "geometry": { "type": "Point", "coordinates": [ 78.207136670479372, 27.846272360192742 ] } },
{ "type": "Feature", "properties": { "fatalities": 60.0, "latitude": 11.640903702586648, "longitude": -4.5599654983263012 }, "geometry": { "type": "Point", "coordinates": [ -4.559965498326301, 11.640903702586648 ] } },
{ "type": "Feature", "properties": { "fatalities": 1.0, "latitude": 8.8820392695143546, "longitude": 78.324068864927114 }, "geometry": { "type": "Point", "coordinates": [ 78.324068864927114, 8.882039269514355 ] } },
{ "type": "Feature", "properties": { "fatalities": 2.0, "latitude": 48.629401698640706, "longitude": 35.844307207814403 }, "geometry": { "type": "Point", "coordinates": [ 35.844307207814403, 48.629401698640706 ] } },
{ "type": "Feature", "properties": { "fatalities": 0.0, "latitude": 6.9574182157420488, "longitude": 12.377649727831912 }, "geometry": { "type": "Point", "coordinates": [ 12.377649727831912, 6.957418215742049 ] } },
{ "type": "Feature", "properties": { "fatalities": 38.0, "latitude": 1.0572762179709212, "longitude": 42.6766615614711 }, "geometry": { "type": "Point", "coordinates": [ 42.6766615614711, 1.057276217970921 ] } },
{ "type": "Feature", "properties": { "fatalities": 186.0, "latitude": 9.564653322762096, "longitude": 36.885914929794254 }, "geometry": { "type": "Point", "coordinates": [ 36.885914929794254, 9.564653322762096 ] } },
{ "type": "Feature", "properties": { "fatalities": 1.0, "latitude": -24.752532779754905, "longitude": -46.664551974415495 }, "geometry": { "type": "Point", "coordinates": [ -46.664551974415495, -24.752532779754905 ] } },
{ "type": "Feature", "properties": { "fatalities": 4.0, "latitude": -24.135513624243586, "longitude": -54.908919696788615 }, "geometry": { "type": "Point", "coordinates": [ -54.908919696788615, -24.135513624243586 ] } },
{ "type": "Feature", "properties": { "fatalities": 10.0, "latitude": 11.17257382717723, "longitude": 39.318042930495999 }, "geometry": { "type": "Point", "coordinates": [ 39.318042930495999, 11.17257382717723 ] } },
{ "type": "Feature", "properties": { "fatalities": 0.0, "latitude": 23.30976838755242, "longitude": 76.481910886039714 }, "geometry": { "type": "Point", "coordinates": [ 76.481910886039714, 23.30976838755242 ] } },
{ "type": "Feature", "properties": { "fatalities": 7.0, "latitude": 15.616294551951606, "longitude": -0.27257342267016343 }, "geometry": { "type": "Point", "coordinates": [ -0.272573422670163, 15.616294551951606 ] } },
{ "type": "Feature", "properties": { "fatalities": 1.0, "latitude": 55.893744990715767, "longitude": 38.929886856726007 }, "geometry": { "type": "Point", "coordinates": [ 38.929886856726007, 55.893744990715767 ] } },
{ "type": "Feature", "properties": { "fatalities": 14.0, "latitude": 13.624673095743274, "longitude": -87.828764660427154 }, "geometry": { "type": "Point", "coordinates": [ -87.828764660427154, 13.624673095743274 ] } },
{ "type": "Feature", "properties": { "fatalities": 9.0, "latitude": 14.647158030735628, "longitude": 31.38630479771556 }, "geometry": { "type": "Point", "coordinates": [ 31.38630479771556, 14.647158030735628 ] } },
{ "type": "Feature", "properties": { "fatalities": 0.0, "latitude": -19.809608384572812, "longitude": -65.306536532552229 }, "geometry": { "type": "Point", "coordinates": [ -65.306536532552229, -19.809608384572812 ] } },
{ "type": "Feature", "properties": { "fatalities": 0.0, "latitude": 15.142904627234321, "longitude": 78.655541798072591 }, "geometry": { "type": "Point", "coordinates": [ 78.655541798072591, 15.142904627234321 ] } },
{ "type": "Feature", "properties": { "fatalities": 6.0, "latitude": 8.4887499214993589, "longitude": 23.431545674023532 }, "geometry": { "type": "Point", "coordinates": [ 23.431545674023532, 8.488749921499359 ] } },
{ "type": "Feature", "properties": { "fatalities": 1.0, "latitude": 0.090935208008559948, "longitude": -73.675784603113541 }, "geometry": { "type": "Point", "coordinates": [ -73.675784603113541, 0.09093520800856 ] } },
{ "type": "Feature", "properties": { "fatalities": 9.0, "latitude": -2.6008140019779815, "longitude": -49.117562213064794 }, "geometry": { "type": "Point", "coordinates": [ -49.117562213064794, -2.600814001977982 ] } },
{ "type": "Feature", "properties": { "fatalities": 2.0, "latitude": -13.693836099779196, "longitude": -57.441649202644747 }, "geometry": { "type": "Point", "coordinates": [ -57.441649202644747, -13.693836099779196 ] } },
{ "type": "Feature", "properties": { "fatalities": 0.0, "latitude": 6.1222807491981204, "longitude": -1.1404747094441257 }, "geometry": { "type": "Point", "coordinates": [ -1.140474709444126, 6.12228074919812 ] } },
{ "type": "Feature", "properties": { "fatalities": 6.0, "latitude": 30.363752875291812, "longitude": -107.83082847615526 }, "geometry": { "type": "Point", "coordinates": [ -107.830828476155261, 30.363752875291812 ] } },
{ "type": "Feature", "properties": { "fatalities": 1.0, "latitude": 30.175656156234474, "longitude": 76.313242947005421 }, "geometry": { "type": "Point", "coordinates": [ 76.313242947005421, 30.175656156234474 ] } },
{ "type": "Feature", "properties": { "fatalities": 1.0, "latitude": 39.91543490940419, "longitude": 124.0350934913012 }, "geometry": { "type": "Point", "coordinates": [ 124.035093491301197, 39.91543490940419 ] } },
{ "type": "Feature", "properties": { "fatalities": 0.0, "latitude": 19.146148968544352, "longitude": 78.526821713887998 }, "geometry": { "type": "Point", "coordinates": [ 78.526821713887998, 19.146148968544352 ] } },
{ "type": "Feature", "properties": { "fatalities": 4.0, "latitude": 30.641246936269798, "longitude": 32.030243503516687 }, "geometry": { "type": "Point", "coordinates": [ 32.030243503516687, 30.641246936269798 ] } },
{ "type": "Feature", "properties": { "fatalities": 92.0, "latitude": -3.0601151557317854, "longitude": 28.37862870403637 }, "geometry": { "type": "Point", "coordinates": [ 28.37862870403637, -3.060115155731785 ] } },
{ "type": "Feature", "properties": { "fatalities": 3.0, "latitude": 29.265876902193192, "longitude": 35.179574576093479 }, "geometry": { "type": "Point", "coordinates": [ 35.179574576093479, 29.265876902193192 ] } },
{ "type": "Feature", "properties": { "fatalities": 4.0, "latitude": 31.266975309078887, "longitude": 76.46031984939458 }, "geometry": { "type": "Point", "coordinates": [ 76.46031984939458, 31.266975309078887 ] } },
{ "type": "Feature", "properties": { "fatalities": 2.0, "latitude": 46.428194422411138, "longitude": 31.323629510150102 }, "geometry": { "type": "Point", "coordinates": [ 31.323629510150102, 46.428194422411138 ] } },
{ "type": "Feature", "properties": { "fatalities": 3.0, "latitude": 6.1472838950440964, "longitude": 2.6727151569560892 }, "geometry": { "type": "Point", "coordinates": [ 2.672715156956089, 6.147283895044096 ] } },
{ "type": "Feature", "properties": { "fatalities": 4.0, "latitude": 9.8696758921815828, "longitude": 32.536721529122538 }, "geometry": { "type": "Point", "coordinates": [ 32.536721529122538, 9.869675892181583 ] } },
{ "type": "Feature", "properties": { "fatalities": 1.0, "latitude": 29.095661782284882, "longitude": 76.170886252949458 }, "geometry": { "type": "Point", "coordinates": [ 76.170886252949458, 29.095661782284882 ] } },
{ "type": "Feature", "properties": { "fatalities": 2.0, "latitude": 15.86799994155532, "longitude": 77.831198890312251 }, "geometry": { "type": "Point", "coordinates": [ 77.831198890312251, 15.86799994155532 ] } },
{ "type": "Feature", "properties": { "fatalities": 1.0, "latitude": 0.97745913332472956, "longitude": -71.653288450874697 }, "geometry": { "type": "Point", "coordinates": [ -71.653288450874697, 0.97745913332473 ] } },
{ "type": "Feature", "properties": { "fatalities": 17.0, "latitude": 31.044824535745072, "longitude": 61.479180759468811 }, "geometry": { "type": "Point", "coordinates": [ 61.479180759468811, 31.044824535745072 ] } },
{ "type": "Feature", "properties": { "fatalities": 1.0, "latitude": 42.505610988551553, "longitude": 71.285641384583315 }, "geometry": { "type": "Point", "coordinates": [ 71.285641384583315, 42.505610988551553 ] } },
{ "type": "Feature", "properties": { "fatalities": 4.0, "latitude": 7.7231782382332828, "longitude": -2.3553011853625168 }, "geometry": { "type": "Point", "coordinates": [ -2.355301185362517, 7.723178238233283 ] } },
{ "type": "Feature", "properties": { "fatalities": 2.0, "latitude": 4.4878163437694791, "longitude": 5.8461489795427974 }, "geometry": { "type": "Point", "coordinates": [ 5.846148979542797, 4.487816343769479 ] } },
{ "type": "Feature", "properties": { "fatalities": 0.0, "latitude": 38.871877348817634, "longitude": 43.299913021859098 }, "geometry": { "type": "Point", "coordinates": [ 43.299913021859098, 38.871877348817634 ] } },
{ "type": "Feature", "properties": { "fatalities": 13.0, "latitude": 14.832979485406845, "longitude": 46.963329678174702 }, "geometry": { "type": "Point", "coordinates": [ 46.963329678174702, 14.832979485406845 ] } },
{ "type": "Feature", "properties": { "fatalities": 0.0, "latitude": 41.192959455414972, "longitude": 80.702521465391371 }, "geometry": { "type": "Point", "coordinates": [ 80.702521465391371, 41.192959455414972 ] } },
{ "type": "Feature", "properties": { "fatalities": 3.0, "latitude": 22.561796239200085, "longitude": 72.314052262434529 }, "geometry": { "type": "Point", "coordinates": [ 72.314052262434529, 22.561796239200085 ] } },
{ "type": "Feature", "properties": { "fatalities": 5.0, "latitude": -31.72296135694242, "longitude": -52.158528711713849 }, "geometry": { "type": "Point", "coordinates": [ -52.158528711713849, -31.72296135694242 ] } },
{ "type": "Feature", "properties": { "fatalities": 0.0, "latitude": 48.166222097360965, "longitude": 46.136010081106669 }, "geometry": { "type": "Point", "coordinates": [ 46.136010081106669, 48.166222097360965 ] } },
{ "type": "Feature", "properties": { "fatalities": 2.0, "latitude": -24.5241445626454, "longitude": 35.366240035447362 }, "geometry": { "type": "Point", "coordinates": [ 35.366240035447362, -24.5241445626454 ] } },
{ "type": "Feature", "properties": { "fatalities": 15.0, "latitude": 15.33669370435808, "longitude": 120.70068236806542 }, "geometry": { "type": "Point", "coordinates": [ 120.700682368065415, 15.33669370435808 ] } },
{ "type": "Feature", "properties": { "fatalities": 0.0, "latitude": -11.207276062207054, "longitude": -52.407893793291429 }, "geometry": { "type": "Point", "coordinates": [ -52.407893793291429, -11.207276062207054 ] } },
{ "type": "Feature", "properties": { "fatalities": 0.0, "latitude": 57.033031453045439, "longitude": 34.635059127123235 }, "geometry": { "type": "Point", "coordinates": [ 34.635059127123235, 57.033031453045439 ] } },
{ "type": "Feature", "properties": { "fatalities": 3.0, "latitude": 46.261856189037672, "longitude": 32.911117888443457 }, "geometry": { "type": "Point", "coordinates": [ 32.911117888443457, 46.261856189037672 ] } },
{ "type": "Feature", "properties": { "fatalities": 2.0, "latitude": -29.281731250562881, "longitude": -53.08909185759056 }, "geometry": { "type": "Point", "coordinates": [ -53.08909185759056, -29.281731250562881 ] } },
{ "type": "Feature", "properties": { "fatalities": 1.0, "latitude": 8.6707052722657778, "longitude": 16.69927237792465 }, "geometry": { "type": "Point", "coordinates": [ 16.69927237792465, 8.670705272265778 ] } },
{ "type": "Feature", "properties": { "fatalities": 9.0, "latitude": 21.897709913445325, "longitude": -98.507408880676863 }, "geometry": { "type": "Point", "coordinates": [ -98.507408880676863, 21.897709913445325 ] } },
{ "type": "Feature", "properties": { "fatalities": 5.0, "latitude": 28.664316679934657, "longitude": -109.11405654197094 }, "geometry": { "type": "Point", "coordinates": [ -109.114056541970939, 28.664316679934657 ] } },
{ "type": "Feature", "properties": { "fatalities": 44.0, "latitude": 10.474385694904724, "longitude": 5.6818257092968825 }, "geometry": { "type": "Point", "coordinates": [ 5.681825709296882, 10.474385694904724 ] } },
{ "type": "Feature", "properties": { "fatalities": 1.0, "latitude": 7.5804394589283657, "longitude": 49.751723029447909 }, "geometry": { "type": "Point", "coordinates": [ 49.751723029447909, 7.580439458928366 ] } },
{ "type": "Feature", "properties": { "fatalities": 6.0, "latitude": 8.8630515933250624, "longitude": 34.062144274346565 }, "geometry": { "type": "Point", "coordinates": [ 34.062144274346565, 8.863051593325062 ] } },
{ "type": "Feature", "properties": { "fatalities": 3.0, "latitude": -3.4459093720015042, "longitude": 36.491074719846701 }, "geometry": { "type": "Point", "coordinates": [ 36.491074719846701, -3.445909372001504 ] } },
{ "type": "Feature", "properties": { "fatalities": 3.0, "latitude": -1.6482361350839512, "longitude": 39.919362439055085 }, "geometry": { "type": "Point", "coordinates": [ 39.919362439055085, -1.648236135083951 ] } },
{ "type": "Feature", "properties": { "fatalities": 0.0, "latitude": 55.253334221514699, "longitude": 31.05016591167168 }, "geometry": { "type": "Point", "coordinates": [ 31.05016591167168, 55.253334221514699 ] } },
{ "type": "Feature", "properties": { "fatalities": 0.0, "latitude": -12.391605617430345, "longitude": 33.295292097593823 }, "geometry": { "type": "Point", "coordinates": [ 33.295292097593823, -12.391605617430345 ] } },
{ "type": "Feature", "properties": { "fatalities": 4.0, "latitude": 16.712294357894688, "longitude": 2.2157352102134098 }, "geometry": { "type": "Point", "coordinates": [ 2.21573521021341, 16.712294357894688 ] } },
{ "type": "Feature", "properties": { "fatalities": 37.0, "latitude": 9.4817600953195456, "longitude": 37.948380332728902 }, "geometry": { "type": "Point", "coordinates": [ 37.948380332728902, 9.481760095319546 ] } },
{ "type": "Feature", "properties": { "fatalities": 0.0, "latitude": 31.30300191516416, "longitude": 120.75405208500021 }, "geometry": { "type": "Point", "coordinates": [ 120.754052085000211, 31.30300191516416 ] } },
{ "type": "Feature", "properties": { "fatalities": 1.0, "latitude": 43.865012105823695, "longitude": 42.463822268042343 }, "geometry": { "type": "Point", "coordinates": [ 42.463822268042343, 43.865012105823695 ] } },
{ "type": "Feature", "properties": { "fatalities": 4.0, "latitude": -9.4168786826866171, "longitude": 17.972823656205222 }, "geometry": { "type": "Point", "coordinates": [ 17.972823656205222, -9.416878682686617 ] } },
{ "type": "Feature", "properties": { "fatalities": 18.0, "latitude": 12.207271677703732, "longitude": -7.9341937215652747 }, "geometry": { "type": "Point", "coordinates": [ -7.934193721565275, 12.207271677703732 ] } },
{ "type": "Feature", "properties": { "fatalities": 1.0, "latitude": -1.2093597891757615, "longitude": 30.795356345074588 }, "geometry": { "type": "Point", "coordinates": [ 30.795356345074588, -1.209359789175761 ] } },
{ "type": "Feature", "properties": { "fatalities": 1.0, "latitude": 15.406814739741632, "longitude": 42.849883786403765 }, "geometry": { "type": "Point", "coordinates": [ 42.849883786403765, 15.406814739741632 ] } },
{ "type": "Feature", "properties": { "fatalities": 6.0, "latitude": 8.543583308628083, "longitude": 77.297289292147298 }, "geometry": { "type": "Point", "coordinates": [ 77.297289292147298, 8.543583308628083 ] } },
{ "type": "Feature", "properties": { "fatalities": 5.0, "latitude": 13.071439585997313, "longitude": 2.7251325255830969 }, "geometry": { "type": "Point", "coordinates": [ 2.725132525583097, 13.071439585997313 ] } },
{ "type": "Feature", "properties": { "fatalities": 0.0, "latitude": 55.935004314945793, "longitude": 92.31915686529436 }, "geometry": { "type": "Point", "coordinates": [ 92.31915686529436, 55.935004314945793 ] } },
{ "type": "Feature", "properties": { "fatalities": 7.0, "latitude": -5.0378376626031613, "longitude": 12.818010761248805 }, "geometry": { "type": "Point", "coordinates": [ 12.818010761248805, -5.037837662603161 ] } },
{ "type": "Feature", "properties": { "fatalities": 2.0, "latitude": 17.524451658968623, "longitude": -95.972345644420429 }, "geometry": { "type": "Point", "coordinates": [ -95.972345644420429, 17.524451658968623 ] } },
{ "type": "Feature", "properties": { "fatalities": 4.0, "latitude": -11.550513553888964, "longitude": 41.002403077165312 }, "geometry": { "type": "Point", "coordinates": [ 41.002403077165312, -11.550513553888964 ] } },
{ "type": "Feature", "properties": { "fatalities": 2.0, "latitude": 2.9056942558020395, "longitude": 42.669561086171299 }, "geometry": { "type": "Point", "coordinates": [ 42.669561086171299, 2.90569425580204 ] } },
{ "type": "Feature", "properties": { "fatalities": 1.0, "latitude": 25.679645320905756, "longitude": 97.448281883781718 }, "geometry": { "type": "Point", "coordinates": [ 97.448281883781718, 25.679645320905756 ] } },
{ "type": "Feature", "properties": { "fatalities": 10.0, "latitude": 11.318761391097828, "longitude": -5.5382499562084631 }, "geometry": { "type": "Point", "coordinates": [ -5.538249956208463, 11.318761391097828 ] } },
{ "type": "Feature", "properties": { "fatalities": 0.0, "latitude": 25.887580252779752, "longitude": 94.118824420304335 }, "geometry": { "type": "Point", "coordinates": [ 94.118824420304335, 25.887580252779752 ] } },
{ "type": "Feature", "properties": { "fatalities": 2.0, "latitude": 20.376745924890756, "longitude": 73.975045081894905 }, "geometry": { "type": "Point", "coordinates": [ 73.975045081894905, 20.376745924890756 ] } },
{ "type": "Feature", "properties": { "fatalities": 10.0, "latitude": 35.610111705171988, "longitude": 65.939438030175936 }, "geometry": { "type": "Point", "coordinates": [ 65.939438030175936, 35.610111705171988 ] } },
{ "type": "Feature", "properties": { "fatalities": 6.0, "latitude": 13.486054038433736, "longitude": 121.05447290547735 }, "geometry": { "type": "Point", "coordinates": [ 121.054472905477354, 13.486054038433736 ] } },
{ "type": "Feature", "properties": { "fatalities": 0.0, "latitude": 26.273354398048237, "longitude": 112.29183558708492 }, "geometry": { "type": "Point", "coordinates": [ 112.291835587084918, 26.273354398048237 ] } },
{ "type": "Feature", "properties": { "fatalities": 1.0, "latitude": 39.616921184842425, "longitude": 32.580316962569526 }, "geometry": { "type": "Point", "coordinates": [ 32.580316962569526, 39.616921184842425 ] } },
{ "type": "Feature", "properties": { "fatalities": 0.0, "latitude": 21.014237738785038, "longitude": 87.236761585885048 }, "geometry": { "type": "Point", "coordinates": [ 87.236761585885048, 21.014237738785038 ] } },
{ "type": "Feature", "properties": { "fatalities": 7.0, "latitude": 7.1168164232517555, "longitude": 101.7863532256823 }, "geometry": { "type": "Point", "coordinates": [ 101.786353225682305, 7.116816423251755 ] } },
{ "type": "Feature", "properties": { "fatalities": 0.0, "latitude": -1.0342000871848731, "longitude": 27.334211899822691 }, "geometry": { "type": "Point", "coordinates": [ 27.334211899822691, -1.034200087184873 ] } },
{ "type": "Feature", "properties": { "fatalities": 1.0, "latitude": 48.87955879564737, "longitude": 135.23784021840206 }, "geometry": { "type": "Point", "coordinates": [ 135.237840218402056, 48.87955879564737 ] } },
{ "type": "Feature", "properties": { "fatalities": 2.0, "latitude": 29.542546167330684, "longitude": 77.357159162746001 }, "geometry": { "type": "Point", "coordinates": [ 77.357159162746001, 29.542546167330684 ] } },
{ "type": "Feature", "properties": { "fatalities": 0.0, "latitude": 56.76810895811029, "longitude": 40.07529881555341 }, "geometry": { "type": "Point", "coordinates": [ 40.07529881555341, 56.76810895811029 ] } },
{ "type": "Feature", "properties": { "fatalities": 1.0, "latitude": 26.353903716861673, "longitude": 82.236518855491042 }, "geometry": { "type": "Point", "coordinates": [ 82.236518855491042, 26.353903716861673 ] } },
{ "type": "Feature", "properties": { "fatalities": 1.0, "latitude": 21.189391294909182, "longitude": 76.034734885497869 }, "geometry": { "type": "Point", "coordinates": [ 76.034734885497869, 21.189391294909182 ] } },
{ "type": "Feature", "properties": { "fatalities": 11.0, "latitude": -4.3874401489876984, "longitude": 140.03157983087394 }, "geometry": { "type": "Point", "coordinates": [ 140.031579830873937, -4.387440148987698 ] } },
{ "type": "Feature", "properties": { "fatalities": 56.0, "latitude": 24.486526988568929, "longitude": -108.22463430197652 }, "geometry": { "type": "Point", "coordinates": [ -108.224634301976522, 24.486526988568929 ] } },
{ "type": "Feature", "properties": { "fatalities": 8.0, "latitude": 12.799769743711428, "longitude": -2.3191248096198018 }, "geometry": { "type": "Point", "coordinates": [ -2.319124809619802, 12.799769743711428 ] } },
{ "type": "Feature", "properties": { "fatalities": 2.0, "latitude": -18.810285142193539, "longitude": -47.534482441057442 }, "geometry": { "type": "Point", "coordinates": [ -47.534482441057442, -18.810285142193539 ] } },
{ "type": "Feature", "properties": { "fatalities": 17.0, "latitude": -4.3868708112966539, "longitude": -48.15616775162475 }, "geometry": { "type": "Point", "coordinates": [ -48.15616775162475, -4.386870811296654 ] } },
{ "type": "Feature", "properties": { "fatalities": 6.0, "latitude": 32.474315109123637, "longitude": 45.622748389788349 }, "geometry": { "type": "Point", "coordinates": [ 45.622748389788349, 32.474315109123637 ] } },
{ "type": "Feature", "properties": { "fatalities": 3.0, "latitude": -1.6991572989871213, "longitude": 41.03317568013879 }, "geometry": { "type": "Point", "coordinates": [ 41.03317568013879, -1.699157298987121 ] } },
{ "type": "Feature", "properties": { "fatalities": 0.0, "latitude": 46.956276362710035, "longitude": 21.578783536485439 }, "geometry": { "type": "Point", "coordinates": [ 21.578783536485439, 46.956276362710035 ] } },
{ "type": "Feature", "properties": { "fatalities": 0.0, "latitude": 44.669152528101726, "longitude": 43.431839772268653 }, "geometry": { "type": "Point", "coordinates": [ 43.431839772268653, 44.669152528101726 ] } },
{ "type": "Feature", "properties": { "fatalities": 4.0, "latitude": 25.119881519636078, "longitude": 95.011198636778715 }, "geometry": { "type": "Point", "coordinates": [ 95.011198636778715, 25.119881519636078 ] } },
{ "type": "Feature", "properties": { "fatalities": 1.0, "latitude": -4.7631781955728272, "longitude": 137.72182995110907 }, "geometry": { "type": "Point", "coordinates": [ 137.721829951109072, -4.763178195572827 ] } },
{ "type": "Feature", "properties": { "fatalities": 1.0, "latitude": -28.319981897601643, "longitude": -53.048022977331044 }, "geometry": { "type": "Point", "coordinates": [ -53.048022977331044, -28.319981897601643 ] } },
{ "type": "Feature", "properties": { "fatalities": 1.0, "latitude": 30.771196007384901, "longitude": 30.68699181018075 }, "geometry": { "type": "Point", "coordinates": [ 30.68699181018075, 30.771196007384901 ] } },
{ "type": "Feature", "properties": { "fatalities": 3.0, "latitude": 10.58631189490708, "longitude": 35.405102857089602 }, "geometry": { "type": "Point", "coordinates": [ 35.405102857089602, 10.58631189490708 ] } },
{ "type": "Feature", "properties": { "fatalities": 0.0, "latitude": 37.533102361016503, "longitude": 112.42783299165414 }, "geometry": { "type": "Point", "coordinates": [ 112.427832991654142, 37.533102361016503 ] } },
{ "type": "Feature", "properties": { "fatalities": 11.0, "latitude": 34.461990968099862, "longitude": 68.39162486166795 }, "geometry": { "type": "Point", "coordinates": [ 68.39162486166795, 34.461990968099862 ] } },
{ "type": "Feature", "properties": { "fatalities": 41.0, "latitude": 13.191995673759978, "longitude": 37.474458538296432 }, "geometry": { "type": "Point", "coordinates": [ 37.474458538296432, 13.191995673759978 ] } },
{ "type": "Feature", "properties": { "fatalities": 0.0, "latitude": -10.449679845648953, "longitude": -40.068354575447366 }, "geometry": { "type": "Point", "coordinates": [ -40.068354575447366, -10.449679845648953 ] } },
{ "type": "Feature", "properties": { "fatalities": 3.0, "latitude": -9.0595904668273839, "longitude": -67.541292584147271 }, "geometry": { "type": "Point", "coordinates": [ -67.541292584147271, -9.059590466827384 ] } },
{ "type": "Feature", "properties": { "fatalities": 7.0, "latitude": 9.4203482408960593, "longitude": 22.904662783756898 }, "geometry": { "type": "Point", "coordinates": [ 22.904662783756898, 9.420348240896059 ] } },
{ "type": "Feature", "properties": { "fatalities": 17.0, "latitude": 5.4007556875683091, "longitude": 31.660210798254074 }, "geometry": { "type": "Point", "coordinates": [ 31.660210798254074, 5.400755687568309 ] } },
{ "type": "Feature", "properties": { "fatalities": 7.0, "latitude": 36.21280006441382, "longitude": 41.932270435447485 }, "geometry": { "type": "Point", "coordinates": [ 41.932270435447485, 36.21280006441382 ] } },
{ "type": "Feature", "properties": { "fatalities": 0.0, "latitude": 47.874548154340062, "longitude": 20.786545033116738 }, "geometry": { "type": "Point", "coordinates": [ 20.786545033116738, 47.874548154340062 ] } },
{ "type": "Feature", "properties": { "fatalities": 0.0, "latitude": -6.8923101047822017, "longitude": 112.54011942348137 }, "geometry": { "type": "Point", "coordinates": [ 112.540119423481372, -6.892310104782202 ] } },
{ "type": "Feature", "properties": { "fatalities": 8.0, "latitude": 16.443078858372061, "longitude": -88.18347636763329 }, "geometry": { "type": "Point", "coordinates": [ -88.18347636763329, 16.443078858372061 ] } },
{ "type": "Feature", "properties": { "fatalities": 7.0, "latitude": -11.632981767294478, "longitude": -38.020500829016058 }, "geometry": { "type": "Point", "coordinates": [ -38.020500829016058, -11.632981767294478 ] } },
{ "type": "Feature", "properties": { "fatalities": 40.0, "latitude": 13.498840057582166, "longitude": -6.6334327202212267 }, "geometry": { "type": "Point", "coordinates": [ -6.633432720221227, 13.498840057582166 ] } },
{ "type": "Feature", "properties": { "fatalities": 13.0, "latitude": 3.5483385669555414, "longitude": 31.579523486392702 }, "geometry": { "type": "Point", "coordinates": [ 31.579523486392702, 3.548338566955541 ] } },
{ "type": "Feature", "properties": { "fatalities": 2.0, "latitude": 32.215988797079781, "longitude": 68.36163381235707 }, "geometry": { "type": "Point", "coordinates": [ 68.36163381235707, 32.215988797079781 ] } },
{ "type": "Feature", "properties": { "fatalities": 0.0, "latitude": 53.773998406571806, "longitude": 27.300906086201412 }, "geometry": { "type": "Point", "coordinates": [ 27.300906086201412, 53.773998406571806 ] } },
{ "type": "Feature", "properties": { "fatalities": 2.0, "latitude": 50.135673999086563, "longitude": 30.263336733115803 }, "geometry": { "type": "Point", "coordinates": [ 30.263336733115803, 50.135673999086563 ] } },
{ "type": "Feature", "properties": { "fatalities": 3.0, "latitude": 15.759582953877883, "longitude": 1.815032880351368 }, "geometry": { "type": "Point", "coordinates": [ 1.815032880351368, 15.759582953877883 ] } },
{ "type": "Feature", "properties": { "fatalities": 16.0, "latitude": 17.49302057723218, "longitude": -101.20179838638548 }, "geometry": { "type": "Point", "coordinates": [ -101.201798386385477, 17.49302057723218 ] } },
{ "type": "Feature", "properties": { "fatalities": 9.0, "latitude": 8.5606601630947239, "longitude": 48.250915548114349 }, "geometry": { "type": "Point", "coordinates": [ 48.250915548114349, 8.560660163094724 ] } },
{ "type": "Feature", "properties": { "fatalities": 0.0, "latitude": 41.296958193175001, "longitude": 19.848691849634864 }, "geometry": { "type": "Point", "coordinates": [ 19.848691849634864, 41.296958193175001 ] } },
{ "type": "Feature", "properties": { "fatalities": 6.0, "latitude": 25.268806987871564, "longitude": 65.116950215187885 }, "geometry": { "type": "Point", "coordinates": [ 65.116950215187885, 25.268806987871564 ] } },
{ "type": "Feature", "properties": { "fatalities": 1.0, "latitude": -16.503929056569358, "longitude": -65.115690673940577 }, "geometry": { "type": "Point", "coordinates": [ -65.115690673940577, -16.503929056569358 ] } },
{ "type": "Feature", "properties": { "fatalities": 0.0, "latitude": 9.0952698265413563, "longitude": -84.622717744928579 }, "geometry": { "type": "Point", "coordinates": [ -84.622717744928579, 9.095269826541356 ] } },
{ "type": "Feature", "properties": { "fatalities": 1.0, "latitude": 14.446267016659624, "longitude": 97.424948252929383 }, "geometry": { "type": "Point", "coordinates": [ 97.424948252929383, 14.446267016659624 ] } },
{ "type": "Feature", "properties": { "fatalities": 10.0, "latitude": 11.259342795854161, "longitude": -8.2154994673157962 }, "geometry": { "type": "Point", "coordinates": [ -8.215499467315796, 11.259342795854161 ] } },
{ "type": "Feature", "properties": { "fatalities": 5.0, "latitude": 10.65939969813498, "longitude": -7.5046183058348781 }, "geometry": { "type": "Point", "coordinates": [ -7.504618305834878, 10.65939969813498 ] } },
{ "type": "Feature", "properties": { "fatalities": 2.0, "latitude": 40.936562233963649, "longitude": 28.99571611032604 }, "geometry": { "type": "Point", "coordinates": [ 28.99571611032604, 40.936562233963649 ] } },
{ "type": "Feature", "properties": { "fatalities": 1.0, "latitude": 11.437967393802261, "longitude": 79.834671665748374 }, "geometry": { "type": "Point", "coordinates": [ 79.834671665748374, 11.437967393802261 ] } },
{ "type": "Feature", "properties": { "fatalities": 0.0, "latitude": 52.134768623081875, "longitude": 5.3875062236627524 }, "geometry": { "type": "Point", "coordinates": [ 5.387506223662752, 52.134768623081875 ] } },
{ "type": "Feature", "properties": { "fatalities": 0.0, "latitude": -5.5510590184172539, "longitude": 39.889069055757254 }, "geometry": { "type": "Point", "coordinates": [ 39.889069055757254, -5.551059018417254 ] } },
{ "type": "Feature", "properties": { "fatalities": 0.0, "latitude": 49.617233774330202, "longitude": 84.452388649193352 }, "geometry": { "type": "Point", "coordinates": [ 84.452388649193352, 49.617233774330202 ] } },
{ "type": "Feature", "properties": { "fatalities": 0.0, "latitude": 51.836899325147058, "longitude": 106.45610207646979 }, "geometry": { "type": "Point", "coordinates": [ 106.45610207646979, 51.836899325147058 ] } },
{ "type": "Feature", "properties": { "fatalities": 10.0, "latitude": 0.43849763782092188, "longitude": 36.576087128336823 }, "geometry": { "type": "Point", "coordinates": [ 36.576087128336823, 0.438497637820922 ] } },
{ "type": "Feature", "properties": { "fatalities": 2.0, "latitude": 15.442535277614716, "longitude": -6.0247422960544252 }, "geometry": { "type": "Point", "coordinates": [ -6.024742296054425, 15.442535277614716 ] } },
{ "type": "Feature", "properties": { "fatalities": 3.0, "latitude": -10.543331177530289, "longitude": -77.668393378234086 }, "geometry": { "type": "Point", "coordinates": [ -77.668393378234086, -10.543331177530289 ] } },
{ "type": "Feature", "properties": { "fatalities": 1.0, "latitude": 4.6441523906662532, "longitude": 43.724143981036875 }, "geometry": { "type": "Point", "coordinates": [ 43.724143981036875, 4.644152390666253 ] } },
{ "type": "Feature", "properties": { "fatalities": 6.0, "latitude": -17.325842969689528, "longitude": -53.631000060586267 }, "geometry": { "type": "Point", "coordinates": [ -53.631000060586267, -17.325842969689528 ] } },
{ "type": "Feature", "properties": { "fatalities": 4.0, "latitude": 19.198353424117595, "longitude": 84.655964358957931 }, "geometry": { "type": "Point", "coordinates": [ 84.655964358957931, 19.198353424117595 ] } },
{ "type": "Feature", "properties": { "fatalities": 1.0, "latitude": 29.088846358683011, "longitude": 81.752166129855496 }, "geometry": { "type": "Point", "coordinates": [ 81.752166129855496, 29.088846358683011 ] } },
{ "type": "Feature", "properties": { "fatalities": 0.0, "latitude": 43.154529495786804, "longitude": 132.12187524993664 }, "geometry": { "type": "Point", "coordinates": [ 132.121875249936636, 43.154529495786804 ] } },
{ "type": "Feature", "properties": { "fatalities": 7.0, "latitude": 15.63977103141217, "longitude": -90.279660122273668 }, "geometry": { "type": "Point", "coordinates": [ -90.279660122273668, 15.63977103141217 ] } },
{ "type": "Feature", "properties": { "fatalities": 2.0, "latitude": 19.915217934137452, "longitude": 80.698723241424702 }, "geometry": { "type": "Point", "coordinates": [ 80.698723241424702, 19.915217934137452 ] } },
{ "type": "Feature", "properties": { "fatalities": 24.0, "latitude": 13.194033589182439, "longitude": -4.9282956490191374 }, "geometry": { "type": "Point", "coordinates": [ -4.928295649019137, 13.194033589182439 ] } },
{ "type": "Feature", "properties": { "fatalities": 11.0, "latitude": -15.59113335762121, "longitude": -43.284798445754809 }, "geometry": { "type": "Point", "coordinates": [ -43.284798445754809, -15.59113335762121 ] } },
{ "type": "Feature", "properties": { "fatalities": 1.0, "latitude": 20.294293538308189, "longitude": 81.805585524423549 }, "geometry": { "type": "Point", "coordinates": [ 81.805585524423549, 20.294293538308189 ] } },
{ "type": "Feature", "properties": { "fatalities": 1.0, "latitude": 25.586270950325432, "longitude": 92.903855345341583 }, "geometry": { "type": "Point", "coordinates": [ 92.903855345341583, 25.586270950325432 ] } },
{ "type": "Feature", "properties": { "fatalities": 24.0, "latitude": 14.736926915720572, "longitude": 98.601939129184316 }, "geometry": { "type": "Point", "coordinates": [ 98.601939129184316, 14.736926915720572 ] } },
{ "type": "Feature", "properties": { "fatalities": 0.0, "latitude": 54.132446367533468, "longitude": 36.807664162604659 }, "geometry": { "type": "Point", "coordinates": [ 36.807664162604659, 54.132446367533468 ] } },
{ "type": "Feature", "properties": { "fatalities": 0.0, "latitude": 46.92591852346078, "longitude": 23.216495191813163 }, "geometry": { "type": "Point", "coordinates": [ 23.216495191813163, 46.92591852346078 ] } },
{ "type": "Feature", "properties": { "fatalities": 4.0, "latitude": -3.6531555370362172, "longitude": -53.146726239755125 }, "geometry": { "type": "Point", "coordinates": [ -53.146726239755125, -3.653155537036217 ] } },
{ "type": "Feature", "properties": { "fatalities": 0.0, "latitude": 27.145777837769433, "longitude": 51.362645789483032 }, "geometry": { "type": "Point", "coordinates": [ 51.362645789483032, 27.145777837769433 ] } },
{ "type": "Feature", "properties": { "fatalities": 9.0, "latitude": -30.030463816492954, "longitude": -49.997756671729114 }, "geometry": { "type": "Point", "coordinates": [ -49.997756671729114, -30.030463816492954 ] } },
{ "type": "Feature", "properties": { "fatalities": 4.0, "latitude": 2.0893591276891748, "longitude": -50.97745824101839 }, "geometry": { "type": "Point", "coordinates": [ -50.97745824101839, 2.089359127689175 ] } },
{ "type": "Feature", "properties": { "fatalities": 1.0, "latitude": 26.939549204374693, "longitude": 94.442964699410069 }, "geometry": { "type": "Point", "coordinates": [ 94.442964699410069, 26.939549204374693 ] } },
{ "type": "Feature", "properties": { "fatalities": 2.0, "latitude": 16.384041253201058, "longitude": 121.06473736401362 }, "geometry": { "type": "Point", "coordinates": [ 121.064737364013624, 16.384041253201058 ] } },
{ "type": "Feature", "properties": { "fatalities": 7.0, "latitude": 22.494959639087497, "longitude": 85.479812865850619 }, "geometry": { "type": "Point", "coordinates": [ 85.479812865850619, 22.494959639087497 ] } },
{ "type": "Feature", "properties": { "fatalities": 7.0, "latitude": 3.9234891138918093, "longitude": 41.050481305256916 }, "geometry": { "type": "Point", "coordinates": [ 41.050481305256916, 3.923489113891809 ] } },
{ "type": "Feature", "properties": { "fatalities": 3.0, "latitude": -17.634849906136314, "longitude": -63.283975234246007 }, "geometry": { "type": "Point", "coordinates": [ -63.283975234246007, -17.634849906136314 ] } },
{ "type": "Feature", "properties": { "fatalities": 2.0, "latitude": 6.8082528507019653, "longitude": 38.358356812420048 }, "geometry": { "type": "Point", "coordinates": [ 38.358356812420048, 6.808252850701965 ] } },
{ "type": "Feature", "properties": { "fatalities": 1.0, "latitude": 9.4372655298863783, "longitude": 47.732470786374662 }, "geometry": { "type": "Point", "coordinates": [ 47.732470786374662, 9.437265529886378 ] } },
{ "type": "Feature", "properties": { "fatalities": 0.0, "latitude": 29.482279853888752, "longitude": 82.952670545114714 }, "geometry": { "type": "Point", "coordinates": [ 82.952670545114714, 29.482279853888752 ] } },
{ "type": "Feature", "properties": { "fatalities": 3.0, "latitude": -14.960976022644759, "longitude": -55.534656671750241 }, "geometry": { "type": "Point", "coordinates": [ -55.534656671750241, -14.960976022644759 ] } },
{ "type": "Feature", "properties": { "fatalities": 2.0, "latitude": 8.5625373182137974, "longitude": 21.182572376865771 }, "geometry": { "type": "Point", "coordinates": [ 21.182572376865771, 8.562537318213797 ] } },
{ "type": "Feature", "properties": { "fatalities": 0.0, "latitude": 30.053608113919509, "longitude": 113.75328954173602 }, "geometry": { "type": "Point", "coordinates": [ 113.753289541736024, 30.053608113919509 ] } },
{ "type": "Feature", "properties": { "fatalities": 11.0, "latitude": -0.78203830917731498, "longitude": -52.061349729394905 }, "geometry": { "type": "Point", "coordinates": [ -52.061349729394905, -0.782038309177315 ] } },
{ "type": "Feature", "properties": { "fatalities": 0.0, "latitude": 40.465018736457466, "longitude": 40.124639609834553 }, "geometry": { "type": "Point", "coordinates": [ 40.124639609834553, 40.465018736457466 ] } },
{ "type": "Feature", "properties": { "fatalities": 4.0, "latitude": 2.5785217838609844, "longitude": 32.105923031756632 }, "geometry": { "type": "Point", "coordinates": [ 32.105923031756632, 2.578521783860984 ] } },
{ "type": "Feature", "properties": { "fatalities": 0.0, "latitude": 8.9354778952847074, "longitude": -12.450929463780591 }, "geometry": { "type": "Point", "coordinates": [ -12.450929463780591, 8.935477895284707 ] } },
{ "type": "Feature", "properties": { "fatalities": 1.0, "latitude": 16.62573628653297, "longitude": 93.66157089885327 }, "geometry": { "type": "Point", "coordinates": [ 93.66157089885327, 16.62573628653297 ] } },
{ "type": "Feature", "properties": { "fatalities": 3.0, "latitude": -16.581793159547281, "longitude": -47.470295155269973 }, "geometry": { "type": "Point", "coordinates": [ -47.470295155269973, -16.581793159547281 ] } },
{ "type": "Feature", "properties": { "fatalities": 3.0, "latitude": 32.13770440888409, "longitude": 12.163861650125497 }, "geometry": { "type": "Point", "coordinates": [ 12.163861650125497, 32.13770440888409 ] } },
{ "type": "Feature", "properties": { "fatalities": 0.0, "latitude": -5.5693611843216217, "longitude": 144.93585976372336 }, "geometry": { "type": "Point", "coordinates": [ 144.935859763723357, -5.569361184321622 ] } },
{ "type": "Feature", "properties": { "fatalities": 0.0, "latitude": -8.2033832571508309, "longitude": 111.18447168515941 }, "geometry": { "type": "Point", "coordinates": [ 111.184471685159409, -8.203383257150831 ] } },
{ "type": "Feature", "properties": { "fatalities": 5.0, "latitude": 40.85841614742273, "longitude": -73.781927991952102 }, "geometry": { "type": "Point", "coordinates": [ -73.781927991952102, 40.85841614742273 ] } },
{ "type": "Feature", "properties": { "fatalities": 3.0, "latitude": 21.537686401877007, "longitude": 31.568364825556994 }, "geometry": { "type": "Point", "coordinates": [ 31.568364825556994, 21.537686401877007 ] } },
{ "type": "Feature", "properties": { "fatalities": 5.0, "latitude": -10.684724621036299, "longitude": -51.383650419086479 }, "geometry": { "type": "Point", "coordinates": [ -51.383650419086479, -10.684724621036299 ] } },
{ "type": "Feature", "properties": { "fatalities": 8.0, "latitude": -2.6497895851413777, "longitude": -47.093686731755163 }, "geometry": { "type": "Point", "coordinates": [ -47.093686731755163, -2.649789585141378 ] } },
{ "type": "Feature", "properties": { "fatalities": 4.0, "latitude": 30.807475694973572, "longitude": 57.013085357379126 }, "geometry": { "type": "Point", "coordinates": [ 57.013085357379126, 30.807475694973572 ] } },
{ "type": "Feature", "properties": { "fatalities": 0.0, "latitude": -20.447518347832528, "longitude": 57.163207293167446 }, "geometry": { "type": "Point", "coordinates": [ 57.163207293167446, -20.447518347832528 ] } },
{ "type": "Feature", "properties": { "fatalities": 0.0, "latitude": -7.494400152848991, "longitude": 110.4696786163192 }, "geometry": { "type": "Point", "coordinates": [ 110.4696786163192, -7.494400152848991 ] } },
{ "type": "Feature", "properties": { "fatalities": 1.0, "latitude": 27.467407826254572, "longitude": 88.999779712626861 }, "geometry": { "type": "Point", "coordinates": [ 88.999779712626861, 27.467407826254572 ] } },
{ "type": "Feature", "properties": { "fatalities": 8.0, "latitude": 5.324950626030784, "longitude": -0.53905742285740066 }, "geometry": { "type": "Point", "coordinates": [ -0.539057422857401, 5.324950626030784 ] } },
{ "type": "Feature", "properties": { "fatalities": 0.0, "latitude": 12.576453009111928, "longitude": 77.155595002547983 }, "geometry": { "type": "Point", "coordinates": [ 77.155595002547983, 12.576453009111928 ] } },
{ "type": "Feature", "properties": { "fatalities": 2.0, "latitude": 30.534127730621936, "longitude": 69.484030538684848 }, "geometry": { "type": "Point", "coordinates": [ 69.484030538684848, 30.534127730621936 ] } },
{ "type": "Feature", "properties": { "fatalities": 0.0, "latitude": 13.166074784852723, "longitude": -7.6475167219178894 }, "geometry": { "type": "Point", "coordinates": [ -7.647516721917889, 13.166074784852723 ] } },
{ "type": "Feature", "properties": { "fatalities": 0.0, "latitude": -14.109844595990655, "longitude": -68.847760945144358 }, "geometry": { "type": "Point", "coordinates": [ -68.847760945144358, -14.109844595990655 ] } },
{ "type": "Feature", "properties": { "fatalities": 0.0, "latitude": 47.869289788683552, "longitude": 19.131530425994431 }, "geometry": { "type": "Point", "coordinates": [ 19.131530425994431, 47.869289788683552 ] } },
{ "type": "Feature", "properties": { "fatalities": 0.0, "latitude": 39.062222798242786, "longitude": 65.85005921221628 }, "geometry": { "type": "Point", "coordinates": [ 65.85005921221628, 39.062222798242786 ] } },
{ "type": "Feature", "properties": { "fatalities": 3.0, "latitude": 15.949348979685594, "longitude": 45.658174215645992 }, "geometry": { "type": "Point", "coordinates": [ 45.658174215645992, 15.949348979685594 ] } },
{ "type": "Feature", "properties": { "fatalities": 1.0, "latitude": 5.4999538670514037, "longitude": -58.55806923343922 }, "geometry": { "type": "Point", "coordinates": [ -58.55806923343922, 5.499953867051404 ] } },
{ "type": "Feature", "properties": { "fatalities": 6.0, "latitude": 32.539040960143716, "longitude": 74.272475504041111 }, "geometry": { "type": "Point", "coordinates": [ 74.272475504041111, 32.539040960143716 ] } },
{ "type": "Feature", "properties": { "fatalities": 0.0, "latitude": 26.336162205206101, "longitude": 92.007317997646709 }, "geometry": { "type": "Point", "coordinates": [ 92.007317997646709, 26.336162205206101 ] } },
{ "type": "Feature", "properties": { "fatalities": 5.0, "latitude": 31.048357382127126, "longitude": 70.653674629557941 }, "geometry": { "type": "Point", "coordinates": [ 70.653674629557941, 31.048357382127126 ] } },
{ "type": "Feature", "properties": { "fatalities": 30.0, "latitude": 9.6450544461328445, "longitude": 35.812891328800909 }, "geometry": { "type": "Point", "coordinates": [ 35.812891328800909, 9.645054446132844 ] } },
{ "type": "Feature", "properties": { "fatalities": 0.0, "latitude": -9.3739411880057375, "longitude": -77.554173165763032 }, "geometry": { "type": "Point", "coordinates": [ -77.554173165763032, -9.373941188005738 ] } },
{ "type": "Feature", "properties": { "fatalities": 10.0, "latitude": 49.255530591489673, "longitude": 38.359864261137481 }, "geometry": { "type": "Point", "coordinates": [ 38.359864261137481, 49.255530591489673 ] } },
{ "type": "Feature", "properties": { "fatalities": 3.0, "latitude": -0.26471167673064561, "longitude": 31.414264770984886 }, "geometry": { "type": "Point", "coordinates": [ 31.414264770984886, -0.264711676730646 ] } },
{ "type": "Feature", "properties": { "fatalities": 0.0, "latitude": 27.574936337689156, "longitude": 74.879553373998306 }, "geometry": { "type": "Point", "coordinates": [ 74.879553373998306, 27.574936337689156 ] } },
{ "type": "Feature", "properties": { "fatalities": 7.0, "latitude": 26.573789143352478, "longitude": -6.4826903530292999 }, "geometry": { "type": "Point", "coordinates": [ -6.4826903530293, 26.573789143352478 ] } },
{ "type": "Feature", "properties": { "fatalities": 0.0, "latitude": 41.257386803177035, "longitude": 22.908462582008411 }, "geometry": { "type": "Point", "coordinates": [ 22.908462582008411, 41.257386803177035 ] } },
{ "type": "Feature", "properties": { "fatalities": 5.0, "latitude": 25.722176280066986, "longitude": 86.3263773478605 }, "geometry": { "type": "Point", "coordinates": [ 86.3263773478605, 25.722176280066986 ] } },
{ "type": "Feature", "properties": { "fatalities": 12.0, "latitude": -5.2740219978739518, "longitude": 140.76858560740456 }, "geometry": { "type": "Point", "coordinates": [ 140.76858560740456, -5.274021997873952 ] } },
{ "type": "Feature", "properties": { "fatalities": 1.0, "latitude": 44.249905374697583, "longitude": 34.129004382961774 }, "geometry": { "type": "Point", "coordinates": [ 34.129004382961774, 44.249905374697583 ] } },
{ "type": "Feature", "properties": { "fatalities": 4.0, "latitude": 27.367769873669204, "longitude": -106.88377146378234 }, "geometry": { "type": "Point", "coordinates": [ -106.883771463782338, 27.367769873669204 ] } },
{ "type": "Feature", "properties": { "fatalities": 2.0, "latitude": -3.2619213809942273, "longitude": -46.091187395191412 }, "geometry": { "type": "Point", "coordinates": [ -46.091187395191412, -3.261921380994227 ] } },
{ "type": "Feature", "properties": { "fatalities": 6.0, "latitude": 26.825261670279016, "longitude": 66.136679872597455 }, "geometry": { "type": "Point", "coordinates": [ 66.136679872597455, 26.825261670279016 ] } },
{ "type": "Feature", "properties": { "fatalities": 11.0, "latitude": 28.125475692312349, "longitude": -8.1777055411276312 }, "geometry": { "type": "Point", "coordinates": [ -8.177705541127631, 28.125475692312349 ] } },
{ "type": "Feature", "properties": { "fatalities": 2.0, "latitude": 31.079364868123513, "longitude": 26.604994995077824 }, "geometry": { "type": "Point", "coordinates": [ 26.604994995077824, 31.079364868123513 ] } },
{ "type": "Feature", "properties": { "fatalities": 0.0, "latitude": 50.996846843821835, "longitude": 10.61430050266028 }, "geometry": { "type": "Point", "coordinates": [ 10.61430050266028, 50.996846843821835 ] } },
{ "type": "Feature", "properties": { "fatalities": 0.0, "latitude": 56.008256660603067, "longitude": 47.497637808069236 }, "geometry": { "type": "Point", "coordinates": [ 47.497637808069236, 56.008256660603067 ] } },
{ "type": "Feature", "properties": { "fatalities": 1.0, "latitude": 3.170394998361735, "longitude": -71.481441284957768 }, "geometry": { "type": "Point", "coordinates": [ -71.481441284957768, 3.170394998361735 ] } },
{ "type": "Feature", "properties": { "fatalities": 0.0, "latitude": -0.26259507232814649, "longitude": 133.99618586259385 }, "geometry": { "type": "Point", "coordinates": [ 133.996185862593848, -0.262595072328146 ] } },
{ "type": "Feature", "properties": { "fatalities": 0.0, "latitude": 10.408626619864819, "longitude": 125.06196073737155 }, "geometry": { "type": "Point", "coordinates": [ 125.06196073737155, 10.408626619864819 ] } },
{ "type": "Feature", "properties": { "fatalities": 0.0, "latitude": 27.928577760000532, "longitude": 120.37511889010146 }, "geometry": { "type": "Point", "coordinates": [ 120.375118890101461, 27.928577760000532 ] } },
{ "type": "Feature", "properties": { "fatalities": 0.0, "latitude": 4.4542584491751152, "longitude": 7.8160427700572486 }, "geometry": { "type": "Point", "coordinates": [ 7.816042770057249, 4.454258449175115 ] } },
{ "type": "Feature", "properties": { "fatalities": 0.0, "latitude": 3.9811559390987452, "longitude": 97.715918185577038 }, "geometry": { "type": "Point", "coordinates": [ 97.715918185577038, 3.981155939098745 ] } },
{ "type": "Feature", "properties": { "fatalities": 2.0, "latitude": 3.8187097523073414, "longitude": -51.910329982640235 }, "geometry": { "type": "Point", "coordinates": [ -51.910329982640235, 3.818709752307341 ] } },
{ "type": "Feature", "properties": { "fatalities": 3.0, "latitude": -2.0435132415946122, "longitude": 27.854167901878014 }, "geometry": { "type": "Point", "coordinates": [ 27.854167901878014, -2.043513241594612 ] } },
{ "type": "Feature", "properties": { "fatalities": 1.0, "latitude": -32.949140557990169, "longitude": -71.392421406916824 }, "geometry": { "type": "Point", "coordinates": [ -71.392421406916824, -32.949140557990169 ] } },
{ "type": "Feature", "properties": { "fatalities": 11.0, "latitude": 8.1895690716213707, "longitude": -76.850981793535112 }, "geometry": { "type": "Point", "coordinates": [ -76.850981793535112, 8.189569071621371 ] } },
{ "type": "Feature", "properties": { "fatalities": 11.0, "latitude": 26.780897136555762, "longitude": 61.854226627177106 }, "geometry": { "type": "Point", "coordinates": [ 61.854226627177106, 26.780897136555762 ] } },
{ "type": "Feature", "properties": { "fatalities": 2.0, "latitude": 0.31720121493122699, "longitude": -75.632387106780882 }, "geometry": { "type": "Point", "coordinates": [ -75.632387106780882, 0.317201214931227 ] } },
{ "type": "Feature", "properties": { "fatalities": 0.0, "latitude": 54.288659061847881, "longitude": 65.307029770104066 }, "geometry": { "type": "Point", "coordinates": [ 65.307029770104066, 54.288659061847881 ] } },
{ "type": "Feature", "properties": { "fatalities": 11.0, "latitude": -11.615424127737578, "longitude": -40.088137675998098 }, "geometry": { "type": "Point", "coordinates": [ -40.088137675998098, -11.615424127737578 ] } },
{ "type": "Feature", "properties": { "fatalities": 11.0, "latitude": -20.878863816732718, "longitude": -49.672822963370578 }, "geometry": { "type": "Point", "coordinates": [ -49.672822963370578, -20.878863816732718 ] } },
{ "type": "Feature", "properties": { "fatalities": 49.0, "latitude": 10.41566072674348, "longitude": 37.565950229743947 }, "geometry": { "type": "Point", "coordinates": [ 37.565950229743947, 10.41566072674348 ] } },
{ "type": "Feature", "properties": { "fatalities": 22.0, "latitude": 13.997713854149096, "longitude": 3.1278693718559767 }, "geometry": { "type": "Point", "coordinates": [ 3.127869371855977, 13.997713854149096 ] } },
{ "type": "Feature", "properties": { "fatalities": 0.0, "latitude": 22.131162610046122, "longitude": 84.328733241146367 }, "geometry": { "type": "Point", "coordinates": [ 84.328733241146367, 22.131162610046122 ] } },
{ "type": "Feature", "properties": { "fatalities": 1.0, "latitude": 47.21113250812995, "longitude": 39.493408858675544 }, "geometry": { "type": "Point", "coordinates": [ 39.493408858675544, 47.21113250812995 ] } },
{ "type": "Feature", "properties": { "fatalities": 0.0, "latitude": 40.747039202723691, "longitude": -76.718207460037391 }, "geometry": { "type": "Point", "coordinates": [ -76.718207460037391, 40.747039202723691 ] } },
{ "type": "Feature", "properties": { "fatalities": 1.0, "latitude": -12.548815228548351, "longitude": 44.999478874146284 }, "geometry": { "type": "Point", "coordinates": [ 44.999478874146284, -12.548815228548351 ] } },
{ "type": "Feature", "properties": { "fatalities": 6.0, "latitude": -0.66097354513173345, "longitude": 39.369142897579927 }, "geometry": { "type": "Point", "coordinates": [ 39.369142897579927, -0.660973545131733 ] } },
{ "type": "Feature", "properties": { "fatalities": 1.0, "latitude": 18.056332144000901, "longitude": 78.292680934531845 }, "geometry": { "type": "Point", "coordinates": [ 78.292680934531845, 18.056332144000901 ] } },
{ "type": "Feature", "properties": { "fatalities": 8.0, "latitude": 10.121963947382943, "longitude": -71.86910895221186 }, "geometry": { "type": "Point", "coordinates": [ -71.86910895221186, 10.121963947382943 ] } },
{ "type": "Feature", "properties": { "fatalities": 24.0, "latitude": 9.603471911756694, "longitude": 15.00372162905078 }, "geometry": { "type": "Point", "coordinates": [ 15.00372162905078, 9.603471911756694 ] } },
{ "type": "Feature", "properties": { "fatalities": 21.0, "latitude": 14.68526788464165, "longitude": -0.63599590116123927 }, "geometry": { "type": "Point", "coordinates": [ -0.635995901161239, 14.68526788464165 ] } },
{ "type": "Feature", "properties": { "fatalities": 2.0, "latitude": 14.178606161134587, "longitude": 21.317422384771945 }, "geometry": { "type": "Point", "coordinates": [ 21.317422384771945, 14.178606161134587 ] } },
{ "type": "Feature", "properties": { "fatalities": 0.0, "latitude": 55.493812492274735, "longitude": 25.689054210216099 }, "geometry": { "type": "Point", "coordinates": [ 25.689054210216099, 55.493812492274735 ] } },
{ "type": "Feature", "properties": { "fatalities": 3.0, "latitude": 32.238365764576848, "longitude": -96.950832248459662 }, "geometry": { "type": "Point", "coordinates": [ -96.950832248459662, 32.238365764576848 ] } },
{ "type": "Feature", "properties": { "fatalities": 0.0, "latitude": 7.3275500847801052, "longitude": 43.178167149159485 }, "geometry": { "type": "Point", "coordinates": [ 43.178167149159485, 7.327550084780105 ] } },
{ "type": "Feature", "properties": { "fatalities": 0.0, "latitude": 58.867839307982898, "longitude": 29.394881664914418 }, "geometry": { "type": "Point", "coordinates": [ 29.394881664914418, 58.867839307982898 ] } },
{ "type": "Feature", "properties": { "fatalities": 0.0, "latitude": 55.741703039373292, "longitude": 49.358072272578426 }, "geometry": { "type": "Point", "coordinates": [ 49.358072272578426, 55.741703039373292 ] } },
{ "type": "Feature", "properties": { "fatalities": 0.0, "latitude": 5.8499994035140004, "longitude": 21.610476620895177 }, "geometry": { "type": "Point", "coordinates": [ 21.610476620895177, 5.849999403514 ] } },
{ "type": "Feature", "properties": { "fatalities": 0.0, "latitude": 22.605465486071974, "longitude": 113.11952938812708 }, "geometry": { "type": "Point", "coordinates": [ 113.119529388127077, 22.605465486071974 ] } },
{ "type": "Feature", "properties": { "fatalities": 1.0, "latitude": 13.078748476007661, "longitude": 46.53982223461027 }, "geometry": { "type": "Point", "coordinates": [ 46.53982223461027, 13.078748476007661 ] } },
{ "type": "Feature", "properties": { "fatalities": 1.0, "latitude": 5.3272116031367309, "longitude": 0.39636235146006038 }, "geometry": { "type": "Point", "coordinates": [ 0.39636235146006, 5.327211603136731 ] } },
{ "type": "Feature", "properties": { "fatalities": 20.0, "latitude": 0.54501601749130024, "longitude": -77.605715291719036 }, "geometry": { "type": "Point", "coordinates": [ -77.605715291719036, 0.5450160174913 ] } },
{ "type": "Feature", "properties": { "fatalities": 6.0, "latitude": -19.000748112440839, "longitude": -41.265655627507996 }, "geometry": { "type": "Point", "coordinates": [ -41.265655627507996, -19.000748112440839 ] } },
{ "type": "Feature", "properties": { "fatalities": 0.0, "latitude": -2.9379930476063691, "longitude": 26.056263430528308 }, "geometry": { "type": "Point", "coordinates": [ 26.056263430528308, -2.937993047606369 ] } },
{ "type": "Feature", "properties": { "fatalities": 16.0, "latitude": 23.684090651082801, "longitude": -104.91816193532173 }, "geometry": { "type": "Point", "coordinates": [ -104.918161935321734, 23.684090651082801 ] } },
{ "type": "Feature", "properties": { "fatalities": 0.0, "latitude": 32.203461677753126, "longitude": 24.603606218597328 }, "geometry": { "type": "Point", "coordinates": [ 24.603606218597328, 32.203461677753126 ] } },
{ "type": "Feature", "properties": { "fatalities": 54.0, "latitude": 13.79855161925758, "longitude": -8.3812873165579074 }, "geometry": { "type": "Point", "coordinates": [ -8.381287316557907, 13.79855161925758 ] } },
{ "type": "Feature", "properties": { "fatalities": 0.0, "latitude": 10.124854371024156, "longitude": 28.061722313374499 }, "geometry": { "type": "Point", "coordinates": [ 28.061722313374499, 10.124854371024156 ] } },
{ "type": "Feature", "properties": { "fatalities": 2.0, "latitude": 30.789000165087483, "longitude": -83.791072802105447 }, "geometry": { "type": "Point", "coordinates": [ -83.791072802105447, 30.789000165087483 ] } },
{ "type": "Feature", "properties": { "fatalities": 5.0, "latitude": 13.166240829059854, "longitude": 123.9731825807194 }, "geometry": { "type": "Point", "coordinates": [ 123.973182580719396, 13.166240829059854 ] } },
{ "type": "Feature", "properties": { "fatalities": 60.0, "latitude": 13.945321586213741, "longitude": 2.0769536132181998 }, "geometry": { "type": "Point", "coordinates": [ 2.0769536132182, 13.945321586213741 ] } },
{ "type": "Feature", "properties": { "fatalities": 3.0, "latitude": 7.7934699560091723, "longitude": 122.11170062818236 }, "geometry": { "type": "Point", "coordinates": [ 122.111700628182362, 7.793469956009172 ] } },
{ "type": "Feature", "properties": { "fatalities": 1.0, "latitude": 40.161103709218494, "longitude": 71.139722353193335 }, "geometry": { "type": "Point", "coordinates": [ 71.139722353193335, 40.161103709218494 ] } },
{ "type": "Feature", "properties": { "fatalities": 1.0, "latitude": -1.435098055074157, "longitude": 35.393499008507675 }, "geometry": { "type": "Point", "coordinates": [ 35.393499008507675, -1.435098055074157 ] } },
{ "type": "Feature", "properties": { "fatalities": 2.0, "latitude": -6.6357800677990388, "longitude": 106.88217084451226 }, "geometry": { "type": "Point", "coordinates": [ 106.88217084451226, -6.635780067799039 ] } },
{ "type": "Feature", "properties": { "fatalities": 5.0, "latitude": 35.396051294762032, "longitude": 45.761421566597882 }, "geometry": { "type": "Point", "coordinates": [ 45.761421566597882, 35.396051294762032 ] } },
{ "type": "Feature", "properties": { "fatalities": 5.0, "latitude": -19.131455850429131, "longitude": -57.672316364384905 }, "geometry": { "type": "Point", "coordinates": [ -57.672316364384905, -19.131455850429131 ] } },
{ "type": "Feature", "properties": { "fatalities": 7.0, "latitude": -10.47573751618655, "longitude": -35.950190885155777 }, "geometry": { "type": "Point", "coordinates": [ -35.950190885155777, -10.47573751618655 ] } },
{ "type": "Feature", "properties": { "fatalities": 1.0, "latitude": 0.024890167754156214, "longitude": 25.673392177775234 }, "geometry": { "type": "Point", "coordinates": [ 25.673392177775234, 0.024890167754156 ] } },
{ "type": "Feature", "properties": { "fatalities": 9.0, "latitude": 16.152601177245678, "longitude": -99.271017300633829 }, "geometry": { "type": "Point", "coordinates": [ -99.271017300633829, 16.152601177245678 ] } },
{ "type": "Feature", "properties": { "fatalities": 4.0, "latitude": 23.010705787579639, "longitude": -103.86678723822894 }, "geometry": { "type": "Point", "coordinates": [ -103.866787238228937, 23.010705787579639 ] } },
{ "type": "Feature", "properties": { "fatalities": 13.0, "latitude": 15.086675492888235, "longitude": -9.896421463648549 }, "geometry": { "type": "Point", "coordinates": [ -9.896421463648549, 15.086675492888235 ] } },
{ "type": "Feature", "properties": { "fatalities": 2.0, "latitude": 1.6588119186178085, "longitude": 31.497551669134957 }, "geometry": { "type": "Point", "coordinates": [ 31.497551669134957, 1.658811918617809 ] } },
{ "type": "Feature", "properties": { "fatalities": 1.0, "latitude": 56.623164031535026, "longitude": 41.920191629160485 }, "geometry": { "type": "Point", "coordinates": [ 41.920191629160485, 56.623164031535026 ] } },
{ "type": "Feature", "properties": { "fatalities": 1.0, "latitude": -2.2521266213083817, "longitude": 152.46721997624493 }, "geometry": { "type": "Point", "coordinates": [ 152.467219976244934, -2.252126621308382 ] } },
{ "type": "Feature", "properties": { "fatalities": 2.0, "latitude": -12.516860974615435, "longitude": 38.069492824960804 }, "geometry": { "type": "Point", "coordinates": [ 38.069492824960804, -12.516860974615435 ] } },
{ "type": "Feature", "properties": { "fatalities": 5.0, "latitude": -11.58305535340472, "longitude": -42.160596451157325 }, "geometry": { "type": "Point", "coordinates": [ -42.160596451157325, -11.58305535340472 ] } },
{ "type": "Feature", "properties": { "fatalities": 7.0, "latitude": -21.086689514382723, "longitude": -45.510359403479072 }, "geometry": { "type": "Point", "coordinates": [ -45.510359403479072, -21.086689514382723 ] } },
{ "type": "Feature", "properties": { "fatalities": 0.0, "latitude": -37.797918002493418, "longitude": -71.529152979244785 }, "geometry": { "type": "Point", "coordinates": [ -71.529152979244785, -37.797918002493418 ] } },
{ "type": "Feature", "properties": { "fatalities": 29.0, "latitude": 8.6602971658636019, "longitude": 47.25542612956211 }, "geometry": { "type": "Point", "coordinates": [ 47.25542612956211, 8.660297165863602 ] } },
{ "type": "Feature", "properties": { "fatalities": 3.0, "latitude": 22.85205819777801, "longitude": 86.641906565180079 }, "geometry": { "type": "Point", "coordinates": [ 86.641906565180079, 22.85205819777801 ] } },
{ "type": "Feature", "properties": { "fatalities": 0.0, "latitude": 12.921805167664422, "longitude": 122.86728951327069 }, "geometry": { "type": "Point", "coordinates": [ 122.867289513270691, 12.921805167664422 ] } },
{ "type": "Feature", "properties": { "fatalities": 0.0, "latitude": 56.884154866402127, "longitude": 38.243813137320309 }, "geometry": { "type": "Point", "coordinates": [ 38.243813137320309, 56.884154866402127 ] } },
{ "type": "Feature", "properties": { "fatalities": 1.0, "latitude": 16.647409348767965, "longitude": 122.15687926469597 }, "geometry": { "type": "Point", "coordinates": [ 122.156879264695974, 16.647409348767965 ] } },
{ "type": "Feature", "properties": { "fatalities": 4.0, "latitude": 41.957982117486466, "longitude": 69.877087969456497 }, "geometry": { "type": "Point", "coordinates": [ 69.877087969456497, 41.957982117486466 ] } },
{ "type": "Feature", "properties": { "fatalities": 0.0, "latitude": -23.188464877891658, "longitude": 46.901486655095837 }, "geometry": { "type": "Point", "coordinates": [ 46.901486655095837, -23.188464877891658 ] } },
{ "type": "Feature", "properties": { "fatalities": 14.0, "latitude": 8.6898195137137471, "longitude": 3.8258167456786754 }, "geometry": { "type": "Point", "coordinates": [ 3.825816745678675, 8.689819513713747 ] } },
{ "type": "Feature", "properties": { "fatalities": 2.0, "latitude": -5.0516605459157873, "longitude": 28.26824322866522 }, "geometry": { "type": "Point", "coordinates": [ 28.26824322866522, -5.051660545915787 ] } },
{ "type": "Feature", "properties": { "fatalities": 0.0, "latitude": 29.918193506477273, "longitude": -111.38963590862106 }, "geometry": { "type": "Point", "coordinates": [ -111.389635908621059, 29.918193506477273 ] } },
{ "type": "Feature", "properties": { "fatalities": 7.0, "latitude": -28.659198712787102, "longitude": -48.896375536060141 }, "geometry": { "type": "Point", "coordinates": [ -48.896375536060141, -28.659198712787102 ] } },
{ "type": "Feature", "properties": { "fatalities": 2.0, "latitude": 27.617351625985137, "longitude": -113.77629840440459 }, "geometry": { "type": "Point", "coordinates": [ -113.776298404404585, 27.617351625985137 ] } },
{ "type": "Feature", "properties": { "fatalities": 1.0, "latitude": 15.513421066359413, "longitude": 79.721596230374729 }, "geometry": { "type": "Point", "coordinates": [ 79.721596230374729, 15.513421066359413 ] } },
{ "type": "Feature", "properties": { "fatalities": 2.0, "latitude": 42.179773143154009, "longitude": 76.78730161480587 }, "geometry": { "type": "Point", "coordinates": [ 76.78730161480587, 42.179773143154009 ] } },
{ "type": "Feature", "properties": { "fatalities": 2.0, "latitude": 6.8287946452341819, "longitude": 100.6412493638763 }, "geometry": { "type": "Point", "coordinates": [ 100.641249363876298, 6.828794645234182 ] } },
{ "type": "Feature", "properties": { "fatalities": 1.0, "latitude": 18.103873308133736, "longitude": 11.74364255017414 }, "geometry": { "type": "Point", "coordinates": [ 11.74364255017414, 18.103873308133736 ] } },
{ "type": "Feature", "properties": { "fatalities": 26.0, "latitude": 34.135791996047772, "longitude": 75.653037410714262 }, "geometry": { "type": "Point", "coordinates": [ 75.653037410714262, 34.135791996047772 ] } },
{ "type": "Feature", "properties": { "fatalities": 3.0, "latitude": -17.887650311143695, "longitude": -41.243678013873748 }, "geometry": { "type": "Point", "coordinates": [ -41.243678013873748, -17.887650311143695 ] } },
{ "type": "Feature", "properties": { "fatalities": 27.0, "latitude": 11.852231191173376, "longitude": 30.504512960332232 }, "geometry": { "type": "Point", "coordinates": [ 30.504512960332232, 11.852231191173376 ] } },
{ "type": "Feature", "properties": { "fatalities": 0.0, "latitude": 16.637900181293645, "longitude": 1.1499607772118354 }, "geometry": { "type": "Point", "coordinates": [ 1.149960777211835, 16.637900181293645 ] } },
{ "type": "Feature", "properties": { "fatalities": 14.0, "latitude": 22.665289651816018, "longitude": 93.16130917942094 }, "geometry": { "type": "Point", "coordinates": [ 93.16130917942094, 22.665289651816018 ] } },
{ "type": "Feature", "properties": { "fatalities": 2.0, "latitude": 25.154140224540594, "longitude": -101.40131545810469 }, "geometry": { "type": "Point", "coordinates": [ -101.40131545810469, 25.154140224540594 ] } },
{ "type": "Feature", "properties": { "fatalities": 5.0, "latitude": 36.14672792664949, "longitude": 69.662758803537372 }, "geometry": { "type": "Point", "coordinates": [ 69.662758803537372, 36.14672792664949 ] } },
{ "type": "Feature", "properties": { "fatalities": 1.0, "latitude": 21.703479341321557, "longitude": 80.094642566884261 }, "geometry": { "type": "Point", "coordinates": [ 80.094642566884261, 21.703479341321557 ] } },
{ "type": "Feature", "properties": { "fatalities": 2.0, "latitude": -13.848758282315204, "longitude": -44.285915304537475 }, "geometry": { "type": "Point", "coordinates": [ -44.285915304537475, -13.848758282315204 ] } },
{ "type": "Feature", "properties": { "fatalities": 0.0, "latitude": 9.0416465750407973, "longitude": 43.167460866476695 }, "geometry": { "type": "Point", "coordinates": [ 43.167460866476695, 9.041646575040797 ] } },
{ "type": "Feature", "properties": { "fatalities": 6.0, "latitude": 22.772017927445212, "longitude": -109.4431104298978 }, "geometry": { "type": "Point", "coordinates": [ -109.4431104298978, 22.772017927445212 ] } },
{ "type": "Feature", "properties": { "fatalities": 1.0, "latitude": 47.07109791156121, "longitude": -2.0654080367922845 }, "geometry": { "type": "Point", "coordinates": [ -2.065408036792284, 47.07109791156121 ] } },
{ "type": "Feature", "properties": { "fatalities": 3.0, "latitude": 23.88486220206914, "longitude": 75.522592315990636 }, "geometry": { "type": "Point", "coordinates": [ 75.522592315990636, 23.88486220206914 ] } },
{ "type": "Feature", "properties": { "fatalities": 1.0, "latitude": 44.024820011291027, "longitude": 4.4743671481695522 }, "geometry": { "type": "Point", "coordinates": [ 4.474367148169552, 44.024820011291027 ] } },
{ "type": "Feature", "properties": { "fatalities": 0.0, "latitude": 43.584726891739891, "longitude": 1.6129412001892109 }, "geometry": { "type": "Point", "coordinates": [ 1.612941200189211, 43.584726891739891 ] } },
{ "type": "Feature", "properties": { "fatalities": 1.0, "latitude": 26.178270073086594, "longitude": 95.337984877014819 }, "geometry": { "type": "Point", "coordinates": [ 95.337984877014819, 26.178270073086594 ] } },
{ "type": "Feature", "properties": { "fatalities": 3.0, "latitude": 34.881201272444848, "longitude": 43.63313289969966 }, "geometry": { "type": "Point", "coordinates": [ 43.63313289969966, 34.881201272444848 ] } },
{ "type": "Feature", "properties": { "fatalities": 0.0, "latitude": 15.882210055630614, "longitude": 80.80151164491528 }, "geometry": { "type": "Point", "coordinates": [ 80.80151164491528, 15.882210055630614 ] } },
{ "type": "Feature", "properties": { "fatalities": 26.0, "latitude": 28.938083624654485, "longitude": 63.874121298415716 }, "geometry": { "type": "Point", "coordinates": [ 63.874121298415716, 28.938083624654485 ] } },
{ "type": "Feature", "properties": { "fatalities": 15.0, "latitude": -25.085711077056644, "longitude": -49.816083978124617 }, "geometry": { "type": "Point", "coordinates": [ -49.816083978124617, -25.085711077056644 ] } },
{ "type": "Feature", "properties": { "fatalities": 5.0, "latitude": -4.4400690381724992, "longitude": -46.120497899476987 }, "geometry": { "type": "Point", "coordinates": [ -46.120497899476987, -4.440069038172499 ] } },
{ "type": "Feature", "properties": { "fatalities": 14.0, "latitude": -6.6658470214220458, "longitude": -50.247378430669862 }, "geometry": { "type": "Point", "coordinates": [ -50.247378430669862, -6.665847021422046 ] } },
{ "type": "Feature", "properties": { "fatalities": 0.0, "latitude": -25.419818800681362, "longitude": 30.886370766851076 }, "geometry": { "type": "Point", "coordinates": [ 30.886370766851076, -25.419818800681362 ] } },
{ "type": "Feature", "properties": { "fatalities": 5.0, "latitude": 36.26321793517991, "longitude": 35.658230688350052 }, "geometry": { "type": "Point", "coordinates": [ 35.658230688350052, 36.26321793517991 ] } },
{ "type": "Feature", "properties": { "fatalities": 2.0, "latitude": 50.774142610589735, "longitude": 79.99452509851416 }, "geometry": { "type": "Point", "coordinates": [ 79.99452509851416, 50.774142610589735 ] } },
{ "type": "Feature", "properties": { "fatalities": 4.0, "latitude": 3.8341394176805417, "longitude": -72.390187840562916 }, "geometry": { "type": "Point", "coordinates": [ -72.390187840562916, 3.834139417680542 ] } },
{ "type": "Feature", "properties": { "fatalities": 0.0, "latitude": 16.163656004453024, "longitude": 36.244809307628366 }, "geometry": { "type": "Point", "coordinates": [ 36.244809307628366, 16.163656004453024 ] } },
{ "type": "Feature", "properties": { "fatalities": 0.0, "latitude": 0.90979787860996986, "longitude": 122.79498400907795 }, "geometry": { "type": "Point", "coordinates": [ 122.79498400907795, 0.90979787860997 ] } },
{ "type": "Feature", "properties": { "fatalities": 4.0, "latitude": -9.0113335987342431, "longitude": 13.465696855953219 }, "geometry": { "type": "Point", "coordinates": [ 13.465696855953219, -9.011333598734243 ] } },
{ "type": "Feature", "properties": { "fatalities": 3.0, "latitude": 9.2334886593837791, "longitude": -76.746256425782363 }, "geometry": { "type": "Point", "coordinates": [ -76.746256425782363, 9.233488659383779 ] } },
{ "type": "Feature", "properties": { "fatalities": 1.0, "latitude": 16.602649544872715, "longitude": -16.397588393925737 }, "geometry": { "type": "Point", "coordinates": [ -16.397588393925737, 16.602649544872715 ] } },
{ "type": "Feature", "properties": { "fatalities": 2.0, "latitude": 17.589562235745397, "longitude": 31.121283261080311 }, "geometry": { "type": "Point", "coordinates": [ 31.121283261080311, 17.589562235745397 ] } },
{ "type": "Feature", "properties": { "fatalities": 2.0, "latitude": 20.007197332767124, "longitude": 36.850971779942093 }, "geometry": { "type": "Point", "coordinates": [ 36.850971779942093, 20.007197332767124 ] } },
{ "type": "Feature", "properties": { "fatalities": 0.0, "latitude": 30.655183525325867, "longitude": 103.74618388382804 }, "geometry": { "type": "Point", "coordinates": [ 103.746183883828039, 30.655183525325867 ] } },
{ "type": "Feature", "properties": { "fatalities": 0.0, "latitude": 24.23156390922691, "longitude": 67.226204248779439 }, "geometry": { "type": "Point", "coordinates": [ 67.226204248779439, 24.23156390922691 ] } },
{ "type": "Feature", "properties": { "fatalities": 1.0, "latitude": 9.4008159720166429, "longitude": -1.7133712471615119 }, "geometry": { "type": "Point", "coordinates": [ -1.713371247161512, 9.400815972016643 ] } },
{ "type": "Feature", "properties": { "fatalities": 1.0, "latitude": -31.981555328614018, "longitude": 28.556019961384191 }, "geometry": { "type": "Point", "coordinates": [ 28.556019961384191, -31.981555328614018 ] } },
{ "type": "Feature", "properties": { "fatalities": 0.0, "latitude": 2.3257108604879622, "longitude": 99.357773187688508 }, "geometry": { "type": "Point", "coordinates": [ 99.357773187688508, 2.325710860487962 ] } },
{ "type": "Feature", "properties": { "fatalities": 1.0, "latitude": 11.85281635356789, "longitude": 122.49572274649223 }, "geometry": { "type": "Point", "coordinates": [ 122.495722746492234, 11.85281635356789 ] } },
{ "type": "Feature", "properties": { "fatalities": 0.0, "latitude": 40.225700285905674, "longitude": 65.817965236900292 }, "geometry": { "type": "Point", "coordinates": [ 65.817965236900292, 40.225700285905674 ] } },
{ "type": "Feature", "properties": { "fatalities": 1.0, "latitude": 7.5961666012826941, "longitude": 126.15132082823206 }, "geometry": { "type": "Point", "coordinates": [ 126.151320828232059, 7.596166601282694 ] } },
{ "type": "Feature", "properties": { "fatalities": 0.0, "latitude": 58.683360876793536, "longitude": 49.901447520789063 }, "geometry": { "type": "Point", "coordinates": [ 49.901447520789063, 58.683360876793536 ] } },
{ "type": "Feature", "properties": { "fatalities": 3.0, "latitude": 8.5272616950513953, "longitude": 22.307167584541251 }, "geometry": { "type": "Point", "coordinates": [ 22.307167584541251, 8.527261695051395 ] } },
{ "type": "Feature", "properties": { "fatalities": 2.0, "latitude": -9.691447932428316, "longitude": -66.624833268828027 }, "geometry": { "type": "Point", "coordinates": [ -66.624833268828027, -9.691447932428316 ] } },
{ "type": "Feature", "properties": { "fatalities": 0.0, "latitude": 9.5883763496139558, "longitude": 16.123092277247668 }, "geometry": { "type": "Point", "coordinates": [ 16.123092277247668, 9.588376349613956 ] } },
{ "type": "Feature", "properties": { "fatalities": 4.0, "latitude": 8.096896177778774, "longitude": -62.960225726386021 }, "geometry": { "type": "Point", "coordinates": [ -62.960225726386021, 8.096896177778774 ] } },
{ "type": "Feature", "properties": { "fatalities": 6.0, "latitude": 3.9933330699468397, "longitude": 39.96301572604483 }, "geometry": { "type": "Point", "coordinates": [ 39.96301572604483, 3.99333306994684 ] } },
{ "type": "Feature", "properties": { "fatalities": 0.0, "latitude": 31.271219356703572, "longitude": 119.68567060623714 }, "geometry": { "type": "Point", "coordinates": [ 119.685670606237139, 31.271219356703572 ] } },
{ "type": "Feature", "properties": { "fatalities": 0.0, "latitude": -2.8116890368121612, "longitude": 23.745816846540752 }, "geometry": { "type": "Point", "coordinates": [ 23.745816846540752, -2.811689036812161 ] } },
{ "type": "Feature", "properties": { "fatalities": 1.0, "latitude": 45.144292304278231, "longitude": 40.548506549164934 }, "geometry": { "type": "Point", "coordinates": [ 40.548506549164934, 45.144292304278231 ] } },
{ "type": "Feature", "properties": { "fatalities": 3.0, "latitude": 12.939431952428745, "longitude": 75.332924370438278 }, "geometry": { "type": "Point", "coordinates": [ 75.332924370438278, 12.939431952428745 ] } },
{ "type": "Feature", "properties": { "fatalities": 1.0, "latitude": 51.952254250049158, "longitude": 3.7783473446264439 }, "geometry": { "type": "Point", "coordinates": [ 3.778347344626444, 51.952254250049158 ] } },
{ "type": "Feature", "properties": { "fatalities": 0.0, "latitude": 44.592639761201248, "longitude": -72.325844447177104 }, "geometry": { "type": "Point", "coordinates": [ -72.325844447177104, 44.592639761201248 ] } },
{ "type": "Feature", "properties": { "fatalities": 3.0, "latitude": -8.3244863993374185, "longitude": 33.437244728904595 }, "geometry": { "type": "Point", "coordinates": [ 33.437244728904595, -8.324486399337419 ] } },
{ "type": "Feature", "properties": { "fatalities": 3.0, "latitude": 6.2757051693886075, "longitude": 102.5992903201961 }, "geometry": { "type": "Point", "coordinates": [ 102.599290320196104, 6.275705169388607 ] } },
{ "type": "Feature", "properties": { "fatalities": 1.0, "latitude": -0.98481816626267193, "longitude": 9.0904511440191254 }, "geometry": { "type": "Point", "coordinates": [ 9.090451144019125, -0.984818166262672 ] } },
{ "type": "Feature", "properties": { "fatalities": 2.0, "latitude": 37.531513167764167, "longitude": 40.15645645347098 }, "geometry": { "type": "Point", "coordinates": [ 40.15645645347098, 37.531513167764167 ] } },
{ "type": "Feature", "properties": { "fatalities": 0.0, "latitude": 10.328555612809641, "longitude": 79.598601529113125 }, "geometry": { "type": "Point", "coordinates": [ 79.598601529113125, 10.328555612809641 ] } },
{ "type": "Feature", "properties": { "fatalities": 7.0, "latitude": 9.0629782275704311, "longitude": 30.772507464960704 }, "geometry": { "type": "Point", "coordinates": [ 30.772507464960704, 9.062978227570431 ] } },
{ "type": "Feature", "properties": { "fatalities": 0.0, "latitude": 48.252068601187098, "longitude": 74.773893408362198 }, "geometry": { "type": "Point", "coordinates": [ 74.773893408362198, 48.252068601187098 ] } },
{ "type": "Feature", "properties": { "fatalities": 3.0, "latitude": 15.717743501179942, "longitude": -95.232426141816021 }, "geometry": { "type": "Point", "coordinates": [ -95.232426141816021, 15.717743501179942 ] } },
{ "type": "Feature", "properties": { "fatalities": 1.0, "latitude": 6.2453633185155821, "longitude": 79.711274534688584 }, "geometry": { "type": "Point", "coordinates": [ 79.711274534688584, 6.245363318515582 ] } },
{ "type": "Feature", "properties": { "fatalities": 8.0, "latitude": 26.394882190675737, "longitude": -111.52741411894613 }, "geometry": { "type": "Point", "coordinates": [ -111.527414118946126, 26.394882190675737 ] } },
{ "type": "Feature", "properties": { "fatalities": 0.0, "latitude": -23.328733398606527, "longitude": 44.563608813781464 }, "geometry": { "type": "Point", "coordinates": [ 44.563608813781464, -23.328733398606527 ] } },
{ "type": "Feature", "properties": { "fatalities": 77.0, "latitude": 10.889696787648763, "longitude": 30.970596708969708 }, "geometry": { "type": "Point", "coordinates": [ 30.970596708969708, 10.889696787648763 ] } },
{ "type": "Feature", "properties": { "fatalities": 0.0, "latitude": 5.5132474682815387, "longitude": -56.681601294627264 }, "geometry": { "type": "Point", "coordinates": [ -56.681601294627264, 5.513247468281539 ] } },
{ "type": "Feature", "properties": { "fatalities": 0.0, "latitude": 9.2215786976437393, "longitude": 79.364740497267235 }, "geometry": { "type": "Point", "coordinates": [ 79.364740497267235, 9.221578697643739 ] } },
{ "type": "Feature", "properties": { "fatalities": 0.0, "latitude": 40.223916066575036, "longitude": 68.476758271080698 }, "geometry": { "type": "Point", "coordinates": [ 68.476758271080698, 40.223916066575036 ] } },
{ "type": "Feature", "properties": { "fatalities": 3.0, "latitude": 18.584337389323828, "longitude": -68.423875090254583 }, "geometry": { "type": "Point", "coordinates": [ -68.423875090254583, 18.584337389323828 ] } },
{ "type": "Feature", "properties": { "fatalities": 0.0, "latitude": 45.067541496723784, "longitude": 35.074073547685074 }, "geometry": { "type": "Point", "coordinates": [ 35.074073547685074, 45.067541496723784 ] } },
{ "type": "Feature", "properties": { "fatalities": 0.0, "latitude": 50.508105226818131, "longitude": 123.67056393340833 }, "geometry": { "type": "Point", "coordinates": [ 123.670563933408332, 50.508105226818131 ] } },
{ "type": "Feature", "properties": { "fatalities": 67.0, "latitude": 7.5752463967464214, "longitude": 39.99099126503468 }, "geometry": { "type": "Point", "coordinates": [ 39.99099126503468, 7.575246396746421 ] } },
{ "type": "Feature", "properties": { "fatalities": 5.0, "latitude": 15.478005246285885, "longitude": -93.263974357955178 }, "geometry": { "type": "Point", "coordinates": [ -93.263974357955178, 15.478005246285885 ] } },
{ "type": "Feature", "properties": { "fatalities": 4.0, "latitude": 33.349171852540678, "longitude": 65.99386843206392 }, "geometry": { "type": "Point", "coordinates": [ 65.99386843206392, 33.349171852540678 ] } },
{ "type": "Feature", "properties": { "fatalities": 0.0, "latitude": 4.9392810025225016, "longitude": 39.425648093373596 }, "geometry": { "type": "Point", "coordinates": [ 39.425648093373596, 4.939281002522502 ] } },
{ "type": "Feature", "properties": { "fatalities": 0.0, "latitude": 35.171738834160848, "longitude": 113.66477044693433 }, "geometry": { "type": "Point", "coordinates": [ 113.664770446934327, 35.171738834160848 ] } },
{ "type": "Feature", "properties": { "fatalities": 0.0, "latitude": 13.224103516263954, "longitude": 92.738000061814176 }, "geometry": { "type": "Point", "coordinates": [ 92.738000061814176, 13.224103516263954 ] } },
{ "type": "Feature", "properties": { "fatalities": 1.0, "latitude": 13.221284596417741, "longitude": -88.848061813573239 }, "geometry": { "type": "Point", "coordinates": [ -88.848061813573239, 13.221284596417741 ] } },
{ "type": "Feature", "properties": { "fatalities": 8.0, "latitude": -4.4879125363382188, "longitude": -44.074192395170549 }, "geometry": { "type": "Point", "coordinates": [ -44.074192395170549, -4.487912536338219 ] } },
{ "type": "Feature", "properties": { "fatalities": 5.0, "latitude": 25.782010932773225, "longitude": 66.157909967080627 }, "geometry": { "type": "Point", "coordinates": [ 66.157909967080627, 25.782010932773225 ] } },
{ "type": "Feature", "properties": { "fatalities": 10.0, "latitude": -6.1158952057562548, "longitude": -49.219560900352448 }, "geometry": { "type": "Point", "coordinates": [ -49.219560900352448, -6.115895205756255 ] } },
{ "type": "Feature", "properties": { "fatalities": 0.0, "latitude": 4.6765830981442091, "longitude": 27.676627743175938 }, "geometry": { "type": "Point", "coordinates": [ 27.676627743175938, 4.676583098144209 ] } },
{ "type": "Feature", "properties": { "fatalities": 0.0, "latitude": -1.5411023680258571, "longitude": 132.43900869604522 }, "geometry": { "type": "Point", "coordinates": [ 132.439008696045221, -1.541102368025857 ] } },
{ "type": "Feature", "properties": { "fatalities": 0.0, "latitude": 41.786806357543448, "longitude": -73.064678471147474 }, "geometry": { "type": "Point", "coordinates": [ -73.064678471147474, 41.786806357543448 ] } },
{ "type": "Feature", "properties": { "fatalities": 1.0, "latitude": -20.270895007440682, "longitude": -70.299812135553253 }, "geometry": { "type": "Point", "coordinates": [ -70.299812135553253, -20.270895007440682 ] } },
{ "type": "Feature", "properties": { "fatalities": 0.0, "latitude": -23.580315641126845, "longitude": -70.562881827814195 }, "geometry": { "type": "Point", "coordinates": [ -70.562881827814195, -23.580315641126845 ] } },
{ "type": "Feature", "properties": { "fatalities": 1.0, "latitude": 37.206011328579613, "longitude": 25.65240725541079 }, "geometry": { "type": "Point", "coordinates": [ 25.65240725541079, 37.206011328579613 ] } },
{ "type": "Feature", "properties": { "fatalities": 14.0, "latitude": -0.60574398918294203, "longitude": 38.248391934982443 }, "geometry": { "type": "Point", "coordinates": [ 38.248391934982443, -0.605743989182942 ] } },
{ "type": "Feature", "properties": { "fatalities": 3.0, "latitude": 13.571511676153431, "longitude": 32.997478888050388 }, "geometry": { "type": "Point", "coordinates": [ 32.997478888050388, 13.571511676153431 ] } },
{ "type": "Feature", "properties": { "fatalities": 6.0, "latitude": 9.4575460112607619, "longitude": 21.770965855238018 }, "geometry": { "type": "Point", "coordinates": [ 21.770965855238018, 9.457546011260762 ] } },
{ "type": "Feature", "properties": { "fatalities": 0.0, "latitude": 40.32081128057807, "longitude": 20.59052692646625 }, "geometry": { "type": "Point", "coordinates": [ 20.59052692646625, 40.32081128057807 ] } },
{ "type": "Feature", "properties": { "fatalities": 2.0, "latitude": 20.140057836206434, "longitude": 17.740668271165369 }, "geometry": { "type": "Point", "coordinates": [ 17.740668271165369, 20.140057836206434 ] } },
{ "type": "Feature", "properties": { "fatalities": 1.0, "latitude": -8.5959557759266385, "longitude": 112.91267442521495 }, "geometry": { "type": "Point", "coordinates": [ 112.912674425214945, -8.595955775926639 ] } },
{ "type": "Feature", "properties": { "fatalities": 0.0, "latitude": 36.766227162128601, "longitude": 31.436949014812907 }, "geometry": { "type": "Point", "coordinates": [ 31.436949014812907, 36.766227162128601 ] } },
{ "type": "Feature", "properties": { "fatalities": 3.0, "latitude": 6.4546109849471769, "longitude": 28.904982446572891 }, "geometry": { "type": "Point", "coordinates": [ 28.904982446572891, 6.454610984947177 ] } },
{ "type": "Feature", "properties": { "fatalities": 0.0, "latitude": 51.804867322700886, "longitude": -0.94250442513104793 }, "geometry": { "type": "Point", "coordinates": [ -0.942504425131048, 51.804867322700886 ] } },
{ "type": "Feature", "properties": { "fatalities": 0.0, "latitude": 23.604991508345407, "longitude": 113.47825479702723 }, "geometry": { "type": "Point", "coordinates": [ 113.478254797027233, 23.604991508345407 ] } },
{ "type": "Feature", "properties": { "fatalities": 0.0, "latitude": 45.001037876097513, "longitude": 15.140397114895332 }, "geometry": { "type": "Point", "coordinates": [ 15.140397114895332, 45.001037876097513 ] } },
{ "type": "Feature", "properties": { "fatalities": 3.0, "latitude": 18.193332897625762, "longitude": 120.70937899656191 }, "geometry": { "type": "Point", "coordinates": [ 120.70937899656191, 18.193332897625762 ] } },
{ "type": "Feature", "properties": { "fatalities": 2.0, "latitude": 9.6259701699119447, "longitude": -63.757134301307588 }, "geometry": { "type": "Point", "coordinates": [ -63.757134301307588, 9.625970169911945 ] } },
{ "type": "Feature", "properties": { "fatalities": 0.0, "latitude": -5.96095402173518, "longitude": 142.65062668822171 }, "geometry": { "type": "Point", "coordinates": [ 142.650626688221706, -5.96095402173518 ] } },
{ "type": "Feature", "properties": { "fatalities": 0.0, "latitude": -11.493925454075677, "longitude": 37.49583319571456 }, "geometry": { "type": "Point", "coordinates": [ 37.49583319571456, -11.493925454075677 ] } },
{ "type": "Feature", "properties": { "fatalities": 3.0, "latitude": -6.8287946452341837, "longitude": -79.358750636123716 }, "geometry": { "type": "Point", "coordinates": [ -79.358750636123716, -6.828794645234184 ] } },
{ "type": "Feature", "properties": { "fatalities": 1.0, "latitude": 10.399269313122204, "longitude": 2.5775305045218935 }, "geometry": { "type": "Point", "coordinates": [ 2.577530504521893, 10.399269313122204 ] } },
{ "type": "Feature", "properties": { "fatalities": 0.0, "latitude": 6.9003457445333849, "longitude": -11.214408699617492 }, "geometry": { "type": "Point", "coordinates": [ -11.214408699617492, 6.900345744533385 ] } },
{ "type": "Feature", "properties": { "fatalities": 4.0, "latitude": 24.994425733060286, "longitude": 83.995771415045496 }, "geometry": { "type": "Point", "coordinates": [ 83.995771415045496, 24.994425733060286 ] } },
{ "type": "Feature", "properties": { "fatalities": 3.0, "latitude": 26.48466563011819, "longitude": 32.814751523868232 }, "geometry": { "type": "Point", "coordinates": [ 32.814751523868232, 26.48466563011819 ] } },
{ "type": "Feature", "properties": { "fatalities": 0.0, "latitude": 40.816804680693373, "longitude": 67.142553821146777 }, "geometry": { "type": "Point", "coordinates": [ 67.142553821146777, 40.816804680693373 ] } },
{ "type": "Feature", "properties": { "fatalities": 1.0, "latitude": 33.478708769647568, "longitude": 40.626925685729262 }, "geometry": { "type": "Point", "coordinates": [ 40.626925685729262, 33.478708769647568 ] } },
{ "type": "Feature", "properties": { "fatalities": 0.0, "latitude": 27.945083779355098, "longitude": -99.915168022839325 }, "geometry": { "type": "Point", "coordinates": [ -99.915168022839325, 27.945083779355098 ] } },
{ "type": "Feature", "properties": { "fatalities": 1.0, "latitude": 28.211371322544956, "longitude": -114.91259603147313 }, "geometry": { "type": "Point", "coordinates": [ -114.912596031473129, 28.211371322544956 ] } },
{ "type": "Feature", "properties": { "fatalities": 68.0, "latitude": 8.6894690290602394, "longitude": 15.586463260431154 }, "geometry": { "type": "Point", "coordinates": [ 15.586463260431154, 8.689469029060239 ] } },
{ "type": "Feature", "properties": { "fatalities": 10.0, "latitude": 16.045712474075621, "longitude": -89.229137207172059 }, "geometry": { "type": "Point", "coordinates": [ -89.229137207172059, 16.045712474075621 ] } },
{ "type": "Feature", "properties": { "fatalities": 40.0, "latitude": 8.7158354796894386, "longitude": 5.8787614307754836 }, "geometry": { "type": "Point", "coordinates": [ 5.878761430775484, 8.715835479689439 ] } },
{ "type": "Feature", "properties": { "fatalities": 0.0, "latitude": 13.299764717501668, "longitude": 79.246859175365913 }, "geometry": { "type": "Point", "coordinates": [ 79.246859175365913, 13.299764717501668 ] } },
{ "type": "Feature", "properties": { "fatalities": 0.0, "latitude": 30.603086930991648, "longitude": -6.25463698598546 }, "geometry": { "type": "Point", "coordinates": [ -6.25463698598546, 30.603086930991648 ] } },
{ "type": "Feature", "properties": { "fatalities": 1.0, "latitude": 56.58261195811437, "longitude": 65.19033629672812 }, "geometry": { "type": "Point", "coordinates": [ 65.19033629672812, 56.58261195811437 ] } },
{ "type": "Feature", "properties": { "fatalities": 0.0, "latitude": 30.839162695379496, "longitude": 104.97219423375336 }, "geometry": { "type": "Point", "coordinates": [ 104.972194233753356, 30.839162695379496 ] } },
{ "type": "Feature", "properties": { "fatalities": 0.0, "latitude": 25.216106657044257, "longitude": -111.57159892035915 }, "geometry": { "type": "Point", "coordinates": [ -111.57159892035915, 25.216106657044257 ] } },
{ "type": "Feature", "properties": { "fatalities": 0.0, "latitude": 51.810502561719929, "longitude": 117.21335586341331 }, "geometry": { "type": "Point", "coordinates": [ 117.213355863413312, 51.810502561719929 ] } },
{ "type": "Feature", "properties": { "fatalities": 6.0, "latitude": 14.779901103703363, "longitude": -8.0930704263070634 }, "geometry": { "type": "Point", "coordinates": [ -8.093070426307063, 14.779901103703363 ] } },
{ "type": "Feature", "properties": { "fatalities": 5.0, "latitude": 10.654445529037323, "longitude": -63.706389828873306 }, "geometry": { "type": "Point", "coordinates": [ -63.706389828873306, 10.654445529037323 ] } },
{ "type": "Feature", "properties": { "fatalities": 119.0, "latitude": 12.114358636766376, "longitude": 1.3076661611841291 }, "geometry": { "type": "Point", "coordinates": [ 1.307666161184129, 12.114358636766376 ] } },
{ "type": "Feature", "properties": { "fatalities": 8.0, "latitude": 4.1299898369834054, "longitude": 37.766236980422221 }, "geometry": { "type": "Point", "coordinates": [ 37.766236980422221, 4.129989836983405 ] } },
{ "type": "Feature", "properties": { "fatalities": 1.0, "latitude": 34.305888426269377, "longitude": 35.320488247587477 }, "geometry": { "type": "Point", "coordinates": [ 35.320488247587477, 34.305888426269377 ] } },
{ "type": "Feature", "properties": { "fatalities": 0.0, "latitude": 0.78203830917731032, "longitude": 127.93865027060511 }, "geometry": { "type": "Point", "coordinates": [ 127.938650270605109, 0.78203830917731 ] } },
{ "type": "Feature", "properties": { "fatalities": 1.0, "latitude": 27.170742815793073, "longitude": 14.407444101381769 }, "geometry": { "type": "Point", "coordinates": [ 14.407444101381769, 27.170742815793073 ] } },
{ "type": "Feature", "properties": { "fatalities": 5.0, "latitude": 5.1470564865647646, "longitude": 36.124868063536553 }, "geometry": { "type": "Point", "coordinates": [ 36.124868063536553, 5.147056486564765 ] } },
{ "type": "Feature", "properties": { "fatalities": 18.0, "latitude": 10.520383377842078, "longitude": 8.8878941610630129 }, "geometry": { "type": "Point", "coordinates": [ 8.887894161063013, 10.520383377842078 ] } },
{ "type": "Feature", "properties": { "fatalities": 2.0, "latitude": -7.9982394622403667, "longitude": -79.479180484344312 }, "geometry": { "type": "Point", "coordinates": [ -79.479180484344312, -7.998239462240367 ] } },
{ "type": "Feature", "properties": { "fatalities": 0.0, "latitude": 51.601280970608229, "longitude": 8.0039995853433847 }, "geometry": { "type": "Point", "coordinates": [ 8.003999585343385, 51.601280970608229 ] } },
{ "type": "Feature", "properties": { "fatalities": 1.0, "latitude": 25.565544923014112, "longitude": 79.965741899245359 }, "geometry": { "type": "Point", "coordinates": [ 79.965741899245359, 25.565544923014112 ] } },
{ "type": "Feature", "properties": { "fatalities": 4.0, "latitude": 14.285613792230921, "longitude": 120.33918348658369 }, "geometry": { "type": "Point", "coordinates": [ 120.339183486583693, 14.285613792230921 ] } },
{ "type": "Feature", "properties": { "fatalities": 0.0, "latitude": 43.6047913620976, "longitude": 43.883742177757327 }, "geometry": { "type": "Point", "coordinates": [ 43.883742177757327, 43.6047913620976 ] } },
{ "type": "Feature", "properties": { "fatalities": 1.0, "latitude": 8.5551403006260109, "longitude": -2.0377177946485565 }, "geometry": { "type": "Point", "coordinates": [ -2.037717794648557, 8.555140300626011 ] } },
{ "type": "Feature", "properties": { "fatalities": 3.0, "latitude": 2.1898038840806451, "longitude": -60.542698345535413 }, "geometry": { "type": "Point", "coordinates": [ -60.542698345535413, 2.189803884080645 ] } },
{ "type": "Feature", "properties": { "fatalities": 12.0, "latitude": 15.824997554791716, "longitude": 2.8806266423643128 }, "geometry": { "type": "Point", "coordinates": [ 2.880626642364313, 15.824997554791716 ] } },
{ "type": "Feature", "properties": { "fatalities": 0.0, "latitude": 26.292245802830763, "longitude": 67.217309054463996 }, "geometry": { "type": "Point", "coordinates": [ 67.217309054463996, 26.292245802830763 ] } },
{ "type": "Feature", "properties": { "fatalities": 1.0, "latitude": 3.3023406325783711, "longitude": 36.079911751622802 }, "geometry": { "type": "Point", "coordinates": [ 36.079911751622802, 3.302340632578371 ] } },
{ "type": "Feature", "properties": { "fatalities": 7.0, "latitude": -2.695742590057248, "longitude": -45.056826483775474 }, "geometry": { "type": "Point", "coordinates": [ -45.056826483775474, -2.695742590057248 ] } },
{ "type": "Feature", "properties": { "fatalities": 3.0, "latitude": 5.5704876970184696, "longitude": 28.293035265201055 }, "geometry": { "type": "Point", "coordinates": [ 28.293035265201055, 5.57048769701847 ] } },
{ "type": "Feature", "properties": { "fatalities": 0.0, "latitude": 53.855358208143244, "longitude": 48.444448252874786 }, "geometry": { "type": "Point", "coordinates": [ 48.444448252874786, 53.855358208143244 ] } },
{ "type": "Feature", "properties": { "fatalities": 1.0, "latitude": 9.5198145324160439, "longitude": 2.1948490129903031 }, "geometry": { "type": "Point", "coordinates": [ 2.194849012990303, 9.519814532416044 ] } },
{ "type": "Feature", "properties": { "fatalities": 0.0, "latitude": 54.891361905517385, "longitude": 39.587073485360698 }, "geometry": { "type": "Point", "coordinates": [ 39.587073485360698, 54.891361905517385 ] } },
{ "type": "Feature", "properties": { "fatalities": 1.0, "latitude": -3.8968308929320497, "longitude": 25.410821815776536 }, "geometry": { "type": "Point", "coordinates": [ 25.410821815776536, -3.89683089293205 ] } },
{ "type": "Feature", "properties": { "fatalities": 2.0, "latitude": 11.194835452012184, "longitude": -68.991793482570799 }, "geometry": { "type": "Point", "coordinates": [ -68.991793482570799, 11.194835452012184 ] } },
{ "type": "Feature", "properties": { "fatalities": 0.0, "latitude": 7.0214005225452736, "longitude": 35.066939082355553 }, "geometry": { "type": "Point", "coordinates": [ 35.066939082355553, 7.021400522545274 ] } },
{ "type": "Feature", "properties": { "fatalities": 1.0, "latitude": 40.042520361932063, "longitude": -3.9391010394951773 }, "geometry": { "type": "Point", "coordinates": [ -3.939101039495177, 40.042520361932063 ] } },
{ "type": "Feature", "properties": { "fatalities": 0.0, "latitude": 33.969092351434391, "longitude": -117.24645368593889 }, "geometry": { "type": "Point", "coordinates": [ -117.246453685938889, 33.969092351434391 ] } },
{ "type": "Feature", "properties": { "fatalities": 13.0, "latitude": -5.7964891095005227, "longitude": -35.899293568730585 }, "geometry": { "type": "Point", "coordinates": [ -35.899293568730585, -5.796489109500523 ] } },
{ "type": "Feature", "properties": { "fatalities": 4.0, "latitude": 38.957863262978343, "longitude": -76.548273128603043 }, "geometry": { "type": "Point", "coordinates": [ -76.548273128603043, 38.957863262978343 ] } },
{ "type": "Feature", "properties": { "fatalities": 7.0, "latitude": 11.444057362479558, "longitude": 10.459821252648652 }, "geometry": { "type": "Point", "coordinates": [ 10.459821252648652, 11.444057362479558 ] } },
{ "type": "Feature", "properties": { "fatalities": 0.0, "latitude": 47.168506720349697, "longitude": 123.30735912247459 }, "geometry": { "type": "Point", "coordinates": [ 123.307359122474594, 47.168506720349697 ] } },
{ "type": "Feature", "properties": { "fatalities": 0.0, "latitude": 40.260977466226137, "longitude": 23.617600715230942 }, "geometry": { "type": "Point", "coordinates": [ 23.617600715230942, 40.260977466226137 ] } },
{ "type": "Feature", "properties": { "fatalities": 0.0, "latitude": 55.439429157110197, "longitude": 65.250186541853125 }, "geometry": { "type": "Point", "coordinates": [ 65.250186541853125, 55.439429157110197 ] } },
{ "type": "Feature", "properties": { "fatalities": 0.0, "latitude": 54.572876077353662, "longitude": 82.788079416655791 }, "geometry": { "type": "Point", "coordinates": [ 82.788079416655791, 54.572876077353662 ] } },
{ "type": "Feature", "properties": { "fatalities": 0.0, "latitude": -24.497261421564918, "longitude": -50.833080094389913 }, "geometry": { "type": "Point", "coordinates": [ -50.833080094389913, -24.497261421564918 ] } },
{ "type": "Feature", "properties": { "fatalities": 5.0, "latitude": 7.0319758072902365, "longitude": -8.5937391454448786 }, "geometry": { "type": "Point", "coordinates": [ -8.593739145444879, 7.031975807290237 ] } },
{ "type": "Feature", "properties": { "fatalities": 1.0, "latitude": -6.3948237490782525, "longitude": 17.691098837522805 }, "geometry": { "type": "Point", "coordinates": [ 17.691098837522805, -6.394823749078252 ] } },
{ "type": "Feature", "properties": { "fatalities": 2.0, "latitude": -17.423231064980225, "longitude": 31.264792325133996 }, "geometry": { "type": "Point", "coordinates": [ 31.264792325133996, -17.423231064980225 ] } },
{ "type": "Feature", "properties": { "fatalities": 0.0, "latitude": 36.078022253857448, "longitude": 27.740902429288827 }, "geometry": { "type": "Point", "coordinates": [ 27.740902429288827, 36.078022253857448 ] } },
{ "type": "Feature", "properties": { "fatalities": 1.0, "latitude": 24.576066386445991, "longitude": 72.45996141441357 }, "geometry": { "type": "Point", "coordinates": [ 72.45996141441357, 24.576066386445991 ] } },
{ "type": "Feature", "properties": { "fatalities": 3.0, "latitude": 29.716737396859411, "longitude": 75.120616116247163 }, "geometry": { "type": "Point", "coordinates": [ 75.120616116247163, 29.716737396859411 ] } },
{ "type": "Feature", "properties": { "fatalities": 3.0, "latitude": 5.1403697281177889, "longitude": 15.570851906560486 }, "geometry": { "type": "Point", "coordinates": [ 15.570851906560486, 5.140369728117789 ] } },
{ "type": "Feature", "properties": { "fatalities": 1.0, "latitude": -7.9705246121779689, "longitude": -46.208993722276681 }, "geometry": { "type": "Point", "coordinates": [ -46.208993722276681, -7.970524612177969 ] } },
{ "type": "Feature", "properties": { "fatalities": 0.0, "latitude": -26.412250265500063, "longitude": 31.478036712162766 }, "geometry": { "type": "Point", "coordinates": [ 31.478036712162766, -26.412250265500063 ] } },
{ "type": "Feature", "properties": { "fatalities": 0.0, "latitude": 41.778970491553629, "longitude": 1.9635881039191312 }, "geometry": { "type": "Point", "coordinates": [ 1.963588103919131, 41.778970491553629 ] } },
{ "type": "Feature", "properties": { "fatalities": 1.0, "latitude": 11.77999690113514, "longitude": 31.637752268466699 }, "geometry": { "type": "Point", "coordinates": [ 31.637752268466699, 11.77999690113514 ] } },
{ "type": "Feature", "properties": { "fatalities": 6.0, "latitude": -15.074061301243049, "longitude": -40.147883424093948 }, "geometry": { "type": "Point", "coordinates": [ -40.147883424093948, -15.074061301243049 ] } },
{ "type": "Feature", "properties": { "fatalities": 0.0, "latitude": 21.385769704660181, "longitude": 82.062601726660077 }, "geometry": { "type": "Point", "coordinates": [ 82.062601726660077, 21.385769704660181 ] } },
{ "type": "Feature", "properties": { "fatalities": 0.0, "latitude": 51.990574059802213, "longitude": 68.708300064738523 }, "geometry": { "type": "Point", "coordinates": [ 68.708300064738523, 51.990574059802213 ] } },
{ "type": "Feature", "properties": { "fatalities": 1.0, "latitude": -3.8950423647718941, "longitude": -61.723859969331841 }, "geometry": { "type": "Point", "coordinates": [ -61.723859969331841, -3.895042364771894 ] } },
{ "type": "Feature", "properties": { "fatalities": 0.0, "latitude": 9.5398156871387858, "longitude": 46.734981434648112 }, "geometry": { "type": "Point", "coordinates": [ 46.734981434648112, 9.539815687138786 ] } },
{ "type": "Feature", "properties": { "fatalities": 0.0, "latitude": 44.141613267832433, "longitude": 17.52841899931629 }, "geometry": { "type": "Point", "coordinates": [ 17.52841899931629, 44.141613267832433 ] } },
{ "type": "Feature", "properties": { "fatalities": 5.0, "latitude": -10.978909406278277, "longitude": -43.184475414647196 }, "geometry": { "type": "Point", "coordinates": [ -43.184475414647196, -10.978909406278277 ] } },
{ "type": "Feature", "properties": { "fatalities": 2.0, "latitude": 30.887769550430434, "longitude": 29.334078244556551 }, "geometry": { "type": "Point", "coordinates": [ 29.334078244556551, 30.887769550430434 ] } },
{ "type": "Feature", "properties": { "fatalities": 1.0, "latitude": 7.9208937812463329, "longitude": -8.3288412481276985 }, "geometry": { "type": "Point", "coordinates": [ -8.328841248127699, 7.920893781246333 ] } },
{ "type": "Feature", "properties": { "fatalities": 1.0, "latitude": 29.389395912798499, "longitude": 52.926663562320073 }, "geometry": { "type": "Point", "coordinates": [ 52.926663562320073, 29.389395912798499 ] } },
{ "type": "Feature", "properties": { "fatalities": 0.0, "latitude": -5.4812191361356684, "longitude": 119.60144102216911 }, "geometry": { "type": "Point", "coordinates": [ 119.601441022169112, -5.481219136135668 ] } },
{ "type": "Feature", "properties": { "fatalities": 3.0, "latitude": 12.938240287445923, "longitude": 78.194070820904884 }, "geometry": { "type": "Point", "coordinates": [ 78.194070820904884, 12.938240287445923 ] } },
{ "type": "Feature", "properties": { "fatalities": 0.0, "latitude": -34.392294749577388, "longitude": -70.463485322437208 }, "geometry": { "type": "Point", "coordinates": [ -70.463485322437208, -34.392294749577388 ] } },
{ "type": "Feature", "properties": { "fatalities": 0.0, "latitude": 22.883726079227738, "longitude": 75.404337761505374 }, "geometry": { "type": "Point", "coordinates": [ 75.404337761505374, 22.883726079227738 ] } },
{ "type": "Feature", "properties": { "fatalities": 0.0, "latitude": 36.953390031530319, "longitude": 9.7205136135502812 }, "geometry": { "type": "Point", "coordinates": [ 9.720513613550281, 36.953390031530319 ] } },
{ "type": "Feature", "properties": { "fatalities": 0.0, "latitude": 17.725737549549894, "longitude": 83.261540686263345 }, "geometry": { "type": "Point", "coordinates": [ 83.261540686263345, 17.725737549549894 ] } },
{ "type": "Feature", "properties": { "fatalities": 4.0, "latitude": 19.698913023958784, "longitude": -87.488567166276411 }, "geometry": { "type": "Point", "coordinates": [ -87.488567166276411, 19.698913023958784 ] } },
{ "type": "Feature", "properties": { "fatalities": 20.0, "latitude": 30.012685325579074, "longitude": 68.333619808570205 }, "geometry": { "type": "Point", "coordinates": [ 68.333619808570205, 30.012685325579074 ] } },
{ "type": "Feature", "properties": { "fatalities": 1.0, "latitude": -8.6369266970059915, "longitude": -43.134805755417318 }, "geometry": { "type": "Point", "coordinates": [ -43.134805755417318, -8.636926697005991 ] } },
{ "type": "Feature", "properties": { "fatalities": 1.0, "latitude": 43.134396152072732, "longitude": 69.92518042754395 }, "geometry": { "type": "Point", "coordinates": [ 69.92518042754395, 43.134396152072732 ] } },
{ "type": "Feature", "properties": { "fatalities": 44.0, "latitude": 5.4594149859020469, "longitude": 30.538175473580896 }, "geometry": { "type": "Point", "coordinates": [ 30.538175473580896, 5.459414985902047 ] } },
{ "type": "Feature", "properties": { "fatalities": 4.0, "latitude": -10.370333153128279, "longitude": -44.20587228675258 }, "geometry": { "type": "Point", "coordinates": [ -44.20587228675258, -10.370333153128279 ] } },
{ "type": "Feature", "properties": { "fatalities": 2.0, "latitude": 24.860067171184188, "longitude": -104.81206845112337 }, "geometry": { "type": "Point", "coordinates": [ -104.812068451123366, 24.860067171184188 ] } },
{ "type": "Feature", "properties": { "fatalities": 2.0, "latitude": -0.76952863562759888, "longitude": 41.587625033719846 }, "geometry": { "type": "Point", "coordinates": [ 41.587625033719846, -0.769528635627599 ] } },
{ "type": "Feature", "properties": { "fatalities": 2.0, "latitude": 10.545600673072375, "longitude": 45.438445436588779 }, "geometry": { "type": "Point", "coordinates": [ 45.438445436588779, 10.545600673072375 ] } },
{ "type": "Feature", "properties": { "fatalities": 1.0, "latitude": 43.394579150586985, "longitude": 6.8107331695353395 }, "geometry": { "type": "Point", "coordinates": [ 6.810733169535339, 43.394579150586985 ] } },
{ "type": "Feature", "properties": { "fatalities": 0.0, "latitude": 37.290125670954545, "longitude": 15.422435583315448 }, "geometry": { "type": "Point", "coordinates": [ 15.422435583315448, 37.290125670954545 ] } },
{ "type": "Feature", "properties": { "fatalities": 1.0, "latitude": -20.576404798452902, "longitude": -53.754839197420587 }, "geometry": { "type": "Point", "coordinates": [ -53.754839197420587, -20.576404798452902 ] } },
{ "type": "Feature", "properties": { "fatalities": 1.0, "latitude": -20.285503676808872, "longitude": 47.404994838091454 }, "geometry": { "type": "Point", "coordinates": [ 47.404994838091454, -20.285503676808872 ] } },
{ "type": "Feature", "properties": { "fatalities": 5.0, "latitude": 6.2197393381935644, "longitude": 33.37342989101257 }, "geometry": { "type": "Point", "coordinates": [ 33.37342989101257, 6.219739338193564 ] } },
{ "type": "Feature", "properties": { "fatalities": 0.0, "latitude": 35.426075991533196, "longitude": 73.345784809241081 }, "geometry": { "type": "Point", "coordinates": [ 73.345784809241081, 35.426075991533196 ] } },
{ "type": "Feature", "properties": { "fatalities": 0.0, "latitude": 53.632144376231764, "longitude": 55.194797412230542 }, "geometry": { "type": "Point", "coordinates": [ 55.194797412230542, 53.632144376231764 ] } },
{ "type": "Feature", "properties": { "fatalities": 3.0, "latitude": 6.9627424906917765, "longitude": 1.0935962524469987 }, "geometry": { "type": "Point", "coordinates": [ 1.093596252446999, 6.962742490691777 ] } },
{ "type": "Feature", "properties": { "fatalities": 1.0, "latitude": 24.315170289763326, "longitude": 76.616908804682737 }, "geometry": { "type": "Point", "coordinates": [ 76.616908804682737, 24.315170289763326 ] } },
{ "type": "Feature", "properties": { "fatalities": 0.0, "latitude": 20.851577968616471, "longitude": 98.201367373116341 }, "geometry": { "type": "Point", "coordinates": [ 98.201367373116341, 20.851577968616471 ] } },
{ "type": "Feature", "properties": { "fatalities": 0.0, "latitude": -8.070025529905525, "longitude": -42.091165865665175 }, "geometry": { "type": "Point", "coordinates": [ -42.091165865665175, -8.070025529905525 ] } },
{ "type": "Feature", "properties": { "fatalities": 8.0, "latitude": 4.4130671531915047, "longitude": 46.848230404586026 }, "geometry": { "type": "Point", "coordinates": [ 46.848230404586026, 4.413067153191505 ] } },
{ "type": "Feature", "properties": { "fatalities": 4.0, "latitude": 5.8778052776376928, "longitude": 38.890736524090627 }, "geometry": { "type": "Point", "coordinates": [ 38.890736524090627, 5.877805277637693 ] } },
{ "type": "Feature", "properties": { "fatalities": 1.0, "latitude": 29.807684776107664, "longitude": 48.613735497499583 }, "geometry": { "type": "Point", "coordinates": [ 48.613735497499583, 29.807684776107664 ] } },
{ "type": "Feature", "properties": { "fatalities": 5.0, "latitude": 8.6730030211056963, "longitude": 2.8168474110605435 }, "geometry": { "type": "Point", "coordinates": [ 2.816847411060543, 8.673003021105696 ] } },
{ "type": "Feature", "properties": { "fatalities": 0.0, "latitude": 40.80728296376563, "longitude": 30.498439657676638 }, "geometry": { "type": "Point", "coordinates": [ 30.498439657676638, 40.80728296376563 ] } },
{ "type": "Feature", "properties": { "fatalities": 0.0, "latitude": 50.098249417649832, "longitude": 73.441721818371533 }, "geometry": { "type": "Point", "coordinates": [ 73.441721818371533, 50.098249417649832 ] } },
{ "type": "Feature", "properties": { "fatalities": 5.0, "latitude": -19.351597044273547, "longitude": 46.815030925909035 }, "geometry": { "type": "Point", "coordinates": [ 46.815030925909035, -19.351597044273547 ] } },
{ "type": "Feature", "properties": { "fatalities": 1.0, "latitude": -9.1865603670242688, "longitude": 146.66592615579711 }, "geometry": { "type": "Point", "coordinates": [ 146.665926155797109, -9.186560367024269 ] } },
{ "type": "Feature", "properties": { "fatalities": 8.0, "latitude": -15.073207032530542, "longitude": -60.3722882390948 }, "geometry": { "type": "Point", "coordinates": [ -60.3722882390948, -15.073207032530542 ] } },
{ "type": "Feature", "properties": { "fatalities": 4.0, "latitude": -4.5458825091034951, "longitude": 39.32993505083617 }, "geometry": { "type": "Point", "coordinates": [ 39.32993505083617, -4.545882509103495 ] } },
{ "type": "Feature", "properties": { "fatalities": 10.0, "latitude": -4.576273745465528, "longitude": 138.87676862663483 }, "geometry": { "type": "Point", "coordinates": [ 138.876768626634828, -4.576273745465528 ] } },
{ "type": "Feature", "properties": { "fatalities": 20.0, "latitude": 36.753549203334202, "longitude": 65.910732629753255 }, "geometry": { "type": "Point", "coordinates": [ 65.910732629753255, 36.753549203334202 ] } },
{ "type": "Feature", "properties": { "fatalities": 1.0, "latitude": -14.626486417718201, "longitude": -69.875336452937916 }, "geometry": { "type": "Point", "coordinates": [ -69.875336452937916, -14.626486417718201 ] } },
{ "type": "Feature", "properties": { "fatalities": 1.0, "latitude": 13.988191844409265, "longitude": 123.24132017516439 }, "geometry": { "type": "Point", "coordinates": [ 123.24132017516439, 13.988191844409265 ] } },
{ "type": "Feature", "properties": { "fatalities": 8.0, "latitude": 10.865048684942382, "longitude": 49.911992772581989 }, "geometry": { "type": "Point", "coordinates": [ 49.911992772581989, 10.865048684942382 ] } },
{ "type": "Feature", "properties": { "fatalities": 0.0, "latitude": 53.793635634076985, "longitude": 84.254261406796431 }, "geometry": { "type": "Point", "coordinates": [ 84.254261406796431, 53.793635634076985 ] } },
{ "type": "Feature", "properties": { "fatalities": 3.0, "latitude": -28.096716769328285, "longitude": -49.924737715761765 }, "geometry": { "type": "Point", "coordinates": [ -49.924737715761765, -28.096716769328285 ] } },
{ "type": "Feature", "properties": { "fatalities": 2.0, "latitude": 29.248710569003542, "longitude": 73.942638916398252 }, "geometry": { "type": "Point", "coordinates": [ 73.942638916398252, 29.248710569003542 ] } },
{ "type": "Feature", "properties": { "fatalities": 0.0, "latitude": 53.661275482333245, "longitude": 63.634520537424528 }, "geometry": { "type": "Point", "coordinates": [ 63.634520537424528, 53.661275482333245 ] } },
{ "type": "Feature", "properties": { "fatalities": 4.0, "latitude": 8.6862916068171234, "longitude": 126.53772051969941 }, "geometry": { "type": "Point", "coordinates": [ 126.537720519699405, 8.686291606817123 ] } },
{ "type": "Feature", "properties": { "fatalities": 0.0, "latitude": 57.763682379577546, "longitude": 39.396695159321645 }, "geometry": { "type": "Point", "coordinates": [ 39.396695159321645, 57.763682379577546 ] } },
{ "type": "Feature", "properties": { "fatalities": 4.0, "latitude": 24.090965977237236, "longitude": 99.207858971563624 }, "geometry": { "type": "Point", "coordinates": [ 99.207858971563624, 24.090965977237236 ] } },
{ "type": "Feature", "properties": { "fatalities": 0.0, "latitude": 45.889630675131158, "longitude": 14.305185224013595 }, "geometry": { "type": "Point", "coordinates": [ 14.305185224013595, 45.889630675131158 ] } },
{ "type": "Feature", "properties": { "fatalities": 10.0, "latitude": 4.4974312004010981, "longitude": -73.301047709618956 }, "geometry": { "type": "Point", "coordinates": [ -73.301047709618956, 4.497431200401098 ] } },
{ "type": "Feature", "properties": { "fatalities": 1.0, "latitude": 6.5951063771867835, "longitude": -58.512292398649734 }, "geometry": { "type": "Point", "coordinates": [ -58.512292398649734, 6.595106377186783 ] } },
{ "type": "Feature", "properties": { "fatalities": 17.0, "latitude": 12.958438707125502, "longitude": 27.71966011661053 }, "geometry": { "type": "Point", "coordinates": [ 27.71966011661053, 12.958438707125502 ] } },
{ "type": "Feature", "properties": { "fatalities": 0.0, "latitude": 44.14957005695986, "longitude": 22.266200218874978 }, "geometry": { "type": "Point", "coordinates": [ 22.266200218874978, 44.14957005695986 ] } },
{ "type": "Feature", "properties": { "fatalities": 1.0, "latitude": 1.0712892498636046, "longitude": 24.032425717957423 }, "geometry": { "type": "Point", "coordinates": [ 24.032425717957423, 1.071289249863605 ] } },
{ "type": "Feature", "properties": { "fatalities": 0.0, "latitude": -0.18515266735944408, "longitude": 116.54070383589395 }, "geometry": { "type": "Point", "coordinates": [ 116.54070383589395, -0.185152667359444 ] } },
{ "type": "Feature", "properties": { "fatalities": 1.0, "latitude": 10.744778514228919, "longitude": 33.204798099284915 }, "geometry": { "type": "Point", "coordinates": [ 33.204798099284915, 10.744778514228919 ] } },
{ "type": "Feature", "properties": { "fatalities": 3.0, "latitude": -10.469351983149506, "longitude": -38.004189800253066 }, "geometry": { "type": "Point", "coordinates": [ -38.004189800253066, -10.469351983149506 ] } },
{ "type": "Feature", "properties": { "fatalities": 2.0, "latitude": -3.4173282908190621, "longitude": 17.4167907211318 }, "geometry": { "type": "Point", "coordinates": [ 17.4167907211318, -3.417328290819062 ] } },
{ "type": "Feature", "properties": { "fatalities": 0.0, "latitude": 18.911902728287309, "longitude": 72.77018546366115 }, "geometry": { "type": "Point", "coordinates": [ 72.77018546366115, 18.911902728287309 ] } },
{ "type": "Feature", "properties": { "fatalities": 4.0, "latitude": 5.984999454406176, "longitude": 48.822322559062606 }, "geometry": { "type": "Point", "coordinates": [ 48.822322559062606, 5.984999454406176 ] } },
{ "type": "Feature", "properties": { "fatalities": 1.0, "latitude": 18.869191323181589, "longitude": 94.289047139100873 }, "geometry": { "type": "Point", "coordinates": [ 94.289047139100873, 18.869191323181589 ] } },
{ "type": "Feature", "properties": { "fatalities": 0.0, "latitude": 39.071749671295983, "longitude": -9.4551417176495267 }, "geometry": { "type": "Point", "coordinates": [ -9.455141717649527, 39.071749671295983 ] } },
{ "type": "Feature", "properties": { "fatalities": 0.0, "latitude": 37.629957821475152, "longitude": 114.79732604520423 }, "geometry": { "type": "Point", "coordinates": [ 114.79732604520423, 37.629957821475152 ] } },
{ "type": "Feature", "properties": { "fatalities": 0.0, "latitude": 41.260983912876846, "longitude": -8.6924881309518316 }, "geometry": { "type": "Point", "coordinates": [ -8.692488130951832, 41.260983912876846 ] } },
{ "type": "Feature", "properties": { "fatalities": 9.0, "latitude": 29.548268809645691, "longitude": -104.36721437247178 }, "geometry": { "type": "Point", "coordinates": [ -104.367214372471778, 29.548268809645691 ] } },
{ "type": "Feature", "properties": { "fatalities": 0.0, "latitude": -38.913828757915141, "longitude": -73.433632458121693 }, "geometry": { "type": "Point", "coordinates": [ -73.433632458121693, -38.913828757915141 ] } },
{ "type": "Feature", "properties": { "fatalities": 6.0, "latitude": 18.6464697639238, "longitude": -101.0687452819367 }, "geometry": { "type": "Point", "coordinates": [ -101.0687452819367, 18.6464697639238 ] } },
{ "type": "Feature", "properties": { "fatalities": 5.0, "latitude": 10.140011140721585, "longitude": 40.722670066498665 }, "geometry": { "type": "Point", "coordinates": [ 40.722670066498665, 10.140011140721585 ] } },
{ "type": "Feature", "properties": { "fatalities": 4.0, "latitude": 11.433599852002665, "longitude": 9.3581957946391796 }, "geometry": { "type": "Point", "coordinates": [ 9.35819579463918, 11.433599852002665 ] } },
{ "type": "Feature", "properties": { "fatalities": 1.0, "latitude": -16.663210244192754, "longitude": -45.394753937446062 }, "geometry": { "type": "Point", "coordinates": [ -45.394753937446062, -16.663210244192754 ] } },
{ "type": "Feature", "properties": { "fatalities": 0.0, "latitude": 29.488115557737704, "longitude": 64.960848504723643 }, "geometry": { "type": "Point", "coordinates": [ 64.960848504723643, 29.488115557737704 ] } },
{ "type": "Feature", "properties": { "fatalities": 0.0, "latitude": -16.977316055282948, "longitude": -68.057792302959328 }, "geometry": { "type": "Point", "coordinates": [ -68.057792302959328, -16.977316055282948 ] } },
{ "type": "Feature", "properties": { "fatalities": 4.0, "latitude": -22.652991459626971, "longitude": -46.602519612736515 }, "geometry": { "type": "Point", "coordinates": [ -46.602519612736515, -22.652991459626971 ] } },
{ "type": "Feature", "properties": { "fatalities": 3.0, "latitude": -3.8027596081979516, "longitude": -63.522094074302338 }, "geometry": { "type": "Point", "coordinates": [ -63.522094074302338, -3.802759608197952 ] } },
{ "type": "Feature", "properties": { "fatalities": 2.0, "latitude": 30.878893014368462, "longitude": -106.60685859905844 }, "geometry": { "type": "Point", "coordinates": [ -106.606858599058441, 30.878893014368462 ] } },
{ "type": "Feature", "properties": { "fatalities": 0.0, "latitude": 7.6433282429347784, "longitude": 21.719136628136763 }, "geometry": { "type": "Point", "coordinates": [ 21.719136628136763, 7.643328242934778 ] } },
{ "type": "Feature", "properties": { "fatalities": 5.0, "latitude": -21.583498518758599, "longitude": -46.571655236931214 }, "geometry": { "type": "Point", "coordinates": [ -46.571655236931214, -21.583498518758599 ] } },
{ "type": "Feature", "properties": { "fatalities": 3.0, "latitude": 27.486143528963257, "longitude": -101.11956451790641 }, "geometry": { "type": "Point", "coordinates": [ -101.119564517906412, 27.486143528963257 ] } },
{ "type": "Feature", "properties": { "fatalities": 0.0, "latitude": 43.465568214464028, "longitude": 0.23132607383681653 }, "geometry": { "type": "Point", "coordinates": [ 0.231326073836817, 43.465568214464028 ] } },
{ "type": "Feature", "properties": { "fatalities": 5.0, "latitude": 45.421928925249958, "longitude": -92.811216023190966 }, "geometry": { "type": "Point", "coordinates": [ -92.811216023190966, 45.421928925249958 ] } },
{ "type": "Feature", "properties": { "fatalities": 0.0, "latitude": 51.83268281766135, "longitude": 108.05420068188741 }, "geometry": { "type": "Point", "coordinates": [ 108.054200681887409, 51.83268281766135 ] } },
{ "type": "Feature", "properties": { "fatalities": 3.0, "latitude": 38.995679139839872, "longitude": 71.070908778505199 }, "geometry": { "type": "Point", "coordinates": [ 71.070908778505199, 38.995679139839872 ] } },
{ "type": "Feature", "properties": { "fatalities": 0.0, "latitude": 2.6950879436535229, "longitude": 29.835310547243516 }, "geometry": { "type": "Point", "coordinates": [ 29.835310547243516, 2.695087943653523 ] } },
{ "type": "Feature", "properties": { "fatalities": 1.0, "latitude": 11.49041093665768, "longitude": 125.44509050923193 }, "geometry": { "type": "Point", "coordinates": [ 125.445090509231932, 11.49041093665768 ] } },
{ "type": "Feature", "properties": { "fatalities": 1.0, "latitude": -13.351757632577131, "longitude": -61.2308898297727 }, "geometry": { "type": "Point", "coordinates": [ -61.2308898297727, -13.351757632577131 ] } },
{ "type": "Feature", "properties": { "fatalities": 0.0, "latitude": 40.507235301741858, "longitude": 48.865060010226195 }, "geometry": { "type": "Point", "coordinates": [ 48.865060010226195, 40.507235301741858 ] } },
{ "type": "Feature", "properties": { "fatalities": 2.0, "latitude": 8.623242952441089, "longitude": 18.936191735026306 }, "geometry": { "type": "Point", "coordinates": [ 18.936191735026306, 8.623242952441089 ] } },
{ "type": "Feature", "properties": { "fatalities": 0.0, "latitude": 53.561149879550108, "longitude": 50.218699037971753 }, "geometry": { "type": "Point", "coordinates": [ 50.218699037971753, 53.561149879550108 ] } },
{ "type": "Feature", "properties": { "fatalities": 1.0, "latitude": 8.4597040945404594, "longitude": -71.062931799054141 }, "geometry": { "type": "Point", "coordinates": [ -71.062931799054141, 8.459704094540459 ] } },
{ "type": "Feature", "properties": { "fatalities": 4.0, "latitude": 9.2791592236360962, "longitude": -66.398119389989958 }, "geometry": { "type": "Point", "coordinates": [ -66.398119389989958, 9.279159223636096 ] } },
{ "type": "Feature", "properties": { "fatalities": 1.0, "latitude": 21.312961919319509, "longitude": 79.002031339669941 }, "geometry": { "type": "Point", "coordinates": [ 79.002031339669941, 21.312961919319509 ] } },
{ "type": "Feature", "properties": { "fatalities": 2.0, "latitude": -30.228614854762792, "longitude": -53.130288799179269 }, "geometry": { "type": "Point", "coordinates": [ -53.130288799179269, -30.228614854762792 ] } },
{ "type": "Feature", "properties": { "fatalities": 0.0, "latitude": 45.05942777566549, "longitude": 16.722696027835795 }, "geometry": { "type": "Point", "coordinates": [ 16.722696027835795, 45.05942777566549 ] } },
{ "type": "Feature", "properties": { "fatalities": 0.0, "latitude": 42.699748066557675, "longitude": 48.156294697244341 }, "geometry": { "type": "Point", "coordinates": [ 48.156294697244341, 42.699748066557675 ] } },
{ "type": "Feature", "properties": { "fatalities": 1.0, "latitude": 46.647413926954272, "longitude": 37.008074585338761 }, "geometry": { "type": "Point", "coordinates": [ 37.008074585338761, 46.647413926954272 ] } },
{ "type": "Feature", "properties": { "fatalities": 0.0, "latitude": 19.648780145339803, "longitude": 30.12490493779255 }, "geometry": { "type": "Point", "coordinates": [ 30.12490493779255, 19.648780145339803 ] } },
{ "type": "Feature", "properties": { "fatalities": 0.0, "latitude": 38.679465654898991, "longitude": 48.198705744006453 }, "geometry": { "type": "Point", "coordinates": [ 48.198705744006453, 38.679465654898991 ] } },
{ "type": "Feature", "properties": { "fatalities": 8.0, "latitude": 34.291903322954347, "longitude": 73.243228075111006 }, "geometry": { "type": "Point", "coordinates": [ 73.243228075111006, 34.291903322954347 ] } },
{ "type": "Feature", "properties": { "fatalities": 10.0, "latitude": 27.270497341772213, "longitude": 60.742508085197159 }, "geometry": { "type": "Point", "coordinates": [ 60.742508085197159, 27.270497341772213 ] } },
{ "type": "Feature", "properties": { "fatalities": 1.0, "latitude": -11.199875898109024, "longitude": -69.62868794734888 }, "geometry": { "type": "Point", "coordinates": [ -69.62868794734888, -11.199875898109024 ] } },
{ "type": "Feature", "properties": { "fatalities": 0.0, "latitude": 6.4962663339059832, "longitude": 42.65568824288075 }, "geometry": { "type": "Point", "coordinates": [ 42.65568824288075, 6.496266333905983 ] } },
{ "type": "Feature", "properties": { "fatalities": 3.0, "latitude": 7.8491696840407528, "longitude": 10.711568165385019 }, "geometry": { "type": "Point", "coordinates": [ 10.711568165385019, 7.849169684040753 ] } },
{ "type": "Feature", "properties": { "fatalities": 0.0, "latitude": 39.553179247220704, "longitude": -0.36275875285179815 }, "geometry": { "type": "Point", "coordinates": [ -0.362758752851798, 39.553179247220704 ] } },
{ "type": "Feature", "properties": { "fatalities": 9.0, "latitude": 23.20189969012818, "longitude": 87.81420399804081 }, "geometry": { "type": "Point", "coordinates": [ 87.81420399804081, 23.20189969012818 ] } },
{ "type": "Feature", "properties": { "fatalities": 1.0, "latitude": 26.971997265289328, "longitude": 75.8994592224022 }, "geometry": { "type": "Point", "coordinates": [ 75.8994592224022, 26.971997265289328 ] } },
{ "type": "Feature", "properties": { "fatalities": 16.0, "latitude": -18.206161227905334, "longitude": -48.553461745926249 }, "geometry": { "type": "Point", "coordinates": [ -48.553461745926249, -18.206161227905334 ] } },
{ "type": "Feature", "properties": { "fatalities": 1.0, "latitude": 30.27889522882829, "longitude": 20.388584077532187 }, "geometry": { "type": "Point", "coordinates": [ 20.388584077532187, 30.27889522882829 ] } },
{ "type": "Feature", "properties": { "fatalities": 2.0, "latitude": 28.224067016806639, "longitude": 58.486760326752901 }, "geometry": { "type": "Point", "coordinates": [ 58.486760326752901, 28.224067016806639 ] } },
{ "type": "Feature", "properties": { "fatalities": 0.0, "latitude": 5.5160140767446162, "longitude": 29.415496424599002 }, "geometry": { "type": "Point", "coordinates": [ 29.415496424599002, 5.516014076744616 ] } },
{ "type": "Feature", "properties": { "fatalities": 0.0, "latitude": 36.826277197224364, "longitude": 114.4185467248615 }, "geometry": { "type": "Point", "coordinates": [ 114.4185467248615, 36.826277197224364 ] } },
{ "type": "Feature", "properties": { "fatalities": 1.0, "latitude": 34.041923721227178, "longitude": 47.333000189295603 }, "geometry": { "type": "Point", "coordinates": [ 47.333000189295603, 34.041923721227178 ] } },
{ "type": "Feature", "properties": { "fatalities": 0.0, "latitude": 43.463508465632543, "longitude": -77.775657778396265 }, "geometry": { "type": "Point", "coordinates": [ -77.775657778396265, 43.463508465632543 ] } },
{ "type": "Feature", "properties": { "fatalities": 1.0, "latitude": 8.582847270891893, "longitude": -1.0932196304470072 }, "geometry": { "type": "Point", "coordinates": [ -1.093219630447007, 8.582847270891893 ] } },
{ "type": "Feature", "properties": { "fatalities": 0.0, "latitude": -14.994189388264678, "longitude": -44.312771301510914 }, "geometry": { "type": "Point", "coordinates": [ -44.312771301510914, -14.994189388264678 ] } },
{ "type": "Feature", "properties": { "fatalities": 1.0, "latitude": 53.256671108055478, "longitude": 7.741763681493941 }, "geometry": { "type": "Point", "coordinates": [ 7.741763681493941, 53.256671108055478 ] } },
{ "type": "Feature", "properties": { "fatalities": 52.0, "latitude": 8.6424799621284407, "longitude": 37.301483785423173 }, "geometry": { "type": "Point", "coordinates": [ 37.301483785423173, 8.642479962128441 ] } },
{ "type": "Feature", "properties": { "fatalities": 2.0, "latitude": 8.5598691430954936, "longitude": -68.263711860059828 }, "geometry": { "type": "Point", "coordinates": [ -68.263711860059828, 8.559869143095494 ] } },
{ "type": "Feature", "properties": { "fatalities": 0.0, "latitude": 45.548012560572069, "longitude": 9.5998060152375064 }, "geometry": { "type": "Point", "coordinates": [ 9.599806015237506, 45.548012560572069 ] } },
{ "type": "Feature", "properties": { "fatalities": 4.0, "latitude": -15.736011761693936, "longitude": -52.564986357582129 }, "geometry": { "type": "Point", "coordinates": [ -52.564986357582129, -15.736011761693936 ] } },
{ "type": "Feature", "properties": { "fatalities": 6.0, "latitude": -4.3286207763916229, "longitude": -50.176197916987995 }, "geometry": { "type": "Point", "coordinates": [ -50.176197916987995, -4.328620776391623 ] } },
{ "type": "Feature", "properties": { "fatalities": 5.0, "latitude": 35.104160134924605, "longitude": 46.991252455461634 }, "geometry": { "type": "Point", "coordinates": [ 46.991252455461634, 35.104160134924605 ] } },
{ "type": "Feature", "properties": { "fatalities": 0.0, "latitude": 21.334419995482364, "longitude": -105.12458874147761 }, "geometry": { "type": "Point", "coordinates": [ -105.124588741477609, 21.334419995482364 ] } },
{ "type": "Feature", "properties": { "fatalities": 0.0, "latitude": 7.6026524186858699, "longitude": -80.847549183552289 }, "geometry": { "type": "Point", "coordinates": [ -80.847549183552289, 7.60265241868587 ] } },
{ "type": "Feature", "properties": { "fatalities": 1.0, "latitude": 36.035184638808992, "longitude": -80.964814063006671 }, "geometry": { "type": "Point", "coordinates": [ -80.964814063006671, 36.035184638808992 ] } },
{ "type": "Feature", "properties": { "fatalities": 1.0, "latitude": 5.4662521673419766, "longitude": 80.521649365071511 }, "geometry": { "type": "Point", "coordinates": [ 80.521649365071511, 5.466252167341977 ] } },
{ "type": "Feature", "properties": { "fatalities": 14.0, "latitude": 23.292953315577797, "longitude": -100.51263382920733 }, "geometry": { "type": "Point", "coordinates": [ -100.512633829207331, 23.292953315577797 ] } },
{ "type": "Feature", "properties": { "fatalities": 4.0, "latitude": 7.7846540791134657, "longitude": 0.48147445165483849 }, "geometry": { "type": "Point", "coordinates": [ 0.481474451654838, 7.784654079113466 ] } },
{ "type": "Feature", "properties": { "fatalities": 4.0, "latitude": -30.22241948408567, "longitude": 31.288459253851226 }, "geometry": { "type": "Point", "coordinates": [ 31.288459253851226, -30.22241948408567 ] } },
{ "type": "Feature", "properties": { "fatalities": 0.0, "latitude": 29.332645848881484, "longitude": 79.569706052772446 }, "geometry": { "type": "Point", "coordinates": [ 79.569706052772446, 29.332645848881484 ] } },
{ "type": "Feature", "properties": { "fatalities": 1.0, "latitude": 8.2461082841858744, "longitude": -81.762693972191414 }, "geometry": { "type": "Point", "coordinates": [ -81.762693972191414, 8.246108284185874 ] } },
{ "type": "Feature", "properties": { "fatalities": 2.0, "latitude": 7.5957203436006671, "longitude": -62.101307111370183 }, "geometry": { "type": "Point", "coordinates": [ -62.101307111370183, 7.595720343600667 ] } },
{ "type": "Feature", "properties": { "fatalities": 0.0, "latitude": 27.498592210554875, "longitude": 96.894312835336564 }, "geometry": { "type": "Point", "coordinates": [ 96.894312835336564, 27.498592210554875 ] } },
{ "type": "Feature", "properties": { "fatalities": 2.0, "latitude": 35.141581351845524, "longitude": 42.354671659742309 }, "geometry": { "type": "Point", "coordinates": [ 42.354671659742309, 35.141581351845524 ] } },
{ "type": "Feature", "properties": { "fatalities": 1.0, "latitude": -7.5975909666180748, "longitude": 113.23687656990948 }, "geometry": { "type": "Point", "coordinates": [ 113.236876569909484, -7.597590966618075 ] } },
{ "type": "Feature", "properties": { "fatalities": 1.0, "latitude": 38.134928961276408, "longitude": -3.4640021316897216 }, "geometry": { "type": "Point", "coordinates": [ -3.464002131689722, 38.134928961276408 ] } },
{ "type": "Feature", "properties": { "fatalities": 6.0, "latitude": -6.7345655045411261, "longitude": -48.221339848738019 }, "geometry": { "type": "Point", "coordinates": [ -48.221339848738019, -6.734565504541126 ] } },
{ "type": "Feature", "properties": { "fatalities": 2.0, "latitude": 34.752933223181209, "longitude": 48.235758063396979 }, "geometry": { "type": "Point", "coordinates": [ 48.235758063396979, 34.752933223181209 ] } },
{ "type": "Feature", "properties": { "fatalities": 2.0, "latitude": -2.6388492680845252, "longitude": 40.472083757823263 }, "geometry": { "type": "Point", "coordinates": [ 40.472083757823263, -2.638849268084525 ] } },
{ "type": "Feature", "properties": { "fatalities": 0.0, "latitude": 6.1554306218340669, "longitude": -8.8539152302272992 }, "geometry": { "type": "Point", "coordinates": [ -8.853915230227299, 6.155430621834067 ] } },
{ "type": "Feature", "properties": { "fatalities": 1.0, "latitude": 27.343361654654913, "longitude": 67.212650363198264 }, "geometry": { "type": "Point", "coordinates": [ 67.212650363198264, 27.343361654654913 ] } },
{ "type": "Feature", "properties": { "fatalities": 3.0, "latitude": -23.598428372060248, "longitude": -48.723538543007528 }, "geometry": { "type": "Point", "coordinates": [ -48.723538543007528, -23.598428372060248 ] } },
{ "type": "Feature", "properties": { "fatalities": 2.0, "latitude": -29.650792673524904, "longitude": -54.133234082055829 }, "geometry": { "type": "Point", "coordinates": [ -54.133234082055829, -29.650792673524904 ] } },
{ "type": "Feature", "properties": { "fatalities": 0.0, "latitude": 13.738795772538714, "longitude": -11.210209208221251 }, "geometry": { "type": "Point", "coordinates": [ -11.210209208221251, 13.738795772538714 ] } },
{ "type": "Feature", "properties": { "fatalities": 1.0, "latitude": -16.799050474304423, "longitude": -72.059761642249214 }, "geometry": { "type": "Point", "coordinates": [ -72.059761642249214, -16.799050474304423 ] } },
{ "type": "Feature", "properties": { "fatalities": 0.0, "latitude": -13.485830285560615, "longitude": -69.792465820146319 }, "geometry": { "type": "Point", "coordinates": [ -69.792465820146319, -13.485830285560615 ] } },
{ "type": "Feature", "properties": { "fatalities": 0.0, "latitude": 32.939002159962129, "longitude": 101.10108107443823 }, "geometry": { "type": "Point", "coordinates": [ 101.101081074438227, 32.939002159962129 ] } },
{ "type": "Feature", "properties": { "fatalities": 0.0, "latitude": 42.058201183227638, "longitude": 26.814272180485407 }, "geometry": { "type": "Point", "coordinates": [ 26.814272180485407, 42.058201183227638 ] } },
{ "type": "Feature", "properties": { "fatalities": 6.0, "latitude": -6.3750183804967326, "longitude": -36.924978134907121 }, "geometry": { "type": "Point", "coordinates": [ -36.924978134907121, -6.375018380496733 ] } },
{ "type": "Feature", "properties": { "fatalities": 0.0, "latitude": 5.3029631666772676, "longitude": -4.1534912018242984 }, "geometry": { "type": "Point", "coordinates": [ -4.153491201824298, 5.302963166677268 ] } },
{ "type": "Feature", "properties": { "fatalities": 1.0, "latitude": 2.2724494886592499, "longitude": 37.734319835316455 }, "geometry": { "type": "Point", "coordinates": [ 37.734319835316455, 2.27244948865925 ] } },
{ "type": "Feature", "properties": { "fatalities": 0.0, "latitude": 27.219697967069624, "longitude": 79.193181982398585 }, "geometry": { "type": "Point", "coordinates": [ 79.193181982398585, 27.219697967069624 ] } },
{ "type": "Feature", "properties": { "fatalities": 3.0, "latitude": 10.043626387550454, "longitude": 41.75028935773318 }, "geometry": { "type": "Point", "coordinates": [ 41.75028935773318, 10.043626387550454 ] } },
{ "type": "Feature", "properties": { "fatalities": 3.0, "latitude": 55.405257817823212, "longitude": 27.531980738593067 }, "geometry": { "type": "Point", "coordinates": [ 27.531980738593067, 55.405257817823212 ] } },
{ "type": "Feature", "properties": { "fatalities": 0.0, "latitude": 32.473731590336477, "longitude": 111.36664657578508 }, "geometry": { "type": "Point", "coordinates": [ 111.366646575785083, 32.473731590336477 ] } },
{ "type": "Feature", "properties": { "fatalities": 2.0, "latitude": -1.4656466678707949, "longitude": -69.909284026075042 }, "geometry": { "type": "Point", "coordinates": [ -69.909284026075042, -1.465646667870795 ] } },
{ "type": "Feature", "properties": { "fatalities": 1.0, "latitude": 36.585635006148912, "longitude": 101.65335175589948 }, "geometry": { "type": "Point", "coordinates": [ 101.653351755899479, 36.585635006148912 ] } },
{ "type": "Feature", "properties": { "fatalities": 0.0, "latitude": 57.636187513091024, "longitude": 41.281736094992482 }, "geometry": { "type": "Point", "coordinates": [ 41.281736094992482, 57.636187513091024 ] } },
{ "type": "Feature", "properties": { "fatalities": 0.0, "latitude": 34.359477557010017, "longitude": 61.163697908381238 }, "geometry": { "type": "Point", "coordinates": [ 61.163697908381238, 34.359477557010017 ] } },
{ "type": "Feature", "properties": { "fatalities": 17.0, "latitude": 9.2198131420364895, "longitude": 41.066991642452571 }, "geometry": { "type": "Point", "coordinates": [ 41.066991642452571, 9.219813142036489 ] } },
{ "type": "Feature", "properties": { "fatalities": 0.0, "latitude": 53.084302568511383, "longitude": -8.1826549629959331 }, "geometry": { "type": "Point", "coordinates": [ -8.182654962995933, 53.084302568511383 ] } },
{ "type": "Feature", "properties": { "fatalities": 2.0, "latitude": 0.90272556548862692, "longitude": 27.450146215661938 }, "geometry": { "type": "Point", "coordinates": [ 27.450146215661938, 0.902725565488627 ] } },
{ "type": "Feature", "properties": { "fatalities": 0.0, "latitude": 0.83830500417241749, "longitude": 9.3269746639254834 }, "geometry": { "type": "Point", "coordinates": [ 9.326974663925483, 0.838305004172417 ] } },
{ "type": "Feature", "properties": { "fatalities": 1.0, "latitude": 15.036287277236349, "longitude": 5.7093331568840018 }, "geometry": { "type": "Point", "coordinates": [ 5.709333156884002, 15.036287277236349 ] } },
{ "type": "Feature", "properties": { "fatalities": 0.0, "latitude": 27.97939703928316, "longitude": 94.769603056991897 }, "geometry": { "type": "Point", "coordinates": [ 94.769603056991897, 27.97939703928316 ] } },
{ "type": "Feature", "properties": { "fatalities": 0.0, "latitude": 53.802619121192379, "longitude": 91.148872930753924 }, "geometry": { "type": "Point", "coordinates": [ 91.148872930753924, 53.802619121192379 ] } },
{ "type": "Feature", "properties": { "fatalities": 1.0, "latitude": 27.751767845272617, "longitude": 59.619782588369866 }, "geometry": { "type": "Point", "coordinates": [ 59.619782588369866, 27.751767845272617 ] } },
{ "type": "Feature", "properties": { "fatalities": 0.0, "latitude": 27.06330177159273, "longitude": 56.53999705431233 }, "geometry": { "type": "Point", "coordinates": [ 56.53999705431233, 27.06330177159273 ] } },
{ "type": "Feature", "properties": { "fatalities": 3.0, "latitude": 10.179845067108166, "longitude": 26.929121288254496 }, "geometry": { "type": "Point", "coordinates": [ 26.929121288254496, 10.179845067108166 ] } },
{ "type": "Feature", "properties": { "fatalities": 0.0, "latitude": 49.959467951805145, "longitude": 106.47563861410231 }, "geometry": { "type": "Point", "coordinates": [ 106.475638614102309, 49.959467951805145 ] } },
{ "type": "Feature", "properties": { "fatalities": 2.0, "latitude": -11.629377438950277, "longitude": -62.076384317135428 }, "geometry": { "type": "Point", "coordinates": [ -62.076384317135428, -11.629377438950277 ] } },
{ "type": "Feature", "properties": { "fatalities": 75.0, "latitude": 14.046139404691601, "longitude": 4.1921486800564631 }, "geometry": { "type": "Point", "coordinates": [ 4.192148680056463, 14.046139404691601 ] } },
{ "type": "Feature", "properties": { "fatalities": 0.0, "latitude": 15.159601973317343, "longitude": -83.812045385012738 }, "geometry": { "type": "Point", "coordinates": [ -83.812045385012738, 15.159601973317343 ] } },
{ "type": "Feature", "properties": { "fatalities": 1.0, "latitude": -16.282757500573968, "longitude": -71.003393032394186 }, "geometry": { "type": "Point", "coordinates": [ -71.003393032394186, -16.282757500573968 ] } },
{ "type": "Feature", "properties": { "fatalities": 1.0, "latitude": 11.762448178290949, "longitude": 49.672978334079829 }, "geometry": { "type": "Point", "coordinates": [ 49.672978334079829, 11.762448178290949 ] } },
{ "type": "Feature", "properties": { "fatalities": 2.0, "latitude": 38.58472428418569, "longitude": 44.616744683191833 }, "geometry": { "type": "Point", "coordinates": [ 44.616744683191833, 38.58472428418569 ] } },
{ "type": "Feature", "properties": { "fatalities": 1.0, "latitude": 55.307826938027731, "longitude": 61.73121214146547 }, "geometry": { "type": "Point", "coordinates": [ 61.73121214146547, 55.307826938027731 ] } },
{ "type": "Feature", "properties": { "fatalities": 0.0, "latitude": 51.146954156523144, "longitude": 46.384477727391101 }, "geometry": { "type": "Point", "coordinates": [ 46.384477727391101, 51.146954156523144 ] } },
{ "type": "Feature", "properties": { "fatalities": 1.0, "latitude": -45.200873186307113, "longitude": -72.286452332404849 }, "geometry": { "type": "Point", "coordinates": [ -72.286452332404849, -45.200873186307113 ] } },
{ "type": "Feature", "properties": { "fatalities": 2.0, "latitude": 2.0819393922966034, "longitude": 41.044803921536023 }, "geometry": { "type": "Point", "coordinates": [ 41.044803921536023, 2.081939392296603 ] } },
{ "type": "Feature", "properties": { "fatalities": 1.0, "latitude": -25.482149721797171, "longitude": 33.435048116716366 }, "geometry": { "type": "Point", "coordinates": [ 33.435048116716366, -25.482149721797171 ] } },
{ "type": "Feature", "properties": { "fatalities": 0.0, "latitude": 45.8288587611369, "longitude": 27.195632888680301 }, "geometry": { "type": "Point", "coordinates": [ 27.195632888680301, 45.8288587611369 ] } },
{ "type": "Feature", "properties": { "fatalities": 0.0, "latitude": 3.3655266637014671, "longitude": 34.96003126288408 }, "geometry": { "type": "Point", "coordinates": [ 34.96003126288408, 3.365526663701467 ] } },
{ "type": "Feature", "properties": { "fatalities": 7.0, "latitude": 28.320935450768321, "longitude": 60.635141463965276 }, "geometry": { "type": "Point", "coordinates": [ 60.635141463965276, 28.320935450768321 ] } },
{ "type": "Feature", "properties": { "fatalities": 0.0, "latitude": 40.35301001243343, "longitude": -122.32402131954737 }, "geometry": { "type": "Point", "coordinates": [ -122.32402131954737, 40.35301001243343 ] } },
{ "type": "Feature", "properties": { "fatalities": 0.0, "latitude": 41.557241065077875, "longitude": -87.328278027266975 }, "geometry": { "type": "Point", "coordinates": [ -87.328278027266975, 41.557241065077875 ] } },
{ "type": "Feature", "properties": { "fatalities": 0.0, "latitude": 2.1458234551040074, "longitude": 39.948695317533151 }, "geometry": { "type": "Point", "coordinates": [ 39.948695317533151, 2.145823455104007 ] } },
{ "type": "Feature", "properties": { "fatalities": 7.0, "latitude": -29.85587370197706, "longitude": -52.078839744737635 }, "geometry": { "type": "Point", "coordinates": [ -52.078839744737635, -29.85587370197706 ] } },
{ "type": "Feature", "properties": { "fatalities": 0.0, "latitude": 8.4522594649484848, "longitude": 80.180822874111854 }, "geometry": { "type": "Point", "coordinates": [ 80.180822874111854, 8.452259464948485 ] } },
{ "type": "Feature", "properties": { "fatalities": 3.0, "latitude": -14.478784215519983, "longitude": -54.524630633477649 }, "geometry": { "type": "Point", "coordinates": [ -54.524630633477649, -14.478784215519983 ] } },
{ "type": "Feature", "properties": { "fatalities": 1.0, "latitude": 9.7348887049368855, "longitude": -7.7844042037390153 }, "geometry": { "type": "Point", "coordinates": [ -7.784404203739015, 9.734888704936886 ] } },
{ "type": "Feature", "properties": { "fatalities": 0.0, "latitude": 13.514551185970289, "longitude": -17.03007345811616 }, "geometry": { "type": "Point", "coordinates": [ -17.03007345811616, 13.514551185970289 ] } },
{ "type": "Feature", "properties": { "fatalities": 0.0, "latitude": -5.6014430235876151, "longitude": -74.160382377219747 }, "geometry": { "type": "Point", "coordinates": [ -74.160382377219747, -5.601443023587615 ] } },
{ "type": "Feature", "properties": { "fatalities": 0.0, "latitude": -16.539942642402121, "longitude": -63.229151175043114 }, "geometry": { "type": "Point", "coordinates": [ -63.229151175043114, -16.539942642402121 ] } },
{ "type": "Feature", "properties": { "fatalities": 4.0, "latitude": -21.478017875564049, "longitude": -48.655180150924728 }, "geometry": { "type": "Point", "coordinates": [ -48.655180150924728, -21.478017875564049 ] } },
{ "type": "Feature", "properties": { "fatalities": 2.0, "latitude": 21.038637441211478, "longitude": 84.058234961796117 }, "geometry": { "type": "Point", "coordinates": [ 84.058234961796117, 21.038637441211478 ] } },
{ "type": "Feature", "properties": { "fatalities": 0.0, "latitude": 38.445392659423895, "longitude": 115.3237553543949 }, "geometry": { "type": "Point", "coordinates": [ 115.323755354394905, 38.445392659423895 ] } },
{ "type": "Feature", "properties": { "fatalities": 0.0, "latitude": 44.171095261742458, "longitude": 132.30503422815224 }, "geometry": { "type": "Point", "coordinates": [ 132.305034228152238, 44.171095261742458 ] } },
{ "type": "Feature", "properties": { "fatalities": 4.0, "latitude": -1.7281621927611286, "longitude": -77.828549276736766 }, "geometry": { "type": "Point", "coordinates": [ -77.828549276736766, -1.728162192761129 ] } },
{ "type": "Feature", "properties": { "fatalities": 9.0, "latitude": 9.3091701534951774, "longitude": 40.039420385061433 }, "geometry": { "type": "Point", "coordinates": [ 40.039420385061433, 9.309170153495177 ] } },
{ "type": "Feature", "properties": { "fatalities": 0.0, "latitude": 7.6356671014121273, "longitude": -65.602196296706211 }, "geometry": { "type": "Point", "coordinates": [ -65.602196296706211, 7.635667101412127 ] } },
{ "type": "Feature", "properties": { "fatalities": 0.0, "latitude": 50.023429058518303, "longitude": 81.403546321498965 }, "geometry": { "type": "Point", "coordinates": [ 81.403546321498965, 50.023429058518303 ] } },
{ "type": "Feature", "properties": { "fatalities": 0.0, "latitude": 42.241357422920267, "longitude": 22.183368114524399 }, "geometry": { "type": "Point", "coordinates": [ 22.183368114524399, 42.241357422920267 ] } },
{ "type": "Feature", "properties": { "fatalities": 1.0, "latitude": 55.01469154111021, "longitude": 37.841833519640225 }, "geometry": { "type": "Point", "coordinates": [ 37.841833519640225, 55.01469154111021 ] } },
{ "type": "Feature", "properties": { "fatalities": 4.0, "latitude": 19.752455030828298, "longitude": 97.870369720957569 }, "geometry": { "type": "Point", "coordinates": [ 97.870369720957569, 19.752455030828298 ] } },
{ "type": "Feature", "properties": { "fatalities": 0.0, "latitude": 31.222516564549331, "longitude": 14.246485732816044 }, "geometry": { "type": "Point", "coordinates": [ 14.246485732816044, 31.222516564549331 ] } },
{ "type": "Feature", "properties": { "fatalities": 0.0, "latitude": -4.0295686539268631, "longitude": -78.05470041577864 }, "geometry": { "type": "Point", "coordinates": [ -78.05470041577864, -4.029568653926863 ] } },
{ "type": "Feature", "properties": { "fatalities": 0.0, "latitude": 29.979639612678437, "longitude": 78.556176400463613 }, "geometry": { "type": "Point", "coordinates": [ 78.556176400463613, 29.979639612678437 ] } },
{ "type": "Feature", "properties": { "fatalities": 1.0, "latitude": 26.592976750186217, "longitude": 80.157967345276859 }, "geometry": { "type": "Point", "coordinates": [ 80.157967345276859, 26.592976750186217 ] } },
{ "type": "Feature", "properties": { "fatalities": 2.0, "latitude": 8.6486325589741764, "longitude": 17.816125419051343 }, "geometry": { "type": "Point", "coordinates": [ 17.816125419051343, 8.648632558974176 ] } },
{ "type": "Feature", "properties": { "fatalities": 2.0, "latitude": 15.128060780406615, "longitude": 21.937045800357815 }, "geometry": { "type": "Point", "coordinates": [ 21.937045800357815, 15.128060780406615 ] } },
{ "type": "Feature", "properties": { "fatalities": 2.0, "latitude": -16.221804368517642, "longitude": -53.589970434844929 }, "geometry": { "type": "Point", "coordinates": [ -53.589970434844929, -16.221804368517642 ] } },
{ "type": "Feature", "properties": { "fatalities": 1.0, "latitude": 4.2515047099669676, "longitude": -71.396483393276128 }, "geometry": { "type": "Point", "coordinates": [ -71.396483393276128, 4.251504709966968 ] } },
{ "type": "Feature", "properties": { "fatalities": 0.0, "latitude": 48.776277518910348, "longitude": 19.97581505426831 }, "geometry": { "type": "Point", "coordinates": [ 19.97581505426831, 48.776277518910348 ] } },
{ "type": "Feature", "properties": { "fatalities": 3.0, "latitude": 24.655417926969768, "longitude": 86.041629969770057 }, "geometry": { "type": "Point", "coordinates": [ 86.041629969770057, 24.655417926969768 ] } },
{ "type": "Feature", "properties": { "fatalities": 5.0, "latitude": -16.41688993735076, "longitude": 47.311550177395013 }, "geometry": { "type": "Point", "coordinates": [ 47.311550177395013, -16.41688993735076 ] } },
{ "type": "Feature", "properties": { "fatalities": 5.0, "latitude": -29.071111072961926, "longitude": -49.961188525350025 }, "geometry": { "type": "Point", "coordinates": [ -49.961188525350025, -29.071111072961926 ] } },
{ "type": "Feature", "properties": { "fatalities": 5.0, "latitude": -18.376729850780944, "longitude": -44.393870153665965 }, "geometry": { "type": "Point", "coordinates": [ -44.393870153665965, -18.376729850780944 ] } },
{ "type": "Feature", "properties": { "fatalities": 1.0, "latitude": -17.035841758809223, "longitude": -66.107821171358225 }, "geometry": { "type": "Point", "coordinates": [ -66.107821171358225, -17.035841758809223 ] } },
{ "type": "Feature", "properties": { "fatalities": 1.0, "latitude": -4.5023725244175674, "longitude": 38.190710336028886 }, "geometry": { "type": "Point", "coordinates": [ 38.190710336028886, -4.502372524417567 ] } },
{ "type": "Feature", "properties": { "fatalities": 1.0, "latitude": -4.9479267253727128, "longitude": 136.56770173525675 }, "geometry": { "type": "Point", "coordinates": [ 136.567701735256747, -4.947926725372713 ] } },
{ "type": "Feature", "properties": { "fatalities": 1.0, "latitude": 29.94959473824651, "longitude": 112.60018329809681 }, "geometry": { "type": "Point", "coordinates": [ 112.600183298096809, 29.94959473824651 ] } },
{ "type": "Feature", "properties": { "fatalities": 4.0, "latitude": 0.76425289622589621, "longitude": -74.60230825481753 }, "geometry": { "type": "Point", "coordinates": [ -74.60230825481753, 0.764252896225896 ] } },
{ "type": "Feature", "properties": { "fatalities": 2.0, "latitude": 5.3102844756824386, "longitude": -3.2693457091526441 }, "geometry": { "type": "Point", "coordinates": [ -3.269345709152644, 5.310284475682439 ] } },
{ "type": "Feature", "properties": { "fatalities": 0.0, "latitude": 28.027591642422202, "longitude": 76.033027800215194 }, "geometry": { "type": "Point", "coordinates": [ 76.033027800215194, 28.027591642422202 ] } },
{ "type": "Feature", "properties": { "fatalities": 3.0, "latitude": 24.519327270253822, "longitude": 79.73255733441664 }, "geometry": { "type": "Point", "coordinates": [ 79.73255733441664, 24.519327270253822 ] } },
{ "type": "Feature", "properties": { "fatalities": 0.0, "latitude": 29.805878213652605, "longitude": -100.82712372691987 }, "geometry": { "type": "Point", "coordinates": [ -100.827123726919865, 29.805878213652605 ] } },
{ "type": "Feature", "properties": { "fatalities": 10.0, "latitude": 4.0621997903470328, "longitude": 38.868024534268336 }, "geometry": { "type": "Point", "coordinates": [ 38.868024534268336, 4.062199790347033 ] } },
{ "type": "Feature", "properties": { "fatalities": 0.0, "latitude": 52.264365603195898, "longitude": 36.494496407991356 }, "geometry": { "type": "Point", "coordinates": [ 36.494496407991356, 52.264365603195898 ] } },
{ "type": "Feature", "properties": { "fatalities": 0.0, "latitude": 23.0075650689448, "longitude": 73.370626322296417 }, "geometry": { "type": "Point", "coordinates": [ 73.370626322296417, 23.0075650689448 ] } },
{ "type": "Feature", "properties": { "fatalities": 4.0, "latitude": 33.327194669815029, "longitude": 49.773445177761786 }, "geometry": { "type": "Point", "coordinates": [ 49.773445177761786, 33.327194669815029 ] } },
{ "type": "Feature", "properties": { "fatalities": 0.0, "latitude": 19.532311493362155, "longitude": 79.605626868876584 }, "geometry": { "type": "Point", "coordinates": [ 79.605626868876584, 19.532311493362155 ] } },
{ "type": "Feature", "properties": { "fatalities": 2.0, "latitude": 26.073806260194573, "longitude": 87.508055554959341 }, "geometry": { "type": "Point", "coordinates": [ 87.508055554959341, 26.073806260194573 ] } },
{ "type": "Feature", "properties": { "fatalities": 0.0, "latitude": 34.348824835808735, "longitude": -80.631398477080765 }, "geometry": { "type": "Point", "coordinates": [ -80.631398477080765, 34.348824835808735 ] } },
{ "type": "Feature", "properties": { "fatalities": 0.0, "latitude": 41.602971165115207, "longitude": 48.517042883505006 }, "geometry": { "type": "Point", "coordinates": [ 48.517042883505006, 41.602971165115207 ] } },
{ "type": "Feature", "properties": { "fatalities": 15.0, "latitude": 32.731806892715817, "longitude": 62.488069545680752 }, "geometry": { "type": "Point", "coordinates": [ 62.488069545680752, 32.731806892715817 ] } },
{ "type": "Feature", "properties": { "fatalities": 6.0, "latitude": 17.133710528455406, "longitude": -89.008264567494862 }, "geometry": { "type": "Point", "coordinates": [ -89.008264567494862, 17.133710528455406 ] } },
{ "type": "Feature", "properties": { "fatalities": 6.0, "latitude": 26.23281394361738, "longitude": 60.846588469118558 }, "geometry": { "type": "Point", "coordinates": [ 60.846588469118558, 26.23281394361738 ] } },
{ "type": "Feature", "properties": { "fatalities": 0.0, "latitude": 43.855006239949589, "longitude": 51.814363045129852 }, "geometry": { "type": "Point", "coordinates": [ 51.814363045129852, 43.855006239949589 ] } },
{ "type": "Feature", "properties": { "fatalities": 1.0, "latitude": -3.2340583865653398, "longitude": 31.86793175842163 }, "geometry": { "type": "Point", "coordinates": [ 31.86793175842163, -3.23405838656534 ] } },
{ "type": "Feature", "properties": { "fatalities": 13.0, "latitude": -10.695516406032937, "longitude": -68.614738620088801 }, "geometry": { "type": "Point", "coordinates": [ -68.614738620088801, -10.695516406032937 ] } },
{ "type": "Feature", "properties": { "fatalities": 0.0, "latitude": -9.5768911865772814, "longitude": -60.127488329536995 }, "geometry": { "type": "Point", "coordinates": [ -60.127488329536995, -9.576891186577281 ] } },
{ "type": "Feature", "properties": { "fatalities": 0.0, "latitude": 42.259658617744165, "longitude": 19.091211216789869 }, "geometry": { "type": "Point", "coordinates": [ 19.091211216789869, 42.259658617744165 ] } },
{ "type": "Feature", "properties": { "fatalities": 0.0, "latitude": 52.324137555519378, "longitude": 113.85560079118221 }, "geometry": { "type": "Point", "coordinates": [ 113.855600791182212, 52.324137555519378 ] } },
{ "type": "Feature", "properties": { "fatalities": 0.0, "latitude": 22.016673358353458, "longitude": 73.285006551258206 }, "geometry": { "type": "Point", "coordinates": [ 73.285006551258206, 22.016673358353458 ] } },
{ "type": "Feature", "properties": { "fatalities": 1.0, "latitude": -20.563503596520146, "longitude": 18.670660664756966 }, "geometry": { "type": "Point", "coordinates": [ 18.670660664756966, -20.563503596520146 ] } },
{ "type": "Feature", "properties": { "fatalities": 1.0, "latitude": -22.410484539585259, "longitude": -50.75824906530179 }, "geometry": { "type": "Point", "coordinates": [ -50.75824906530179, -22.410484539585259 ] } },
{ "type": "Feature", "properties": { "fatalities": 8.0, "latitude": 3.7091013970086633, "longitude": 44.260919299893395 }, "geometry": { "type": "Point", "coordinates": [ 44.260919299893395, 3.709101397008663 ] } },
{ "type": "Feature", "properties": { "fatalities": 1.0, "latitude": -4.8891200028306256, "longitude": 143.06790731176056 }, "geometry": { "type": "Point", "coordinates": [ 143.067907311760564, -4.889120002830626 ] } },
{ "type": "Feature", "properties": { "fatalities": 2.0, "latitude": 9.464917949130788, "longitude": 0.21408247293971819 }, "geometry": { "type": "Point", "coordinates": [ 0.214082472939718, 9.464917949130788 ] } },
{ "type": "Feature", "properties": { "fatalities": 1.0, "latitude": -13.431249844978055, "longitude": 33.862525474190754 }, "geometry": { "type": "Point", "coordinates": [ 33.862525474190754, -13.431249844978055 ] } },
{ "type": "Feature", "properties": { "fatalities": 8.0, "latitude": -0.58761899513528337, "longitude": -77.716721792211132 }, "geometry": { "type": "Point", "coordinates": [ -77.716721792211132, -0.587618995135283 ] } },
{ "type": "Feature", "properties": { "fatalities": 1.0, "latitude": 15.760899129626752, "longitude": 52.221562883386945 }, "geometry": { "type": "Point", "coordinates": [ 52.221562883386945, 15.760899129626752 ] } },
{ "type": "Feature", "properties": { "fatalities": 1.0, "latitude": 25.208332519002639, "longitude": 60.947530560981264 }, "geometry": { "type": "Point", "coordinates": [ 60.947530560981264, 25.208332519002639 ] } },
{ "type": "Feature", "properties": { "fatalities": 2.0, "latitude": -3.4949314911189124, "longitude": 37.635444964727739 }, "geometry": { "type": "Point", "coordinates": [ 37.635444964727739, -3.494931491118912 ] } },
{ "type": "Feature", "properties": { "fatalities": 3.0, "latitude": -14.555908097203657, "longitude": 40.406043220761774 }, "geometry": { "type": "Point", "coordinates": [ 40.406043220761774, -14.555908097203657 ] } },
{ "type": "Feature", "properties": { "fatalities": 3.0, "latitude": -17.309836727299295, "longitude": -42.27785320352509 }, "geometry": { "type": "Point", "coordinates": [ -42.27785320352509, -17.309836727299295 ] } },
{ "type": "Feature", "properties": { "fatalities": 0.0, "latitude": -2.0214229361550702, "longitude": 102.25419737330942 }, "geometry": { "type": "Point", "coordinates": [ 102.254197373309424, -2.02142293615507 ] } },
{ "type": "Feature", "properties": { "fatalities": 2.0, "latitude": -31.915158161042832, "longitude": 27.239617412468824 }, "geometry": { "type": "Point", "coordinates": [ 27.239617412468824, -31.915158161042832 ] } },
{ "type": "Feature", "properties": { "fatalities": 1.0, "latitude": -8.4535665363154457, "longitude": -49.288092869721339 }, "geometry": { "type": "Point", "coordinates": [ -49.288092869721339, -8.453566536315446 ] } },
{ "type": "Feature", "properties": { "fatalities": 4.0, "latitude": 27.880009092560499, "longitude": -105.68678455038081 }, "geometry": { "type": "Point", "coordinates": [ -105.686784550380807, 27.880009092560499 ] } },
{ "type": "Feature", "properties": { "fatalities": 0.0, "latitude": 39.14682438211134, "longitude": 41.959087597030525 }, "geometry": { "type": "Point", "coordinates": [ 41.959087597030525, 39.14682438211134 ] } },
{ "type": "Feature", "properties": { "fatalities": 0.0, "latitude": 34.320894077802954, "longitude": 113.28982570942914 }, "geometry": { "type": "Point", "coordinates": [ 113.289825709429138, 34.320894077802954 ] } },
{ "type": "Feature", "properties": { "fatalities": 2.0, "latitude": 9.3285262465898846, "longitude": -3.5854533705073952 }, "geometry": { "type": "Point", "coordinates": [ -3.585453370507395, 9.328526246589885 ] } },
{ "type": "Feature", "properties": { "fatalities": 0.0, "latitude": 11.595149876595036, "longitude": -7.2196168814687489 }, "geometry": { "type": "Point", "coordinates": [ -7.219616881468749, 11.595149876595036 ] } },
{ "type": "Feature", "properties": { "fatalities": 1.0, "latitude": 18.615631818085017, "longitude": 30.628139961488277 }, "geometry": { "type": "Point", "coordinates": [ 30.628139961488277, 18.615631818085017 ] } },
{ "type": "Feature", "properties": { "fatalities": 4.0, "latitude": 3.4895385148541638, "longitude": 47.380632796557094 }, "geometry": { "type": "Point", "coordinates": [ 47.380632796557094, 3.489538514854164 ] } },
{ "type": "Feature", "properties": { "fatalities": 3.0, "latitude": -16.131183353632146, "longitude": -44.339715492798689 }, "geometry": { "type": "Point", "coordinates": [ -44.339715492798689, -16.131183353632146 ] } },
{ "type": "Feature", "properties": { "fatalities": 1.0, "latitude": 10.487142494679665, "longitude": -70.899832001126981 }, "geometry": { "type": "Point", "coordinates": [ -70.899832001126981, 10.487142494679665 ] } },
{ "type": "Feature", "properties": { "fatalities": 2.0, "latitude": 7.1325038544988839, "longitude": -76.956465284465082 }, "geometry": { "type": "Point", "coordinates": [ -76.956465284465082, 7.132503854498884 ] } },
{ "type": "Feature", "properties": { "fatalities": 0.0, "latitude": 22.112095217822457, "longitude": 71.271054253878049 }, "geometry": { "type": "Point", "coordinates": [ 71.271054253878049, 22.112095217822457 ] } },
{ "type": "Feature", "properties": { "fatalities": 1.0, "latitude": 21.35982883358734, "longitude": 88.405968665720323 }, "geometry": { "type": "Point", "coordinates": [ 88.405968665720323, 21.35982883358734 ] } },
{ "type": "Feature", "properties": { "fatalities": 2.0, "latitude": -10.986955939036719, "longitude": 25.528233911843532 }, "geometry": { "type": "Point", "coordinates": [ 25.528233911843532, -10.986955939036719 ] } },
{ "type": "Feature", "properties": { "fatalities": 103.0, "latitude": 8.9991451101551174, "longitude": 31.876633518660096 }, "geometry": { "type": "Point", "coordinates": [ 31.876633518660096, 8.999145110155117 ] } },
{ "type": "Feature", "properties": { "fatalities": 1.0, "latitude": -36.471399495305057, "longitude": -60.431894919696063 }, "geometry": { "type": "Point", "coordinates": [ -60.431894919696063, -36.471399495305057 ] } },
{ "type": "Feature", "properties": { "fatalities": 1.0, "latitude": 7.841588333132707, "longitude": 11.788229321548815 }, "geometry": { "type": "Point", "coordinates": [ 11.788229321548815, 7.841588333132707 ] } },
{ "type": "Feature", "properties": { "fatalities": 9.0, "latitude": 20.060952441335761, "longitude": -71.90762877099246 }, "geometry": { "type": "Point", "coordinates": [ -71.90762877099246, 20.060952441335761 ] } },
{ "type": "Feature", "properties": { "fatalities": 1.0, "latitude": 5.0004638080808474, "longitude": 19.883056052274391 }, "geometry": { "type": "Point", "coordinates": [ 19.883056052274391, 5.000463808080847 ] } },
{ "type": "Feature", "properties": { "fatalities": 4.0, "latitude": -23.108820911599295, "longitude": -54.865705282191982 }, "geometry": { "type": "Point", "coordinates": [ -54.865705282191982, -23.108820911599295 ] } },
{ "type": "Feature", "properties": { "fatalities": 0.0, "latitude": 20.484434774201141, "longitude": -76.229213435658309 }, "geometry": { "type": "Point", "coordinates": [ -76.229213435658309, 20.484434774201141 ] } },
{ "type": "Feature", "properties": { "fatalities": 4.0, "latitude": 21.837835919483425, "longitude": -103.97981598578026 }, "geometry": { "type": "Point", "coordinates": [ -103.979815985780263, 21.837835919483425 ] } },
{ "type": "Feature", "properties": { "fatalities": 3.0, "latitude": 13.087365432747212, "longitude": 38.56631769093633 }, "geometry": { "type": "Point", "coordinates": [ 38.56631769093633, 13.087365432747212 ] } },
{ "type": "Feature", "properties": { "fatalities": 2.0, "latitude": 38.331541505380812, "longitude": 22.028225066753816 }, "geometry": { "type": "Point", "coordinates": [ 22.028225066753816, 38.331541505380812 ] } },
{ "type": "Feature", "properties": { "fatalities": 70.0, "latitude": 14.879265210287272, "longitude": 2.474368559800133 }, "geometry": { "type": "Point", "coordinates": [ 2.474368559800133, 14.879265210287272 ] } },
{ "type": "Feature", "properties": { "fatalities": 0.0, "latitude": 15.542865155235679, "longitude": 41.783405328023832 }, "geometry": { "type": "Point", "coordinates": [ 41.783405328023832, 15.542865155235679 ] } },
{ "type": "Feature", "properties": { "fatalities": 0.0, "latitude": 13.599785307018964, "longitude": 102.62473504242087 }, "geometry": { "type": "Point", "coordinates": [ 102.624735042420866, 13.599785307018964 ] } },
{ "type": "Feature", "properties": { "fatalities": 3.0, "latitude": 6.4995078112203846, "longitude": 120.67504970019716 }, "geometry": { "type": "Point", "coordinates": [ 120.675049700197164, 6.499507811220385 ] } },
{ "type": "Feature", "properties": { "fatalities": 1.0, "latitude": -3.8258457760938245, "longitude": -47.124524239620335 }, "geometry": { "type": "Point", "coordinates": [ -47.124524239620335, -3.825845776093824 ] } },
{ "type": "Feature", "properties": { "fatalities": 1.0, "latitude": -10.416647326155552, "longitude": -42.137376711942167 }, "geometry": { "type": "Point", "coordinates": [ -42.137376711942167, -10.416647326155552 ] } },
{ "type": "Feature", "properties": { "fatalities": 0.0, "latitude": 31.380933008868766, "longitude": -105.37345562546867 }, "geometry": { "type": "Point", "coordinates": [ -105.373455625468665, 31.380933008868766 ] } },
{ "type": "Feature", "properties": { "fatalities": 5.0, "latitude": 6.5065879761379195, "longitude": 125.76718919626823 }, "geometry": { "type": "Point", "coordinates": [ 125.767189196268234, 6.50658797613792 ] } },
{ "type": "Feature", "properties": { "fatalities": 0.0, "latitude": -6.4781331539427205, "longitude": 18.827148712446363 }, "geometry": { "type": "Point", "coordinates": [ 18.827148712446363, -6.47813315394272 ] } },
{ "type": "Feature", "properties": { "fatalities": 3.0, "latitude": -2.3307371391876837, "longitude": 33.641533158893772 }, "geometry": { "type": "Point", "coordinates": [ 33.641533158893772, -2.330737139187684 ] } },
{ "type": "Feature", "properties": { "fatalities": 1.0, "latitude": 25.334491633005648, "longitude": 76.755996318753191 }, "geometry": { "type": "Point", "coordinates": [ 76.755996318753191, 25.334491633005648 ] } },
{ "type": "Feature", "properties": { "fatalities": 1.0, "latitude": 21.020781079250796, "longitude": 73.171648589741039 }, "geometry": { "type": "Point", "coordinates": [ 73.171648589741039, 21.020781079250796 ] } },
{ "type": "Feature", "properties": { "fatalities": 27.0, "latitude": 14.988432883340844, "longitude": 4.6179570477960938 }, "geometry": { "type": "Point", "coordinates": [ 4.617957047796094, 14.988432883340844 ] } },
{ "type": "Feature", "properties": { "fatalities": 1.0, "latitude": 31.713883889423578, "longitude": 31.485126372283776 }, "geometry": { "type": "Point", "coordinates": [ 31.485126372283776, 31.713883889423578 ] } },
{ "type": "Feature", "properties": { "fatalities": 1.0, "latitude": -8.2224230911993619, "longitude": 31.067320212319252 }, "geometry": { "type": "Point", "coordinates": [ 31.067320212319252, -8.222423091199362 ] } },
{ "type": "Feature", "properties": { "fatalities": 2.0, "latitude": 12.275699934157878, "longitude": -15.365139125521326 }, "geometry": { "type": "Point", "coordinates": [ -15.365139125521326, 12.275699934157878 ] } },
{ "type": "Feature", "properties": { "fatalities": 7.0, "latitude": -15.452902890647287, "longitude": -47.43835615205348 }, "geometry": { "type": "Point", "coordinates": [ -47.43835615205348, -15.452902890647287 ] } },
{ "type": "Feature", "properties": { "fatalities": 1.0, "latitude": -12.852492426863988, "longitude": -70.740889399484331 }, "geometry": { "type": "Point", "coordinates": [ -70.740889399484331, -12.852492426863988 ] } },
{ "type": "Feature", "properties": { "fatalities": 0.0, "latitude": 36.446366654275778, "longitude": 34.26548417579906 }, "geometry": { "type": "Point", "coordinates": [ 34.26548417579906, 36.446366654275778 ] } },
{ "type": "Feature", "properties": { "fatalities": 4.0, "latitude": -4.022621706445686, "longitude": 27.740038284507193 }, "geometry": { "type": "Point", "coordinates": [ 27.740038284507193, -4.022621706445686 ] } },
{ "type": "Feature", "properties": { "fatalities": 1.0, "latitude": -8.4503059636518341, "longitude": 36.965810545278963 }, "geometry": { "type": "Point", "coordinates": [ 36.965810545278963, -8.450305963651834 ] } },
{ "type": "Feature", "properties": { "fatalities": 0.0, "latitude": 26.457992692858866, "longitude": 96.560249717837692 }, "geometry": { "type": "Point", "coordinates": [ 96.560249717837692, 26.457992692858866 ] } },
{ "type": "Feature", "properties": { "fatalities": 3.0, "latitude": -6.0858549289861825, "longitude": 28.801010319699408 }, "geometry": { "type": "Point", "coordinates": [ 28.801010319699408, -6.085854928986183 ] } },
{ "type": "Feature", "properties": { "fatalities": 1.0, "latitude": 16.393737146785956, "longitude": 42.508023789138726 }, "geometry": { "type": "Point", "coordinates": [ 42.508023789138726, 16.393737146785956 ] } },
{ "type": "Feature", "properties": { "fatalities": 0.0, "latitude": -6.4449377880543821, "longitude": 37.005572257021846 }, "geometry": { "type": "Point", "coordinates": [ 37.005572257021846, -6.444937788054382 ] } },
{ "type": "Feature", "properties": { "fatalities": 1.0, "latitude": 18.90000898295996, "longitude": -78.41037327392948 }, "geometry": { "type": "Point", "coordinates": [ -78.41037327392948, 18.90000898295996 ] } },
{ "type": "Feature", "properties": { "fatalities": 1.0, "latitude": 35.388123764672159, "longitude": -2.16274192654654 }, "geometry": { "type": "Point", "coordinates": [ -2.16274192654654, 35.388123764672159 ] } },
{ "type": "Feature", "properties": { "fatalities": 0.0, "latitude": -4.5542400659044038, "longitude": -67.258725224312784 }, "geometry": { "type": "Point", "coordinates": [ -67.258725224312784, -4.554240065904404 ] } },
{ "type": "Feature", "properties": { "fatalities": 2.0, "latitude": -28.89967911289169, "longitude": -52.039183287640491 }, "geometry": { "type": "Point", "coordinates": [ -52.039183287640491, -28.89967911289169 ] } },
{ "type": "Feature", "properties": { "fatalities": 0.0, "latitude": 28.192152482957969, "longitude": 113.01998191563828 }, "geometry": { "type": "Point", "coordinates": [ 113.019981915638283, 28.192152482957969 ] } },
{ "type": "Feature", "properties": { "fatalities": 0.0, "latitude": 26.779021589758013, "longitude": 86.613711861391252 }, "geometry": { "type": "Point", "coordinates": [ 86.613711861391252, 26.779021589758013 ] } },
{ "type": "Feature", "properties": { "fatalities": 0.0, "latitude": -7.3835641928928455, "longitude": 35.234104562511412 }, "geometry": { "type": "Point", "coordinates": [ 35.234104562511412, -7.383564192892845 ] } },
{ "type": "Feature", "properties": { "fatalities": 1.0, "latitude": -28.106743034623467, "longitude": -55.083089771123262 }, "geometry": { "type": "Point", "coordinates": [ -55.083089771123262, -28.106743034623467 ] } },
{ "type": "Feature", "properties": { "fatalities": 1.0, "latitude": 12.426083337367917, "longitude": 120.69206261586756 }, "geometry": { "type": "Point", "coordinates": [ 120.692062615867556, 12.426083337367917 ] } },
{ "type": "Feature", "properties": { "fatalities": 0.0, "latitude": 21.941546576256705, "longitude": 98.534614742916759 }, "geometry": { "type": "Point", "coordinates": [ 98.534614742916759, 21.941546576256705 ] } },
{ "type": "Feature", "properties": { "fatalities": 3.0, "latitude": 14.934754385585521, "longitude": 26.693414107924468 }, "geometry": { "type": "Point", "coordinates": [ 26.693414107924468, 14.934754385585521 ] } },
{ "type": "Feature", "properties": { "fatalities": 2.0, "latitude": -11.317571359602226, "longitude": -59.260089956575612 }, "geometry": { "type": "Point", "coordinates": [ -59.260089956575612, -11.317571359602226 ] } },
{ "type": "Feature", "properties": { "fatalities": 1.0, "latitude": 8.6537879771017128, "longitude": 1.8201074348657607 }, "geometry": { "type": "Point", "coordinates": [ 1.820107434865761, 8.653787977101713 ] } },
{ "type": "Feature", "properties": { "fatalities": 3.0, "latitude": 11.256363237907681, "longitude": 124.32764691270832 }, "geometry": { "type": "Point", "coordinates": [ 124.327646912708317, 11.256363237907681 ] } },
{ "type": "Feature", "properties": { "fatalities": 0.0, "latitude": 40.093266473379138, "longitude": 46.499476366407173 }, "geometry": { "type": "Point", "coordinates": [ 46.499476366407173, 40.093266473379138 ] } },
{ "type": "Feature", "properties": { "fatalities": 0.0, "latitude": 11.925912416725259, "longitude": -6.2262702123374085 }, "geometry": { "type": "Point", "coordinates": [ -6.226270212337409, 11.925912416725259 ] } },
{ "type": "Feature", "properties": { "fatalities": 4.0, "latitude": 17.394635106738626, "longitude": 33.48885253203494 }, "geometry": { "type": "Point", "coordinates": [ 33.48885253203494, 17.394635106738626 ] } },
{ "type": "Feature", "properties": { "fatalities": 0.0, "latitude": -20.820360817117063, "longitude": -56.7634415674815 }, "geometry": { "type": "Point", "coordinates": [ -56.7634415674815, -20.820360817117063 ] } },
{ "type": "Feature", "properties": { "fatalities": 1.0, "latitude": -9.1427145717712524, "longitude": -46.238681892034869 }, "geometry": { "type": "Point", "coordinates": [ -46.238681892034869, -9.142714571771252 ] } },
{ "type": "Feature", "properties": { "fatalities": 0.0, "latitude": 8.8835659727124678, "longitude": -82.675191868380821 }, "geometry": { "type": "Point", "coordinates": [ -82.675191868380821, 8.883565972712468 ] } },
{ "type": "Feature", "properties": { "fatalities": 1.0, "latitude": 35.204804180207049, "longitude": 25.506498684129216 }, "geometry": { "type": "Point", "coordinates": [ 25.506498684129216, 35.204804180207049 ] } },
{ "type": "Feature", "properties": { "fatalities": 1.0, "latitude": 2.6886201299718664, "longitude": -67.735471585675057 }, "geometry": { "type": "Point", "coordinates": [ -67.735471585675057, 2.688620129971866 ] } },
{ "type": "Feature", "properties": { "fatalities": 0.0, "latitude": -21.208248679002654, "longitude": 47.996190130845847 }, "geometry": { "type": "Point", "coordinates": [ 47.996190130845847, -21.208248679002654 ] } },
{ "type": "Feature", "properties": { "fatalities": 0.0, "latitude": 45.028405837752587, "longitude": 5.0584188962342376 }, "geometry": { "type": "Point", "coordinates": [ 5.058418896234238, 45.028405837752587 ] } },
{ "type": "Feature", "properties": { "fatalities": 2.0, "latitude": 20.298107517096902, "longitude": 100.26349201287802 }, "geometry": { "type": "Point", "coordinates": [ 100.263492012878018, 20.298107517096902 ] } },
{ "type": "Feature", "properties": { "fatalities": 0.0, "latitude": 24.237893769434695, "longitude": 81.714038954339316 }, "geometry": { "type": "Point", "coordinates": [ 81.714038954339316, 24.237893769434695 ] } },
{ "type": "Feature", "properties": { "fatalities": 2.0, "latitude": 6.9728406478944658, "longitude": 2.0653684452135108 }, "geometry": { "type": "Point", "coordinates": [ 2.065368445213511, 6.972840647894466 ] } },
{ "type": "Feature", "properties": { "fatalities": 1.0, "latitude": -3.1259534027331735, "longitude": 122.41411288839217 }, "geometry": { "type": "Point", "coordinates": [ 122.414112888392168, -3.125953402733173 ] } },
{ "type": "Feature", "properties": { "fatalities": 3.0, "latitude": 10.183167574009012, "longitude": -62.860074712106403 }, "geometry": { "type": "Point", "coordinates": [ -62.860074712106403, 10.183167574009012 ] } },
{ "type": "Feature", "properties": { "fatalities": 0.0, "latitude": -3.4493576552612812, "longitude": 120.29810556966618 }, "geometry": { "type": "Point", "coordinates": [ 120.298105569666177, -3.449357655261281 ] } },
{ "type": "Feature", "properties": { "fatalities": 0.0, "latitude": 57.861784106172991, "longitude": 37.527115238837283 }, "geometry": { "type": "Point", "coordinates": [ 37.527115238837283, 57.861784106172991 ] } },
{ "type": "Feature", "properties": { "fatalities": 0.0, "latitude": 4.2220400983657536, "longitude": 16.005278513420492 }, "geometry": { "type": "Point", "coordinates": [ 16.005278513420492, 4.222040098365754 ] } },
{ "type": "Feature", "properties": { "fatalities": 26.0, "latitude": 10.234269874539748, "longitude": 39.682423843037554 }, "geometry": { "type": "Point", "coordinates": [ 39.682423843037554, 10.234269874539748 ] } },
{ "type": "Feature", "properties": { "fatalities": 0.0, "latitude": 32.193748393248647, "longitude": 121.12829699462598 }, "geometry": { "type": "Point", "coordinates": [ 121.128296994625984, 32.193748393248647 ] } },
{ "type": "Feature", "properties": { "fatalities": 3.0, "latitude": -7.1195052589831755, "longitude": -70.316987000253377 }, "geometry": { "type": "Point", "coordinates": [ -70.316987000253377, -7.119505258983176 ] } },
{ "type": "Feature", "properties": { "fatalities": 1.0, "latitude": 30.453966786355437, "longitude": 71.77018894492295 }, "geometry": { "type": "Point", "coordinates": [ 71.77018894492295, 30.453966786355437 ] } },
{ "type": "Feature", "properties": { "fatalities": 0.0, "latitude": 41.701157594736081, "longitude": 75.342467651784929 }, "geometry": { "type": "Point", "coordinates": [ 75.342467651784929, 41.701157594736081 ] } },
{ "type": "Feature", "properties": { "fatalities": 0.0, "latitude": 28.088693259221841, "longitude": 105.10969701208505 }, "geometry": { "type": "Point", "coordinates": [ 105.10969701208505, 28.088693259221841 ] } },
{ "type": "Feature", "properties": { "fatalities": 4.0, "latitude": 25.009330089246099, "longitude": 87.216768441470379 }, "geometry": { "type": "Point", "coordinates": [ 87.216768441470379, 25.009330089246099 ] } },
{ "type": "Feature", "properties": { "fatalities": 0.0, "latitude": 48.684304128575853, "longitude": 25.003679315755026 }, "geometry": { "type": "Point", "coordinates": [ 25.003679315755026, 48.684304128575853 ] } },
{ "type": "Feature", "properties": { "fatalities": 0.0, "latitude": 35.761693377508614, "longitude": -5.6106703419312849 }, "geometry": { "type": "Point", "coordinates": [ -5.610670341931285, 35.761693377508614 ] } },
{ "type": "Feature", "properties": { "fatalities": 2.0, "latitude": 2.3140953605823387, "longitude": -73.487013443566042 }, "geometry": { "type": "Point", "coordinates": [ -73.487013443566042, 2.314095360582339 ] } },
{ "type": "Feature", "properties": { "fatalities": 0.0, "latitude": 57.752135888659637, "longitude": 68.871410139225986 }, "geometry": { "type": "Point", "coordinates": [ 68.871410139225986, 57.752135888659637 ] } },
{ "type": "Feature", "properties": { "fatalities": 4.0, "latitude": -21.949902178416902, "longitude": -49.708467211832755 }, "geometry": { "type": "Point", "coordinates": [ -49.708467211832755, -21.949902178416902 ] } },
{ "type": "Feature", "properties": { "fatalities": 0.0, "latitude": 44.104731208541175, "longitude": 41.048926716988653 }, "geometry": { "type": "Point", "coordinates": [ 41.048926716988653, 44.104731208541175 ] } },
{ "type": "Feature", "properties": { "fatalities": 1.0, "latitude": 2.2093543378408209, "longitude": 38.844951570269608 }, "geometry": { "type": "Point", "coordinates": [ 38.844951570269608, 2.209354337840821 ] } },
{ "type": "Feature", "properties": { "fatalities": 0.0, "latitude": 13.660556693783313, "longitude": 80.313532669463441 }, "geometry": { "type": "Point", "coordinates": [ 80.313532669463441, 13.660556693783313 ] } },
{ "type": "Feature", "properties": { "fatalities": 1.0, "latitude": 14.532339782599447, "longitude": 48.924418652143018 }, "geometry": { "type": "Point", "coordinates": [ 48.924418652143018, 14.532339782599447 ] } },
{ "type": "Feature", "properties": { "fatalities": 0.0, "latitude": 36.915346430764359, "longitude": 118.99077502005547 }, "geometry": { "type": "Point", "coordinates": [ 118.990775020055466, 36.915346430764359 ] } },
{ "type": "Feature", "properties": { "fatalities": 0.0, "latitude": 51.270296440839928, "longitude": 37.139780728268995 }, "geometry": { "type": "Point", "coordinates": [ 37.139780728268995, 51.270296440839928 ] } },
{ "type": "Feature", "properties": { "fatalities": 4.0, "latitude": 5.1010516982496714, "longitude": -7.5091438546850267 }, "geometry": { "type": "Point", "coordinates": [ -7.509143854685027, 5.101051698249671 ] } },
{ "type": "Feature", "properties": { "fatalities": 0.0, "latitude": 43.208124661678774, "longitude": 18.317858075080895 }, "geometry": { "type": "Point", "coordinates": [ 18.317858075080895, 43.208124661678774 ] } },
{ "type": "Feature", "properties": { "fatalities": 0.0, "latitude": 11.91365050783704, "longitude": 41.065902197952951 }, "geometry": { "type": "Point", "coordinates": [ 41.065902197952951, 11.91365050783704 ] } },
{ "type": "Feature", "properties": { "fatalities": 2.0, "latitude": 13.878294924120395, "longitude": 28.380918766088286 }, "geometry": { "type": "Point", "coordinates": [ 28.380918766088286, 13.878294924120395 ] } },
{ "type": "Feature", "properties": { "fatalities": 1.0, "latitude": -20.501532820810095, "longitude": -46.540891428926479 }, "geometry": { "type": "Point", "coordinates": [ -46.540891428926479, -20.501532820810095 ] } },
{ "type": "Feature", "properties": { "fatalities": 1.0, "latitude": 14.063022438990952, "longitude": 38.178553336537291 }, "geometry": { "type": "Point", "coordinates": [ 38.178553336537291, 14.063022438990952 ] } },
{ "type": "Feature", "properties": { "fatalities": 0.0, "latitude": 51.769974796541106, "longitude": 9.6737592215368604 }, "geometry": { "type": "Point", "coordinates": [ 9.67375922153686, 51.769974796541106 ] } },
{ "type": "Feature", "properties": { "fatalities": 1.0, "latitude": -4.4703215765650786, "longitude": 119.9485583125428 }, "geometry": { "type": "Point", "coordinates": [ 119.948558312542801, -4.470321576565079 ] } },
{ "type": "Feature", "properties": { "fatalities": 0.0, "latitude": 61.105105959084746, "longitude": 68.992518104866562 }, "geometry": { "type": "Point", "coordinates": [ 68.992518104866562, 61.105105959084746 ] } },
{ "type": "Feature", "properties": { "fatalities": 2.0, "latitude": -26.317304771336747, "longitude": 28.913485420678306 }, "geometry": { "type": "Point", "coordinates": [ 28.913485420678306, -26.317304771336747 ] } },
{ "type": "Feature", "properties": { "fatalities": 0.0, "latitude": 22.182863415751211, "longitude": 69.252578199463684 }, "geometry": { "type": "Point", "coordinates": [ 69.252578199463684, 22.182863415751211 ] } },
{ "type": "Feature", "properties": { "fatalities": 0.0, "latitude": 29.855212674323461, "longitude": 90.827115096755577 }, "geometry": { "type": "Point", "coordinates": [ 90.827115096755577, 29.855212674323461 ] } },
{ "type": "Feature", "properties": { "fatalities": 2.0, "latitude": 28.888638212415646, "longitude": 61.672699008460867 }, "geometry": { "type": "Point", "coordinates": [ 61.672699008460867, 28.888638212415646 ] } },
{ "type": "Feature", "properties": { "fatalities": 0.0, "latitude": 3.5093084078708592, "longitude": 10.179095381346157 }, "geometry": { "type": "Point", "coordinates": [ 10.179095381346157, 3.509308407870859 ] } },
{ "type": "Feature", "properties": { "fatalities": 15.0, "latitude": 2.3970024613295497, "longitude": 35.495528267524101 }, "geometry": { "type": "Point", "coordinates": [ 35.495528267524101, 2.39700246132955 ] } },
{ "type": "Feature", "properties": { "fatalities": 0.0, "latitude": 51.518152976907473, "longitude": 118.8633479549452 }, "geometry": { "type": "Point", "coordinates": [ 118.863347954945198, 51.518152976907473 ] } },
{ "type": "Feature", "properties": { "fatalities": 1.0, "latitude": 24.65635501604471, "longitude": -112.71438296103736 }, "geometry": { "type": "Point", "coordinates": [ -112.714382961037359, 24.65635501604471 ] } },
{ "type": "Feature", "properties": { "fatalities": 2.0, "latitude": 34.610605641186083, "longitude": 44.889392085261704 }, "geometry": { "type": "Point", "coordinates": [ 44.889392085261704, 34.610605641186083 ] } },
{ "type": "Feature", "properties": { "fatalities": 0.0, "latitude": 46.69541068035111, "longitude": 28.107395288100673 }, "geometry": { "type": "Point", "coordinates": [ 28.107395288100673, 46.69541068035111 ] } },
{ "type": "Feature", "properties": { "fatalities": 1.0, "latitude": 50.414391252537307, "longitude": 14.892790833712416 }, "geometry": { "type": "Point", "coordinates": [ 14.892790833712416, 50.414391252537307 ] } },
{ "type": "Feature", "properties": { "fatalities": 1.0, "latitude": 18.611197590349171, "longitude": -87.723687675814645 }, "geometry": { "type": "Point", "coordinates": [ -87.723687675814645, 18.611197590349171 ] } },
{ "type": "Feature", "properties": { "fatalities": 0.0, "latitude": -15.50047226156971, "longitude": 35.008812727081455 }, "geometry": { "type": "Point", "coordinates": [ 35.008812727081455, -15.50047226156971 ] } },
{ "type": "Feature", "properties": { "fatalities": 0.0, "latitude": -1.432321478606692, "longitude": -65.215911512244318 }, "geometry": { "type": "Point", "coordinates": [ -65.215911512244318, -1.432321478606692 ] } },
{ "type": "Feature", "properties": { "fatalities": 3.0, "latitude": 11.037566420586879, "longitude": -2.9659738041820343 }, "geometry": { "type": "Point", "coordinates": [ -2.965973804182034, 11.037566420586879 ] } },
{ "type": "Feature", "properties": { "fatalities": 75.0, "latitude": 14.101084735887458, "longitude": 23.680169158483793 }, "geometry": { "type": "Point", "coordinates": [ 23.680169158483793, 14.101084735887458 ] } },
{ "type": "Feature", "properties": { "fatalities": 1.0, "latitude": 25.660355855944427, "longitude": 30.767926978599146 }, "geometry": { "type": "Point", "coordinates": [ 30.767926978599146, 25.660355855944427 ] } },
{ "type": "Feature", "properties": { "fatalities": 1.0, "latitude": 59.792075890228801, "longitude": 10.356462535992499 }, "geometry": { "type": "Point", "coordinates": [ 10.356462535992499, 59.792075890228801 ] } },
{ "type": "Feature", "properties": { "fatalities": 0.0, "latitude": 59.746587899957248, "longitude": 149.61399011189283 }, "geometry": { "type": "Point", "coordinates": [ 149.613990111892832, 59.746587899957248 ] } },
{ "type": "Feature", "properties": { "fatalities": 1.0, "latitude": 7.7659802465389198, "longitude": -0.47730672203740276 }, "geometry": { "type": "Point", "coordinates": [ -0.477306722037403, 7.76598024653892 ] } },
{ "type": "Feature", "properties": { "fatalities": 2.0, "latitude": 32.781425878704674, "longitude": 64.829741110210549 }, "geometry": { "type": "Point", "coordinates": [ 64.829741110210549, 32.781425878704674 ] } },
{ "type": "Feature", "properties": { "fatalities": 2.0, "latitude": 25.159399022084504, "longitude": 20.952611818326186 }, "geometry": { "type": "Point", "coordinates": [ 20.952611818326186, 25.159399022084504 ] } },
{ "type": "Feature", "properties": { "fatalities": 0.0, "latitude": 7.0852286841049619, "longitude": -61.231422215540235 }, "geometry": { "type": "Point", "coordinates": [ -61.231422215540235, 7.085228684104962 ] } },
{ "type": "Feature", "properties": { "fatalities": 0.0, "latitude": -5.8905241558631598, "longitude": 106.1282659919581 }, "geometry": { "type": "Point", "coordinates": [ 106.128265991958102, -5.89052415586316 ] } },
{ "type": "Feature", "properties": { "fatalities": 0.0, "latitude": 15.561357497923462, "longitude": -16.612977649296013 }, "geometry": { "type": "Point", "coordinates": [ -16.612977649296013, 15.561357497923462 ] } },
{ "type": "Feature", "properties": { "fatalities": 6.0, "latitude": 10.176319129258877, "longitude": -3.2790343877897978 }, "geometry": { "type": "Point", "coordinates": [ -3.279034387789798, 10.176319129258877 ] } },
{ "type": "Feature", "properties": { "fatalities": 0.0, "latitude": 24.664044471430852, "longitude": -77.642157549535085 }, "geometry": { "type": "Point", "coordinates": [ -77.642157549535085, 24.664044471430852 ] } },
{ "type": "Feature", "properties": { "fatalities": 0.0, "latitude": -9.6673331462718792, "longitude": 124.15790132706813 }, "geometry": { "type": "Point", "coordinates": [ 124.157901327068132, -9.667333146271879 ] } },
{ "type": "Feature", "properties": { "fatalities": 4.0, "latitude": 6.4141241824581847, "longitude": 43.709153524585723 }, "geometry": { "type": "Point", "coordinates": [ 43.709153524585723, 6.414124182458185 ] } },
{ "type": "Feature", "properties": { "fatalities": 0.0, "latitude": 14.171452717534057, "longitude": 37.073100016163124 }, "geometry": { "type": "Point", "coordinates": [ 37.073100016163124, 14.171452717534057 ] } },
{ "type": "Feature", "properties": { "fatalities": 0.0, "latitude": 6.0800888983309518, "longitude": 12.959842357648137 }, "geometry": { "type": "Point", "coordinates": [ 12.959842357648137, 6.080088898330952 ] } },
{ "type": "Feature", "properties": { "fatalities": 1.0, "latitude": -9.9525024972185978, "longitude": -54.357132230151826 }, "geometry": { "type": "Point", "coordinates": [ -54.357132230151826, -9.952502497218598 ] } },
{ "type": "Feature", "properties": { "fatalities": 0.0, "latitude": -13.454914048241047, "longitude": 48.881506759871954 }, "geometry": { "type": "Point", "coordinates": [ 48.881506759871954, -13.454914048241047 ] } },
{ "type": "Feature", "properties": { "fatalities": 3.0, "latitude": -2.9996187350386365, "longitude": 27.216425763624049 }, "geometry": { "type": "Point", "coordinates": [ 27.216425763624049, -2.999618735038637 ] } },
{ "type": "Feature", "properties": { "fatalities": 3.0, "latitude": 5.010010080777997, "longitude": 38.331513894675375 }, "geometry": { "type": "Point", "coordinates": [ 38.331513894675375, 5.010010080777997 ] } },
{ "type": "Feature", "properties": { "fatalities": 0.0, "latitude": 40.67112789773406, "longitude": -6.2746132630178364 }, "geometry": { "type": "Point", "coordinates": [ -6.274613263017836, 40.67112789773406 ] } },
{ "type": "Feature", "properties": { "fatalities": 0.0, "latitude": 52.269186341861165, "longitude": 21.809768635466202 }, "geometry": { "type": "Point", "coordinates": [ 21.809768635466202, 52.269186341861165 ] } },
{ "type": "Feature", "properties": { "fatalities": 0.0, "latitude": 53.516619795798945, "longitude": 43.67200118521361 }, "geometry": { "type": "Point", "coordinates": [ 43.67200118521361, 53.516619795798945 ] } },
{ "type": "Feature", "properties": { "fatalities": 6.0, "latitude": 10.956681025791541, "longitude": 29.84268403163291 }, "geometry": { "type": "Point", "coordinates": [ 29.84268403163291, 10.956681025791541 ] } },
{ "type": "Feature", "properties": { "fatalities": 0.0, "latitude": 44.191874995458143, "longitude": 125.37394581474675 }, "geometry": { "type": "Point", "coordinates": [ 125.373945814746747, 44.191874995458143 ] } },
{ "type": "Feature", "properties": { "fatalities": 1.0, "latitude": 16.757867269700583, "longitude": -61.661601464707218 }, "geometry": { "type": "Point", "coordinates": [ -61.661601464707218, 16.757867269700583 ] } },
{ "type": "Feature", "properties": { "fatalities": 0.0, "latitude": 23.550832466974821, "longitude": 96.78289078272492 }, "geometry": { "type": "Point", "coordinates": [ 96.78289078272492, 23.550832466974821 ] } },
{ "type": "Feature", "properties": { "fatalities": 0.0, "latitude": 8.3637111759797946, "longitude": -11.703972662873404 }, "geometry": { "type": "Point", "coordinates": [ -11.703972662873404, 8.363711175979795 ] } },
{ "type": "Feature", "properties": { "fatalities": 0.0, "latitude": 52.037460143094542, "longitude": 13.075441621988508 }, "geometry": { "type": "Point", "coordinates": [ 13.075441621988508, 52.037460143094542 ] } },
{ "type": "Feature", "properties": { "fatalities": 0.0, "latitude": 26.461914476832121, "longitude": 106.79649906070604 }, "geometry": { "type": "Point", "coordinates": [ 106.79649906070604, 26.461914476832121 ] } },
{ "type": "Feature", "properties": { "fatalities": 0.0, "latitude": 26.983352009672668, "longitude": 99.009666353734374 }, "geometry": { "type": "Point", "coordinates": [ 99.009666353734374, 26.983352009672668 ] } },
{ "type": "Feature", "properties": { "fatalities": 1.0, "latitude": 27.680296493945001, "longitude": 30.998151081615834 }, "geometry": { "type": "Point", "coordinates": [ 30.998151081615834, 27.680296493945001 ] } },
{ "type": "Feature", "properties": { "fatalities": 3.0, "latitude": 18.82095365713182, "longitude": -92.676876669530856 }, "geometry": { "type": "Point", "coordinates": [ -92.676876669530856, 18.82095365713182 ] } },
{ "type": "Feature", "properties": { "fatalities": 1.0, "latitude": 49.605546007094226, "longitude": 24.235192712280195 }, "geometry": { "type": "Point", "coordinates": [ 24.235192712280195, 49.605546007094226 ] } },
{ "type": "Feature", "properties": { "fatalities": 0.0, "latitude": 46.776535747077737, "longitude": 48.107271847033758 }, "geometry": { "type": "Point", "coordinates": [ 48.107271847033758, 46.776535747077737 ] } },
{ "type": "Feature", "properties": { "fatalities": 1.0, "latitude": -18.414038648624253, "longitude": 30.599948701796265 }, "geometry": { "type": "Point", "coordinates": [ 30.599948701796265, -18.414038648624253 ] } },
{ "type": "Feature", "properties": { "fatalities": 0.0, "latitude": -7.3704244328642146, "longitude": 107.62871266943127 }, "geometry": { "type": "Point", "coordinates": [ 107.628712669431266, -7.370424432864215 ] } },
{ "type": "Feature", "properties": { "fatalities": 1.0, "latitude": 6.9050161097713758, "longitude": -2.666311853350237 }, "geometry": { "type": "Point", "coordinates": [ -2.666311853350237, 6.905016109771376 ] } },
{ "type": "Feature", "properties": { "fatalities": 0.0, "latitude": 44.921233756340655, "longitude": 13.568578192596881 }, "geometry": { "type": "Point", "coordinates": [ 13.568578192596881, 44.921233756340655 ] } },
{ "type": "Feature", "properties": { "fatalities": 0.0, "latitude": 45.960919083952064, "longitude": 15.900508713032622 }, "geometry": { "type": "Point", "coordinates": [ 15.900508713032622, 45.960919083952064 ] } },
{ "type": "Feature", "properties": { "fatalities": 2.0, "latitude": -7.9059482967895862, "longitude": -48.25408030621324 }, "geometry": { "type": "Point", "coordinates": [ -48.25408030621324, -7.905948296789586 ] } },
{ "type": "Feature", "properties": { "fatalities": 6.0, "latitude": 10.991512665644855, "longitude": -6.5199878480435061 }, "geometry": { "type": "Point", "coordinates": [ -6.519987848043506, 10.991512665644855 ] } },
{ "type": "Feature", "properties": { "fatalities": 2.0, "latitude": -16.764198107093865, "longitude": -41.221773696966146 }, "geometry": { "type": "Point", "coordinates": [ -41.221773696966146, -16.764198107093865 ] } },
{ "type": "Feature", "properties": { "fatalities": 0.0, "latitude": 49.660893683316672, "longitude": 19.146274738974963 }, "geometry": { "type": "Point", "coordinates": [ 19.146274738974963, 49.660893683316672 ] } },
{ "type": "Feature", "properties": { "fatalities": 1.0, "latitude": 6.9257700976735777, "longitude": 14.542010830478365 }, "geometry": { "type": "Point", "coordinates": [ 14.542010830478365, 6.925770097673578 ] } },
{ "type": "Feature", "properties": { "fatalities": 0.0, "latitude": 55.111645439227935, "longitude": 36.112746449138761 }, "geometry": { "type": "Point", "coordinates": [ 36.112746449138761, 55.111645439227935 ] } },
{ "type": "Feature", "properties": { "fatalities": 1.0, "latitude": 53.52237516019504, "longitude": 30.859291662874728 }, "geometry": { "type": "Point", "coordinates": [ 30.859291662874728, 53.52237516019504 ] } },
{ "type": "Feature", "properties": { "fatalities": 1.0, "latitude": 31.153809036573477, "longitude": 25.231817273166296 }, "geometry": { "type": "Point", "coordinates": [ 25.231817273166296, 31.153809036573477 ] } },
{ "type": "Feature", "properties": { "fatalities": 1.0, "latitude": 13.455883488564966, "longitude": -9.4092008066543311 }, "geometry": { "type": "Point", "coordinates": [ -9.409200806654331, 13.455883488564966 ] } },
{ "type": "Feature", "properties": { "fatalities": 2.0, "latitude": 12.827615883157435, "longitude": -8.6639730606294147 }, "geometry": { "type": "Point", "coordinates": [ -8.663973060629415, 12.827615883157435 ] } },
{ "type": "Feature", "properties": { "fatalities": 0.0, "latitude": -5.6622738121603131, "longitude": -79.239210184995116 }, "geometry": { "type": "Point", "coordinates": [ -79.239210184995116, -5.662273812160313 ] } },
{ "type": "Feature", "properties": { "fatalities": 0.0, "latitude": 14.091737267205339, "longitude": -10.170112475526194 }, "geometry": { "type": "Point", "coordinates": [ -10.170112475526194, 14.091737267205339 ] } },
{ "type": "Feature", "properties": { "fatalities": 2.0, "latitude": 39.935870371991491, "longitude": -74.47182386352786 }, "geometry": { "type": "Point", "coordinates": [ -74.47182386352786, 39.935870371991491 ] } },
{ "type": "Feature", "properties": { "fatalities": 1.0, "latitude": -15.043610590902551, "longitude": -42.230717387572092 }, "geometry": { "type": "Point", "coordinates": [ -42.230717387572092, -15.043610590902551 ] } },
{ "type": "Feature", "properties": { "fatalities": 0.0, "latitude": -11.309380089773867, "longitude": -50.391070335414305 }, "geometry": { "type": "Point", "coordinates": [ -50.391070335414305, -11.309380089773867 ] } },
{ "type": "Feature", "properties": { "fatalities": 0.0, "latitude": -6.6387805331938008, "longitude": 21.124579298363798 }, "geometry": { "type": "Point", "coordinates": [ 21.124579298363798, -6.638780533193801 ] } },
{ "type": "Feature", "properties": { "fatalities": 0.0, "latitude": 15.432089205690858, "longitude": 73.951230473972672 }, "geometry": { "type": "Point", "coordinates": [ 73.951230473972672, 15.432089205690858 ] } },
{ "type": "Feature", "properties": { "fatalities": 1.0, "latitude": -9.0607989248256224, "longitude": 121.32765555719901 }, "geometry": { "type": "Point", "coordinates": [ 121.327655557199009, -9.060798924825622 ] } },
{ "type": "Feature", "properties": { "fatalities": 0.0, "latitude": -15.44136891856426, "longitude": -63.174766112134975 }, "geometry": { "type": "Point", "coordinates": [ -63.174766112134975, -15.44136891856426 ] } },
{ "type": "Feature", "properties": { "fatalities": 0.0, "latitude": 46.868892326257168, "longitude": 35.450688878483348 }, "geometry": { "type": "Point", "coordinates": [ 35.450688878483348, 46.868892326257168 ] } },
{ "type": "Feature", "properties": { "fatalities": 0.0, "latitude": 16.771834221145181, "longitude": -7.4994428060340868 }, "geometry": { "type": "Point", "coordinates": [ -7.499442806034087, 16.771834221145181 ] } },
{ "type": "Feature", "properties": { "fatalities": 0.0, "latitude": -8.2013149385990527, "longitude": 120.63379386066541 }, "geometry": { "type": "Point", "coordinates": [ 120.633793860665406, -8.201314938599053 ] } },
{ "type": "Feature", "properties": { "fatalities": 0.0, "latitude": -2.9794875770453193, "longitude": -66.226529523269761 }, "geometry": { "type": "Point", "coordinates": [ -66.226529523269761, -2.979487577045319 ] } },
{ "type": "Feature", "properties": { "fatalities": 1.0, "latitude": 2.9734368290500375, "longitude": 41.590474307445362 }, "geometry": { "type": "Point", "coordinates": [ 41.590474307445362, 2.973436829050037 ] } },
{ "type": "Feature", "properties": { "fatalities": 1.0, "latitude": -15.355626985581226, "longitude": -49.496288726619909 }, "geometry": { "type": "Point", "coordinates": [ -49.496288726619909, -15.355626985581226 ] } },
{ "type": "Feature", "properties": { "fatalities": 0.0, "latitude": 31.674802767970938, "longitude": 112.17306529657584 }, "geometry": { "type": "Point", "coordinates": [ 112.173065296575842, 31.674802767970938 ] } },
{ "type": "Feature", "properties": { "fatalities": 0.0, "latitude": 6.061792996924134, "longitude": 14.033843988700458 }, "geometry": { "type": "Point", "coordinates": [ 14.033843988700458, 6.061792996924134 ] } },
{ "type": "Feature", "properties": { "fatalities": 1.0, "latitude": -27.098739518984932, "longitude": 25.641178095795862 }, "geometry": { "type": "Point", "coordinates": [ 25.641178095795862, -27.098739518984932 ] } },
{ "type": "Feature", "properties": { "fatalities": 0.0, "latitude": 53.156343011852442, "longitude": 68.737714783266355 }, "geometry": { "type": "Point", "coordinates": [ 68.737714783266355, 53.156343011852442 ] } },
{ "type": "Feature", "properties": { "fatalities": 3.0, "latitude": 26.61099153772771, "longitude": 31.528723846062295 }, "geometry": { "type": "Point", "coordinates": [ 31.528723846062295, 26.61099153772771 ] } },
{ "type": "Feature", "properties": { "fatalities": 4.0, "latitude": 16.618366585010293, "longitude": 79.962384638846615 }, "geometry": { "type": "Point", "coordinates": [ 79.962384638846615, 16.618366585010293 ] } },
{ "type": "Feature", "properties": { "fatalities": 0.0, "latitude": 36.132856515487738, "longitude": 118.61649406095495 }, "geometry": { "type": "Point", "coordinates": [ 118.616494060954949, 36.132856515487738 ] } },
{ "type": "Feature", "properties": { "fatalities": 2.0, "latitude": 14.169890333224313, "longitude": -83.970145692325843 }, "geometry": { "type": "Point", "coordinates": [ -83.970145692325843, 14.169890333224313 ] } },
{ "type": "Feature", "properties": { "fatalities": 6.0, "latitude": 29.297001646196165, "longitude": -110.24654077311557 }, "geometry": { "type": "Point", "coordinates": [ -110.246540773115569, 29.297001646196165 ] } },
{ "type": "Feature", "properties": { "fatalities": 1.0, "latitude": 39.939822416042091, "longitude": -105.78175892887282 }, "geometry": { "type": "Point", "coordinates": [ -105.781758928872819, 39.939822416042091 ] } },
{ "type": "Feature", "properties": { "fatalities": 1.0, "latitude": 40.716963595146801, "longitude": -112.18622246107131 }, "geometry": { "type": "Point", "coordinates": [ -112.18622246107131, 40.716963595146801 ] } },
{ "type": "Feature", "properties": { "fatalities": 2.0, "latitude": 45.818111751802462, "longitude": 4.1639660155884215 }, "geometry": { "type": "Point", "coordinates": [ 4.163966015588421, 45.818111751802462 ] } },
{ "type": "Feature", "properties": { "fatalities": 0.0, "latitude": 54.64257480690457, "longitude": 26.506407246527203 }, "geometry": { "type": "Point", "coordinates": [ 26.506407246527203, 54.64257480690457 ] } },
{ "type": "Feature", "properties": { "fatalities": 28.0, "latitude": 9.945302115897567, "longitude": 42.764861395240686 }, "geometry": { "type": "Point", "coordinates": [ 42.764861395240686, 9.945302115897567 ] } },
{ "type": "Feature", "properties": { "fatalities": 2.0, "latitude": -23.386666475361238, "longitude": 43.374867117546174 }, "geometry": { "type": "Point", "coordinates": [ 43.374867117546174, -23.386666475361238 ] } },
{ "type": "Feature", "properties": { "fatalities": 0.0, "latitude": 43.746988023869712, "longitude": 68.536232714387566 }, "geometry": { "type": "Point", "coordinates": [ 68.536232714387566, 43.746988023869712 ] } },
{ "type": "Feature", "properties": { "fatalities": 0.0, "latitude": 64.245906066963016, "longitude": 40.332393396316668 }, "geometry": { "type": "Point", "coordinates": [ 40.332393396316668, 64.245906066963016 ] } },
{ "type": "Feature", "properties": { "fatalities": 2.0, "latitude": -6.3518526130106592, "longitude": -38.972626525046913 }, "geometry": { "type": "Point", "coordinates": [ -38.972626525046913, -6.351852613010659 ] } },
{ "type": "Feature", "properties": { "fatalities": 1.0, "latitude": -22.336557677585475, "longitude": 45.138600260152337 }, "geometry": { "type": "Point", "coordinates": [ 45.138600260152337, -22.336557677585475 ] } },
{ "type": "Feature", "properties": { "fatalities": 2.0, "latitude": -27.928614904165045, "longitude": -51.999651444501637 }, "geometry": { "type": "Point", "coordinates": [ -51.999651444501637, -27.928614904165045 ] } },
{ "type": "Feature", "properties": { "fatalities": 5.0, "latitude": -22.251587827654078, "longitude": -52.804268152198475 }, "geometry": { "type": "Point", "coordinates": [ -52.804268152198475, -22.251587827654078 ] } },
{ "type": "Feature", "properties": { "fatalities": 1.0, "latitude": 14.771171051461858, "longitude": 77.603806804314189 }, "geometry": { "type": "Point", "coordinates": [ 77.603806804314189, 14.771171051461858 ] } },
{ "type": "Feature", "properties": { "fatalities": 0.0, "latitude": 44.914231493458828, "longitude": 55.709203484850249 }, "geometry": { "type": "Point", "coordinates": [ 55.709203484850249, 44.914231493458828 ] } },
{ "type": "Feature", "properties": { "fatalities": 12.0, "latitude": -21.716945236356096, "longitude": -42.373071046104293 }, "geometry": { "type": "Point", "coordinates": [ -42.373071046104293, -21.716945236356096 ] } },
{ "type": "Feature", "properties": { "fatalities": 0.0, "latitude": 51.376729830720222, "longitude": 17.429573461710916 }, "geometry": { "type": "Point", "coordinates": [ 17.429573461710916, 51.376729830720222 ] } },
{ "type": "Feature", "properties": { "fatalities": 0.0, "latitude": -0.34686406288943905, "longitude": -65.155854275439694 }, "geometry": { "type": "Point", "coordinates": [ -65.155854275439694, -0.346864062889439 ] } },
{ "type": "Feature", "properties": { "fatalities": 0.0, "latitude": 51.240984254143797, "longitude": 127.89029750667245 }, "geometry": { "type": "Point", "coordinates": [ 127.890297506672454, 51.240984254143797 ] } },
{ "type": "Feature", "properties": { "fatalities": 0.0, "latitude": 44.854054751984982, "longitude": 36.600642288132967 }, "geometry": { "type": "Point", "coordinates": [ 36.600642288132967, 44.854054751984982 ] } },
{ "type": "Feature", "properties": { "fatalities": 0.0, "latitude": 34.544931108374428, "longitude": 118.97948994415205 }, "geometry": { "type": "Point", "coordinates": [ 118.97948994415205, 34.544931108374428 ] } },
{ "type": "Feature", "properties": { "fatalities": 1.0, "latitude": 13.774883777808103, "longitude": -84.992819603545243 }, "geometry": { "type": "Point", "coordinates": [ -84.992819603545243, 13.774883777808103 ] } },
{ "type": "Feature", "properties": { "fatalities": 12.0, "latitude": 8.6322831011334138, "longitude": 0.83596794184643197 }, "geometry": { "type": "Point", "coordinates": [ 0.835967941846432, 8.632283101133414 ] } },
{ "type": "Feature", "properties": { "fatalities": 0.0, "latitude": 22.720851970192157, "longitude": -12.938394654403577 }, "geometry": { "type": "Point", "coordinates": [ -12.938394654403577, 22.720851970192157 ] } },
{ "type": "Feature", "properties": { "fatalities": 2.0, "latitude": -8.3746977774879721, "longitude": 17.497822128317583 }, "geometry": { "type": "Point", "coordinates": [ 17.497822128317583, -8.374697777487972 ] } },
{ "type": "Feature", "properties": { "fatalities": 1.0, "latitude": 7.7742652602812177, "longitude": 47.776853905549835 }, "geometry": { "type": "Point", "coordinates": [ 47.776853905549835, 7.774265260281218 ] } },
{ "type": "Feature", "properties": { "fatalities": 1.0, "latitude": 44.0426942084692, "longitude": 75.664693743881401 }, "geometry": { "type": "Point", "coordinates": [ 75.664693743881401, 44.0426942084692 ] } },
{ "type": "Feature", "properties": { "fatalities": 1.0, "latitude": 10.060462683225731, "longitude": 118.91876987985336 }, "geometry": { "type": "Point", "coordinates": [ 118.918769879853357, 10.060462683225731 ] } },
{ "type": "Feature", "properties": { "fatalities": 5.0, "latitude": 5.213171249107373, "longitude": 35.013906173489779 }, "geometry": { "type": "Point", "coordinates": [ 35.013906173489779, 5.213171249107373 ] } },
{ "type": "Feature", "properties": { "fatalities": 1.0, "latitude": 42.7272079019614, "longitude": -70.791058852289083 }, "geometry": { "type": "Point", "coordinates": [ -70.791058852289083, 42.7272079019614 ] } },
{ "type": "Feature", "properties": { "fatalities": 0.0, "latitude": -13.390476290544941, "longitude": 32.654783707968512 }, "geometry": { "type": "Point", "coordinates": [ 32.654783707968512, -13.390476290544941 ] } },
{ "type": "Feature", "properties": { "fatalities": 3.0, "latitude": -1.9913879169795337, "longitude": -50.105455858635153 }, "geometry": { "type": "Point", "coordinates": [ -50.105455858635153, -1.991387916979534 ] } },
{ "type": "Feature", "properties": { "fatalities": 0.0, "latitude": 42.697423392649419, "longitude": 122.24555689170269 }, "geometry": { "type": "Point", "coordinates": [ 122.245556891702691, 42.697423392649419 ] } },
{ "type": "Feature", "properties": { "fatalities": 7.0, "latitude": -24.745124547131212, "longitude": -53.921728489524952 }, "geometry": { "type": "Point", "coordinates": [ -53.921728489524952, -24.745124547131212 ] } },
{ "type": "Feature", "properties": { "fatalities": 0.0, "latitude": -1.7255955169772261, "longitude": 131.29397074279666 }, "geometry": { "type": "Point", "coordinates": [ 131.29397074279666, -1.725595516977226 ] } },
{ "type": "Feature", "properties": { "fatalities": 1.0, "latitude": 50.227484254677684, "longitude": 116.54947420057994 }, "geometry": { "type": "Point", "coordinates": [ 116.549474200579937, 50.227484254677684 ] } },
{ "type": "Feature", "properties": { "fatalities": 2.0, "latitude": -10.929864530938627, "longitude": -64.807669490293648 }, "geometry": { "type": "Point", "coordinates": [ -64.807669490293648, -10.929864530938627 ] } },
{ "type": "Feature", "properties": { "fatalities": 0.0, "latitude": 48.783370105978335, "longitude": -4.1084877200941055 }, "geometry": { "type": "Point", "coordinates": [ -4.108487720094105, 48.783370105978335 ] } },
{ "type": "Feature", "properties": { "fatalities": 1.0, "latitude": -5.1224110293580658, "longitude": 13.902543564407273 }, "geometry": { "type": "Point", "coordinates": [ 13.902543564407273, -5.122411029358066 ] } },
{ "type": "Feature", "properties": { "fatalities": 0.0, "latitude": 11.632172906246392, "longitude": 50.592292129652563 }, "geometry": { "type": "Point", "coordinates": [ 50.592292129652563, 11.632172906246392 ] } },
{ "type": "Feature", "properties": { "fatalities": 1.0, "latitude": -12.458351230094046, "longitude": -50.427273440464653 }, "geometry": { "type": "Point", "coordinates": [ -50.427273440464653, -12.458351230094046 ] } },
{ "type": "Feature", "properties": { "fatalities": 1.0, "latitude": 33.099152212002245, "longitude": 11.419566641774711 }, "geometry": { "type": "Point", "coordinates": [ 11.419566641774711, 33.099152212002245 ] } },
{ "type": "Feature", "properties": { "fatalities": 2.0, "latitude": 4.0195529211053111, "longitude": 21.453604877025626 }, "geometry": { "type": "Point", "coordinates": [ 21.453604877025626, 4.019552921105311 ] } },
{ "type": "Feature", "properties": { "fatalities": 2.0, "latitude": -18.088498700295368, "longitude": -50.60999468552081 }, "geometry": { "type": "Point", "coordinates": [ -50.60999468552081, -18.088498700295368 ] } },
{ "type": "Feature", "properties": { "fatalities": 3.0, "latitude": 9.7020901286890044, "longitude": -62.002712827033079 }, "geometry": { "type": "Point", "coordinates": [ -62.002712827033079, 9.702090128689004 ] } },
{ "type": "Feature", "properties": { "fatalities": 6.0, "latitude": 0.73012097413969457, "longitude": 30.883937135875605 }, "geometry": { "type": "Point", "coordinates": [ 30.883937135875605, 0.730120974139695 ] } },
{ "type": "Feature", "properties": { "fatalities": 1.0, "latitude": 23.56163574937899, "longitude": 72.385917757574958 }, "geometry": { "type": "Point", "coordinates": [ 72.385917757574958, 23.56163574937899 ] } },
{ "type": "Feature", "properties": { "fatalities": 1.0, "latitude": 46.180063631844604, "longitude": 40.030292838893821 }, "geometry": { "type": "Point", "coordinates": [ 40.030292838893821, 46.180063631844604 ] } },
{ "type": "Feature", "properties": { "fatalities": 2.0, "latitude": 10.844807503208882, "longitude": -69.940602261943596 }, "geometry": { "type": "Point", "coordinates": [ -69.940602261943596, 10.844807503208882 ] } },
{ "type": "Feature", "properties": { "fatalities": 1.0, "latitude": 13.183754286617122, "longitude": -84.098930882999213 }, "geometry": { "type": "Point", "coordinates": [ -84.098930882999213, 13.183754286617122 ] } },
{ "type": "Feature", "properties": { "fatalities": 0.0, "latitude": 3.4515748799267247, "longitude": 125.73592861942646 }, "geometry": { "type": "Point", "coordinates": [ 125.73592861942646, 3.451574879926725 ] } },
{ "type": "Feature", "properties": { "fatalities": 0.0, "latitude": 33.287400775410212, "longitude": 15.546543479294369 }, "geometry": { "type": "Point", "coordinates": [ 15.546543479294369, 33.287400775410212 ] } },
{ "type": "Feature", "properties": { "fatalities": 0.0, "latitude": 49.12835846044662, "longitude": 0.49811753214868532 }, "geometry": { "type": "Point", "coordinates": [ 0.498117532148685, 49.12835846044662 ] } },
{ "type": "Feature", "properties": { "fatalities": 0.0, "latitude": 41.207196513457269, "longitude": 24.437550404311352 }, "geometry": { "type": "Point", "coordinates": [ 24.437550404311352, 41.207196513457269 ] } },
{ "type": "Feature", "properties": { "fatalities": 1.0, "latitude": -5.6510818733745918, "longitude": 138.4626468448628 }, "geometry": { "type": "Point", "coordinates": [ 138.462646844862803, -5.651081873374592 ] } },
{ "type": "Feature", "properties": { "fatalities": 12.0, "latitude": 24.478318033409238, "longitude": 32.555478121447493 }, "geometry": { "type": "Point", "coordinates": [ 32.555478121447493, 24.478318033409238 ] } },
{ "type": "Feature", "properties": { "fatalities": 21.0, "latitude": 12.541766502828501, "longitude": -6.9292672293891782 }, "geometry": { "type": "Point", "coordinates": [ -6.929267229389178, 12.541766502828501 ] } },
{ "type": "Feature", "properties": { "fatalities": 5.0, "latitude": 42.93765191305846, "longitude": -83.906694545284282 }, "geometry": { "type": "Point", "coordinates": [ -83.906694545284282, 42.93765191305846 ] } },
{ "type": "Feature", "properties": { "fatalities": 0.0, "latitude": 7.5836799993881838, "longitude": -9.2896771410244661 }, "geometry": { "type": "Point", "coordinates": [ -9.289677141024466, 7.583679999388184 ] } },
{ "type": "Feature", "properties": { "fatalities": 1.0, "latitude": 31.166395138875526, "longitude": 12.896764013580807 }, "geometry": { "type": "Point", "coordinates": [ 12.896764013580807, 31.166395138875526 ] } },
{ "type": "Feature", "properties": { "fatalities": 22.0, "latitude": 15.043661268616511, "longitude": 24.319181795191138 }, "geometry": { "type": "Point", "coordinates": [ 24.319181795191138, 15.043661268616511 ] } },
{ "type": "Feature", "properties": { "fatalities": 4.0, "latitude": -5.5612123428821771, "longitude": -48.188702485573373 }, "geometry": { "type": "Point", "coordinates": [ -48.188702485573373, -5.561212342882177 ] } },
{ "type": "Feature", "properties": { "fatalities": 1.0, "latitude": 50.778940126680254, "longitude": 41.957893319438 }, "geometry": { "type": "Point", "coordinates": [ 41.957893319438, 50.778940126680254 ] } },
{ "type": "Feature", "properties": { "fatalities": 1.0, "latitude": -23.008375611692216, "longitude": -49.744225118945693 }, "geometry": { "type": "Point", "coordinates": [ -49.744225118945693, -23.008375611692216 ] } },
{ "type": "Feature", "properties": { "fatalities": 1.0, "latitude": 10.097776007487143, "longitude": -64.592939810493675 }, "geometry": { "type": "Point", "coordinates": [ -64.592939810493675, 10.097776007487143 ] } },
{ "type": "Feature", "properties": { "fatalities": 1.0, "latitude": -20.124002221037113, "longitude": -52.724016248329534 }, "geometry": { "type": "Point", "coordinates": [ -52.724016248329534, -20.124002221037113 ] } },
{ "type": "Feature", "properties": { "fatalities": 0.0, "latitude": -7.2374331353501651, "longitude": 31.702717667825944 }, "geometry": { "type": "Point", "coordinates": [ 31.702717667825944, -7.237433135350165 ] } },
{ "type": "Feature", "properties": { "fatalities": 3.0, "latitude": 53.588536277807847, "longitude": -1.4366427172668625 }, "geometry": { "type": "Point", "coordinates": [ -1.436642717266863, 53.588536277807847 ] } },
{ "type": "Feature", "properties": { "fatalities": 0.0, "latitude": 3.4766427397454716, "longitude": 11.194509108724207 }, "geometry": { "type": "Point", "coordinates": [ 11.194509108724207, 3.476642739745472 ] } },
{ "type": "Feature", "properties": { "fatalities": 0.0, "latitude": -5.3795535196727249, "longitude": 35.288110542703294 }, "geometry": { "type": "Point", "coordinates": [ 35.288110542703294, -5.379553519672725 ] } },
{ "type": "Feature", "properties": { "fatalities": 0.0, "latitude": -4.3596159857346031, "longitude": 34.735699496513668 }, "geometry": { "type": "Point", "coordinates": [ 34.735699496513668, -4.359615985734603 ] } },
{ "type": "Feature", "properties": { "fatalities": 1.0, "latitude": -11.093127970313796, "longitude": -54.398819756886247 }, "geometry": { "type": "Point", "coordinates": [ -54.398819756886247, -11.093127970313796 ] } },
{ "type": "Feature", "properties": { "fatalities": 0.0, "latitude": 53.296598935966912, "longitude": 87.485296984721558 }, "geometry": { "type": "Point", "coordinates": [ 87.485296984721558, 53.296598935966912 ] } },
{ "type": "Feature", "properties": { "fatalities": 1.0, "latitude": -9.245319429648017, "longitude": -42.114233306204724 }, "geometry": { "type": "Point", "coordinates": [ -42.114233306204724, -9.245319429648017 ] } },
{ "type": "Feature", "properties": { "fatalities": 0.0, "latitude": -6.4851013144788894, "longitude": 38.161155831914954 }, "geometry": { "type": "Point", "coordinates": [ 38.161155831914954, -6.485101314478889 ] } },
{ "type": "Feature", "properties": { "fatalities": 0.0, "latitude": -3.2892905247342754, "longitude": 33.028739794474717 }, "geometry": { "type": "Point", "coordinates": [ 33.028739794474717, -3.289290524734275 ] } },
{ "type": "Feature", "properties": { "fatalities": 0.0, "latitude": -9.4026238271438647, "longitude": 35.179194945560361 }, "geometry": { "type": "Point", "coordinates": [ 35.179194945560361, -9.402623827143865 ] } },
{ "type": "Feature", "properties": { "fatalities": 0.0, "latitude": 57.714761393543398, "longitude": 55.837272386051453 }, "geometry": { "type": "Point", "coordinates": [ 55.837272386051453, 57.714761393543398 ] } },
{ "type": "Feature", "properties": { "fatalities": 2.0, "latitude": -13.058926945596934, "longitude": -75.841450567225991 }, "geometry": { "type": "Point", "coordinates": [ -75.841450567225991, -13.058926945596934 ] } },
{ "type": "Feature", "properties": { "fatalities": 6.0, "latitude": 23.05438484289764, "longitude": -98.346605737903587 }, "geometry": { "type": "Point", "coordinates": [ -98.346605737903587, 23.05438484289764 ] } },
{ "type": "Feature", "properties": { "fatalities": 0.0, "latitude": 41.046541589612382, "longitude": 27.483295385788804 }, "geometry": { "type": "Point", "coordinates": [ 27.483295385788804, 41.046541589612382 ] } },
{ "type": "Feature", "properties": { "fatalities": 0.0, "latitude": -5.2793573429568532, "longitude": 32.956404286926663 }, "geometry": { "type": "Point", "coordinates": [ 32.956404286926663, -5.279357342956853 ] } },
{ "type": "Feature", "properties": { "fatalities": 5.0, "latitude": 1.1179537578802685, "longitude": 41.589060950404139 }, "geometry": { "type": "Point", "coordinates": [ 41.589060950404139, 1.117953757880269 ] } },
{ "type": "Feature", "properties": { "fatalities": 2.0, "latitude": -6.4019388659063843, "longitude": 35.843981975901393 }, "geometry": { "type": "Point", "coordinates": [ 35.843981975901393, -6.401938865906384 ] } },
{ "type": "Feature", "properties": { "fatalities": 2.0, "latitude": 13.29505515839567, "longitude": 10.327806164260711 }, "geometry": { "type": "Point", "coordinates": [ 10.327806164260711, 13.29505515839567 ] } },
{ "type": "Feature", "properties": { "fatalities": 1.0, "latitude": 6.7896352771554422, "longitude": 49.290152932572987 }, "geometry": { "type": "Point", "coordinates": [ 49.290152932572987, 6.789635277155442 ] } },
{ "type": "Feature", "properties": { "fatalities": 1.0, "latitude": 6.3559210380703268, "longitude": -10.499483458877952 }, "geometry": { "type": "Point", "coordinates": [ -10.499483458877952, 6.355921038070327 ] } },
{ "type": "Feature", "properties": { "fatalities": 0.0, "latitude": -10.434702747723806, "longitude": 35.744059049888619 }, "geometry": { "type": "Point", "coordinates": [ 35.744059049888619, -10.434702747723806 ] } },
{ "type": "Feature", "properties": { "fatalities": 0.0, "latitude": -37.336284129037793, "longitude": -72.647974415594419 }, "geometry": { "type": "Point", "coordinates": [ -72.647974415594419, -37.336284129037793 ] } },
{ "type": "Feature", "properties": { "fatalities": 0.0, "latitude": 22.755756215668136, "longitude": 114.236878250731 }, "geometry": { "type": "Point", "coordinates": [ 114.236878250730996, 22.755756215668136 ] } },
{ "type": "Feature", "properties": { "fatalities": 0.0, "latitude": 25.415983743408077, "longitude": 33.31752092218602 }, "geometry": { "type": "Point", "coordinates": [ 33.31752092218602, 25.415983743408077 ] } },
{ "type": "Feature", "properties": { "fatalities": 0.0, "latitude": 35.98391511020516, "longitude": 59.776952486464836 }, "geometry": { "type": "Point", "coordinates": [ 59.776952486464836, 35.98391511020516 ] } },
{ "type": "Feature", "properties": { "fatalities": 0.0, "latitude": 25.681265884417517, "longitude": 83.115385307251472 }, "geometry": { "type": "Point", "coordinates": [ 83.115385307251472, 25.681265884417517 ] } },
{ "type": "Feature", "properties": { "fatalities": 1.0, "latitude": -11.833639498670941, "longitude": -51.421261122855931 }, "geometry": { "type": "Point", "coordinates": [ -51.421261122855931, -11.833639498670941 ] } },
{ "type": "Feature", "properties": { "fatalities": 0.0, "latitude": 21.056882820210934, "longitude": 109.34717143153624 }, "geometry": { "type": "Point", "coordinates": [ 109.347171431536239, 21.056882820210934 ] } },
{ "type": "Feature", "properties": { "fatalities": 0.0, "latitude": -1.2667662822775188, "longitude": 31.948541452757535 }, "geometry": { "type": "Point", "coordinates": [ 31.948541452757535, -1.266766282277519 ] } },
{ "type": "Feature", "properties": { "fatalities": 0.0, "latitude": -12.142293368950195, "longitude": -43.209432616766485 }, "geometry": { "type": "Point", "coordinates": [ -43.209432616766485, -12.142293368950195 ] } },
{ "type": "Feature", "properties": { "fatalities": 1.0, "latitude": -24.278349426018771, "longitude": -45.598065270711167 }, "geometry": { "type": "Point", "coordinates": [ -45.598065270711167, -24.278349426018771 ] } },
{ "type": "Feature", "properties": { "fatalities": 0.0, "latitude": 43.941135807259521, "longitude": 12.851333966519968 }, "geometry": { "type": "Point", "coordinates": [ 12.851333966519968, 43.941135807259521 ] } },
{ "type": "Feature", "properties": { "fatalities": 5.0, "latitude": 12.269973966395709, "longitude": 21.270978825963425 }, "geometry": { "type": "Point", "coordinates": [ 21.270978825963425, 12.269973966395709 ] } },
{ "type": "Feature", "properties": { "fatalities": 0.0, "latitude": -13.486191356625325, "longitude": -52.486199979986218 }, "geometry": { "type": "Point", "coordinates": [ -52.486199979986218, -13.486191356625325 ] } },
{ "type": "Feature", "properties": { "fatalities": 2.0, "latitude": -9.5306195847869919, "longitude": -51.346155388599108 }, "geometry": { "type": "Point", "coordinates": [ -51.346155388599108, -9.530619584786992 ] } },
{ "type": "Feature", "properties": { "fatalities": 2.0, "latitude": 34.270894173479896, "longitude": 14.815784542912519 }, "geometry": { "type": "Point", "coordinates": [ 14.815784542912519, 34.270894173479896 ] } },
{ "type": "Feature", "properties": { "fatalities": 0.0, "latitude": 34.548182279519118, "longitude": -1.3364575963721037 }, "geometry": { "type": "Point", "coordinates": [ -1.336457596372104, 34.548182279519118 ] } },
{ "type": "Feature", "properties": { "fatalities": 2.0, "latitude": -18.238396415937608, "longitude": 49.578094346914057 }, "geometry": { "type": "Point", "coordinates": [ 49.578094346914057, -18.238396415937608 ] } },
{ "type": "Feature", "properties": { "fatalities": 0.0, "latitude": -45.75042954217907, "longitude": -67.413525291029231 }, "geometry": { "type": "Point", "coordinates": [ -67.413525291029231, -45.75042954217907 ] } },
{ "type": "Feature", "properties": { "fatalities": 3.0, "latitude": 39.058095425694823, "longitude": 68.458438744296132 }, "geometry": { "type": "Point", "coordinates": [ 68.458438744296132, 39.058095425694823 ] } },
{ "type": "Feature", "properties": { "fatalities": 0.0, "latitude": 54.781200860236034, "longitude": 21.023619440025243 }, "geometry": { "type": "Point", "coordinates": [ 21.023619440025243, 54.781200860236034 ] } },
{ "type": "Feature", "properties": { "fatalities": 0.0, "latitude": -15.852465195809584, "longitude": -67.982225159409197 }, "geometry": { "type": "Point", "coordinates": [ -67.982225159409197, -15.852465195809584 ] } },
{ "type": "Feature", "properties": { "fatalities": 6.0, "latitude": 31.612003700984562, "longitude": 49.150849696705649 }, "geometry": { "type": "Point", "coordinates": [ 49.150849696705649, 31.612003700984562 ] } },
{ "type": "Feature", "properties": { "fatalities": 1.0, "latitude": 53.149135477331555, "longitude": 158.11110276128213 }, "geometry": { "type": "Point", "coordinates": [ 158.111102761282126, 53.149135477331555 ] } },
{ "type": "Feature", "properties": { "fatalities": 33.0, "latitude": 8.4042679262450992, "longitude": 40.532021084632277 }, "geometry": { "type": "Point", "coordinates": [ 40.532021084632277, 8.404267926245099 ] } },
{ "type": "Feature", "properties": { "fatalities": 1.0, "latitude": -23.26255119794379, "longitude": 45.739403044818019 }, "geometry": { "type": "Point", "coordinates": [ 45.739403044818019, -23.26255119794379 ] } },
{ "type": "Feature", "properties": { "fatalities": 0.0, "latitude": 48.605141841766908, "longitude": 26.67328353301161 }, "geometry": { "type": "Point", "coordinates": [ 26.67328353301161, 48.605141841766908 ] } },
{ "type": "Feature", "properties": { "fatalities": 0.0, "latitude": -0.13153031065535944, "longitude": -66.984796903192859 }, "geometry": { "type": "Point", "coordinates": [ -66.984796903192859, -0.131530310655359 ] } },
{ "type": "Feature", "properties": { "fatalities": 5.0, "latitude": 31.920211265457915, "longitude": 47.989990500260859 }, "geometry": { "type": "Point", "coordinates": [ 47.989990500260859, 31.920211265457915 ] } },
{ "type": "Feature", "properties": { "fatalities": 4.0, "latitude": -5.7472136861861296, "longitude": -39.989874330034901 }, "geometry": { "type": "Point", "coordinates": [ -39.989874330034901, -5.74721368618613 ] } },
{ "type": "Feature", "properties": { "fatalities": 0.0, "latitude": 16.606444386059067, "longitude": 47.398721402992265 }, "geometry": { "type": "Point", "coordinates": [ 47.398721402992265, 16.606444386059067 ] } },
{ "type": "Feature", "properties": { "fatalities": 0.0, "latitude": 39.273203422099463, "longitude": 117.10608425288159 }, "geometry": { "type": "Point", "coordinates": [ 117.106084252881587, 39.273203422099463 ] } },
{ "type": "Feature", "properties": { "fatalities": 1.0, "latitude": 40.405089424614204, "longitude": 45.14807676904617 }, "geometry": { "type": "Point", "coordinates": [ 45.14807676904617, 40.405089424614204 ] } },
{ "type": "Feature", "properties": { "fatalities": 0.0, "latitude": -3.3430444813368765, "longitude": 34.186818354882128 }, "geometry": { "type": "Point", "coordinates": [ 34.186818354882128, -3.343044481336876 ] } },
{ "type": "Feature", "properties": { "fatalities": 0.0, "latitude": 52.134789029715115, "longitude": 14.802012525213019 }, "geometry": { "type": "Point", "coordinates": [ 14.802012525213019, 52.134789029715115 ] } },
{ "type": "Feature", "properties": { "fatalities": 0.0, "latitude": 36.893310621392914, "longitude": 116.73424353046647 }, "geometry": { "type": "Point", "coordinates": [ 116.734243530466472, 36.893310621392914 ] } },
{ "type": "Feature", "properties": { "fatalities": 0.0, "latitude": 53.294587917938223, "longitude": 45.409013026470539 }, "geometry": { "type": "Point", "coordinates": [ 45.409013026470539, 53.294587917938223 ] } },
{ "type": "Feature", "properties": { "fatalities": 2.0, "latitude": 32.167509366428831, "longitude": 42.317046629796998 }, "geometry": { "type": "Point", "coordinates": [ 42.317046629796998, 32.167509366428831 ] } },
{ "type": "Feature", "properties": { "fatalities": 0.0, "latitude": 45.473585793187134, "longitude": 44.438045583439852 }, "geometry": { "type": "Point", "coordinates": [ 44.438045583439852, 45.473585793187134 ] } },
{ "type": "Feature", "properties": { "fatalities": 1.0, "latitude": -21.865280628440583, "longitude": -56.808967776332729 }, "geometry": { "type": "Point", "coordinates": [ -56.808967776332729, -21.865280628440583 ] } },
{ "type": "Feature", "properties": { "fatalities": 0.0, "latitude": -17.793311873703203, "longitude": -54.651574801355245 }, "geometry": { "type": "Point", "coordinates": [ -54.651574801355245, -17.793311873703203 ] } },
{ "type": "Feature", "properties": { "fatalities": 0.0, "latitude": -5.7529374862669416, "longitude": 22.943494901933303 }, "geometry": { "type": "Point", "coordinates": [ 22.943494901933303, -5.752937486266942 ] } },
{ "type": "Feature", "properties": { "fatalities": 65.0, "latitude": 1.8312293571709803, "longitude": 28.077050268833382 }, "geometry": { "type": "Point", "coordinates": [ 28.077050268833382, 1.83122935717098 ] } },
{ "type": "Feature", "properties": { "fatalities": 1.0, "latitude": -27.004805048970073, "longitude": 24.361556669990811 }, "geometry": { "type": "Point", "coordinates": [ 24.361556669990811, -27.004805048970073 ] } },
{ "type": "Feature", "properties": { "fatalities": 1.0, "latitude": -6.3220472369950622, "longitude": -58.101115856628596 }, "geometry": { "type": "Point", "coordinates": [ -58.101115856628596, -6.322047236995062 ] } },
{ "type": "Feature", "properties": { "fatalities": 0.0, "latitude": -9.3606040625600055, "longitude": 33.995495369548721 }, "geometry": { "type": "Point", "coordinates": [ 33.995495369548721, -9.360604062560006 ] } },
{ "type": "Feature", "properties": { "fatalities": 0.0, "latitude": 6.1309043074494722, "longitude": -0.20584343794849347 }, "geometry": { "type": "Point", "coordinates": [ -0.205843437948493, 6.130904307449472 ] } },
{ "type": "Feature", "properties": { "fatalities": 0.0, "latitude": -14.615142264737495, "longitude": -52.525532887820823 }, "geometry": { "type": "Point", "coordinates": [ -52.525532887820823, -14.615142264737495 ] } },
{ "type": "Feature", "properties": { "fatalities": 1.0, "latitude": -13.164200107387778, "longitude": -64.929404853855743 }, "geometry": { "type": "Point", "coordinates": [ -64.929404853855743, -13.164200107387778 ] } },
{ "type": "Feature", "properties": { "fatalities": 2.0, "latitude": 9.6149228330896452, "longitude": 13.889711525492823 }, "geometry": { "type": "Point", "coordinates": [ 13.889711525492823, 9.614922833089645 ] } },
{ "type": "Feature", "properties": { "fatalities": 1.0, "latitude": 23.850335156310507, "longitude": 80.593245766902214 }, "geometry": { "type": "Point", "coordinates": [ 80.593245766902214, 23.850335156310507 ] } },
{ "type": "Feature", "properties": { "fatalities": 0.0, "latitude": -4.0766384921838776, "longitude": 105.690328685179 }, "geometry": { "type": "Point", "coordinates": [ 105.690328685178997, -4.076638492183878 ] } },
{ "type": "Feature", "properties": { "fatalities": 1.0, "latitude": 7.8013798573846742, "longitude": 1.4530922847580385 }, "geometry": { "type": "Point", "coordinates": [ 1.453092284758039, 7.801379857384674 ] } },
{ "type": "Feature", "properties": { "fatalities": 2.0, "latitude": 22.470973723199883, "longitude": 82.322065447770328 }, "geometry": { "type": "Point", "coordinates": [ 82.322065447770328, 22.470973723199883 ] } },
{ "type": "Feature", "properties": { "fatalities": 2.0, "latitude": -9.3144995710845269, "longitude": 32.808110680643033 }, "geometry": { "type": "Point", "coordinates": [ 32.808110680643033, -9.314499571084527 ] } },
{ "type": "Feature", "properties": { "fatalities": 1.0, "latitude": 27.643449214210968, "longitude": 57.502120638889643 }, "geometry": { "type": "Point", "coordinates": [ 57.502120638889643, 27.643449214210968 ] } },
{ "type": "Feature", "properties": { "fatalities": 1.0, "latitude": 12.674961804021891, "longitude": 121.77338613125927 }, "geometry": { "type": "Point", "coordinates": [ 121.773386131259272, 12.674961804021891 ] } },
{ "type": "Feature", "properties": { "fatalities": 1.0, "latitude": 5.3162703200847981, "longitude": 5.251263384139123 }, "geometry": { "type": "Point", "coordinates": [ 5.251263384139123, 5.316270320084798 ] } },
{ "type": "Feature", "properties": { "fatalities": 0.0, "latitude": 41.287312360076022, "longitude": 21.378115886327333 }, "geometry": { "type": "Point", "coordinates": [ 21.378115886327333, 41.287312360076022 ] } },
{ "type": "Feature", "properties": { "fatalities": 1.0, "latitude": 17.720888647229255, "longitude": 80.205485525779054 }, "geometry": { "type": "Point", "coordinates": [ 80.205485525779054, 17.720888647229255 ] } },
{ "type": "Feature", "properties": { "fatalities": 6.0, "latitude": 26.055116669225558, "longitude": 84.269619108853604 }, "geometry": { "type": "Point", "coordinates": [ 84.269619108853604, 26.055116669225558 ] } },
{ "type": "Feature", "properties": { "fatalities": 0.0, "latitude": 53.248739566378447, "longitude": -6.4802709433045989 }, "geometry": { "type": "Point", "coordinates": [ -6.480270943304599, 53.248739566378447 ] } },
{ "type": "Feature", "properties": { "fatalities": 0.0, "latitude": 50.666127926522492, "longitude": 7.3137140708382704 }, "geometry": { "type": "Point", "coordinates": [ 7.31371407083827, 50.666127926522492 ] } },
{ "type": "Feature", "properties": { "fatalities": 1.0, "latitude": 8.6085989561567988, "longitude": -0.13523898317208358 }, "geometry": { "type": "Point", "coordinates": [ -0.135238983172084, 8.608598956156799 ] } },
{ "type": "Feature", "properties": { "fatalities": 0.0, "latitude": 32.980328927083697, "longitude": 47.665804560864153 }, "geometry": { "type": "Point", "coordinates": [ 47.665804560864153, 32.980328927083697 ] } },
{ "type": "Feature", "properties": { "fatalities": 0.0, "latitude": 25.00700064400619, "longitude": 10.682429665012471 }, "geometry": { "type": "Point", "coordinates": [ 10.682429665012471, 25.00700064400619 ] } },
{ "type": "Feature", "properties": { "fatalities": 0.0, "latitude": 14.8713639877085, "longitude": 27.875041091100098 }, "geometry": { "type": "Point", "coordinates": [ 27.875041091100098, 14.8713639877085 ] } },
{ "type": "Feature", "properties": { "fatalities": 2.0, "latitude": 9.3330411392986097, "longitude": 48.718780813224988 }, "geometry": { "type": "Point", "coordinates": [ 48.718780813224988, 9.33304113929861 ] } },
{ "type": "Feature", "properties": { "fatalities": 1.0, "latitude": 7.6779237303256105, "longitude": 48.770170790198527 }, "geometry": { "type": "Point", "coordinates": [ 48.770170790198527, 7.67792373032561 ] } },
{ "type": "Feature", "properties": { "fatalities": 0.0, "latitude": -10.730065169454528, "longitude": -75.626950553159062 }, "geometry": { "type": "Point", "coordinates": [ -75.626950553159062, -10.730065169454528 ] } },
{ "type": "Feature", "properties": { "fatalities": 1.0, "latitude": 27.389101158678521, "longitude": 82.474480156272691 }, "geometry": { "type": "Point", "coordinates": [ 82.474480156272691, 27.389101158678521 ] } },
{ "type": "Feature", "properties": { "fatalities": 0.0, "latitude": 46.205442422968567, "longitude": -1.0967189973681213 }, "geometry": { "type": "Point", "coordinates": [ -1.096718997368121, 46.205442422968567 ] } },
{ "type": "Feature", "properties": { "fatalities": 0.0, "latitude": 13.107604689628467, "longitude": -10.438410822355051 }, "geometry": { "type": "Point", "coordinates": [ -10.438410822355051, 13.107604689628467 ] } },
{ "type": "Feature", "properties": { "fatalities": 2.0, "latitude": -4.9703250716565304, "longitude": -80.192704669676388 }, "geometry": { "type": "Point", "coordinates": [ -80.192704669676388, -4.97032507165653 ] } },
{ "type": "Feature", "properties": { "fatalities": 4.0, "latitude": -7.03659372493685, "longitude": -55.233374657373282 }, "geometry": { "type": "Point", "coordinates": [ -55.233374657373282, -7.03659372493685 ] } },
{ "type": "Feature", "properties": { "fatalities": 0.0, "latitude": 33.224743181897175, "longitude": 97.694480177966156 }, "geometry": { "type": "Point", "coordinates": [ 97.694480177966156, 33.224743181897175 ] } },
{ "type": "Feature", "properties": { "fatalities": 0.0, "latitude": 2.3475783448827019, "longitude": 57.627582495343219 }, "geometry": { "type": "Point", "coordinates": [ 57.627582495343219, 2.347578344882702 ] } },
{ "type": "Feature", "properties": { "fatalities": 1.0, "latitude": -4.7156125259265531, "longitude": -77.105826659533719 }, "geometry": { "type": "Point", "coordinates": [ -77.105826659533719, -4.715612525926553 ] } },
{ "type": "Feature", "properties": { "fatalities": 3.0, "latitude": -14.222084697622114, "longitude": -49.461315745819967 }, "geometry": { "type": "Point", "coordinates": [ -49.461315745819967, -14.222084697622114 ] } },
{ "type": "Feature", "properties": { "fatalities": 0.0, "latitude": 54.316267290377304, "longitude": 68.768611940387842 }, "geometry": { "type": "Point", "coordinates": [ 68.768611940387842, 54.316267290377304 ] } },
{ "type": "Feature", "properties": { "fatalities": 2.0, "latitude": -3.1668062985408358, "longitude": -64.39636526058591 }, "geometry": { "type": "Point", "coordinates": [ -64.39636526058591, -3.166806298540836 ] } },
{ "type": "Feature", "properties": { "fatalities": 2.0, "latitude": 6.9428659863545299, "longitude": 13.456750917837534 }, "geometry": { "type": "Point", "coordinates": [ 13.456750917837534, 6.94286598635453 ] } },
{ "type": "Feature", "properties": { "fatalities": 0.0, "latitude": 24.347785595405277, "longitude": 53.985713040726218 }, "geometry": { "type": "Point", "coordinates": [ 53.985713040726218, 24.347785595405277 ] } },
{ "type": "Feature", "properties": { "fatalities": 1.0, "latitude": 36.027754996870122, "longitude": 10.504385424713375 }, "geometry": { "type": "Point", "coordinates": [ 10.504385424713375, 36.027754996870122 ] } },
{ "type": "Feature", "properties": { "fatalities": 3.0, "latitude": -10.90182049953796, "longitude": -73.603416043718511 }, "geometry": { "type": "Point", "coordinates": [ -73.603416043718511, -10.90182049953796 ] } },
{ "type": "Feature", "properties": { "fatalities": 0.0, "latitude": 24.45953984754366, "longitude": 74.545162390794914 }, "geometry": { "type": "Point", "coordinates": [ 74.545162390794914, 24.45953984754366 ] } },
{ "type": "Feature", "properties": { "fatalities": 0.0, "latitude": 61.584572253127142, "longitude": 30.34808683470127 }, "geometry": { "type": "Point", "coordinates": [ 30.34808683470127, 61.584572253127142 ] } },
{ "type": "Feature", "properties": { "fatalities": 0.0, "latitude": 23.444273376252944, "longitude": -13.833450278413299 }, "geometry": { "type": "Point", "coordinates": [ -13.833450278413299, 23.444273376252944 ] } },
{ "type": "Feature", "properties": { "fatalities": 1.0, "latitude": -5.6683855607693534, "longitude": -44.100357762840531 }, "geometry": { "type": "Point", "coordinates": [ -44.100357762840531, -5.668385560769353 ] } },
{ "type": "Feature", "properties": { "fatalities": 4.0, "latitude": -14.550506014584661, "longitude": 39.226075635553585 }, "geometry": { "type": "Point", "coordinates": [ 39.226075635553585, -14.550506014584661 ] } },
{ "type": "Feature", "properties": { "fatalities": 1.0, "latitude": 43.212387147453803, "longitude": 5.3479165063551202 }, "geometry": { "type": "Point", "coordinates": [ 5.34791650635512, 43.212387147453803 ] } },
{ "type": "Feature", "properties": { "fatalities": 4.0, "latitude": -20.272802525235896, "longitude": -50.683888654868454 }, "geometry": { "type": "Point", "coordinates": [ -50.683888654868454, -20.272802525235896 ] } },
{ "type": "Feature", "properties": { "fatalities": 2.0, "latitude": 23.021586474470496, "longitude": 98.870112067868931 }, "geometry": { "type": "Point", "coordinates": [ 98.870112067868931, 23.021586474470496 ] } },
{ "type": "Feature", "properties": { "fatalities": 20.0, "latitude": 2.1531748616064994, "longitude": 21.294378020230489 }, "geometry": { "type": "Point", "coordinates": [ 21.294378020230489, 2.153174861606499 ] } },
{ "type": "Feature", "properties": { "fatalities": 1.0, "latitude": 14.933953609552672, "longitude": 38.889633206928629 }, "geometry": { "type": "Point", "coordinates": [ 38.889633206928629, 14.933953609552672 ] } },
{ "type": "Feature", "properties": { "fatalities": 0.0, "latitude": 47.876183931546436, "longitude": 47.702380378174304 }, "geometry": { "type": "Point", "coordinates": [ 47.702380378174304, 47.876183931546436 ] } },
{ "type": "Feature", "properties": { "fatalities": 0.0, "latitude": -17.37245617810466, "longitude": 30.031971699570899 }, "geometry": { "type": "Point", "coordinates": [ 30.031971699570899, -17.37245617810466 ] } },
{ "type": "Feature", "properties": { "fatalities": 2.0, "latitude": 32.651914959048561, "longitude": 48.855278881871548 }, "geometry": { "type": "Point", "coordinates": [ 48.855278881871548, 32.651914959048561 ] } },
{ "type": "Feature", "properties": { "fatalities": 1.0, "latitude": 36.157116628599191, "longitude": 46.646226030638267 }, "geometry": { "type": "Point", "coordinates": [ 46.646226030638267, 36.157116628599191 ] } },
{ "type": "Feature", "properties": { "fatalities": 1.0, "latitude": -20.217379942303676, "longitude": 48.531425495952185 }, "geometry": { "type": "Point", "coordinates": [ 48.531425495952185, -20.217379942303676 ] } },
{ "type": "Feature", "properties": { "fatalities": 1.0, "latitude": 31.675323011229402, "longitude": 67.192441924677794 }, "geometry": { "type": "Point", "coordinates": [ 67.192441924677794, 31.675323011229402 ] } },
{ "type": "Feature", "properties": { "fatalities": 2.0, "latitude": 26.043218707806478, "longitude": 56.705781135637366 }, "geometry": { "type": "Point", "coordinates": [ 56.705781135637366, 26.043218707806478 ] } },
{ "type": "Feature", "properties": { "fatalities": 1.0, "latitude": 36.456797829394034, "longitude": 52.435583666208757 }, "geometry": { "type": "Point", "coordinates": [ 52.435583666208757, 36.456797829394034 ] } },
{ "type": "Feature", "properties": { "fatalities": 9.0, "latitude": 12.123736277092078, "longitude": 38.946076547008985 }, "geometry": { "type": "Point", "coordinates": [ 38.946076547008985, 12.123736277092078 ] } },
{ "type": "Feature", "properties": { "fatalities": 2.0, "latitude": 11.693200617488515, "longitude": 43.132963746799881 }, "geometry": { "type": "Point", "coordinates": [ 43.132963746799881, 11.693200617488515 ] } },
{ "type": "Feature", "properties": { "fatalities": 8.0, "latitude": 18.310962996036821, "longitude": 34.207500860869871 }, "geometry": { "type": "Point", "coordinates": [ 34.207500860869871, 18.310962996036821 ] } },
{ "type": "Feature", "properties": { "fatalities": 0.0, "latitude": -14.223549668547076, "longitude": 28.35686910726049 }, "geometry": { "type": "Point", "coordinates": [ 28.35686910726049, -14.223549668547076 ] } },
{ "type": "Feature", "properties": { "fatalities": 0.0, "latitude": 51.652230633055865, "longitude": 58.921096050934032 }, "geometry": { "type": "Point", "coordinates": [ 58.921096050934032, 51.652230633055865 ] } },
{ "type": "Feature", "properties": { "fatalities": 3.0, "latitude": -9.4360964892358687, "longitude": -61.974994917242533 }, "geometry": { "type": "Point", "coordinates": [ -61.974994917242533, -9.436096489235869 ] } },
{ "type": "Feature", "properties": { "fatalities": 2.0, "latitude": -9.7105283050363056, "longitude": -58.239993298000542 }, "geometry": { "type": "Point", "coordinates": [ -58.239993298000542, -9.710528305036306 ] } },
{ "type": "Feature", "properties": { "fatalities": 1.0, "latitude": 14.379554776606282, "longitude": 49.880347468397225 }, "geometry": { "type": "Point", "coordinates": [ 49.880347468397225, 14.379554776606282 ] } },
{ "type": "Feature", "properties": { "fatalities": 0.0, "latitude": -5.169906300037014, "longitude": 30.613853735496157 }, "geometry": { "type": "Point", "coordinates": [ 30.613853735496157, -5.169906300037014 ] } },
{ "type": "Feature", "properties": { "fatalities": 0.0, "latitude": 34.479837852204852, "longitude": 33.952803443756949 }, "geometry": { "type": "Point", "coordinates": [ 33.952803443756949, 34.479837852204852 ] } },
{ "type": "Feature", "properties": { "fatalities": 1.0, "latitude": 20.121427935700499, "longitude": 75.814499293456379 }, "geometry": { "type": "Point", "coordinates": [ 75.814499293456379, 20.121427935700499 ] } },
{ "type": "Feature", "properties": { "fatalities": 1.0, "latitude": -18.896931557182985, "longitude": -45.452367369981282 }, "geometry": { "type": "Point", "coordinates": [ -45.452367369981282, -18.896931557182985 ] } },
{ "type": "Feature", "properties": { "fatalities": 0.0, "latitude": 27.127749208176237, "longitude": -11.80630711576935 }, "geometry": { "type": "Point", "coordinates": [ -11.80630711576935, 27.127749208176237 ] } },
{ "type": "Feature", "properties": { "fatalities": 0.0, "latitude": 27.460802429766705, "longitude": 107.15606520155303 }, "geometry": { "type": "Point", "coordinates": [ 107.156065201553034, 27.460802429766705 ] } },
{ "type": "Feature", "properties": { "fatalities": 2.0, "latitude": 1.0824581400403408, "longitude": -60.591002065733797 }, "geometry": { "type": "Point", "coordinates": [ -60.591002065733797, 1.082458140040341 ] } },
{ "type": "Feature", "properties": { "fatalities": 1.0, "latitude": 13.766452215843078, "longitude": -0.99141624431972153 }, "geometry": { "type": "Point", "coordinates": [ -0.991416244319722, 13.766452215843078 ] } },
{ "type": "Feature", "properties": { "fatalities": 1.0, "latitude": 47.787993430635886, "longitude": 15.838654452763659 }, "geometry": { "type": "Point", "coordinates": [ 15.838654452763659, 47.787993430635886 ] } },
{ "type": "Feature", "properties": { "fatalities": 3.0, "latitude": 2.0870714670708832, "longitude": 102.42461499354147 }, "geometry": { "type": "Point", "coordinates": [ 102.424614993541468, 2.087071467070883 ] } },
{ "type": "Feature", "properties": { "fatalities": 0.0, "latitude": -7.5006538498357163, "longitude": 38.723858769365407 }, "geometry": { "type": "Point", "coordinates": [ 38.723858769365407, -7.500653849835716 ] } },
{ "type": "Feature", "properties": { "fatalities": 4.0, "latitude": 15.942123141535706, "longitude": 5.0531228403857185 }, "geometry": { "type": "Point", "coordinates": [ 5.053122840385718, 15.942123141535706 ] } },
{ "type": "Feature", "properties": { "fatalities": 0.0, "latitude": 51.001717788090076, "longitude": 52.690803817008202 }, "geometry": { "type": "Point", "coordinates": [ 52.690803817008202, 51.001717788090076 ] } },
{ "type": "Feature", "properties": { "fatalities": 0.0, "latitude": 38.302735572624442, "longitude": 16.121849673333102 }, "geometry": { "type": "Point", "coordinates": [ 16.121849673333102, 38.302735572624442 ] } },
{ "type": "Feature", "properties": { "fatalities": 0.0, "latitude": 45.980409284884765, "longitude": 23.971067261041622 }, "geometry": { "type": "Point", "coordinates": [ 23.971067261041622, 45.980409284884765 ] } },
{ "type": "Feature", "properties": { "fatalities": 2.0, "latitude": -19.40766062212283, "longitude": -46.510227715641591 }, "geometry": { "type": "Point", "coordinates": [ -46.510227715641591, -19.40766062212283 ] } },
{ "type": "Feature", "properties": { "fatalities": 8.0, "latitude": -13.528269675417222, "longitude": -59.355918304431917 }, "geometry": { "type": "Point", "coordinates": [ -59.355918304431917, -13.528269675417222 ] } },
{ "type": "Feature", "properties": { "fatalities": 0.0, "latitude": 58.884616831648714, "longitude": 92.228896437743657 }, "geometry": { "type": "Point", "coordinates": [ 92.228896437743657, 58.884616831648714 ] } },
{ "type": "Feature", "properties": { "fatalities": 1.0, "latitude": -8.8181767853758313, "longitude": -62.857391417223035 }, "geometry": { "type": "Point", "coordinates": [ -62.857391417223035, -8.818176785375831 ] } },
{ "type": "Feature", "properties": { "fatalities": 1.0, "latitude": 14.406926829026611, "longitude": 79.483095845665801 }, "geometry": { "type": "Point", "coordinates": [ 79.483095845665801, 14.406926829026611 ] } },
{ "type": "Feature", "properties": { "fatalities": 0.0, "latitude": 46.03683786927445, "longitude": 19.117468593188722 }, "geometry": { "type": "Point", "coordinates": [ 19.117468593188722, 46.03683786927445 ] } },
{ "type": "Feature", "properties": { "fatalities": 3.0, "latitude": 9.1444142602175216, "longitude": -62.91008672852432 }, "geometry": { "type": "Point", "coordinates": [ -62.91008672852432, 9.144414260217522 ] } },
{ "type": "Feature", "properties": { "fatalities": 0.0, "latitude": -4.578137109543273, "longitude": 20.14650812657414 }, "geometry": { "type": "Point", "coordinates": [ 20.14650812657414, -4.578137109543273 ] } },
{ "type": "Feature", "properties": { "fatalities": 0.0, "latitude": 22.452499127225796, "longitude": 74.338525080040924 }, "geometry": { "type": "Point", "coordinates": [ 74.338525080040924, 22.452499127225796 ] } },
{ "type": "Feature", "properties": { "fatalities": 4.0, "latitude": 29.853775540186277, "longitude": 72.866591233852958 }, "geometry": { "type": "Point", "coordinates": [ 72.866591233852958, 29.853775540186277 ] } },
{ "type": "Feature", "properties": { "fatalities": 0.0, "latitude": 32.084313987593227, "longitude": 118.96843579787247 }, "geometry": { "type": "Point", "coordinates": [ 118.968435797872473, 32.084313987593227 ] } },
{ "type": "Feature", "properties": { "fatalities": 2.0, "latitude": 4.7288150885901157, "longitude": 26.551826007075078 }, "geometry": { "type": "Point", "coordinates": [ 26.551826007075078, 4.728815088590116 ] } },
{ "type": "Feature", "properties": { "fatalities": 0.0, "latitude": 14.531825951247484, "longitude": -16.823759080238531 }, "geometry": { "type": "Point", "coordinates": [ -16.823759080238531, 14.531825951247484 ] } },
{ "type": "Feature", "properties": { "fatalities": 1.0, "latitude": 18.185817282483434, "longitude": -2.2790982380330385 }, "geometry": { "type": "Point", "coordinates": [ -2.279098238033038, 18.185817282483434 ] } },
{ "type": "Feature", "properties": { "fatalities": 2.0, "latitude": 2.7518193339675094, "longitude": 28.699398090545579 }, "geometry": { "type": "Point", "coordinates": [ 28.699398090545579, 2.751819333967509 ] } },
{ "type": "Feature", "properties": { "fatalities": 1.0, "latitude": 3.6638057547076364, "longitude": 29.317093939818118 }, "geometry": { "type": "Point", "coordinates": [ 29.317093939818118, 3.663805754707636 ] } },
{ "type": "Feature", "properties": { "fatalities": 1.0, "latitude": 19.342431008834346, "longitude": 33.746966412341195 }, "geometry": { "type": "Point", "coordinates": [ 33.746966412341195, 19.342431008834346 ] } },
{ "type": "Feature", "properties": { "fatalities": 0.0, "latitude": 28.578288198121911, "longitude": 117.50702170881343 }, "geometry": { "type": "Point", "coordinates": [ 117.507021708813426, 28.578288198121911 ] } },
{ "type": "Feature", "properties": { "fatalities": 0.0, "latitude": 34.622487358418283, "longitude": 100.59822009959021 }, "geometry": { "type": "Point", "coordinates": [ 100.598220099590208, 34.622487358418283 ] } },
{ "type": "Feature", "properties": { "fatalities": 2.0, "latitude": -5.7114494503185789, "longitude": -42.045257418618775 }, "geometry": { "type": "Point", "coordinates": [ -42.045257418618775, -5.711449450318579 ] } },
{ "type": "Feature", "properties": { "fatalities": 2.0, "latitude": -9.0847316826348408, "longitude": -59.164793622175814 }, "geometry": { "type": "Point", "coordinates": [ -59.164793622175814, -9.084731682634841 ] } },
{ "type": "Feature", "properties": { "fatalities": 1.0, "latitude": 47.070064545244442, "longitude": 33.872833135376183 }, "geometry": { "type": "Point", "coordinates": [ 33.872833135376183, 47.070064545244442 ] } },
{ "type": "Feature", "properties": { "fatalities": 2.0, "latitude": 13.469016686309105, "longitude": -90.696754695721253 }, "geometry": { "type": "Point", "coordinates": [ -90.696754695721253, 13.469016686309105 ] } },
{ "type": "Feature", "properties": { "fatalities": 0.0, "latitude": 12.483738655159572, "longitude": -9.6821684144978057 }, "geometry": { "type": "Point", "coordinates": [ -9.682168414497806, 12.483738655159572 ] } },
{ "type": "Feature", "properties": { "fatalities": 2.0, "latitude": -16.181346895827488, "longitude": -42.254246190430074 }, "geometry": { "type": "Point", "coordinates": [ -42.254246190430074, -16.181346895827488 ] } },
{ "type": "Feature", "properties": { "fatalities": 1.0, "latitude": 8.402221232930362, "longitude": 25.676195372232311 }, "geometry": { "type": "Point", "coordinates": [ 25.676195372232311, 8.402221232930362 ] } },
{ "type": "Feature", "properties": { "fatalities": 0.0, "latitude": 11.918005997342606, "longitude": 99.962031187116608 }, "geometry": { "type": "Point", "coordinates": [ 99.962031187116608, 11.918005997342606 ] } },
{ "type": "Feature", "properties": { "fatalities": 13.0, "latitude": 16.78207217960211, "longitude": 3.2959840982178661 }, "geometry": { "type": "Point", "coordinates": [ 3.295984098217866, 16.78207217960211 ] } },
{ "type": "Feature", "properties": { "fatalities": 2.0, "latitude": -1.3379236750512404, "longitude": -53.067697438301963 }, "geometry": { "type": "Point", "coordinates": [ -53.067697438301963, -1.33792367505124 ] } },
{ "type": "Feature", "properties": { "fatalities": 0.0, "latitude": 19.968125156978211, "longitude": 72.969892710657376 }, "geometry": { "type": "Point", "coordinates": [ 72.969892710657376, 19.968125156978211 ] } },
{ "type": "Feature", "properties": { "fatalities": 1.0, "latitude": -19.795798211269449, "longitude": -49.63729185997181 }, "geometry": { "type": "Point", "coordinates": [ -49.63729185997181, -19.795798211269449 ] } },
{ "type": "Feature", "properties": { "fatalities": 0.0, "latitude": 30.514557654037166, "longitude": 109.44105792776821 }, "geometry": { "type": "Point", "coordinates": [ 109.441057927768213, 30.514557654037166 ] } },
{ "type": "Feature", "properties": { "fatalities": 3.0, "latitude": 8.32005656825533, "longitude": 41.594584214795866 }, "geometry": { "type": "Point", "coordinates": [ 41.594584214795866, 8.32005656825533 ] } },
{ "type": "Feature", "properties": { "fatalities": 10.0, "latitude": -7.2104932956510304, "longitude": -51.271510346748869 }, "geometry": { "type": "Point", "coordinates": [ -51.271510346748869, -7.21049329565103 ] } },
{ "type": "Feature", "properties": { "fatalities": 0.0, "latitude": -9.5650928221129412, "longitude": -75.520935248723035 }, "geometry": { "type": "Point", "coordinates": [ -75.520935248723035, -9.565092822112941 ] } },
{ "type": "Feature", "properties": { "fatalities": 0.0, "latitude": 4.2571607122249482, "longitude": 14.942093007879137 }, "geometry": { "type": "Point", "coordinates": [ 14.942093007879137, 4.257160712224948 ] } },
{ "type": "Feature", "properties": { "fatalities": 0.0, "latitude": -19.29241906937548, "longitude": 47.94410362953095 }, "geometry": { "type": "Point", "coordinates": [ 47.94410362953095, -19.29241906937548 ] } },
{ "type": "Feature", "properties": { "fatalities": 0.0, "latitude": 68.682190159517233, "longitude": 33.069447454246621 }, "geometry": { "type": "Point", "coordinates": [ 33.069447454246621, 68.682190159517233 ] } },
{ "type": "Feature", "properties": { "fatalities": 2.0, "latitude": 41.804617423063064, "longitude": -71.566228192848953 }, "geometry": { "type": "Point", "coordinates": [ -71.566228192848953, 41.804617423063064 ] } },
{ "type": "Feature", "properties": { "fatalities": 1.0, "latitude": 18.366316332830635, "longitude": 76.413916241392641 }, "geometry": { "type": "Point", "coordinates": [ 76.413916241392641, 18.366316332830635 ] } },
{ "type": "Feature", "properties": { "fatalities": 0.0, "latitude": 44.968640644548223, "longitude": 78.698725480495625 }, "geometry": { "type": "Point", "coordinates": [ 78.698725480495625, 44.968640644548223 ] } },
{ "type": "Feature", "properties": { "fatalities": 1.0, "latitude": 9.5209646239124606, "longitude": 19.505055530190333 }, "geometry": { "type": "Point", "coordinates": [ 19.505055530190333, 9.520964623912461 ] } },
{ "type": "Feature", "properties": { "fatalities": 14.0, "latitude": 10.478919677668088, "longitude": 17.804575225051988 }, "geometry": { "type": "Point", "coordinates": [ 17.804575225051988, 10.478919677668088 ] } },
{ "type": "Feature", "properties": { "fatalities": 0.0, "latitude": 24.013139327417655, "longitude": 73.458814623016067 }, "geometry": { "type": "Point", "coordinates": [ 73.458814623016067, 24.013139327417655 ] } },
{ "type": "Feature", "properties": { "fatalities": 1.0, "latitude": 32.666010627333002, "longitude": 71.916351478874716 }, "geometry": { "type": "Point", "coordinates": [ 71.916351478874716, 32.666010627333002 ] } },
{ "type": "Feature", "properties": { "fatalities": 0.0, "latitude": 5.1666570786674182, "longitude": 48.348167338543966 }, "geometry": { "type": "Point", "coordinates": [ 48.348167338543966, 5.166657078667418 ] } },
{ "type": "Feature", "properties": { "fatalities": 1.0, "latitude": 12.182893448947503, "longitude": -84.228573404298118 }, "geometry": { "type": "Point", "coordinates": [ -84.228573404298118, 12.182893448947503 ] } },
{ "type": "Feature", "properties": { "fatalities": 3.0, "latitude": 51.851810353395393, "longitude": 30.554046654465925 }, "geometry": { "type": "Point", "coordinates": [ 30.554046654465925, 51.851810353395393 ] } },
{ "type": "Feature", "properties": { "fatalities": 3.0, "latitude": 6.2457668470208123, "longitude": 45.786800421808209 }, "geometry": { "type": "Point", "coordinates": [ 45.786800421808209, 6.245766847020812 ] } },
{ "type": "Feature", "properties": { "fatalities": 0.0, "latitude": 22.064542090582243, "longitude": -80.224295375388152 }, "geometry": { "type": "Point", "coordinates": [ -80.224295375388152, 22.064542090582243 ] } },
{ "type": "Feature", "properties": { "fatalities": 1.0, "latitude": -3.5881771947632037, "longitude": -55.106136639547174 }, "geometry": { "type": "Point", "coordinates": [ -55.106136639547174, -3.588177194763204 ] } },
{ "type": "Feature", "properties": { "fatalities": 0.0, "latitude": 50.562151342960505, "longitude": 34.6100648507459 }, "geometry": { "type": "Point", "coordinates": [ 34.6100648507459, 50.562151342960505 ] } },
{ "type": "Feature", "properties": { "fatalities": 0.0, "latitude": 21.760731106707851, "longitude": 86.35829246225839 }, "geometry": { "type": "Point", "coordinates": [ 86.35829246225839, 21.760731106707851 ] } },
{ "type": "Feature", "properties": { "fatalities": 1.0, "latitude": 35.57101696713692, "longitude": 63.484393741702881 }, "geometry": { "type": "Point", "coordinates": [ 63.484393741702881, 35.57101696713692 ] } },
{ "type": "Feature", "properties": { "fatalities": 2.0, "latitude": 8.4648456893642798, "longitude": 125.41508189565123 }, "geometry": { "type": "Point", "coordinates": [ 125.415081895651227, 8.46484568936428 ] } },
{ "type": "Feature", "properties": { "fatalities": 3.0, "latitude": 6.8016381311692502, "longitude": 20.034327506824138 }, "geometry": { "type": "Point", "coordinates": [ 20.034327506824138, 6.80163813116925 ] } },
{ "type": "Feature", "properties": { "fatalities": 0.0, "latitude": 29.016466655394446, "longitude": 112.23307073980865 }, "geometry": { "type": "Point", "coordinates": [ 112.233070739808653, 29.016466655394446 ] } },
{ "type": "Feature", "properties": { "fatalities": 0.0, "latitude": 51.875847963360492, "longitude": 0.65049625744769379 }, "geometry": { "type": "Point", "coordinates": [ 0.650496257447694, 51.875847963360492 ] } },
{ "type": "Feature", "properties": { "fatalities": 7.0, "latitude": 6.088862630156342, "longitude": 35.594355792624235 }, "geometry": { "type": "Point", "coordinates": [ 35.594355792624235, 6.088862630156342 ] } },
{ "type": "Feature", "properties": { "fatalities": 0.0, "latitude": 50.372698082504833, "longitude": 26.872346574704366 }, "geometry": { "type": "Point", "coordinates": [ 26.872346574704366, 50.372698082504833 ] } },
{ "type": "Feature", "properties": { "fatalities": 0.0, "latitude": 4.8127789454420293, "longitude": 96.887655567007315 }, "geometry": { "type": "Point", "coordinates": [ 96.887655567007315, 4.812778945442029 ] } },
{ "type": "Feature", "properties": { "fatalities": 1.0, "latitude": 25.210866353477151, "longitude": 69.332715958327242 }, "geometry": { "type": "Point", "coordinates": [ 69.332715958327242, 25.210866353477151 ] } },
{ "type": "Feature", "properties": { "fatalities": 2.0, "latitude": 18.252309811641968, "longitude": 73.564153433357234 }, "geometry": { "type": "Point", "coordinates": [ 73.564153433357234, 18.252309811641968 ] } },
{ "type": "Feature", "properties": { "fatalities": 0.0, "latitude": 33.703893116626162, "longitude": 39.327210964730668 }, "geometry": { "type": "Point", "coordinates": [ 39.327210964730668, 33.703893116626162 ] } },
{ "type": "Feature", "properties": { "fatalities": 1.0, "latitude": -12.016959532401573, "longitude": -47.343152003945548 }, "geometry": { "type": "Point", "coordinates": [ -47.343152003945548, -12.016959532401573 ] } },
{ "type": "Feature", "properties": { "fatalities": 1.0, "latitude": 7.15361839922112, "longitude": 45.257947025653152 }, "geometry": { "type": "Point", "coordinates": [ 45.257947025653152, 7.15361839922112 ] } },
{ "type": "Feature", "properties": { "fatalities": 7.0, "latitude": -15.554458524260662, "longitude": 38.619523272629003 }, "geometry": { "type": "Point", "coordinates": [ 38.619523272629003, -15.554458524260662 ] } },
{ "type": "Feature", "properties": { "fatalities": 3.0, "latitude": 25.761788620917688, "longitude": 77.879248580514414 }, "geometry": { "type": "Point", "coordinates": [ 77.879248580514414, 25.761788620917688 ] } },
{ "type": "Feature", "properties": { "fatalities": 0.0, "latitude": 5.3213369456247337, "longitude": -1.4619563880828264 }, "geometry": { "type": "Point", "coordinates": [ -1.461956388082826, 5.321336945624734 ] } },
{ "type": "Feature", "properties": { "fatalities": 0.0, "latitude": 21.576835575873602, "longitude": 72.244270425343501 }, "geometry": { "type": "Point", "coordinates": [ 72.244270425343501, 21.576835575873602 ] } },
{ "type": "Feature", "properties": { "fatalities": 0.0, "latitude": 19.025660399644334, "longitude": 23.291012422170613 }, "geometry": { "type": "Point", "coordinates": [ 23.291012422170613, 19.025660399644334 ] } },
{ "type": "Feature", "properties": { "fatalities": 7.0, "latitude": -7.4281514705416996, "longitude": -73.312614839185812 }, "geometry": { "type": "Point", "coordinates": [ -73.312614839185812, -7.4281514705417 ] } },
{ "type": "Feature", "properties": { "fatalities": 0.0, "latitude": 56.36989723754575, "longitude": 98.056666899128345 }, "geometry": { "type": "Point", "coordinates": [ 98.056666899128345, 56.36989723754575 ] } },
{ "type": "Feature", "properties": { "fatalities": 3.0, "latitude": 3.8260166777222073, "longitude": 25.927879178140163 }, "geometry": { "type": "Point", "coordinates": [ 25.927879178140163, 3.826016677722207 ] } },
{ "type": "Feature", "properties": { "fatalities": 0.0, "latitude": 53.709272405013259, "longitude": 12.936480276389016 }, "geometry": { "type": "Point", "coordinates": [ 12.936480276389016, 53.709272405013259 ] } },
{ "type": "Feature", "properties": { "fatalities": 7.0, "latitude": 17.28380205522949, "longitude": 76.193419987523598 }, "geometry": { "type": "Point", "coordinates": [ 76.193419987523598, 17.28380205522949 ] } },
{ "type": "Feature", "properties": { "fatalities": 0.0, "latitude": 50.626956223982113, "longitude": 54.367415022137969 }, "geometry": { "type": "Point", "coordinates": [ 54.367415022137969, 50.626956223982113 ] } },
{ "type": "Feature", "properties": { "fatalities": 1.0, "latitude": 31.01378496642949, "longitude": 10.229071794800031 }, "geometry": { "type": "Point", "coordinates": [ 10.229071794800031, 31.01378496642949 ] } },
{ "type": "Feature", "properties": { "fatalities": 1.0, "latitude": -0.97507201970136648, "longitude": 26.183081228851513 }, "geometry": { "type": "Point", "coordinates": [ 26.183081228851513, -0.975072019701366 ] } },
{ "type": "Feature", "properties": { "fatalities": 0.0, "latitude": 15.885926036888955, "longitude": 3.9601585954675027 }, "geometry": { "type": "Point", "coordinates": [ 3.960158595467503, 15.885926036888955 ] } },
{ "type": "Feature", "properties": { "fatalities": 1.0, "latitude": -3.1133375073819067, "longitude": 153.14426946299949 }, "geometry": { "type": "Point", "coordinates": [ 153.144269462999489, -3.113337507381907 ] } },
{ "type": "Feature", "properties": { "fatalities": 0.0, "latitude": 35.872977438520664, "longitude": 111.67198433783066 }, "geometry": { "type": "Point", "coordinates": [ 111.671984337830665, 35.872977438520664 ] } },
{ "type": "Feature", "properties": { "fatalities": 0.0, "latitude": 21.761238913084739, "longitude": 83.189427231373926 }, "geometry": { "type": "Point", "coordinates": [ 83.189427231373926, 21.761238913084739 ] } },
{ "type": "Feature", "properties": { "fatalities": 0.0, "latitude": 25.057033785435689, "longitude": 118.22930108432348 }, "geometry": { "type": "Point", "coordinates": [ 118.229301084323481, 25.057033785435689 ] } },
{ "type": "Feature", "properties": { "fatalities": 2.0, "latitude": -9.1928327899493461, "longitude": -65.649575084719942 }, "geometry": { "type": "Point", "coordinates": [ -65.649575084719942, -9.192832789949346 ] } },
{ "type": "Feature", "properties": { "fatalities": 1.0, "latitude": 12.569964855574137, "longitude": 125.83055307111729 }, "geometry": { "type": "Point", "coordinates": [ 125.830553071117293, 12.569964855574137 ] } },
{ "type": "Feature", "properties": { "fatalities": 1.0, "latitude": 21.592295579384469, "longitude": 77.088713949301308 }, "geometry": { "type": "Point", "coordinates": [ 77.088713949301308, 21.592295579384469 ] } },
{ "type": "Feature", "properties": { "fatalities": 1.0, "latitude": -8.5159032191704576, "longitude": 39.289425605904292 }, "geometry": { "type": "Point", "coordinates": [ 39.289425605904292, -8.515903219170458 ] } },
{ "type": "Feature", "properties": { "fatalities": 0.0, "latitude": -5.1875379548631253, "longitude": 121.69484650365906 }, "geometry": { "type": "Point", "coordinates": [ 121.694846503659065, -5.187537954863125 ] } },
{ "type": "Feature", "properties": { "fatalities": 0.0, "latitude": 38.06339493436893, "longitude": 27.934538375794848 }, "geometry": { "type": "Point", "coordinates": [ 27.934538375794848, 38.06339493436893 ] } },
{ "type": "Feature", "properties": { "fatalities": 0.0, "latitude": 7.8160612477478795, "longitude": 2.4372364238027759 }, "geometry": { "type": "Point", "coordinates": [ 2.437236423802776, 7.816061247747879 ] } },
{ "type": "Feature", "properties": { "fatalities": 1.0, "latitude": -6.9991568471334746, "longitude": 26.975121853914562 }, "geometry": { "type": "Point", "coordinates": [ 26.975121853914562, -6.999156847133475 ] } },
{ "type": "Feature", "properties": { "fatalities": 1.0, "latitude": 48.050914712830341, "longitude": 40.450876667548478 }, "geometry": { "type": "Point", "coordinates": [ 40.450876667548478, 48.050914712830341 ] } },
{ "type": "Feature", "properties": { "fatalities": 0.0, "latitude": -7.8320274066712026, "longitude": -50.283134315091331 }, "geometry": { "type": "Point", "coordinates": [ -50.283134315091331, -7.832027406671203 ] } },
{ "type": "Feature", "properties": { "fatalities": 0.0, "latitude": -33.927140087903666, "longitude": -71.488523658093854 }, "geometry": { "type": "Point", "coordinates": [ -71.488523658093854, -33.927140087903666 ] } },
{ "type": "Feature", "properties": { "fatalities": 0.0, "latitude": 5.6239815474920531, "longitude": -8.174996270480209 }, "geometry": { "type": "Point", "coordinates": [ -8.174996270480209, 5.623981547492053 ] } },
{ "type": "Feature", "properties": { "fatalities": 1.0, "latitude": 41.690951565437182, "longitude": 8.5132986749791293 }, "geometry": { "type": "Point", "coordinates": [ 8.513298674979129, 41.690951565437182 ] } },
{ "type": "Feature", "properties": { "fatalities": 0.0, "latitude": 44.779098036927017, "longitude": 131.33080036786131 }, "geometry": { "type": "Point", "coordinates": [ 131.330800367861315, 44.779098036927017 ] } },
{ "type": "Feature", "properties": { "fatalities": 0.0, "latitude": 50.842606582956535, "longitude": 8.9529736495109784 }, "geometry": { "type": "Point", "coordinates": [ 8.952973649510978, 50.842606582956535 ] } },
{ "type": "Feature", "properties": { "fatalities": 3.0, "latitude": 28.868849143338245, "longitude": 70.551833903997476 }, "geometry": { "type": "Point", "coordinates": [ 70.551833903997476, 28.868849143338245 ] } },
{ "type": "Feature", "properties": { "fatalities": 0.0, "latitude": 2.982658711376454, "longitude": -74.406491560993075 }, "geometry": { "type": "Point", "coordinates": [ -74.406491560993075, 2.982658711376454 ] } },
{ "type": "Feature", "properties": { "fatalities": 0.0, "latitude": 29.454050941021542, "longitude": 62.732488344583501 }, "geometry": { "type": "Point", "coordinates": [ 62.732488344583501, 29.454050941021542 ] } },
{ "type": "Feature", "properties": { "fatalities": 8.0, "latitude": 9.5696043334563701, "longitude": 17.247002223516866 }, "geometry": { "type": "Point", "coordinates": [ 17.247002223516866, 9.56960433345637 ] } },
{ "type": "Feature", "properties": { "fatalities": 1.0, "latitude": -13.518500307895181, "longitude": 37.459446932551252 }, "geometry": { "type": "Point", "coordinates": [ 37.459446932551252, -13.518500307895181 ] } },
{ "type": "Feature", "properties": { "fatalities": 0.0, "latitude": 12.375249874059906, "longitude": -86.15323744179139 }, "geometry": { "type": "Point", "coordinates": [ -86.15323744179139, 12.375249874059906 ] } },
{ "type": "Feature", "properties": { "fatalities": 4.0, "latitude": -12.131666014028463, "longitude": -63.014193744444945 }, "geometry": { "type": "Point", "coordinates": [ -63.014193744444945, -12.131666014028463 ] } },
{ "type": "Feature", "properties": { "fatalities": 0.0, "latitude": 43.465290953419405, "longitude": 53.276629121917914 }, "geometry": { "type": "Point", "coordinates": [ 53.276629121917914, 43.465290953419405 ] } },
{ "type": "Feature", "properties": { "fatalities": 0.0, "latitude": -18.280536325499217, "longitude": -60.520790786340974 }, "geometry": { "type": "Point", "coordinates": [ -60.520790786340974, -18.280536325499217 ] } },
{ "type": "Feature", "properties": { "fatalities": 1.0, "latitude": -29.756981111823215, "longitude": -57.178037962390114 }, "geometry": { "type": "Point", "coordinates": [ -57.178037962390114, -29.756981111823215 ] } },
{ "type": "Feature", "properties": { "fatalities": 1.0, "latitude": 17.359757127786136, "longitude": 82.148891347218338 }, "geometry": { "type": "Point", "coordinates": [ 82.148891347218338, 17.359757127786136 ] } },
{ "type": "Feature", "properties": { "fatalities": 0.0, "latitude": -27.338520397190965, "longitude": -69.838413940057976 }, "geometry": { "type": "Point", "coordinates": [ -69.838413940057976, -27.338520397190965 ] } },
{ "type": "Feature", "properties": { "fatalities": 2.0, "latitude": 14.376922997983364, "longitude": -11.997759706774241 }, "geometry": { "type": "Point", "coordinates": [ -11.997759706774241, 14.376922997983364 ] } },
{ "type": "Feature", "properties": { "fatalities": 0.0, "latitude": 31.55449829655975, "longitude": 71.842039529442047 }, "geometry": { "type": "Point", "coordinates": [ 71.842039529442047, 31.55449829655975 ] } },
{ "type": "Feature", "properties": { "fatalities": 0.0, "latitude": -1.7490478966716867, "longitude": 42.1383774315794 }, "geometry": { "type": "Point", "coordinates": [ 42.1383774315794, -1.749047896671687 ] } },
{ "type": "Feature", "properties": { "fatalities": 0.0, "latitude": 31.991204790468284, "longitude": 116.75840635872163 }, "geometry": { "type": "Point", "coordinates": [ 116.758406358721629, 31.991204790468284 ] } },
{ "type": "Feature", "properties": { "fatalities": 1.0, "latitude": -19.763855467285993, "longitude": -56.718048592941464 }, "geometry": { "type": "Point", "coordinates": [ -56.718048592941464, -19.763855467285993 ] } },
{ "type": "Feature", "properties": { "fatalities": 0.0, "latitude": 10.209724258260485, "longitude": 48.307920044272755 }, "geometry": { "type": "Point", "coordinates": [ 48.307920044272755, 10.209724258260485 ] } },
{ "type": "Feature", "properties": { "fatalities": 0.0, "latitude": 46.023452468682237, "longitude": 5.6599229373737421 }, "geometry": { "type": "Point", "coordinates": [ 5.659922937373742, 46.023452468682237 ] } },
{ "type": "Feature", "properties": { "fatalities": 0.0, "latitude": -39.950447640277893, "longitude": -73.259566478989569 }, "geometry": { "type": "Point", "coordinates": [ -73.259566478989569, -39.950447640277893 ] } },
{ "type": "Feature", "properties": { "fatalities": 1.0, "latitude": -36.324330597269167, "longitude": -72.823775900087085 }, "geometry": { "type": "Point", "coordinates": [ -72.823775900087085, -36.324330597269167 ] } },
{ "type": "Feature", "properties": { "fatalities": 0.0, "latitude": -7.1824006839196803, "longitude": 30.520861361053473 }, "geometry": { "type": "Point", "coordinates": [ 30.520861361053473, -7.18240068391968 ] } },
{ "type": "Feature", "properties": { "fatalities": 0.0, "latitude": 55.443939020632051, "longitude": 51.212627965708428 }, "geometry": { "type": "Point", "coordinates": [ 51.212627965708428, 55.443939020632051 ] } },
{ "type": "Feature", "properties": { "fatalities": 0.0, "latitude": 39.302120002432787, "longitude": 22.814562948832872 }, "geometry": { "type": "Point", "coordinates": [ 22.814562948832872, 39.302120002432787 ] } },
{ "type": "Feature", "properties": { "fatalities": 0.0, "latitude": 7.4120130628087892, "longitude": 42.124176283146078 }, "geometry": { "type": "Point", "coordinates": [ 42.124176283146078, 7.412013062808789 ] } },
{ "type": "Feature", "properties": { "fatalities": 1.0, "latitude": 9.8470198204201349, "longitude": -70.017884602224626 }, "geometry": { "type": "Point", "coordinates": [ -70.017884602224626, 9.847019820420135 ] } },
{ "type": "Feature", "properties": { "fatalities": 1.0, "latitude": -1.5181164038488157, "longitude": -45.029251847087423 }, "geometry": { "type": "Point", "coordinates": [ -45.029251847087423, -1.518116403848816 ] } },
{ "type": "Feature", "properties": { "fatalities": 1.0, "latitude": 13.302983382500011, "longitude": 17.20431985026752 }, "geometry": { "type": "Point", "coordinates": [ 17.20431985026752, 13.302983382500011 ] } },
{ "type": "Feature", "properties": { "fatalities": 0.0, "latitude": 26.248961296423222, "longitude": 69.36109313161954 }, "geometry": { "type": "Point", "coordinates": [ 69.36109313161954, 26.248961296423222 ] } },
{ "type": "Feature", "properties": { "fatalities": 3.0, "latitude": 31.389449034264381, "longitude": -2.5920293971606303 }, "geometry": { "type": "Point", "coordinates": [ -2.59202939716063, 31.389449034264381 ] } },
{ "type": "Feature", "properties": { "fatalities": 0.0, "latitude": 10.76253270565458, "longitude": 43.452800138758668 }, "geometry": { "type": "Point", "coordinates": [ 43.452800138758668, 10.76253270565458 ] } },
{ "type": "Feature", "properties": { "fatalities": 0.0, "latitude": 40.93928372122339, "longitude": 111.57103867274363 }, "geometry": { "type": "Point", "coordinates": [ 111.571038672743626, 40.93928372122339 ] } },
{ "type": "Feature", "properties": { "fatalities": 0.0, "latitude": 35.934236110859558, "longitude": 103.57494611024866 }, "geometry": { "type": "Point", "coordinates": [ 103.574946110248661, 35.934236110859558 ] } },
{ "type": "Feature", "properties": { "fatalities": 0.0, "latitude": 7.79960848698276, "longitude": -10.970951621319216 }, "geometry": { "type": "Point", "coordinates": [ -10.970951621319216, 7.79960848698276 ] } },
{ "type": "Feature", "properties": { "fatalities": 0.0, "latitude": 42.874491155438513, "longitude": -123.74857851199387 }, "geometry": { "type": "Point", "coordinates": [ -123.74857851199387, 42.874491155438513 ] } },
{ "type": "Feature", "properties": { "fatalities": 2.0, "latitude": -30.797015951506452, "longitude": -52.118621367768043 }, "geometry": { "type": "Point", "coordinates": [ -52.118621367768043, -30.797015951506452 ] } },
{ "type": "Feature", "properties": { "fatalities": 1.0, "latitude": -1.0932027809824123, "longitude": -62.500818731140349 }, "geometry": { "type": "Point", "coordinates": [ -62.500818731140349, -1.093202780982412 ] } },
{ "type": "Feature", "properties": { "fatalities": 0.0, "latitude": 69.125084336322587, "longitude": 87.860119646951645 }, "geometry": { "type": "Point", "coordinates": [ 87.860119646951645, 69.125084336322587 ] } },
{ "type": "Feature", "properties": { "fatalities": 2.0, "latitude": 25.804647415087715, "longitude": -96.838409990396116 }, "geometry": { "type": "Point", "coordinates": [ -96.838409990396116, 25.804647415087715 ] } },
{ "type": "Feature", "properties": { "fatalities": 5.0, "latitude": -8.9798587440266413, "longitude": 147.78614058287258 }, "geometry": { "type": "Point", "coordinates": [ 147.786140582872576, -8.979858744026641 ] } },
{ "type": "Feature", "properties": { "fatalities": 0.0, "latitude": -12.97281025967929, "longitude": -68.769468417456167 }, "geometry": { "type": "Point", "coordinates": [ -68.769468417456167, -12.97281025967929 ] } },
{ "type": "Feature", "properties": { "fatalities": 1.0, "latitude": -19.524281986102256, "longitude": 33.654375131162588 }, "geometry": { "type": "Point", "coordinates": [ 33.654375131162588, -19.524281986102256 ] } },
{ "type": "Feature", "properties": { "fatalities": 0.0, "latitude": 58.349888877952047, "longitude": 99.597918972762542 }, "geometry": { "type": "Point", "coordinates": [ 99.597918972762542, 58.349888877952047 ] } },
{ "type": "Feature", "properties": { "fatalities": 0.0, "latitude": 37.239083305388576, "longitude": 62.120566641725127 }, "geometry": { "type": "Point", "coordinates": [ 62.120566641725127, 37.239083305388576 ] } },
{ "type": "Feature", "properties": { "fatalities": 0.0, "latitude": 39.881223778780772, "longitude": -75.912422988242398 }, "geometry": { "type": "Point", "coordinates": [ -75.912422988242398, 39.881223778780772 ] } },
{ "type": "Feature", "properties": { "fatalities": 0.0, "latitude": -2.552255834452819, "longitude": 80.719763815576229 }, "geometry": { "type": "Point", "coordinates": [ 80.719763815576229, -2.552255834452819 ] } },
{ "type": "Feature", "properties": { "fatalities": 3.0, "latitude": 5.0385490900454801, "longitude": 18.792423477478582 }, "geometry": { "type": "Point", "coordinates": [ 18.792423477478582, 5.03854909004548 ] } },
{ "type": "Feature", "properties": { "fatalities": 7.0, "latitude": 22.208035708737178, "longitude": 99.739287028012882 }, "geometry": { "type": "Point", "coordinates": [ 99.739287028012882, 22.208035708737178 ] } },
{ "type": "Feature", "properties": { "fatalities": 1.0, "latitude": -19.491403778037963, "longitude": 32.414785660160845 }, "geometry": { "type": "Point", "coordinates": [ 32.414785660160845, -19.491403778037963 ] } },
{ "type": "Feature", "properties": { "fatalities": 0.0, "latitude": 38.158004348581152, "longitude": 26.464835147364084 }, "geometry": { "type": "Point", "coordinates": [ 26.464835147364084, 38.158004348581152 ] } },
{ "type": "Feature", "properties": { "fatalities": 1.0, "latitude": 31.106315810835671, "longitude": 63.752859866307972 }, "geometry": { "type": "Point", "coordinates": [ 63.752859866307972, 31.106315810835671 ] } },
{ "type": "Feature", "properties": { "fatalities": 0.0, "latitude": 16.27327132156643, "longitude": 49.379207258404492 }, "geometry": { "type": "Point", "coordinates": [ 49.379207258404492, 16.27327132156643 ] } },
{ "type": "Feature", "properties": { "fatalities": 1.0, "latitude": 12.326559927755079, "longitude": 18.949885596254518 }, "geometry": { "type": "Point", "coordinates": [ 18.949885596254518, 12.326559927755079 ] } },
{ "type": "Feature", "properties": { "fatalities": 3.0, "latitude": -0.90960301483189465, "longitude": -46.032845942813289 }, "geometry": { "type": "Point", "coordinates": [ -46.032845942813289, -0.909603014831895 ] } },
{ "type": "Feature", "properties": { "fatalities": 7.0, "latitude": 55.492144017520424, "longitude": -121.16794484462025 }, "geometry": { "type": "Point", "coordinates": [ -121.167944844620251, 55.492144017520424 ] } },
{ "type": "Feature", "properties": { "fatalities": 0.0, "latitude": -7.5944888416482206, "longitude": 138.78805515941795 }, "geometry": { "type": "Point", "coordinates": [ 138.788055159417951, -7.594488841648221 ] } },
{ "type": "Feature", "properties": { "fatalities": 0.0, "latitude": 26.643219293734855, "longitude": 93.222635021466488 }, "geometry": { "type": "Point", "coordinates": [ 93.222635021466488, 26.643219293734855 ] } },
{ "type": "Feature", "properties": { "fatalities": 0.0, "latitude": -5.4410463971126601, "longitude": -81.270462463010716 }, "geometry": { "type": "Point", "coordinates": [ -81.270462463010716, -5.44104639711266 ] } },
{ "type": "Feature", "properties": { "fatalities": 0.0, "latitude": 3.2381708315830497, "longitude": 37.194918760759329 }, "geometry": { "type": "Point", "coordinates": [ 37.194918760759329, 3.23817083158305 ] } },
{ "type": "Feature", "properties": { "fatalities": 0.0, "latitude": 29.798322008515736, "longitude": 51.767586050016476 }, "geometry": { "type": "Point", "coordinates": [ 51.767586050016476, 29.798322008515736 ] } },
{ "type": "Feature", "properties": { "fatalities": 1.0, "latitude": 42.757173286090634, "longitude": -85.407514758612294 }, "geometry": { "type": "Point", "coordinates": [ -85.407514758612294, 42.757173286090634 ] } },
{ "type": "Feature", "properties": { "fatalities": 0.0, "latitude": 37.235389049285644, "longitude": 49.83890555523341 }, "geometry": { "type": "Point", "coordinates": [ 49.83890555523341, 37.235389049285644 ] } },
{ "type": "Feature", "properties": { "fatalities": 3.0, "latitude": 6.7738720481685499, "longitude": -70.253194822810798 }, "geometry": { "type": "Point", "coordinates": [ -70.253194822810798, 6.77387204816855 ] } },
{ "type": "Feature", "properties": { "fatalities": 0.0, "latitude": -6.7738720481685517, "longitude": 109.74680517718922 }, "geometry": { "type": "Point", "coordinates": [ 109.746805177189216, -6.773872048168552 ] } },
{ "type": "Feature", "properties": { "fatalities": 0.0, "latitude": 30.287403245275833, "longitude": 96.669723985693082 }, "geometry": { "type": "Point", "coordinates": [ 96.669723985693082, 30.287403245275833 ] } },
{ "type": "Feature", "properties": { "fatalities": 0.0, "latitude": 34.987885470715156, "longitude": 103.07077572435145 }, "geometry": { "type": "Point", "coordinates": [ 103.070775724351449, 34.987885470715156 ] } },
{ "type": "Feature", "properties": { "fatalities": 1.0, "latitude": 17.159761900604359, "longitude": 18.364262701988348 }, "geometry": { "type": "Point", "coordinates": [ 18.364262701988348, 17.159761900604359 ] } },
{ "type": "Feature", "properties": { "fatalities": 0.0, "latitude": -3.0102080350609861, "longitude": 106.0150443186516 }, "geometry": { "type": "Point", "coordinates": [ 106.015044318651604, -3.010208035060986 ] } },
{ "type": "Feature", "properties": { "fatalities": 1.0, "latitude": -4.4092133133979621, "longitude": 35.892715075000829 }, "geometry": { "type": "Point", "coordinates": [ 35.892715075000829, -4.409213313397962 ] } },
{ "type": "Feature", "properties": { "fatalities": 0.0, "latitude": 5.5725240948773074, "longitude": -73.209098616990005 }, "geometry": { "type": "Point", "coordinates": [ -73.209098616990005, 5.572524094877307 ] } },
{ "type": "Feature", "properties": { "fatalities": 6.0, "latitude": -12.560805482221449, "longitude": -74.766924721968181 }, "geometry": { "type": "Point", "coordinates": [ -74.766924721968181, -12.560805482221449 ] } },
{ "type": "Feature", "properties": { "fatalities": 0.0, "latitude": 49.187753556939271, "longitude": 30.953242031500572 }, "geometry": { "type": "Point", "coordinates": [ 30.953242031500572, 49.187753556939271 ] } },
{ "type": "Feature", "properties": { "fatalities": 1.0, "latitude": -5.487106777423266, "longitude": 133.11947303010288 }, "geometry": { "type": "Point", "coordinates": [ 133.119473030102881, -5.487106777423266 ] } },
{ "type": "Feature", "properties": { "fatalities": 0.0, "latitude": 24.120606085012142, "longitude": 78.633632846935683 }, "geometry": { "type": "Point", "coordinates": [ 78.633632846935683, 24.120606085012142 ] } },
{ "type": "Feature", "properties": { "fatalities": 0.0, "latitude": -18.498575414839859, "longitude": 33.073127346861959 }, "geometry": { "type": "Point", "coordinates": [ 33.073127346861959, -18.498575414839859 ] } },
{ "type": "Feature", "properties": { "fatalities": 0.0, "latitude": 4.5134026543965673, "longitude": 95.746145536869363 }, "geometry": { "type": "Point", "coordinates": [ 95.746145536869363, 4.513402654396567 ] } },
{ "type": "Feature", "properties": { "fatalities": 1.0, "latitude": 17.78342616428796, "longitude": 102.80826957143228 }, "geometry": { "type": "Point", "coordinates": [ 102.808269571432277, 17.78342616428796 ] } },
{ "type": "Feature", "properties": { "fatalities": 2.0, "latitude": 11.073547599587974, "longitude": 40.371190379305745 }, "geometry": { "type": "Point", "coordinates": [ 40.371190379305745, 11.073547599587974 ] } },
{ "type": "Feature", "properties": { "fatalities": 0.0, "latitude": 43.071079162491912, "longitude": 41.525048225197608 }, "geometry": { "type": "Point", "coordinates": [ 41.525048225197608, 43.071079162491912 ] } },
{ "type": "Feature", "properties": { "fatalities": 1.0, "latitude": 21.123694922321445, "longitude": 99.402079948303182 }, "geometry": { "type": "Point", "coordinates": [ 99.402079948303182, 21.123694922321445 ] } },
{ "type": "Feature", "properties": { "fatalities": 1.0, "latitude": 28.240134182973055, "longitude": -11.506445976434827 }, "geometry": { "type": "Point", "coordinates": [ -11.506445976434827, 28.240134182973055 ] } },
{ "type": "Feature", "properties": { "fatalities": 1.0, "latitude": -10.315026367600483, "longitude": -65.713487437736305 }, "geometry": { "type": "Point", "coordinates": [ -65.713487437736305, -10.315026367600483 ] } },
{ "type": "Feature", "properties": { "fatalities": 2.0, "latitude": 22.348962018701798, "longitude": -97.360399335025662 }, "geometry": { "type": "Point", "coordinates": [ -97.360399335025662, 22.348962018701798 ] } },
{ "type": "Feature", "properties": { "fatalities": 1.0, "latitude": 46.572893246692914, "longitude": 29.721610236599016 }, "geometry": { "type": "Point", "coordinates": [ 29.721610236599016, 46.572893246692914 ] } },
{ "type": "Feature", "properties": { "fatalities": 15.0, "latitude": 15.38465609679079, "longitude": -11.739867218166541 }, "geometry": { "type": "Point", "coordinates": [ -11.739867218166541, 15.38465609679079 ] } },
{ "type": "Feature", "properties": { "fatalities": 0.0, "latitude": 56.448588525516108, "longitude": 43.774779440929457 }, "geometry": { "type": "Point", "coordinates": [ 43.774779440929457, 56.448588525516108 ] } },
{ "type": "Feature", "properties": { "fatalities": 1.0, "latitude": -11.398991410441722, "longitude": -74.66386982312342 }, "geometry": { "type": "Point", "coordinates": [ -74.66386982312342, -11.398991410441722 ] } },
{ "type": "Feature", "properties": { "fatalities": 0.0, "latitude": 35.452019036134757, "longitude": 49.17430871335322 }, "geometry": { "type": "Point", "coordinates": [ 49.17430871335322, 35.452019036134757 ] } },
{ "type": "Feature", "properties": { "fatalities": 1.0, "latitude": 28.036528062170959, "longitude": 81.528650449350735 }, "geometry": { "type": "Point", "coordinates": [ 81.528650449350735, 28.036528062170959 ] } },
{ "type": "Feature", "properties": { "fatalities": 0.0, "latitude": 26.983940862030941, "longitude": 120.00795535194578 }, "geometry": { "type": "Point", "coordinates": [ 120.007955351945782, 26.983940862030941 ] } },
{ "type": "Feature", "properties": { "fatalities": 1.0, "latitude": 9.6274963583090329, "longitude": -65.482872075612747 }, "geometry": { "type": "Point", "coordinates": [ -65.482872075612747, 9.627496358309033 ] } },
{ "type": "Feature", "properties": { "fatalities": 1.0, "latitude": -26.103731409929026, "longitude": -49.852185972074686 }, "geometry": { "type": "Point", "coordinates": [ -49.852185972074686, -26.103731409929026 ] } },
{ "type": "Feature", "properties": { "fatalities": 2.0, "latitude": 31.623097330286722, "longitude": -1.3856662950487055 }, "geometry": { "type": "Point", "coordinates": [ -1.385666295048706, 31.623097330286722 ] } },
{ "type": "Feature", "properties": { "fatalities": 1.0, "latitude": -0.71558589450328924, "longitude": 40.482473386628897 }, "geometry": { "type": "Point", "coordinates": [ 40.482473386628897, -0.715585894503289 ] } },
{ "type": "Feature", "properties": { "fatalities": 0.0, "latitude": 46.963268569594682, "longitude": 19.941800982583814 }, "geometry": { "type": "Point", "coordinates": [ 19.941800982583814, 46.963268569594682 ] } },
{ "type": "Feature", "properties": { "fatalities": 4.0, "latitude": 29.967207762828401, "longitude": -97.319137227439953 }, "geometry": { "type": "Point", "coordinates": [ -97.319137227439953, 29.967207762828401 ] } },
{ "type": "Feature", "properties": { "fatalities": 0.0, "latitude": -32.441789518504393, "longitude": -70.281100057165759 }, "geometry": { "type": "Point", "coordinates": [ -70.281100057165759, -32.441789518504393 ] } },
{ "type": "Feature", "properties": { "fatalities": 0.0, "latitude": 34.409935859069797, "longitude": 105.19770229960487 }, "geometry": { "type": "Point", "coordinates": [ 105.19770229960487, 34.409935859069797 ] } },
{ "type": "Feature", "properties": { "fatalities": 6.0, "latitude": -11.059271529275859, "longitude": 26.72586830523278 }, "geometry": { "type": "Point", "coordinates": [ 26.72586830523278, -11.059271529275859 ] } },
{ "type": "Feature", "properties": { "fatalities": 1.0, "latitude": 7.3657142187134585, "longitude": -7.6429457995542229 }, "geometry": { "type": "Point", "coordinates": [ -7.642945799554223, 7.365714218713459 ] } },
{ "type": "Feature", "properties": { "fatalities": 1.0, "latitude": 25.943016594576278, "longitude": 98.669150857227734 }, "geometry": { "type": "Point", "coordinates": [ 98.669150857227734, 25.943016594576278 ] } },
{ "type": "Feature", "properties": { "fatalities": 0.0, "latitude": 51.50843749161821, "longitude": 33.96485915049189 }, "geometry": { "type": "Point", "coordinates": [ 33.96485915049189, 51.50843749161821 ] } },
{ "type": "Feature", "properties": { "fatalities": 0.0, "latitude": 51.04997807920202, "longitude": 3.1709314741513186 }, "geometry": { "type": "Point", "coordinates": [ 3.170931474151319, 51.04997807920202 ] } },
{ "type": "Feature", "properties": { "fatalities": 0.0, "latitude": -18.407138379126323, "longitude": 46.226419235895321 }, "geometry": { "type": "Point", "coordinates": [ 46.226419235895321, -18.407138379126323 ] } },
{ "type": "Feature", "properties": { "fatalities": 0.0, "latitude": -3.6064139172584762, "longitude": 119.25891994643347 }, "geometry": { "type": "Point", "coordinates": [ 119.258919946433465, -3.606413917258476 ] } },
{ "type": "Feature", "properties": { "fatalities": 0.0, "latitude": 39.649248689742279, "longitude": 67.149625951026124 }, "geometry": { "type": "Point", "coordinates": [ 67.149625951026124, 39.649248689742279 ] } },
{ "type": "Feature", "properties": { "fatalities": 2.0, "latitude": 9.071323224898288, "longitude": -79.697612408380522 }, "geometry": { "type": "Point", "coordinates": [ -79.697612408380522, 9.071323224898288 ] } },
{ "type": "Feature", "properties": { "fatalities": 0.0, "latitude": 45.335056767777246, "longitude": -0.16158850096969296 }, "geometry": { "type": "Point", "coordinates": [ -0.161588500969693, 45.335056767777246 ] } },
{ "type": "Feature", "properties": { "fatalities": 0.0, "latitude": 10.754494103946371, "longitude": -85.392359874217846 }, "geometry": { "type": "Point", "coordinates": [ -85.392359874217846, 10.754494103946371 ] } },
{ "type": "Feature", "properties": { "fatalities": 1.0, "latitude": 32.540603291440178, "longitude": 52.209696041613782 }, "geometry": { "type": "Point", "coordinates": [ 52.209696041613782, 32.540603291440178 ] } },
{ "type": "Feature", "properties": { "fatalities": 0.0, "latitude": 11.228240380459598, "longitude": 47.096610278025807 }, "geometry": { "type": "Point", "coordinates": [ 47.096610278025807, 11.228240380459598 ] } },
{ "type": "Feature", "properties": { "fatalities": 0.0, "latitude": 43.362430836999152, "longitude": -79.323516346539776 }, "geometry": { "type": "Point", "coordinates": [ -79.323516346539776, 43.362430836999152 ] } },
{ "type": "Feature", "properties": { "fatalities": 0.0, "latitude": -9.2487527552021724, "longitude": -72.45988336531552 }, "geometry": { "type": "Point", "coordinates": [ -72.45988336531552, -9.248752755202172 ] } },
{ "type": "Feature", "properties": { "fatalities": 2.0, "latitude": 37.211406282940857, "longitude": -76.390498999243931 }, "geometry": { "type": "Point", "coordinates": [ -76.390498999243931, 37.211406282940857 ] } },
{ "type": "Feature", "properties": { "fatalities": 0.0, "latitude": 1.2102134130898066, "longitude": 99.041787586205189 }, "geometry": { "type": "Point", "coordinates": [ 99.041787586205189, 1.210213413089807 ] } },
{ "type": "Feature", "properties": { "fatalities": 0.0, "latitude": 17.978636099719587, "longitude": -75.836642272602219 }, "geometry": { "type": "Point", "coordinates": [ -75.836642272602219, 17.978636099719587 ] } },
{ "type": "Feature", "properties": { "fatalities": 0.0, "latitude": 50.468290690580304, "longitude": 5.6987117604348443 }, "geometry": { "type": "Point", "coordinates": [ 5.698711760434844, 50.468290690580304 ] } },
{ "type": "Feature", "properties": { "fatalities": 0.0, "latitude": 51.630738181144892, "longitude": 90.078484789424991 }, "geometry": { "type": "Point", "coordinates": [ 90.078484789424991, 51.630738181144892 ] } },
{ "type": "Feature", "properties": { "fatalities": 0.0, "latitude": -19.274647051055311, "longitude": 27.44259490297431 }, "geometry": { "type": "Point", "coordinates": [ 27.44259490297431, -19.274647051055311 ] } },
{ "type": "Feature", "properties": { "fatalities": 16.0, "latitude": 15.741554436489338, "longitude": -10.678272268761051 }, "geometry": { "type": "Point", "coordinates": [ -10.678272268761051, 15.741554436489338 ] } },
{ "type": "Feature", "properties": { "fatalities": 0.0, "latitude": 17.731315819061148, "longitude": -71.20905674495981 }, "geometry": { "type": "Point", "coordinates": [ -71.20905674495981, 17.731315819061148 ] } },
{ "type": "Feature", "properties": { "fatalities": 1.0, "latitude": -14.31525731385636, "longitude": -47.406519607074834 }, "geometry": { "type": "Point", "coordinates": [ -47.406519607074834, -14.31525731385636 ] } },
{ "type": "Feature", "properties": { "fatalities": 0.0, "latitude": -6.1533121511006659, "longitude": -68.312505593237589 }, "geometry": { "type": "Point", "coordinates": [ -68.312505593237589, -6.153312151100666 ] } },
{ "type": "Feature", "properties": { "fatalities": 0.0, "latitude": -5.6117918874522399, "longitude": -60.883557203774089 }, "geometry": { "type": "Point", "coordinates": [ -60.883557203774089, -5.61179188745224 ] } },
{ "type": "Feature", "properties": { "fatalities": 0.0, "latitude": 41.829194581856285, "longitude": 9.9848948717111732 }, "geometry": { "type": "Point", "coordinates": [ 9.984894871711173, 41.829194581856285 ] } },
{ "type": "Feature", "properties": { "fatalities": 5.0, "latitude": -19.660513840492808, "longitude": -51.687817542949013 }, "geometry": { "type": "Point", "coordinates": [ -51.687817542949013, -19.660513840492808 ] } },
{ "type": "Feature", "properties": { "fatalities": 1.0, "latitude": 39.008687833628883, "longitude": 63.256502590497668 }, "geometry": { "type": "Point", "coordinates": [ 63.256502590497668, 39.008687833628883 ] } },
{ "type": "Feature", "properties": { "fatalities": 0.0, "latitude": 54.524471593598676, "longitude": 77.513367440461195 }, "geometry": { "type": "Point", "coordinates": [ 77.513367440461195, 54.524471593598676 ] } },
{ "type": "Feature", "properties": { "fatalities": 0.0, "latitude": 21.632839615779275, "longitude": -78.523316381726062 }, "geometry": { "type": "Point", "coordinates": [ -78.523316381726062, 21.632839615779275 ] } },
{ "type": "Feature", "properties": { "fatalities": 0.0, "latitude": 50.2343360473742, "longitude": 67.074192175051508 }, "geometry": { "type": "Point", "coordinates": [ 67.074192175051508, 50.2343360473742 ] } },
{ "type": "Feature", "properties": { "fatalities": 10.0, "latitude": 36.15282943014963, "longitude": 50.141989445750092 }, "geometry": { "type": "Point", "coordinates": [ 50.141989445750092, 36.15282943014963 ] } },
{ "type": "Feature", "properties": { "fatalities": 1.0, "latitude": 11.362657598739759, "longitude": -86.289876987645556 }, "geometry": { "type": "Point", "coordinates": [ -86.289876987645556, 11.362657598739759 ] } },
{ "type": "Feature", "properties": { "fatalities": 0.0, "latitude": -0.45130325015489647, "longitude": 132.84287768506604 }, "geometry": { "type": "Point", "coordinates": [ 132.842877685066043, -0.451303250154896 ] } },
{ "type": "Feature", "properties": { "fatalities": 3.0, "latitude": -4.6506699115549495, "longitude": 21.290877293425684 }, "geometry": { "type": "Point", "coordinates": [ 21.290877293425684, -4.650669911554949 ] } },
{ "type": "Feature", "properties": { "fatalities": 0.0, "latitude": 22.942187832083988, "longitude": 108.90074238903449 }, "geometry": { "type": "Point", "coordinates": [ 108.900742389034491, 22.942187832083988 ] } },
{ "type": "Feature", "properties": { "fatalities": 3.0, "latitude": 20.031885773061532, "longitude": -89.406235210230392 }, "geometry": { "type": "Point", "coordinates": [ -89.406235210230392, 20.031885773061532 ] } },
{ "type": "Feature", "properties": { "fatalities": 1.0, "latitude": 13.306467388698421, "longitude": 76.348242001760283 }, "geometry": { "type": "Point", "coordinates": [ 76.348242001760283, 13.306467388698421 ] } },
{ "type": "Feature", "properties": { "fatalities": 0.0, "latitude": 4.3515775045070413, "longitude": 73.709900497248341 }, "geometry": { "type": "Point", "coordinates": [ 73.709900497248341, 4.351577504507041 ] } },
{ "type": "Feature", "properties": { "fatalities": 0.0, "latitude": 43.83142143438323, "longitude": 86.965236393105727 }, "geometry": { "type": "Point", "coordinates": [ 86.965236393105727, 43.83142143438323 ] } },
{ "type": "Feature", "properties": { "fatalities": 1.0, "latitude": 6.8814818506559927, "longitude": 37.266516998704013 }, "geometry": { "type": "Point", "coordinates": [ 37.266516998704013, 6.881481850655993 ] } },
{ "type": "Feature", "properties": { "fatalities": 0.0, "latitude": 51.284508970411203, "longitude": 26.111120613991471 }, "geometry": { "type": "Point", "coordinates": [ 26.111120613991471, 51.284508970411203 ] } },
{ "type": "Feature", "properties": { "fatalities": 1.0, "latitude": 13.263645844333677, "longitude": 19.537934692399347 }, "geometry": { "type": "Point", "coordinates": [ 19.537934692399347, 13.263645844333677 ] } },
{ "type": "Feature", "properties": { "fatalities": 1.0, "latitude": -7.3430796773537512, "longitude": -60.030503641148485 }, "geometry": { "type": "Point", "coordinates": [ -60.030503641148485, -7.343079677353751 ] } },
{ "type": "Feature", "properties": { "fatalities": 0.0, "latitude": 37.256065485258745, "longitude": 126.53545798213622 }, "geometry": { "type": "Point", "coordinates": [ 126.535457982136222, 37.256065485258745 ] } },
{ "type": "Feature", "properties": { "fatalities": 0.0, "latitude": 34.233461489741558, "longitude": 58.801045620873715 }, "geometry": { "type": "Point", "coordinates": [ 58.801045620873715, 34.233461489741558 ] } },
{ "type": "Feature", "properties": { "fatalities": 0.0, "latitude": 7.2078171528333979, "longitude": 73.335807072699396 }, "geometry": { "type": "Point", "coordinates": [ 73.335807072699396, 7.207817152833398 ] } },
{ "type": "Feature", "properties": { "fatalities": 0.0, "latitude": 14.734691943904016, "longitude": 74.745780589676698 }, "geometry": { "type": "Point", "coordinates": [ 74.745780589676698, 14.734691943904016 ] } },
{ "type": "Feature", "properties": { "fatalities": 0.0, "latitude": 24.820500018439493, "longitude": 102.83956309929341 }, "geometry": { "type": "Point", "coordinates": [ 102.839563099293414, 24.820500018439493 ] } },
{ "type": "Feature", "properties": { "fatalities": 0.0, "latitude": 2.2865464707213818, "longitude": 51.897996470488408 }, "geometry": { "type": "Point", "coordinates": [ 51.897996470488408, 2.286546470721382 ] } },
{ "type": "Feature", "properties": { "fatalities": 0.0, "latitude": 11.108222579987588, "longitude": 48.050368701711989 }, "geometry": { "type": "Point", "coordinates": [ 48.050368701711989, 11.108222579987588 ] } },
{ "type": "Feature", "properties": { "fatalities": 0.0, "latitude": -8.8878020426155544, "longitude": -76.480849134987253 }, "geometry": { "type": "Point", "coordinates": [ -76.480849134987253, -8.887802042615554 ] } },
{ "type": "Feature", "properties": { "fatalities": 2.0, "latitude": -7.3530164204903565, "longitude": -47.217625684022813 }, "geometry": { "type": "Point", "coordinates": [ -47.217625684022813, -7.353016420490357 ] } },
{ "type": "Feature", "properties": { "fatalities": 0.0, "latitude": 50.498904754962702, "longitude": 59.118419556171851 }, "geometry": { "type": "Point", "coordinates": [ 59.118419556171851, 50.498904754962702 ] } },
{ "type": "Feature", "properties": { "fatalities": 1.0, "latitude": 16.199034200082071, "longitude": 75.975098307686821 }, "geometry": { "type": "Point", "coordinates": [ 75.975098307686821, 16.199034200082071 ] } },
{ "type": "Feature", "properties": { "fatalities": 0.0, "latitude": 18.308418497142597, "longitude": -69.342268905059768 }, "geometry": { "type": "Point", "coordinates": [ -69.342268905059768, 18.308418497142597 ] } },
{ "type": "Feature", "properties": { "fatalities": 0.0, "latitude": 0.53632769015060011, "longitude": 120.65833234454838 }, "geometry": { "type": "Point", "coordinates": [ 120.658332344548384, 0.5363276901506 ] } },
{ "type": "Feature", "properties": { "fatalities": 0.0, "latitude": -7.4112309367314442, "longitude": -45.168015262965199 }, "geometry": { "type": "Point", "coordinates": [ -45.168015262965199, -7.411230936731444 ] } },
{ "type": "Feature", "properties": { "fatalities": 4.0, "latitude": -2.5411991082964098, "longitude": 38.219785180904324 }, "geometry": { "type": "Point", "coordinates": [ 38.219785180904324, -2.54119910829641 ] } },
{ "type": "Feature", "properties": { "fatalities": 0.0, "latitude": -20.317237017898702, "longitude": 28.003667121454679 }, "geometry": { "type": "Point", "coordinates": [ 28.003667121454679, -20.317237017898702 ] } },
{ "type": "Feature", "properties": { "fatalities": 1.0, "latitude": 37.33114101707438, "longitude": 67.162987436217591 }, "geometry": { "type": "Point", "coordinates": [ 67.162987436217591, 37.33114101707438 ] } },
{ "type": "Feature", "properties": { "fatalities": 1.0, "latitude": -20.392782176067719, "longitude": -55.753700516281491 }, "geometry": { "type": "Point", "coordinates": [ -55.753700516281491, -20.392782176067719 ] } },
{ "type": "Feature", "properties": { "fatalities": 0.0, "latitude": -1.0338678498639065, "longitude": 117.21389586236623 }, "geometry": { "type": "Point", "coordinates": [ 117.213895862366229, -1.033867849863906 ] } },
{ "type": "Feature", "properties": { "fatalities": 0.0, "latitude": 33.704516507723746, "longitude": -78.639660963725973 }, "geometry": { "type": "Point", "coordinates": [ -78.639660963725973, 33.704516507723746 ] } },
{ "type": "Feature", "properties": { "fatalities": 3.0, "latitude": 0.32139011257446609, "longitude": -80.648150492654864 }, "geometry": { "type": "Point", "coordinates": [ -80.648150492654864, 0.321390112574466 ] } },
{ "type": "Feature", "properties": { "fatalities": 0.0, "latitude": 8.5801423567596249, "longitude": -13.440708518473128 }, "geometry": { "type": "Point", "coordinates": [ -13.440708518473128, 8.580142356759625 ] } },
{ "type": "Feature", "properties": { "fatalities": 1.0, "latitude": 36.854429818419611, "longitude": 51.139599449075142 }, "geometry": { "type": "Point", "coordinates": [ 51.139599449075142, 36.854429818419611 ] } },
{ "type": "Feature", "properties": { "fatalities": 3.0, "latitude": -18.878939511926191, "longitude": -54.694143800748087 }, "geometry": { "type": "Point", "coordinates": [ -54.694143800748087, -18.878939511926191 ] } },
{ "type": "Feature", "properties": { "fatalities": 0.0, "latitude": 3.7734920346287231, "longitude": 27.055855164645873 }, "geometry": { "type": "Point", "coordinates": [ 27.055855164645873, 3.773492034628723 ] } },
{ "type": "Feature", "properties": { "fatalities": 2.0, "latitude": -4.8591341551979284, "longitude": 24.761230077772467 }, "geometry": { "type": "Point", "coordinates": [ 24.761230077772467, -4.859134155197928 ] } },
{ "type": "Feature", "properties": { "fatalities": 0.0, "latitude": -5.6798521332093586, "longitude": 21.784949333404263 }, "geometry": { "type": "Point", "coordinates": [ 21.784949333404263, -5.679852133209359 ] } },
{ "type": "Feature", "properties": { "fatalities": 2.0, "latitude": -18.420054201767275, "longitude": -53.672154378064093 }, "geometry": { "type": "Point", "coordinates": [ -53.672154378064093, -18.420054201767275 ] } },
{ "type": "Feature", "properties": { "fatalities": 0.0, "latitude": 50.454141385587675, "longitude": 25.162485907176247 }, "geometry": { "type": "Point", "coordinates": [ 25.162485907176247, 50.454141385587675 ] } },
{ "type": "Feature", "properties": { "fatalities": 0.0, "latitude": 50.132600612377665, "longitude": 2.5791415627617127 }, "geometry": { "type": "Point", "coordinates": [ 2.579141562761713, 50.132600612377665 ] } },
{ "type": "Feature", "properties": { "fatalities": 0.0, "latitude": 39.792791429633979, "longitude": -86.763151615262089 }, "geometry": { "type": "Point", "coordinates": [ -86.763151615262089, 39.792791429633979 ] } },
{ "type": "Feature", "properties": { "fatalities": 0.0, "latitude": 4.3347699687661256, "longitude": 47.867624408570883 }, "geometry": { "type": "Point", "coordinates": [ 47.867624408570883, 4.334769968766126 ] } },
{ "type": "Feature", "properties": { "fatalities": 0.0, "latitude": 46.859374323597123, "longitude": 52.382022298624285 }, "geometry": { "type": "Point", "coordinates": [ 52.382022298624285, 46.859374323597123 ] } },
{ "type": "Feature", "properties": { "fatalities": 1.0, "latitude": 35.029134485650964, "longitude": 64.734589498441338 }, "geometry": { "type": "Point", "coordinates": [ 64.734589498441338, 35.029134485650964 ] } },
{ "type": "Feature", "properties": { "fatalities": 3.0, "latitude": 5.3164286835235384, "longitude": -2.3721150681608392 }, "geometry": { "type": "Point", "coordinates": [ -2.372115068160839, 5.316428683523538 ] } },
{ "type": "Feature", "properties": { "fatalities": 0.0, "latitude": -10.139299006478984, "longitude": 28.582612300075741 }, "geometry": { "type": "Point", "coordinates": [ 28.582612300075741, -10.139299006478984 ] } },
{ "type": "Feature", "properties": { "fatalities": 1.0, "latitude": -15.339279121609993, "longitude": 50.022259262020036 }, "geometry": { "type": "Point", "coordinates": [ 50.022259262020036, -15.339279121609993 ] } },
{ "type": "Feature", "properties": { "fatalities": 1.0, "latitude": 13.740314036394482, "longitude": 48.219696555102665 }, "geometry": { "type": "Point", "coordinates": [ 48.219696555102665, 13.740314036394482 ] } },
{ "type": "Feature", "properties": { "fatalities": 1.0, "latitude": 15.815645629351804, "longitude": 74.955283534099138 }, "geometry": { "type": "Point", "coordinates": [ 74.955283534099138, 15.815645629351804 ] } },
{ "type": "Feature", "properties": { "fatalities": 0.0, "latitude": 39.765480501818956, "longitude": 125.81445206337175 }, "geometry": { "type": "Point", "coordinates": [ 125.814452063371746, 39.765480501818956 ] } },
{ "type": "Feature", "properties": { "fatalities": 0.0, "latitude": -53.294669384130678, "longitude": -71.791514939784435 }, "geometry": { "type": "Point", "coordinates": [ -71.791514939784435, -53.294669384130678 ] } },
{ "type": "Feature", "properties": { "fatalities": 1.0, "latitude": -2.8402938103834967, "longitude": -72.935200542451199 }, "geometry": { "type": "Point", "coordinates": [ -72.935200542451199, -2.840293810383497 ] } },
{ "type": "Feature", "properties": { "fatalities": 0.0, "latitude": 23.647606761347738, "longitude": 70.323929545076382 }, "geometry": { "type": "Point", "coordinates": [ 70.323929545076382, 23.647606761347738 ] } },
{ "type": "Feature", "properties": { "fatalities": 2.0, "latitude": 48.769954570271622, "longitude": 21.652087261000538 }, "geometry": { "type": "Point", "coordinates": [ 21.652087261000538, 48.769954570271622 ] } },
{ "type": "Feature", "properties": { "fatalities": 0.0, "latitude": -3.7735236653715813, "longitude": -75.002861371282137 }, "geometry": { "type": "Point", "coordinates": [ -75.002861371282137, -3.773523665371581 ] } },
{ "type": "Feature", "properties": { "fatalities": 0.0, "latitude": 33.656980818066081, "longitude": -84.077499962080751 }, "geometry": { "type": "Point", "coordinates": [ -84.077499962080751, 33.656980818066081 ] } },
{ "type": "Feature", "properties": { "fatalities": 2.0, "latitude": 26.916276029058565, "longitude": 54.48769111499216 }, "geometry": { "type": "Point", "coordinates": [ 54.48769111499216, 26.916276029058565 ] } },
{ "type": "Feature", "properties": { "fatalities": 1.0, "latitude": 12.112228640556548, "longitude": -71.70047868649246 }, "geometry": { "type": "Point", "coordinates": [ -71.70047868649246, 12.112228640556548 ] } },
{ "type": "Feature", "properties": { "fatalities": 0.0, "latitude": 37.231011652914042, "longitude": 13.980029450103045 }, "geometry": { "type": "Point", "coordinates": [ 13.980029450103045, 37.231011652914042 ] } },
{ "type": "Feature", "properties": { "fatalities": 0.0, "latitude": 54.54564505153899, "longitude": 100.26442462087057 }, "geometry": { "type": "Point", "coordinates": [ 100.264424620870571, 54.54564505153899 ] } },
{ "type": "Feature", "properties": { "fatalities": 0.0, "latitude": 28.769343092732541, "longitude": 52.010107414797297 }, "geometry": { "type": "Point", "coordinates": [ 52.010107414797297, 28.769343092732541 ] } },
{ "type": "Feature", "properties": { "fatalities": 0.0, "latitude": 25.149863023182448, "longitude": 119.29300035788852 }, "geometry": { "type": "Point", "coordinates": [ 119.293000357888516, 25.149863023182448 ] } },
{ "type": "Feature", "properties": { "fatalities": 0.0, "latitude": 54.018123737120675, "longitude": 38.505153288926415 }, "geometry": { "type": "Point", "coordinates": [ 38.505153288926415, 54.018123737120675 ] } },
{ "type": "Feature", "properties": { "fatalities": 0.0, "latitude": 5.8583904688156592, "longitude": -67.52800263046926 }, "geometry": { "type": "Point", "coordinates": [ -67.52800263046926, 5.858390468815659 ] } },
{ "type": "Feature", "properties": { "fatalities": 0.0, "latitude": -20.479340841043747, "longitude": 31.750011110512784 }, "geometry": { "type": "Point", "coordinates": [ 31.750011110512784, -20.479340841043747 ] } },
{ "type": "Feature", "properties": { "fatalities": 0.0, "latitude": -21.35366951126208, "longitude": 28.569952620554165 }, "geometry": { "type": "Point", "coordinates": [ 28.569952620554165, -21.35366951126208 ] } },
{ "type": "Feature", "properties": { "fatalities": 2.0, "latitude": -17.904938037557354, "longitude": 178.89519278766295 }, "geometry": { "type": "Point", "coordinates": [ 178.89519278766295, -17.904938037557354 ] } },
{ "type": "Feature", "properties": { "fatalities": 1.0, "latitude": -20.399001483795129, "longitude": -48.621165292811206 }, "geometry": { "type": "Point", "coordinates": [ -48.621165292811206, -20.399001483795129 ] } },
{ "type": "Feature", "properties": { "fatalities": 0.0, "latitude": -8.4010587444767406, "longitude": -75.415731453224183 }, "geometry": { "type": "Point", "coordinates": [ -75.415731453224183, -8.401058744476741 ] } },
{ "type": "Feature", "properties": { "fatalities": 1.0, "latitude": 7.9629333906241779, "longitude": 45.75654255703477 }, "geometry": { "type": "Point", "coordinates": [ 45.75654255703477, 7.962933390624178 ] } },
{ "type": "Feature", "properties": { "fatalities": 0.0, "latitude": 49.514402714291229, "longitude": 5.0596808594943745 }, "geometry": { "type": "Point", "coordinates": [ 5.059680859494375, 49.514402714291229 ] } },
{ "type": "Feature", "properties": { "fatalities": 0.0, "latitude": -25.456522053879606, "longitude": 32.161928184528044 }, "geometry": { "type": "Point", "coordinates": [ 32.161928184528044, -25.456522053879606 ] } },
{ "type": "Feature", "properties": { "fatalities": 1.0, "latitude": 12.517549958586734, "longitude": 43.832058249358042 }, "geometry": { "type": "Point", "coordinates": [ 43.832058249358042, 12.517549958586734 ] } },
{ "type": "Feature", "properties": { "fatalities": 0.0, "latitude": -16.347804456533925, "longitude": -58.52130257117183 }, "geometry": { "type": "Point", "coordinates": [ -58.52130257117183, -16.347804456533925 ] } },
{ "type": "Feature", "properties": { "fatalities": 0.0, "latitude": 41.549518162662018, "longitude": 127.8370545586107 }, "geometry": { "type": "Point", "coordinates": [ 127.837054558610703, 41.549518162662018 ] } },
{ "type": "Feature", "properties": { "fatalities": 0.0, "latitude": 44.819303491457056, "longitude": 3.5892484959185555 }, "geometry": { "type": "Point", "coordinates": [ 3.589248495918556, 44.819303491457056 ] } },
{ "type": "Feature", "properties": { "fatalities": 1.0, "latitude": 27.828447679261526, "longitude": 61.76489113766592 }, "geometry": { "type": "Point", "coordinates": [ 61.76489113766592, 27.828447679261526 ] } },
{ "type": "Feature", "properties": { "fatalities": 0.0, "latitude": 10.61891486247808, "longitude": 51.711748988783043 }, "geometry": { "type": "Point", "coordinates": [ 51.711748988783043, 10.61891486247808 ] } },
{ "type": "Feature", "properties": { "fatalities": 0.0, "latitude": -13.897421937111869, "longitude": -42.207266414823515 }, "geometry": { "type": "Point", "coordinates": [ -42.207266414823515, -13.897421937111869 ] } },
{ "type": "Feature", "properties": { "fatalities": 0.0, "latitude": 66.968017955622074, "longitude": 66.841504791482379 }, "geometry": { "type": "Point", "coordinates": [ 66.841504791482379, 66.968017955622074 ] } },
{ "type": "Feature", "properties": { "fatalities": 0.0, "latitude": -11.517601222514331, "longitude": 38.67256882862462 }, "geometry": { "type": "Point", "coordinates": [ 38.67256882862462, -11.517601222514331 ] } },
{ "type": "Feature", "properties": { "fatalities": 5.0, "latitude": 14.558215225431594, "longitude": -82.950102420244122 }, "geometry": { "type": "Point", "coordinates": [ -82.950102420244122, 14.558215225431594 ] } },
{ "type": "Feature", "properties": { "fatalities": 0.0, "latitude": -7.7947127671982051, "longitude": 109.42234492796668 }, "geometry": { "type": "Point", "coordinates": [ 109.422344927966677, -7.794712767198205 ] } },
{ "type": "Feature", "properties": { "fatalities": 0.0, "latitude": 9.1202245471121941, "longitude": 50.656348179379229 }, "geometry": { "type": "Point", "coordinates": [ 50.656348179379229, 9.120224547112194 ] } },
{ "type": "Feature", "properties": { "fatalities": 0.0, "latitude": 14.358501865378354, "longitude": -60.894324720202604 }, "geometry": { "type": "Point", "coordinates": [ -60.894324720202604, 14.358501865378354 ] } },
{ "type": "Feature", "properties": { "fatalities": 0.0, "latitude": 29.36505887551953, "longitude": 71.700679644502856 }, "geometry": { "type": "Point", "coordinates": [ 71.700679644502856, 29.36505887551953 ] } },
{ "type": "Feature", "properties": { "fatalities": 0.0, "latitude": 10.396586950514491, "longitude": -5.8350446369257742 }, "geometry": { "type": "Point", "coordinates": [ -5.835044636925774, 10.396586950514491 ] } },
{ "type": "Feature", "properties": { "fatalities": 0.0, "latitude": 56.972147010983136, "longitude": 36.429283815929992 }, "geometry": { "type": "Point", "coordinates": [ 36.429283815929992, 56.972147010983136 ] } },
{ "type": "Feature", "properties": { "fatalities": 0.0, "latitude": 2.7452104907799915, "longitude": -61.426843645127818 }, "geometry": { "type": "Point", "coordinates": [ -61.426843645127818, 2.745210490779991 ] } },
{ "type": "Feature", "properties": { "fatalities": 1.0, "latitude": -25.214996848436478, "longitude": -47.729553327946626 }, "geometry": { "type": "Point", "coordinates": [ -47.729553327946626, -25.214996848436478 ] } },
{ "type": "Feature", "properties": { "fatalities": 1.0, "latitude": 8.9492033034338156, "longitude": 44.204389438027917 }, "geometry": { "type": "Point", "coordinates": [ 44.204389438027917, 8.949203303433816 ] } },
{ "type": "Feature", "properties": { "fatalities": 2.0, "latitude": -18.451277304942487, "longitude": 45.081539728352823 }, "geometry": { "type": "Point", "coordinates": [ 45.081539728352823, -18.451277304942487 ] } },
{ "type": "Feature", "properties": { "fatalities": 0.0, "latitude": 17.655160489060293, "longitude": -16.17744484149631 }, "geometry": { "type": "Point", "coordinates": [ -16.17744484149631, 17.655160489060293 ] } },
{ "type": "Feature", "properties": { "fatalities": 1.0, "latitude": 19.570727005273916, "longitude": 82.664295920187413 }, "geometry": { "type": "Point", "coordinates": [ 82.664295920187413, 19.570727005273916 ] } },
{ "type": "Feature", "properties": { "fatalities": 1.0, "latitude": 52.237633080224164, "longitude": 23.570959570178051 }, "geometry": { "type": "Point", "coordinates": [ 23.570959570178051, 52.237633080224164 ] } },
{ "type": "Feature", "properties": { "fatalities": 0.0, "latitude": 41.135635137889921, "longitude": 13.783194217365665 }, "geometry": { "type": "Point", "coordinates": [ 13.783194217365665, 41.135635137889921 ] } },
{ "type": "Feature", "properties": { "fatalities": 1.0, "latitude": 6.9394062298990109, "longitude": 122.83081694805459 }, "geometry": { "type": "Point", "coordinates": [ 122.83081694805459, 6.939406229899011 ] } },
{ "type": "Feature", "properties": { "fatalities": 0.0, "latitude": 36.337793501202292, "longitude": 21.955478422464179 }, "geometry": { "type": "Point", "coordinates": [ 21.955478422464179, 36.337793501202292 ] } },
{ "type": "Feature", "properties": { "fatalities": 0.0, "latitude": 4.5343713959887966, "longitude": -1.7769475680594591 }, "geometry": { "type": "Point", "coordinates": [ -1.776947568059459, 4.534371395988797 ] } },
{ "type": "Feature", "properties": { "fatalities": 2.0, "latitude": 13.235913760910588, "longitude": 20.708333203118979 }, "geometry": { "type": "Point", "coordinates": [ 20.708333203118979, 13.235913760910588 ] } },
{ "type": "Feature", "properties": { "fatalities": 0.0, "latitude": -0.49926145772419445, "longitude": 17.149622326003431 }, "geometry": { "type": "Point", "coordinates": [ 17.149622326003431, -0.499261457724194 ] } },
{ "type": "Feature", "properties": { "fatalities": 0.0, "latitude": 15.783844050784312, "longitude": -61.70995700054489 }, "geometry": { "type": "Point", "coordinates": [ -61.70995700054489, 15.783844050784312 ] } },
{ "type": "Feature", "properties": { "fatalities": 0.0, "latitude": 13.596343502623226, "longitude": 49.179353185832376 }, "geometry": { "type": "Point", "coordinates": [ 49.179353185832376, 13.596343502623226 ] } },
{ "type": "Feature", "properties": { "fatalities": 0.0, "latitude": -8.2859283197494644, "longitude": 156.04125437508972 }, "geometry": { "type": "Point", "coordinates": [ 156.041254375089721, -8.285928319749464 ] } },
{ "type": "Feature", "properties": { "fatalities": 0.0, "latitude": -2.4080637535795937, "longitude": 139.70844659656441 }, "geometry": { "type": "Point", "coordinates": [ 139.708446596564414, -2.408063753579594 ] } },
{ "type": "Feature", "properties": { "fatalities": 1.0, "latitude": -8.1061830712801566, "longitude": 28.69270727357592 }, "geometry": { "type": "Point", "coordinates": [ 28.69270727357592, -8.106183071280157 ] } },
{ "type": "Feature", "properties": { "fatalities": 0.0, "latitude": -2.5204121900156493, "longitude": 104.14623982178888 }, "geometry": { "type": "Point", "coordinates": [ 104.146239821788882, -2.520412190015649 ] } },
{ "type": "Feature", "properties": { "fatalities": 0.0, "latitude": 46.544406449101977, "longitude": 43.979051101463469 }, "geometry": { "type": "Point", "coordinates": [ 43.979051101463469, 46.544406449101977 ] } },
{ "type": "Feature", "properties": { "fatalities": 0.0, "latitude": 32.275151848642068, "longitude": 50.059018141420147 }, "geometry": { "type": "Point", "coordinates": [ 50.059018141420147, 32.275151848642068 ] } },
{ "type": "Feature", "properties": { "fatalities": 2.0, "latitude": 14.270801395916845, "longitude": 15.438450636699018 }, "geometry": { "type": "Point", "coordinates": [ 15.438450636699018, 14.270801395916845 ] } },
{ "type": "Feature", "properties": { "fatalities": 1.0, "latitude": -28.293558497703085, "longitude": 30.090482090840773 }, "geometry": { "type": "Point", "coordinates": [ 30.090482090840773, -28.293558497703085 ] } },
{ "type": "Feature", "properties": { "fatalities": 1.0, "latitude": 9.0706950801224764, "longitude": -64.644497608113852 }, "geometry": { "type": "Point", "coordinates": [ -64.644497608113852, 9.070695080122476 ] } },
{ "type": "Feature", "properties": { "fatalities": 0.0, "latitude": 17.750517957796127, "longitude": 93.974127231160807 }, "geometry": { "type": "Point", "coordinates": [ 93.974127231160807, 17.750517957796127 ] } },
{ "type": "Feature", "properties": { "fatalities": 0.0, "latitude": -37.953864306210448, "longitude": 144.67178976145317 }, "geometry": { "type": "Point", "coordinates": [ 144.671789761453169, -37.953864306210448 ] } },
{ "type": "Feature", "properties": { "fatalities": 1.0, "latitude": 37.214521100198034, "longitude": 46.289942499330245 }, "geometry": { "type": "Point", "coordinates": [ 46.289942499330245, 37.214521100198034 ] } },
{ "type": "Feature", "properties": { "fatalities": 0.0, "latitude": -8.7460381877896829, "longitude": 143.68683927637369 }, "geometry": { "type": "Point", "coordinates": [ 143.686839276373689, -8.746038187789683 ] } },
{ "type": "Feature", "properties": { "fatalities": 1.0, "latitude": 1.2394737452126423, "longitude": 39.388278157946225 }, "geometry": { "type": "Point", "coordinates": [ 39.388278157946225, 1.239473745212642 ] } },
{ "type": "Feature", "properties": { "fatalities": 0.0, "latitude": -16.372523173745591, "longitude": 48.420093304448123 }, "geometry": { "type": "Point", "coordinates": [ 48.420093304448123, -16.372523173745591 ] } },
{ "type": "Feature", "properties": { "fatalities": 2.0, "latitude": 9.1060009091179541, "longitude": -71.954356814733515 }, "geometry": { "type": "Point", "coordinates": [ -71.954356814733515, 9.106000909117954 ] } },
{ "type": "Feature", "properties": { "fatalities": 1.0, "latitude": -21.501212394851528, "longitude": 32.331978342087346 }, "geometry": { "type": "Point", "coordinates": [ 32.331978342087346, -21.501212394851528 ] } },
{ "type": "Feature", "properties": { "fatalities": 2.0, "latitude": 36.460809968930747, "longitude": 45.390180980055945 }, "geometry": { "type": "Point", "coordinates": [ 45.390180980055945, 36.460809968930747 ] } },
{ "type": "Feature", "properties": { "fatalities": 3.0, "latitude": -11.474337920968072, "longitude": -46.298345228197419 }, "geometry": { "type": "Point", "coordinates": [ -46.298345228197419, -11.474337920968072 ] } },
{ "type": "Feature", "properties": { "fatalities": 1.0, "latitude": 36.720732411463977, "longitude": 54.786727352025572 }, "geometry": { "type": "Point", "coordinates": [ 54.786727352025572, 36.720732411463977 ] } },
{ "type": "Feature", "properties": { "fatalities": 1.0, "latitude": -22.393898243998105, "longitude": 43.961269617910588 }, "geometry": { "type": "Point", "coordinates": [ 43.961269617910588, -22.393898243998105 ] } },
{ "type": "Feature", "properties": { "fatalities": 0.0, "latitude": 11.019823523819442, "longitude": 28.708642188783102 }, "geometry": { "type": "Point", "coordinates": [ 28.708642188783102, 11.019823523819442 ] } },
{ "type": "Feature", "properties": { "fatalities": 5.0, "latitude": 5.766085727181645, "longitude": 23.822484196448627 }, "geometry": { "type": "Point", "coordinates": [ 23.822484196448627, 5.766085727181645 ] } },
{ "type": "Feature", "properties": { "fatalities": 0.0, "latitude": 55.014896797659098, "longitude": -7.1963980768677756 }, "geometry": { "type": "Point", "coordinates": [ -7.196398076867776, 55.014896797659098 ] } },
{ "type": "Feature", "properties": { "fatalities": 0.0, "latitude": 60.229607421566435, "longitude": 59.020688295965627 }, "geometry": { "type": "Point", "coordinates": [ 59.020688295965627, 60.229607421566435 ] } },
{ "type": "Feature", "properties": { "fatalities": 0.0, "latitude": -9.5947913623194054, "longitude": 149.59426727934419 }, "geometry": { "type": "Point", "coordinates": [ 149.594267279344194, -9.594791362319405 ] } },
{ "type": "Feature", "properties": { "fatalities": 0.0, "latitude": 28.25882999275186, "longitude": 95.998924954368633 }, "geometry": { "type": "Point", "coordinates": [ 95.998924954368633, 28.25882999275186 ] } },
{ "type": "Feature", "properties": { "fatalities": 0.0, "latitude": 20.759194293276341, "longitude": -75.297173223532397 }, "geometry": { "type": "Point", "coordinates": [ -75.297173223532397, 20.759194293276341 ] } },
{ "type": "Feature", "properties": { "fatalities": 5.0, "latitude": 11.5400158743753, "longitude": 34.989124071486103 }, "geometry": { "type": "Point", "coordinates": [ 34.989124071486103, 11.5400158743753 ] } },
{ "type": "Feature", "properties": { "fatalities": 2.0, "latitude": -17.093602383079787, "longitude": -48.519772063235713 }, "geometry": { "type": "Point", "coordinates": [ -48.519772063235713, -17.093602383079787 ] } },
{ "type": "Feature", "properties": { "fatalities": 1.0, "latitude": 11.775605749985601, "longitude": -85.258304173862911 }, "geometry": { "type": "Point", "coordinates": [ -85.258304173862911, 11.775605749985601 ] } },
{ "type": "Feature", "properties": { "fatalities": 0.0, "latitude": 31.264718056165886, "longitude": 15.60494901211336 }, "geometry": { "type": "Point", "coordinates": [ 15.60494901211336, 31.264718056165886 ] } },
{ "type": "Feature", "properties": { "fatalities": 1.0, "latitude": -4.4068026411383201, "longitude": -62.652784017848496 }, "geometry": { "type": "Point", "coordinates": [ -62.652784017848496, -4.40680264113832 ] } },
{ "type": "Feature", "properties": { "fatalities": 0.0, "latitude": 15.270999180436103, "longitude": -96.314641425328944 }, "geometry": { "type": "Point", "coordinates": [ -96.314641425328944, 15.270999180436103 ] } },
{ "type": "Feature", "properties": { "fatalities": 1.0, "latitude": 5.07930293690581, "longitude": 37.230999682747786 }, "geometry": { "type": "Point", "coordinates": [ 37.230999682747786, 5.07930293690581 ] } },
{ "type": "Feature", "properties": { "fatalities": 0.0, "latitude": 55.151116308789526, "longitude": -5.4407903077943915 }, "geometry": { "type": "Point", "coordinates": [ -5.440790307794392, 55.151116308789526 ] } },
{ "type": "Feature", "properties": { "fatalities": 0.0, "latitude": 39.332048637886835, "longitude": 21.316955108981411 }, "geometry": { "type": "Point", "coordinates": [ 21.316955108981411, 39.332048637886835 ] } },
{ "type": "Feature", "properties": { "fatalities": 0.0, "latitude": -18.226847378068683, "longitude": 26.886770420844613 }, "geometry": { "type": "Point", "coordinates": [ 26.886770420844613, -18.226847378068683 ] } },
{ "type": "Feature", "properties": { "fatalities": 2.0, "latitude": 34.330583934184176, "longitude": 46.122846657043937 }, "geometry": { "type": "Point", "coordinates": [ 46.122846657043937, 34.330583934184176 ] } },
{ "type": "Feature", "properties": { "fatalities": 0.0, "latitude": 47.353121767535555, "longitude": 9.3940491904957319 }, "geometry": { "type": "Point", "coordinates": [ 9.394049190495732, 47.353121767535555 ] } },
{ "type": "Feature", "properties": { "fatalities": 0.0, "latitude": 54.221596041079188, "longitude": 35.127287868629786 }, "geometry": { "type": "Point", "coordinates": [ 35.127287868629786, 54.221596041079188 ] } },
{ "type": "Feature", "properties": { "fatalities": 0.0, "latitude": 35.140969455851305, "longitude": -81.460291408399868 }, "geometry": { "type": "Point", "coordinates": [ -81.460291408399868, 35.140969455851305 ] } },
{ "type": "Feature", "properties": { "fatalities": 0.0, "latitude": 11.780924497425433, "longitude": -11.721212491066035 }, "geometry": { "type": "Point", "coordinates": [ -11.721212491066035, 11.780924497425433 ] } },
{ "type": "Feature", "properties": { "fatalities": 1.0, "latitude": 38.064363420060374, "longitude": -86.237767162340674 }, "geometry": { "type": "Point", "coordinates": [ -86.237767162340674, 38.064363420060374 ] } },
{ "type": "Feature", "properties": { "fatalities": 0.0, "latitude": -17.785229980108966, "longitude": -45.423513553376075 }, "geometry": { "type": "Point", "coordinates": [ -45.423513553376075, -17.785229980108966 ] } },
{ "type": "Feature", "properties": { "fatalities": 0.0, "latitude": 51.00744147234029, "longitude": 1.6337703008092801 }, "geometry": { "type": "Point", "coordinates": [ 1.63377030080928, 51.00744147234029 ] } },
{ "type": "Feature", "properties": { "fatalities": 0.0, "latitude": 8.8219532297981225, "longitude": -8.0591034592041044 }, "geometry": { "type": "Point", "coordinates": [ -8.059103459204104, 8.821953229798122 ] } },
{ "type": "Feature", "properties": { "fatalities": 0.0, "latitude": -6.6350134654680009, "longitude": -69.308780969692179 }, "geometry": { "type": "Point", "coordinates": [ -69.308780969692179, -6.635013465468001 ] } },
{ "type": "Feature", "properties": { "fatalities": 0.0, "latitude": -21.342382205887059, "longitude": 45.705458554616321 }, "geometry": { "type": "Point", "coordinates": [ 45.705458554616321, -21.342382205887059 ] } },
{ "type": "Feature", "properties": { "fatalities": 1.0, "latitude": 28.510774848514238, "longitude": -95.275252620682778 }, "geometry": { "type": "Point", "coordinates": [ -95.275252620682778, 28.510774848514238 ] } },
{ "type": "Feature", "properties": { "fatalities": 0.0, "latitude": -0.93108350285881314, "longitude": 102.57494976155085 }, "geometry": { "type": "Point", "coordinates": [ 102.574949761550855, -0.931083502858813 ] } },
{ "type": "Feature", "properties": { "fatalities": 0.0, "latitude": -1.6704854558615556, "longitude": 5.4950028489463714 }, "geometry": { "type": "Point", "coordinates": [ 5.495002848946371, -1.670485455861556 ] } },
{ "type": "Feature", "properties": { "fatalities": 1.0, "latitude": -28.698488524119711, "longitude": -54.090672799095273 }, "geometry": { "type": "Point", "coordinates": [ -54.090672799095273, -28.698488524119711 ] } },
{ "type": "Feature", "properties": { "fatalities": 0.0, "latitude": 43.327777465770623, "longitude": -1.164164280865192 }, "geometry": { "type": "Point", "coordinates": [ -1.164164280865192, 43.327777465770623 ] } },
{ "type": "Feature", "properties": { "fatalities": 1.0, "latitude": 24.900201094750226, "longitude": 75.644420208471772 }, "geometry": { "type": "Point", "coordinates": [ 75.644420208471772, 24.900201094750226 ] } },
{ "type": "Feature", "properties": { "fatalities": 2.0, "latitude": -6.3205075690864092, "longitude": -41.027874601174972 }, "geometry": { "type": "Point", "coordinates": [ -41.027874601174972, -6.320507569086409 ] } },
{ "type": "Feature", "properties": { "fatalities": 0.0, "latitude": 40.01747693100306, "longitude": 119.95574503109852 }, "geometry": { "type": "Point", "coordinates": [ 119.955745031098516, 40.01747693100306 ] } },
{ "type": "Feature", "properties": { "fatalities": 0.0, "latitude": 12.363402562854715, "longitude": 16.638847041555653 }, "geometry": { "type": "Point", "coordinates": [ 16.638847041555653, 12.363402562854715 ] } },
{ "type": "Feature", "properties": { "fatalities": 0.0, "latitude": 48.449927287668253, "longitude": 11.702398789721208 }, "geometry": { "type": "Point", "coordinates": [ 11.702398789721208, 48.449927287668253 ] } },
{ "type": "Feature", "properties": { "fatalities": 0.0, "latitude": 39.622577420398621, "longitude": 64.522504728410496 }, "geometry": { "type": "Point", "coordinates": [ 64.522504728410496, 39.622577420398621 ] } },
{ "type": "Feature", "properties": { "fatalities": 1.0, "latitude": 48.739288649265589, "longitude": 23.328998422939584 }, "geometry": { "type": "Point", "coordinates": [ 23.328998422939584, 48.739288649265589 ] } },
{ "type": "Feature", "properties": { "fatalities": 2.0, "latitude": 5.9581511359488095, "longitude": 18.339317119758984 }, "geometry": { "type": "Point", "coordinates": [ 18.339317119758984, 5.95815113594881 ] } },
{ "type": "Feature", "properties": { "fatalities": 1.0, "latitude": 18.614883532294836, "longitude": -71.129198906587476 }, "geometry": { "type": "Point", "coordinates": [ -71.129198906587476, 18.614883532294836 ] } },
{ "type": "Feature", "properties": { "fatalities": 0.0, "latitude": 21.512026187004889, "longitude": -88.090375876978811 }, "geometry": { "type": "Point", "coordinates": [ -88.090375876978811, 21.512026187004889 ] } },
{ "type": "Feature", "properties": { "fatalities": 1.0, "latitude": 34.372398880734515, "longitude": -89.517939124570034 }, "geometry": { "type": "Point", "coordinates": [ -89.517939124570034, 34.372398880734515 ] } },
{ "type": "Feature", "properties": { "fatalities": 0.0, "latitude": 29.785934350008926, "longitude": 121.11746244036354 }, "geometry": { "type": "Point", "coordinates": [ 121.117462440363539, 29.785934350008926 ] } },
{ "type": "Feature", "properties": { "fatalities": 0.0, "latitude": 40.301859754698512, "longitude": 17.571435895283066 }, "geometry": { "type": "Point", "coordinates": [ 17.571435895283066, 40.301859754698512 ] } },
{ "type": "Feature", "properties": { "fatalities": 1.0, "latitude": 29.741639275137526, "longitude": 57.181264751445397 }, "geometry": { "type": "Point", "coordinates": [ 57.181264751445397, 29.741639275137526 ] } },
{ "type": "Feature", "properties": { "fatalities": 1.0, "latitude": 4.196605509439058, "longitude": 36.658411473573864 }, "geometry": { "type": "Point", "coordinates": [ 36.658411473573864, 4.196605509439058 ] } },
{ "type": "Feature", "properties": { "fatalities": 3.0, "latitude": 23.549121781280085, "longitude": 82.584001020880578 }, "geometry": { "type": "Point", "coordinates": [ 82.584001020880578, 23.549121781280085 ] } },
{ "type": "Feature", "properties": { "fatalities": 0.0, "latitude": 50.272197485542748, "longitude": 128.06289846751497 }, "geometry": { "type": "Point", "coordinates": [ 128.06289846751497, 50.272197485542748 ] } },
{ "type": "Feature", "properties": { "fatalities": 0.0, "latitude": 56.173330918890905, "longitude": -3.1250183445912163 }, "geometry": { "type": "Point", "coordinates": [ -3.125018344591216, 56.173330918890905 ] } },
{ "type": "Feature", "properties": { "fatalities": 2.0, "latitude": -2.0847689318621176, "longitude": -46.061970219612213 }, "geometry": { "type": "Point", "coordinates": [ -46.061970219612213, -2.084768931862118 ] } },
{ "type": "Feature", "properties": { "fatalities": 0.0, "latitude": 38.953716242028932, "longitude": 54.319610245525418 }, "geometry": { "type": "Point", "coordinates": [ 54.319610245525418, 38.953716242028932 ] } },
{ "type": "Feature", "properties": { "fatalities": 0.0, "latitude": 50.527871222932255, "longitude": 18.297621811884937 }, "geometry": { "type": "Point", "coordinates": [ 18.297621811884937, 50.527871222932255 ] } },
{ "type": "Feature", "properties": { "fatalities": 0.0, "latitude": 22.097492214101244, "longitude": 35.971244138644998 }, "geometry": { "type": "Point", "coordinates": [ 35.971244138644998, 22.097492214101244 ] } },
{ "type": "Feature", "properties": { "fatalities": 0.0, "latitude": 38.453327060044749, "longitude": 69.743656561694465 }, "geometry": { "type": "Point", "coordinates": [ 69.743656561694465, 38.453327060044749 ] } },
{ "type": "Feature", "properties": { "fatalities": 0.0, "latitude": 50.321123645072788, "longitude": 13.207678104277159 }, "geometry": { "type": "Point", "coordinates": [ 13.207678104277159, 50.321123645072788 ] } },
{ "type": "Feature", "properties": { "fatalities": 1.0, "latitude": 29.278172051625869, "longitude": 58.342556044236915 }, "geometry": { "type": "Point", "coordinates": [ 58.342556044236915, 29.278172051625869 ] } },
{ "type": "Feature", "properties": { "fatalities": 0.0, "latitude": -8.9531455808158977, "longitude": -61.031612106055071 }, "geometry": { "type": "Point", "coordinates": [ -61.031612106055071, -8.953145580815898 ] } },
{ "type": "Feature", "properties": { "fatalities": 2.0, "latitude": -23.296804911406909, "longitude": -52.844580201018694 }, "geometry": { "type": "Point", "coordinates": [ -52.844580201018694, -23.296804911406909 ] } },
{ "type": "Feature", "properties": { "fatalities": 0.0, "latitude": 6.6923572357053516, "longitude": 23.33925560617293 }, "geometry": { "type": "Point", "coordinates": [ 23.33925560617293, 6.692357235705352 ] } },
{ "type": "Feature", "properties": { "fatalities": 0.0, "latitude": 27.473443258844927, "longitude": 114.92502352500627 }, "geometry": { "type": "Point", "coordinates": [ 114.925023525006267, 27.473443258844927 ] } },
{ "type": "Feature", "properties": { "fatalities": 0.0, "latitude": 52.207033831336183, "longitude": 16.54186942472796 }, "geometry": { "type": "Point", "coordinates": [ 16.54186942472796, 52.207033831336183 ] } },
{ "type": "Feature", "properties": { "fatalities": 1.0, "latitude": -6.5896764309867901, "longitude": -52.25270568783332 }, "geometry": { "type": "Point", "coordinates": [ -52.25270568783332, -6.58967643098679 ] } },
{ "type": "Feature", "properties": { "fatalities": 1.0, "latitude": 20.303606647093481, "longitude": 84.92809190530221 }, "geometry": { "type": "Point", "coordinates": [ 84.92809190530221, 20.303606647093481 ] } },
{ "type": "Feature", "properties": { "fatalities": 0.0, "latitude": 29.130195175959965, "longitude": 113.38600207893538 }, "geometry": { "type": "Point", "coordinates": [ 113.386002078935377, 29.130195175959965 ] } },
{ "type": "Feature", "properties": { "fatalities": 0.0, "latitude": 10.918761168064762, "longitude": -9.2133240073480387 }, "geometry": { "type": "Point", "coordinates": [ -9.213324007348039, 10.918761168064762 ] } },
{ "type": "Feature", "properties": { "fatalities": 0.0, "latitude": -1.2053018405051272, "longitude": 122.06770363341893 }, "geometry": { "type": "Point", "coordinates": [ 122.06770363341893, -1.205301840505127 ] } },
{ "type": "Feature", "properties": { "fatalities": 0.0, "latitude": 45.22012672968377, "longitude": 6.55093691792122 }, "geometry": { "type": "Point", "coordinates": [ 6.55093691792122, 45.22012672968377 ] } },
{ "type": "Feature", "properties": { "fatalities": 0.0, "latitude": -15.559374397620108, "longitude": 39.808810698809602 }, "geometry": { "type": "Point", "coordinates": [ 39.808810698809602, -15.559374397620108 ] } },
{ "type": "Feature", "properties": { "fatalities": 1.0, "latitude": 26.711513456259468, "longitude": 59.74159664394287 }, "geometry": { "type": "Point", "coordinates": [ 59.74159664394287, 26.711513456259468 ] } },
{ "type": "Feature", "properties": { "fatalities": 1.0, "latitude": 20.521353387075067, "longitude": 76.861536817017523 }, "geometry": { "type": "Point", "coordinates": [ 76.861536817017523, 20.521353387075067 ] } },
{ "type": "Feature", "properties": { "fatalities": 1.0, "latitude": 36.777506754683209, "longitude": -87.75815736559079 }, "geometry": { "type": "Point", "coordinates": [ -87.75815736559079, 36.777506754683209 ] } },
{ "type": "Feature", "properties": { "fatalities": 0.0, "latitude": -34.891190306312033, "longitude": -71.585447249224444 }, "geometry": { "type": "Point", "coordinates": [ -71.585447249224444, -34.891190306312033 ] } },
{ "type": "Feature", "properties": { "fatalities": 1.0, "latitude": 49.023994715390288, "longitude": 32.60189323364223 }, "geometry": { "type": "Point", "coordinates": [ 32.60189323364223, 49.023994715390288 ] } },
{ "type": "Feature", "properties": { "fatalities": 0.0, "latitude": 14.56216910260817, "longitude": 42.131737463589737 }, "geometry": { "type": "Point", "coordinates": [ 42.131737463589737, 14.56216910260817 ] } },
{ "type": "Feature", "properties": { "fatalities": 0.0, "latitude": 30.34293923490161, "longitude": 34.682406315956634 }, "geometry": { "type": "Point", "coordinates": [ 34.682406315956634, 30.34293923490161 ] } },
{ "type": "Feature", "properties": { "fatalities": 0.0, "latitude": 21.172811501027979, "longitude": -17.541611432996245 }, "geometry": { "type": "Point", "coordinates": [ -17.541611432996245, 21.172811501027979 ] } },
{ "type": "Feature", "properties": { "fatalities": 1.0, "latitude": 29.645425762053563, "longitude": -95.077592493336908 }, "geometry": { "type": "Point", "coordinates": [ -95.077592493336908, 29.645425762053563 ] } },
{ "type": "Feature", "properties": { "fatalities": 0.0, "latitude": -21.608973591321504, "longitude": 55.477187121637144 }, "geometry": { "type": "Point", "coordinates": [ 55.477187121637144, -21.608973591321504 ] } },
{ "type": "Feature", "properties": { "fatalities": 1.0, "latitude": 37.320198813294617, "longitude": 22.724593893488972 }, "geometry": { "type": "Point", "coordinates": [ 22.724593893488972, 37.320198813294617 ] } },
{ "type": "Feature", "properties": { "fatalities": 1.0, "latitude": 50.749489266145432, "longitude": -3.0858434870939742 }, "geometry": { "type": "Point", "coordinates": [ -3.085843487093974, 50.749489266145432 ] } },
{ "type": "Feature", "properties": { "fatalities": 1.0, "latitude": 34.068934994185469, "longitude": 42.766091093992884 }, "geometry": { "type": "Point", "coordinates": [ 42.766091093992884, 34.068934994185469 ] } },
{ "type": "Feature", "properties": { "fatalities": 0.0, "latitude": 25.141162753786467, "longitude": 110.77851254096852 }, "geometry": { "type": "Point", "coordinates": [ 110.778512540968521, 25.141162753786467 ] } },
{ "type": "Feature", "properties": { "fatalities": 1.0, "latitude": 26.530784568825748, "longitude": -103.51498523092353 }, "geometry": { "type": "Point", "coordinates": [ -103.514985230923529, 26.530784568825748 ] } },
{ "type": "Feature", "properties": { "fatalities": 2.0, "latitude": 12.371616022096648, "longitude": -81.276449604004682 }, "geometry": { "type": "Point", "coordinates": [ -81.276449604004682, 12.371616022096648 ] } },
{ "type": "Feature", "properties": { "fatalities": 4.0, "latitude": -5.7660172652091051, "longitude": 143.79526673302607 }, "geometry": { "type": "Point", "coordinates": [ 143.795266733026068, -5.766017265209105 ] } },
{ "type": "Feature", "properties": { "fatalities": 1.0, "latitude": 19.174249660523582, "longitude": -69.269882723283757 }, "geometry": { "type": "Point", "coordinates": [ -69.269882723283757, 19.174249660523582 ] } },
{ "type": "Feature", "properties": { "fatalities": 1.0, "latitude": 43.652881389687181, "longitude": -69.985043446430595 }, "geometry": { "type": "Point", "coordinates": [ -69.985043446430595, 43.652881389687181 ] } },
{ "type": "Feature", "properties": { "fatalities": 0.0, "latitude": 27.891881028038874, "longitude": 103.89679374891068 }, "geometry": { "type": "Point", "coordinates": [ 103.896793748910682, 27.891881028038874 ] } },
{ "type": "Feature", "properties": { "fatalities": 0.0, "latitude": 40.93094917287376, "longitude": 117.42049578992435 }, "geometry": { "type": "Point", "coordinates": [ 117.420495789924345, 40.93094917287376 ] } },
{ "type": "Feature", "properties": { "fatalities": 0.0, "latitude": 23.537071723343097, "longitude": -81.708028889702348 }, "geometry": { "type": "Point", "coordinates": [ -81.708028889702348, 23.537071723343097 ] } },
{ "type": "Feature", "properties": { "fatalities": 0.0, "latitude": 39.303606896428143, "longitude": -104.56519599359747 }, "geometry": { "type": "Point", "coordinates": [ -104.56519599359747, 39.303606896428143 ] } },
{ "type": "Feature", "properties": { "fatalities": 3.0, "latitude": 3.5902106837631504, "longitude": -70.493830742505367 }, "geometry": { "type": "Point", "coordinates": [ -70.493830742505367, 3.59021068376315 ] } },
{ "type": "Feature", "properties": { "fatalities": 1.0, "latitude": 37.39612470050556, "longitude": 55.878319595786046 }, "geometry": { "type": "Point", "coordinates": [ 55.878319595786046, 37.39612470050556 ] } },
{ "type": "Feature", "properties": { "fatalities": 1.0, "latitude": -24.491822627725099, "longitude": 32.839096405239729 }, "geometry": { "type": "Point", "coordinates": [ 32.839096405239729, -24.491822627725099 ] } },
{ "type": "Feature", "properties": { "fatalities": 0.0, "latitude": 7.7846784375117455, "longitude": 78.098791613697358 }, "geometry": { "type": "Point", "coordinates": [ 78.098791613697358, 7.784678437511745 ] } },
{ "type": "Feature", "properties": { "fatalities": 1.0, "latitude": 44.820490775195829, "longitude": 12.009474543846169 }, "geometry": { "type": "Point", "coordinates": [ 12.009474543846169, 44.820490775195829 ] } },
{ "type": "Feature", "properties": { "fatalities": 0.0, "latitude": 43.170850315118216, "longitude": -2.5720610759420075 }, "geometry": { "type": "Point", "coordinates": [ -2.572061075942008, 43.170850315118216 ] } },
{ "type": "Feature", "properties": { "fatalities": 0.0, "latitude": -17.595967827535016, "longitude": -49.56656704853237 }, "geometry": { "type": "Point", "coordinates": [ -49.56656704853237, -17.595967827535016 ] } },
{ "type": "Feature", "properties": { "fatalities": 0.0, "latitude": 53.068041566376138, "longitude": 80.599446777255508 }, "geometry": { "type": "Point", "coordinates": [ 80.599446777255508, 53.068041566376138 ] } },
{ "type": "Feature", "properties": { "fatalities": 0.0, "latitude": 7.7300052131407631, "longitude": 37.828582288548674 }, "geometry": { "type": "Point", "coordinates": [ 37.828582288548674, 7.730005213140763 ] } },
{ "type": "Feature", "properties": { "fatalities": 2.0, "latitude": 26.15224699790004, "longitude": 58.762079205320617 }, "geometry": { "type": "Point", "coordinates": [ 58.762079205320617, 26.15224699790004 ] } },
{ "type": "Feature", "properties": { "fatalities": 0.0, "latitude": 24.664005349187317, "longitude": 70.366737454116731 }, "geometry": { "type": "Point", "coordinates": [ 70.366737454116731, 24.664005349187317 ] } },
{ "type": "Feature", "properties": { "fatalities": 0.0, "latitude": -17.470509319413043, "longitude": -51.611067460360445 }, "geometry": { "type": "Point", "coordinates": [ -51.611067460360445, -17.470509319413043 ] } }
]
}
