h3_id,events,fatalities,latitude,longitude
835998fffffffff,115,168,11.1767345751854,-0.0610704943133484
83a90efffffffff,35,33,-29.4700273812885,-51.0222444613388
83a855fffffffff,107,44,-19.9538720981177,-54.7368408165114
83a80bfffffffff,16,10,-20.7388944911725,-51.7263719906128
838183fffffffff,952,982,-7.56053920202615,-34.9010431911911
83a835fffffffff,32,28,-26.6779560028829,-48.8269054282439
838005fffffffff,155,154,-5.10034621808784,-43.0609072958014
83a895fffffffff,217,167,-20.6601024862827,-40.2488008908509
83585efffffffff,684,539,11.4505255128005,13.814126662765
8396eafffffffff,2,2,-6.790520212811,23.4501156875288
836d2bfffffffff,72,82,14.1334605230035,-91.5368443680887
834524fffffffff,32,30,14.2901193335548,-88.6297905071462
836725fffffffff,717,1209,18.3224390621427,-72.0731285224925
832ca2fffffffff,32,13,32.7394954175073,44.4056630845282
836732fffffffff,126,122,17.6521580017774,-76.8175588970442
837a43fffffffff,13,10,1.36073146733172,37.1582607393954
8329a4fffffffff,487,555,32.8261639605656,-117.235722064842
83481cfffffffff,18,22,26.190992425488,-106.972579609104
834981fffffffff,246,282,20.4847422250053,-101.934960689216
83498cfffffffff,290,273,21.1629370007926,-102.950563397775
8349b3fffffffff,584,572,18.4392161560395,-98.9733888391528
834994fffffffff,307,358,18.9002025320961,-97.8558960843835
83480afffffffff,117,105,27.4889150220481,-109.182401890198
83521bfffffffff,238,42,15.2675041220627,43.9014739055223
837a1afffffffff,21,13,3.63635630797512,45.3116535209199
836b6bfffffffff,56,212,14.471117386034,33.6899821594629
836b48fffffffff,2,26,12.5920067152479,33.4435361410874
836b6afffffffff,107,375,14.5616617516001,32.5424416911868
836b0bfffffffff,2,0,12.0982286786685,25.9129711183807
836b09fffffffff,1,0,13.0175738916225,26.5572776446197
836b4bfffffffff,7,12,11.6237151699835,33.8808241759
836b6efffffffff,172,499,15.5618392607963,32.0782097881692
836a28fffffffff,69,145,9.18158450746249,28.5452803486089
832d84fffffffff,299,314,34.1181576004809,36.6729187222119
835f58fffffffff,185,125,10.2610918495225,-61.0861957882247
836aebfffffffff,6,2,1.60007411298689,32.6360764307656
833cd8fffffffff,31,5,20.78097525468,93.7284590661838
836499fffffffff,53,46,20.2798343169659,95.8024490731519
834982fffffffff,70,80,20.2777539362589,-99.8007069392005
838b84fffffffff,20,11,-13.2145508438674,-56.4484593068196
8366d5fffffffff,52,65,1.66893679069556,-77.4955215916663
833c1dfffffffff,6,1,27.1279279666781,87.8019393871662
8311aafffffffff,84,9,55.9996376167097,37.1504135263079
83942cfffffffff,1,0,-8.52821053388726,125.6136101424
839520fffffffff,1,0,-2.74521049078,118.573156354872
8360b6fffffffff,16,16,18.8201226329952,80.4509234847669
836adafffffffff,241,125,-3.11940308198841,29.5419195212537
834833fffffffff,137,131,23.1741548234678,-106.077623793162
835999fffffffff,13,6,11.2180075642025,0.935318677124924
836b68fffffffff,63,136,15.4696723174626,33.2391553717163
835803fffffffff,118,111,13.2248859155793,7.0014126985862
835802fffffffff,371,444,13.1925990921998,5.91411597989481
83588afffffffff,28,13,6.14801295210066,5.6564832184888
83a8a3fffffffff,146,125,-22.2308958895257,-43.4377902751982
83a8a0fffffffff,232,182,-23.2961145540865,-43.4635866691038
8364abfffffffff,24,2,16.1108662284284,95.7081107267932
835883fffffffff,28,8,6.98726426624134,4.04490959538212
832090fffffffff,149,62,35.0050330811622,69.6244689873407
8358aafffffffff,102,62,8.70413129029543,4.84660483861461
833cd4fffffffff,3,1,21.6982270411129,89.5839532201676
83649bfffffffff,287,95,21.3795505473083,96.126915150624
832db2fffffffff,446,24,31.2535140399462,35.4981059096879
83581bfffffffff,141,119,10.5084930952154,7.80880933189861
838006fffffffff,6,5,-5.13974708283294,-41.006683843161
834446fffffffff,1,14,30.0141699565604,-90.4982927987873
832da3fffffffff,759,2557,35.1923940748185,36.1719660938873
838110fffffffff,167,179,-12.2063584041272,-39.0624277571028
838f2bfffffffff,986,1301,-2.65322376575747,-79.9494955239059
838f2efffffffff,803,1011,-0.817750056768956,-80.7708262924972
8366d2fffffffff,227,272,0.77357015094046,-79.591253752694
838f0dfffffffff,480,579,-3.80911531006369,-80.0706562803015
83648cfffffffff,232,20,17.2357997110357,96.0279316144594
833cdefffffffff,124,30,20.4688929792372,92.5352956562185
834505fffffffff,44,21,17.5256451568725,-87.9553005737113
8320e6fffffffff,14,2,43.3471590149433,76.9754243743618
837a45fffffffff,17,4,-0.549952842366376,37.1210116920831
8352f5fffffffff,287,50,14.2979721423539,44.2222398187755
834802fffffffff,960,1067,25.0126611750315,-107.059720964637
835253fffffffff,9,4,15.4806392618263,48.6638430331648
83498efffffffff,527,504,21.6502946404467,-101.805118860073
8358d1fffffffff,1012,177,6.12181198939476,9.77883172761953
8358dcfffffffff,970,144,6.1100710652485,10.8316728501678
8382d3fffffffff,224,48,4.43114286232327,8.79700973130778
835818fffffffff,388,549,11.4008838125191,7.18392230383002
83581cfffffffff,417,604,12.2958384349369,6.55234191172485
8358ecfffffffff,32,103,10.5341028663743,12.1798564455773
835811fffffffff,201,390,12.2668001505934,5.47876679187938
8358edfffffffff,98,192,10.5310512710566,13.293064422868
83581dfffffffff,448,592,12.3209238666293,7.63716931394427
835852fffffffff,29,13,11.4504292853698,11.5701834232966
835810fffffffff,29,51,12.2339667583921,4.41701152917549
83588bfffffffff,103,124,6.14448410015545,6.67261084766456
836720fffffffff,9,10,18.0214704844554,-73.026078365819
836726fffffffff,21,28,18.6061460973568,-73.8970277374773
838035fffffffff,17,16,-7.49976375896496,-41.049135160656
83811afffffffff,108,112,-9.27902515736599,-40.0486370100096
83a875fffffffff,31,33,-22.4896233537609,-55.8422316637474
83a88cfffffffff,108,106,-19.4838230710147,-44.4210814775155
838185fffffffff,327,285,-9.31081244114708,-35.9374028611439
838af6fffffffff,255,215,-2.85131966969789,-59.8381166789514
8381a8fffffffff,18,19,-9.30083958795309,-37.9879330744126
83806efffffffff,7,7,-1.38491487774384,-51.0868872912988
838ba6fffffffff,67,53,-15.4333691428097,-56.5377985283777
836a1cfffffffff,40,61,5.67283458331016,26.0522041082229
834588fffffffff,4,0,22.7977641914378,-80.9573601615654
8396c1fffffffff,1,2,-5.82400302542821,24.1076166353498
836d64fffffffff,208,215,14.0204312755793,-86.8149401513646
832c80fffffffff,50,30,32.2009765108448,46.817660965491
8348a2fffffffff,558,515,25.6222386296487,-100.21934556865
835465fffffffff,17,41,14.7901156203895,-5.31186173757033
835461fffffffff,90,274,13.8256564474953,-5.62234548673825
8359a3fffffffff,9,17,15.5389244948238,-1.29382898424778
8358f2fffffffff,64,178,7.85557669489856,7.53233604997648
835888fffffffff,87,31,6.99347461688677,6.06984235789582
834ceefffffffff,113,99,18.6946062416156,-65.8124194112453
832db0fffffffff,1963,90,32.3308958241917,34.9954410558007
836b56fffffffff,12,3,12.0434383104688,27.0678916742035
832d81fffffffff,15,13,34.7798627130274,38.8664761042626
832db1fffffffff,647,353,33.2306104868128,35.8286788597289
832d85fffffffff,52,71,34.9927448564134,37.5280061972613
835f4cfffffffff,5,2,8.58859693001409,-63.8080054470731
833cf0fffffffff,35,20,23.5439425710277,88.9958464082988
833cf1fffffffff,64,31,23.8776661269195,90.1859295453066
834249fffffffff,23,9,30.8055201336783,75.2471247055081
833c1bfffffffff,26,12,25.3548786329265,88.4018284483602
833ccafffffffff,279,146,22.1797598344554,95.2480626479206
833cc8fffffffff,64,63,23.2653713827892,95.5725087878273
83648afffffffff,82,43,19.1718044285583,95.4803248783142
836488fffffffff,191,67,18.0563104478602,95.1605374466725
836416fffffffff,42,15,12.7637360202012,99.1218604756302
832d62fffffffff,1,1,47.4087852840715,37.9965548962273
835290fffffffff,10,39,11.4528569205175,36.0876419199218
832c29fffffffff,50,4,43.3238937450032,45.306961966223
839421fffffffff,1,0,-8.66807270759212,124.526014617215
832daefffffffff,312,293,36.0654132497427,37.0347497666001
833cf5fffffffff,21,11,24.6226713320327,89.2945967382498
835816fffffffff,73,171,12.1975021814944,3.36759883339363
834530fffffffff,29,30,15.462342525107,-85.5689121219561
838008fffffffff,49,45,-2.12796578296017,-44.0221147645604
835291fffffffff,49,155,11.3624311118495,37.1757102043483
836a72fffffffff,20,48,7.27223937043327,30.6263615444489
836a0dfffffffff,52,64,7.32840053697253,29.5123794461743
83384bfffffffff,146,94,33.1766128748329,12.7850495732064
839792fffffffff,15,14,-10.5417601657443,40.4287914403906
833cc2fffffffff,53,28,22.3514306953626,91.9625872059062
832d86fffffffff,29,54,33.0415036363987,37.161486000563
836d32fffffffff,37,42,17.0749529290485,-97.0726268067433
836ad1fffffffff,118,183,-1.0930058390078,28.4872559360777
83420efffffffff,44,28,26.3036755162933,65.0797426190924
834200fffffffff,297,122,26.2836286530818,62.954274989659
8358a9fffffffff,29,42,9.59799923921814,6.30494431793685
835806fffffffff,37,104,14.0903924340626,5.26929993944143
83585cfffffffff,148,147,12.380687907488,14.3452450410046
83581efffffffff,57,92,11.378876460132,6.11255787536266
836b00fffffffff,18,101,14.142731049589,22.4989971367049
8381aafffffffff,99,94,-8.72231985632094,-36.953828653984
838b8dfffffffff,10,6,-10.2035178900718,-59.2123755318875
838010fffffffff,79,79,-3.99272445564375,-38.9371206469577
83a89dfffffffff,36,28,-18.4283274769165,-42.3015388094098
83a829fffffffff,10,10,-23.7221769720358,-53.8798148678383
8381a1fffffffff,42,36,-11.0558785153548,-36.982872053298
83a88bfffffffff,9,4,-17.2589473266933,-44.3667483015804
834520fffffffff,174,184,15.3643069288787,-88.4082839242935
834859fffffffff,46,56,32.2731616233253,-116.052017742711
836d2efffffffff,9,6,15.9045369023103,-92.1948817634836
834995fffffffff,723,811,19.5891700430902,-98.8207321908605
8349aafffffffff,88,97,19.9957772851148,-103.069999658153
83588dfffffffff,71,35,7.8524848261772,6.49154416892033
83580bfffffffff,6,13,12.3586436592037,9.83809075478933
837a1cfffffffff,280,129,1.82449357945742,45.3391308065097
837a1efffffffff,45,45,2.70017739722129,45.8487126063154
832d8efffffffff,218,79,34.5544472864756,40.1862837451585
836743fffffffff,19,18,10.5582181534261,-68.1232192002831
83521cfffffffff,70,20,17.2414824658111,43.2384520488458
833cd9fffffffff,331,232,21.084659101988,94.9260078874347
833ccefffffffff,42,16,22.9700693202088,94.3649622242802
83426efffffffff,127,99,32.1554300843806,70.7071945962856
836851fffffffff,52,54,7.15902811877224,123.926691631006
836855fffffffff,13,12,8.01812416547622,123.201409767528
832d66fffffffff,9,24,47.6442208996601,36.4346802673094
832091fffffffff,5,3,35.5378102916316,70.8792704683706
8366d0fffffffff,51,56,1.22291150655029,-78.5401595994371
836724fffffffff,138,390,18.9070670347186,-72.9392564404525
831ef0fffffffff,4,1,43.2207163912571,19.8783393025324
83685efffffffff,28,31,6.29224130270912,124.654741856503
83435bfffffffff,24,16,31.127867843122,66.0446572236107
839786fffffffff,13,19,-13.5360312702101,38.646271082944
838116fffffffff,432,431,-12.7908060616789,-38.0368664305846
836b1afffffffff,45,65,10.3615052635587,22.3690230661071
836a2bfffffffff,113,199,8.24970078123209,29.0201596096018
836a73fffffffff,34,84,7.21338182646339,31.7396432498139
8349a8fffffffff,247,257,19.4987925580348,-104.199849088416
83581afffffffff,69,88,10.493121195508,6.73992346162858
8358f4fffffffff,108,88,9.61026787386677,7.36081263399915
838180fffffffff,267,275,-8.72859731558392,-34.9120470956607
835882fffffffff,30,19,6.98104103246042,3.04926048255954
838f28fffffffff,648,858,-1.50356306307478,-79.8292138240877
8366d3fffffffff,138,124,0.0934056449374666,-78.6545447748787
838f2dfffffffff,68,76,-1.04444804981102,-78.769768086125
835855fffffffff,46,73,13.3180959637365,12.5921552634115
8352e2fffffffff,62,35,14.16180983243,45.2449945393919
834983fffffffff,250,346,20.9650900068674,-100.795592684775
832db6fffffffff,917,2234,31.4198480565833,34.1733371510577
834215fffffffff,78,23,24.7255508559673,62.0248412298997
834240fffffffff,19,12,29.9526243845428,70.6019162261033
835850fffffffff,9,7,12.3788690339286,12.0761283754554
8358a1fffffffff,32,69,10.4273274784247,3.60014434963268
83661bfffffffff,93,117,5.40317358001455,-76.1446562620934
838ba5fffffffff,13,9,-15.2597983307584,-58.4740852623736
838073fffffffff,30,31,-1.47521872391371,-47.0629466322158
83a91bfffffffff,34,40,-27.6759599130876,-48.8615842519818
838171fffffffff,32,28,-10.2389289031342,-48.3198723778598
8381aefffffffff,98,79,-9.89129579420221,-36.9683261238506
836d29fffffffff,761,778,14.5516122036228,-90.4897853565809
832ca0fffffffff,63,38,33.810338225427,44.0244540836719
83a2a0fffffffff,5,3,-24.2512407598213,45.1678732304984
834856fffffffff,157,106,28.7469099268707,-111.436458036557
836d20fffffffff,127,174,17.7025929504054,-92.8757055683499
8358d2fffffffff,19,16,5.29007120056301,8.29305380126203
8382dafffffffff,66,110,5.3005472635425,7.26941627983859
837a0afffffffff,12,13,1.95343869701834,43.2112924679896
832daafffffffff,216,115,35.8536249257961,38.3937635256028
8352f0fffffffff,109,33,13.4682945441625,43.5116905379941
833cf3fffffffff,39,25,22.7923655299812,89.8836784998225
83661afffffffff,38,41,6.06278695691352,-77.0627144378561
8366c6fffffffff,125,99,2.11118892609057,-76.4579681363224
836a24fffffffff,22,26,11.1849589745331,25.2783109792183
835f5bfffffffff,15,10,11.3012215331739,-61.0380398551974
832126fffffffff,3,0,51.3663068756185,55.7647740172194
83a95bfffffffff,4,2,-23.5196162980552,-55.8866951360825
835549fffffffff,35,78,16.0776743210707,-3.97041641743577
837289fffffffff,3,2,-3.4949712212357,139.292048193522
836b5bfffffffff,13,15,9.93850318711612,31.4279073126161
83599dfffffffff,47,77,12.0680274055167,0.297966217640286
8366c2fffffffff,20,26,0.993336596373112,-76.5639517533127
833ceafffffffff,132,25,24.8241017533882,93.7971741826234
836ac5fffffffff,174,573,1.71696379640795,30.3576047804817
835814fffffffff,29,176,13.1156942295161,3.77544467791593
834988fffffffff,39,64,22.3324693751079,-102.828970541564
836d35fffffffff,102,117,17.9655557808472,-94.8724213848744
834274fffffffff,54,28,30.0338133735312,66.068798318384
836bb3fffffffff,13,8,7.78272243956371,16.161224815386
838181fffffffff,196,202,-8.1419885903012,-35.9246574410355
834534fffffffff,36,44,14.4083121955942,-85.8071737101214
83a8a2fffffffff,75,54,-22.7888120428778,-42.3970748978423
83a891fffffffff,45,35,-19.5642269822105,-40.2284817207908
83814afffffffff,19,21,-5.49772174869607,-50.2117331262082
838066fffffffff,12,11,-3.77234567407072,-49.1514558384676
838159fffffffff,53,56,-4.94436659122611,-49.185455243592
83802dfffffffff,4,2,-5.6182155343354,-46.1499021649507
838133fffffffff,18,25,-13.9284982596743,-40.1279017746504
83a8a1fffffffff,133,95,-22.7345764556896,-44.5032566044218
83a811fffffffff,32,25,-23.1314019603435,-47.664107621116
836b89fffffffff,6,0,6.73205496743214,22.2370989507728
83662bfffffffff,66,70,8.07663294555437,-72.0402351957581
836adefffffffff,382,738,-2.10276771534946,29.0124098722221
837acbfffffffff,21,64,8.56561345573009,38.384784233704
832c91fffffffff,25,11,30.078798647488,47.4772939047791
83485cfffffffff,5,8,30.5451541658424,-114.887542486534
8348f4fffffffff,149,145,29.0513269904837,-105.584357116369
835470fffffffff,6,15,14.4388730611442,-9.13083900352757
83bcf5fffffffff,5,5,-29.2642454298943,30.6868778147956
83bcdcfffffffff,8,7,-25.313178610794,28.3329895730415
8352dbfffffffff,19,10,8.75837154421644,46.2488720122395
836b4dfffffffff,5,47,13.4829365827832,34.1317747154525
836a35fffffffff,4,0,9.37954553659924,24.0376715929822
832d8dfffffffff,252,110,36.462702371478,40.6115267296253
833cc6fffffffff,41,18,23.1203933184209,91.0754001512599
8364aefffffffff,56,43,15.5752397943832,97.7489801344494
83648dfffffffff,57,11,16.9342358508469,94.8430811504512
8366c5fffffffff,9,9,1.87829916182062,-74.5040346895461
832092fffffffff,32,15,33.8721730579233,69.5875179408168
8366cdfffffffff,1,0,-0.581330974655071,-72.7507752680724
839c9dfffffffff,4,4,-6.23558402300038,146.785436743522
8342e5fffffffff,19,6,25.7538627562714,68.2827893674794
837b59fffffffff,15,6,-3.58798075263022,39.9043387341323
83585afffffffff,41,22,10.5240597716702,14.4129556533949
834985fffffffff,192,200,19.3220204677354,-102.062524916184
836a70fffffffff,28,54,8.13389515935562,31.2245637121696
834522fffffffff,39,47,15.7582805726506,-87.3751520448546
837a6efffffffff,57,9,-1.48970488474475,36.5339250710604
836ac0fffffffff,235,892,0.787993290333768,29.7390673482005
838f2afffffffff,176,222,-1.96444728185077,-80.894386899527
834255fffffffff,46,23,28.3659567300163,69.4205851637267
836a6efffffffff,8,26,8.79106406322136,35.1421181529142
835856fffffffff,7,4,12.3710047787973,10.9528332858369
835851fffffffff,54,94,12.3821283031512,13.2072019695864
8358e8fffffffff,11,8,9.62277259908725,12.7818591781455
836d21fffffffff,13,12,17.0107040926667,-91.9940807071272
836672fffffffff,65,46,6.37992985204246,-71.2284649171596
83806afffffffff,75,70,-0.223164732502595,-51.0502998395458
838b8cfffffffff,3,3,-10.8323976805027,-58.286547413813
838023fffffffff,24,22,-6.28104220085348,-43.0854598262675
838011fffffffff,22,19,-3.38600988158449,-39.9510210650068
83804cfffffffff,3,2,0.935236307581469,-51.013823648554
836ad8fffffffff,21,14,-2.16118735793333,30.1712134943315
83a31dfffffffff,3,3,-15.4614175248345,46.731432428198
834986fffffffff,82,87,19.1220126289733,-99.94608321206
834980fffffffff,261,288,19.8041415490767,-100.933363423362
8348b3fffffffff,35,39,26.5224102569664,-97.8467633643087
8359b2fffffffff,35,92,13.5113375102847,-3.93343629104806
8397b3fffffffff,35,62,-13.5479070434836,39.825405750749
834cc5fffffffff,100,85,18.2573863216157,-66.6805136238022
836b41fffffffff,4,11,13.6555270062095,31.854409529878
832c32fffffffff,131,37,37.2816699320247,41.4984895843658
832d8afffffffff,55,39,34.3172234686331,41.4864463767251
833c5afffffffff,5,0,27.2247829204293,95.6672250640014
833cc4fffffffff,28,10,24.2025741359538,91.3835071075332
83649afffffffff,6,1,21.6652884229891,97.330136335385
83422efffffffff,4,7,28.3845809251154,62.8087720948152
836856fffffffff,24,22,6.71947201012815,121.746745107111
836a49fffffffff,30,54,5.94998564196335,37.7976539151069
832da4fffffffff,6,1,35.5493604305314,33.412077517851
8349b5fffffffff,295,395,16.822587448677,-100.22942597181
83a8e8fffffffff,2,2,-16.8480365908054,-52.6045609068475
836a0cfffffffff,44,85,7.38180156678706,28.3985386600325
836d60fffffffff,20,22,12.9661404647581,-87.0434775863174
8358f1fffffffff,53,146,8.73433922650521,9.03834863965519
83a800fffffffff,1,1,-24.0537932640682,-49.7800972012231
838e62fffffffff,25,16,-12.3892168988606,-76.8125362431157
83a810fffffffff,124,93,-23.7094931111902,-46.6334850322877
8359abfffffffff,34,103,14.8184019813497,1.42315366539311
836b80fffffffff,21,17,7.73576916092236,18.3769901747747
832da8fffffffff,83,63,36.9242120829548,37.9086669325879
836844fffffffff,53,47,10.1775071060748,123.949833451803
834206fffffffff,63,28,25.7464569146505,61.9408358090272
8358c3fffffffff,29,1,6.96945675210308,11.3054135210271
8358c2fffffffff,204,26,6.9790188098059,10.2407203918856
8358f5fffffffff,301,603,9.61940560016374,8.42696254780988
835813fffffffff,62,63,11.3532836469932,5.05249453397433
8358aefffffffff,43,182,9.56449887783623,4.22624588858989
838ba2fffffffff,22,16,-14.3278347957519,-56.4930638642842
838af4fffffffff,10,6,-3.37642270318784,-60.7855152615764
838b16fffffffff,31,19,-15.7106697672603,-59.4522825927028
8349b0fffffffff,113,156,17.293389151461,-99.1234628823851
836d36fffffffff,62,69,18.2116920032727,-96.9063849628343
834990fffffffff,126,127,20.04742636868,-97.6935532588402
8352d3fffffffff,12,9,9.84522312374257,43.7660091626928
836b0afffffffff,195,129,12.1483585223381,24.7548782299698
832dacfffffffff,13,2,37.1342969700206,36.5286893752238
832db3fffffffff,143,122,32.1533165888364,36.3245119348493
835f59fffffffff,114,94,10.7417645546059,-61.9536059124648
83674cfffffffff,11,11,10.265607209693,-66.3353410648062
833da9fffffffff,6,2,28.6846525839835,80.560468776337
836498fffffffff,37,14,20.5701881912225,97.0011399140697
8358d6fffffffff,48,54,6.13897435127196,7.69873021363601
8366e8fffffffff,5,10,1.64546318995438,-72.5691238821308
832094fffffffff,6,6,35.5992075420803,68.407428350896
8366dcfffffffff,18,21,-0.133575741379577,-76.6707216824196
83660efffffffff,51,74,7.29002896165714,-74.0234737449485
836102fffffffff,4,0,6.56845221545634,80.7594385580593
832093fffffffff,68,45,34.4008890576246,70.8198912011166
83648efffffffff,72,94,18.3545930774599,96.3500408180659
8364a4fffffffff,2,1,14.1756636629395,100.622181312649
8348ecfffffffff,23,16,31.0850368198422,-111.341882146407
838113fffffffff,11,12,-11.0442893631595,-39.0443478797336
833c81fffffffff,2,0,21.402750891584,85.2027009713547
836a71fffffffff,64,143,8.07348099014752,32.3328429314099
836a58fffffffff,4,1,4.32593533850585,34.4278090066993
834201fffffffff,123,68,26.8191148086211,63.9878130759793
83588efffffffff,50,53,6.9914334294455,5.05191591495923
838134fffffffff,14,12,-16.2111876258251,-40.1679319113679
833d32fffffffff,20,8,31.9054105528324,75.377884311945
833d8afffffffff,2,1,24.9127575258734,80.8462072747138
839794fffffffff,58,70,-12.5476025111004,40.4175130319229
8358d0fffffffff,28,10,6.13143253005479,8.73432180036109
835853fffffffff,41,86,11.4526149494584,12.6885432534868
835800fffffffff,13,8,14.1302724749415,6.35878323188382
834c8bfffffffff,123,287,19.199397404954,-71.9900843047068
832d8cfffffffff,196,65,35.6285613282001,39.7341050150715
838115fffffffff,2,1,-12.7753301043248,-40.1079866341929
838046fffffffff,91,82,-0.867780684560189,-48.0591747138578
838b9dfffffffff,7,2,-9.83604496365506,-56.3154211564491
838044fffffffff,100,94,-1.43075066100701,-49.0837738981049
838124fffffffff,27,13,-16.7241428593793,-43.3100864587151
838baefffffffff,4,2,-13.0596877617905,-58.3800510640773
838ba0fffffffff,38,31,-14.7987865752816,-57.4875175713865
834526fffffffff,54,65,14.689041920639,-87.603606689068
837a6afffffffff,27,11,-0.493658695269972,35.9878232527749
8349b1fffffffff,8,5,17.9699805244469,-100.088968982
834991fffffffff,17,14,20.7423178059354,-98.6654279177458
834996fffffffff,139,112,19.3524471733666,-96.7373375322754
836b0efffffffff,34,24,13.1206342015858,24.2222148882069
836ac8fffffffff,6,0,-0.322382758412096,32.5619974469873
831ef4fffffffff,7,0,44.1659974636122,19.1040429283738
833ce3fffffffff,18,11,25.2747287679249,91.6941421377184
833ccbfffffffff,106,80,22.4701407234148,96.4537277040584
838adafffffffff,68,47,3.29256558669361,-60.4945235556565
836622fffffffff,105,124,11.0251684278692,-74.6403956253228
832082fffffffff,25,10,36.6831451156411,70.9408177681794
836d23fffffffff,62,55,16.5879906016793,-93.0713814807391
836b95fffffffff,20,33,6.88386598608399,16.7280557820423
832d73fffffffff,7,0,45.3938772540837,39.0739507769178
8366f1fffffffff,203,167,3.21923853293102,-76.3527628943918
834832fffffffff,4,10,22.5085416788077,-105.022318059858
83580afffffffff,20,9,12.3419061410865,8.73263723072761
835858fffffffff,76,53,11.4440848941035,14.9461272682175
8358d4fffffffff,90,155,6.99089592094182,8.1365222915548
836b9afffffffff,55,26,4.14641804609272,18.160123273044
835854fffffffff,5,3,13.3090394443165,11.4558068447135
836a44fffffffff,22,26,8.01018227964826,33.4391538244466
83426cfffffffff,148,120,33.273177507387,70.7625675152566
8352c6fffffffff,70,11,12.3959404084287,44.8433226232859
839790fffffffff,94,114,-11.5364386130731,39.841722274946
834275fffffffff,179,55,30.574294706325,67.1977457675771
83529cfffffffff,17,48,11.2689362604154,38.2527041572849
836b91fffffffff,10,23,5.98949109161749,17.2643310395505
8382d2fffffffff,334,104,4.40639994957301,9.79097389447782
8358d3fffffffff,252,38,5.2778013052971,9.32570722719346
8358acfffffffff,49,95,10.4524111151051,4.63506400127856
838065fffffffff,12,13,-3.71466859000924,-51.1603978990892
8397a6fffffffff,2,3,-16.5636851825575,39.2042339405939
833cd1fffffffff,35,16,21.2542167652908,91.6538177114225
83201bfffffffff,7,2,42.8708010095189,75.5003537697562
83a235fffffffff,12,8,-18.3567567198064,47.3578831833078
835889fffffffff,57,39,6.99331750466157,7.09821476238508
836b96fffffffff,26,18,6.04126809490133,15.1135274681476
838b51fffffffff,65,46,-10.1925206848253,-67.6133307255004
837a48fffffffff,18,12,1.48113206780829,34.905294235005
83a226fffffffff,7,1,-17.363447456211,47.8928779456664
835902fffffffff,7,9,19.4544273168562,1.26612643571616
831edafffffffff,16,0,38.2922571020207,23.5097315968095
83520afffffffff,9,9,16.9300496667242,45.3511287572751
836adcfffffffff,152,811,-1.15141630766973,29.6412825905062
8320b2fffffffff,16,4,36.1823834787354,67.1693051483907
831194fffffffff,7,13,51.3865248244573,35.5598236434354
834272fffffffff,21,9,28.407746702645,67.2078418936225
83422bfffffffff,33,14,28.4138004763908,65.001749986302
832ccbfffffffff,6,2,37.5994634014587,58.325064487816
838030fffffffff,21,21,-6.92681272335721,-40.0093972046889
83a883fffffffff,42,37,-19.5361102632929,-42.3253033930811
835282fffffffff,16,22,12.2243353073017,37.8675883894312
833e1afffffffff,6,2,24.0894278942895,22.8658436928316
83978bfffffffff,1,0,-11.393360188462,33.9295707085282
835466fffffffff,5,12,15.1145410501069,-7.0574824609039
837a53fffffffff,5,4,3.10723380108078,39.4071108512007
838b86fffffffff,37,22,-12.7259297031668,-55.4479417188686
838015fffffffff,5,7,-4.56661204526506,-39.9704157209198
838a80fffffffff,6,5,-4.12727258677999,-56.0962456229345
83a812fffffffff,63,61,-23.2275682440852,-45.5687336621498
8349b6fffffffff,45,63,16.6175090230973,-98.1724537354225
83ad36fffffffff,29,26,-33.8362149144907,18.4940654868138
835f75fffffffff,1,2,4.92800292570438,-61.3288763182579
83675cfffffffff,8,5,10.2064102512396,-69.0651478046083
836485fffffffff,53,40,16.6989960730141,98.0752072564672
833f4dfffffffff,12,0,34.6394191554826,32.5711882867239
83498bfffffffff,19,20,23.5033890597297,-102.705163272176
836481fffffffff,62,32,17.5300421337177,97.2151196488044
8358a5fffffffff,21,22,11.2919223525531,2.9683717023504
83968bfffffffff,37,11,-4.14207315372819,30.0757477293022
8359b0fffffffff,65,108,14.4605265295036,-3.61160119187197
838f72fffffffff,29,23,-4.49964383219096,-79.1205503439291
836b51fffffffff,32,61,11.9203122285163,29.3645519061873
835218fffffffff,50,28,16.2488302218442,43.57361651425
836aeefffffffff,16,7,2.63729895269236,30.9711161410152
836b9efffffffff,18,7,5.0745564634626,17.7097325080437
838b82fffffffff,31,26,-11.5980161700257,-55.4047755784277
83a880fffffffff,17,16,-20.6325217018149,-42.3491473419985
83a826fffffffff,2,1,-27.1075023541446,-49.8884037084825
83a80afffffffff,12,11,-21.3477562935876,-50.7210102949372
836603fffffffff,45,43,7.94149029231337,-74.9303952259297
834535fffffffff,35,38,15.0798585848377,-86.583115740909
83a2aefffffffff,2,0,-25.0766404709122,46.9458320252771
83481efffffffff,10,11,26.7056397058168,-105.787271905684
83499dfffffffff,29,32,22.1283522980388,-100.655370910067
836b5afffffffff,15,16,10.0040634523106,30.3119413541356
832086fffffffff,37,26,37.2964431929669,69.7024614528594
834183fffffffff,4,0,28.4973378993323,116.405119957362
833cdbfffffffff,97,45,19.9808598845205,94.6063382905235
838000fffffffff,11,8,-4.53015489535093,-42.0224156870575
8358f6fffffffff,26,10,8.72483326307781,6.92179669282236
836a1dfffffffff,43,51,5.62277794458535,27.1716526068974
83598bfffffffff,4,2,12.1575752789299,2.33100624263634
83599efffffffff,6,3,11.1327969632093,-1.04359441605191
836a5cfffffffff,4,1,5.27755200545449,33.8989225458398
832ca6fffffffff,2,1,32.9957797486663,43.1669106900805
83bc89fffffffff,9,7,-26.4424991513525,32.7582847548024
832c12fffffffff,26,13,35.6786642806902,44.5079323992709
83589cfffffffff,38,47,6.14935248335665,3.65610477442716
83582cfffffffff,4,1,17.009743228751,7.75119374393885
836111fffffffff,5,0,7.67576947523485,80.9994198938122
835988fffffffff,14,29,13.0235674140764,1.68813319375243
832d82fffffffff,1,0,32.8399774962245,38.4777316627289
836a45fffffffff,19,37,7.94408591597942,34.5426795067685
836741fffffffff,20,9,10.9023480532855,-67.1924162326266
838189fffffffff,25,24,-5.77556843221341,-37.939486041896
83a8aefffffffff,8,6,-21.6633383569742,-44.4757742677178
838a23fffffffff,76,55,-9.31378237314311,-63.7954166350101
836adbfffffffff,53,14,-3.17740756082611,30.7053401186468
836620fffffffff,15,16,11.3950347963434,-73.6515553648391
834591fffffffff,8,1,20.9126702754225,-77.8398043267873
833e24fffffffff,3,2,32.2948488339602,21.8186754394094
836d2afffffffff,45,60,14.8033213194568,-92.3925682347786
8348b5fffffffff,27,16,24.918646914104,-99.1929891352544
8358e0fffffffff,15,10,10.5286815351048,9.97654858693841
8358f0fffffffff,64,69,8.73103064487329,7.97518160448385
834ceafffffffff,19,12,17.7733895669653,-65.8642293901181
835896fffffffff,6,0,6.13799225467787,0.741418066002255
836752fffffffff,51,51,11.1241494063955,-71.7844850630031
834351fffffffff,1,1,31.6282745567859,62.5722669048634
834270fffffffff,128,91,29.4849055375868,67.202876304672
83a592fffffffff,4,3,-17.9054353865202,-39.1537392841066
83a8c8fffffffff,3,3,-14.1123931802061,-51.4968315671406
835842fffffffff,58,216,13.3221099476184,13.7360411738793
836a11fffffffff,18,1,5.72061527375252,24.9355365808563
838bb1fffffffff,18,11,-13.8471808684115,-55.4912352449562
836aa5fffffffff,3,3,4.91806708594376,22.0852719944775
83960efffffffff,4,6,-12.1140696128843,27.2645776424255
837adefffffffff,6,7,9.1319007361734,42.1214660801598
832c86fffffffff,27,18,31.4078318834536,45.9753419219684
837a5dfffffffff,4,5,2.33502627258069,36.617577298792
836d31fffffffff,35,47,16.8392639388273,-95.053887323028
836d25fffffffff,18,16,18.1209857533066,-91.7900959263077
8359b3fffffffff,18,91,13.6312570829457,-2.96330512721154
8359acfffffffff,40,28,16.5591608192901,0.0990942605811849
838f51fffffffff,3,2,-7.5189110744314,-78.4002947026609
8352cafffffffff,8,3,10.3228305182023,47.3662540654196
836b1dfffffffff,24,25,12.19373840729,23.5945493235896
836b08fffffffff,118,1401,13.0716736986945,25.3911452934149
833c11fffffffff,9,3,26.421229741816,85.4359909091411
834263fffffffff,7,11,31.6360112933167,69.5173609023678
8366ecfffffffff,17,15,2.74491322560147,-72.4793200421881
835915fffffffff,1,0,19.3562729416743,0.185735728822886
8382d8fffffffff,26,17,4.47578507856193,6.8483834069582
83972dfffffffff,2,2,-23.4043986425984,29.7180019355591
838f76fffffffff,28,23,-3.34185201700964,-79.0027624246637
836ae4fffffffff,26,18,4.62247249693232,28.8029911794049
838002fffffffff,12,13,-3.95848390180239,-40.9855625491939
838001fffffffff,19,19,-3.9191473363073,-43.0364345450274
83485bfffffffff,95,100,32.8596094092915,-114.86147740583
8359a2fffffffff,5,9,15.458072779993,-2.29963021637258
835881fffffffff,49,35,7.83891408089579,4.44167372110708
83bcc1fffffffff,4,4,-27.1811888230682,26.9248668555473
836a25fffffffff,62,24,11.1340741762406,26.4255756602588
832c21fffffffff,1,0,42.0301317952901,41.9877136178808
83420cfffffffff,36,21,27.3521556464241,65.0413613388627
8338dafffffffff,1,0,23.6591670506448,5.29066681396919
832c16fffffffff,9,7,35.9511850403103,43.231329763925
8359a0fffffffff,5,7,16.3897361711339,-1.95644061761766
8359a6fffffffff,12,13,16.2995934019201,-2.9604976461924
833cf4fffffffff,21,11,24.2830996164986,88.1067343361161
8358a4fffffffff,18,31,11.25645632334,1.94525342970708
836871fffffffff,26,22,9.9446957769015,122.848972213573
833cdafffffffff,10,4,19.6736412244822,93.4138375396478
83661dfffffffff,53,61,6.88697731458106,-75.02847951624
836ae5fffffffff,13,8,4.56653977686908,29.9300478256157
83a8c2fffffffff,51,44,-15.9712025656819,-48.4861897832139
83599afffffffff,18,26,10.2986403206213,-0.412471231318196
835462fffffffff,21,38,14.1353209155666,-7.355327920712
836035fffffffff,3,1,9.63826951492401,77.5182749818211
832d63fffffffff,3,0,48.2365893756109,38.9369266957609
83806bfffffffff,1,1,0.37472841747888,-52.0234241623879
83585dfffffffff,20,17,12.3744676191648,15.4894165971523
836604fffffffff,24,26,10.0110070228539,-74.7363604408755
836d26fffffffff,41,54,18.3978497542232,-93.7736635876838
835911fffffffff,20,25,18.4787085379371,0.868179663623671
839726fffffffff,2,1,-23.5367320349279,34.7675123503253
837a18fffffffff,27,37,2.76897528418109,44.7992777255503
831f1cfffffffff,1,0,52.8199781933124,12.1389003041036
833d8bfffffffff,6,3,25.3002761625548,81.9740226649219
835530fffffffff,3,0,26.7698571238727,-13.0165908094493
836602fffffffff,26,22,8.58952039129438,-75.838141108461
83529bfffffffff,32,22,9.3965425387806,38.9997230768775
8359a4fffffffff,5,6,17.2369974459117,-2.62370391922057
83540dfffffffff,10,10,14.7348005321364,-10.946931466143
83a873fffffffff,3,0,-21.0175200042009,-54.7796663793477
836609fffffffff,11,4,5.979397158204,-72.2139101245994
8358e3fffffffff,46,37,9.62789762148364,10.5876778437085
83201afffffffff,28,1,42.3753749769095,74.0470957167713
836619fffffffff,37,46,5.81993390683494,-75.1272847669257
836a53fffffffff,67,24,4.44946582516644,32.1827547674481
8352e6fffffffff,32,21,15.1252324061458,44.9377918752998
83752afffffffff,13,13,6.92188084702132,-1.74592127085766
83662afffffffff,132,121,8.72469347461221,-72.9373010188051
8361adfffffffff,14,3,9.56180724631455,80.418887719433
836acdfffffffff,33,14,0.61371228388884,33.1699322380662
836a76fffffffff,11,12,8.19314326522056,30.1253789493387
836a62fffffffff,13,31,8.93245839120339,32.9734198984804
83819dfffffffff,38,35,-6.39003934480239,-34.8900758633413
83a8abfffffffff,28,23,-19.9976308130371,-45.481315836138
832131fffffffff,5,0,49.7963178113261,57.6780139104269
835512fffffffff,3,0,23.7820567129481,-15.9251986313266
832018fffffffff,1,0,43.5490738093878,74.1806330980618
837ae0fffffffff,34,35,3.8527684804894,42.1297236698007
836a12fffffffff,3,5,4.87377679232397,23.1953442987816
831196fffffffff,10,8,50.3995288310755,36.2072555629048
837accfffffffff,1,1,6.73299551440426,39.4438967792051
83a89afffffffff,12,16,-17.3390843836691,-40.1880475674547
836ac2fffffffff,154,528,-0.148910546649483,29.1155877544739
8359a5fffffffff,4,8,17.3330956022911,-1.60536734604991
832dabfffffffff,52,31,36.700097878339,39.2699890054776
833099fffffffff,32,0,31.5980326741295,121.870477520501
83b2e6fffffffff,1,1,-30.9524768456068,-71.2026416235309
838f5cfffffffff,1,0,-8.20549732016862,-77.4408151836547
832153fffffffff,15,0,50.751350878275,71.9037281655355
835840fffffffff,23,1,14.2719774538425,14.2752707737358
8358e1fffffffff,16,6,10.5332855528006,11.0741044308604
838f2cfffffffff,236,337,-0.361015589067142,-79.7098026974483
836aa4fffffffff,9,8,4.96030079071487,20.9809193932213
832d60fffffffff,14,33,48.4001050711557,37.4336107914711
8349abfffffffff,9,10,20.6668703452049,-104.090818879156
836b82fffffffff,38,54,6.85903726758094,17.8273106045166
836d28fffffffff,23,11,15.2255359600739,-91.3343683104327
832ec8fffffffff,1,0,44.5683061039794,133.479921168069
838036fffffffff,113,89,-7.52966800251184,-38.9904677281405
83a901fffffffff,89,80,-30.4203430898669,-51.0604393722019
8348b4fffffffff,1,1,24.211373757886,-98.1829468580744
839715fffffffff,3,1,-19.5486423779161,34.8902678792239
833c15fffffffff,8,3,27.1061312798817,84.5460389656879
836b1bfffffffff,46,99,10.3219930202709,23.5117194460192
836b94fffffffff,42,66,6.90610821906609,15.6326974676156
8341b5fffffffff,4,0,26.0736326276803,119.650130633911
832500fffffffff,1,0,51.1996207644516,94.736738745266
835996fffffffff,2,11,11.8550893329901,-3.59820311513394
83499cfffffffff,2,0,21.4362556665032,-99.6527763984064
8366c4fffffffff,50,50,2.54923314512449,-75.4281005825814
838f29fffffffff,76,106,-2.18982169077976,-78.8858378366706
836a2efffffffff,2,7,9.23612835476754,27.4237702827483
8352eefffffffff,7,5,13.8827177442966,47.2439621697676
836875fffffffff,4,4,10.7820978423372,122.126626552924
836d04fffffffff,5,3,16.1568775993654,-94.1510835626748
83a831fffffffff,65,59,-25.6654720949712,-48.792338545732
8348c6fffffffff,31,32,32.0396507722636,-106.510886093125
83618bfffffffff,3,1,14.0406818033485,78.4236960113073
838a2afffffffff,3,3,-7.58358675958897,-64.6286367578287
83802bfffffffff,14,12,-3.87486568925732,-45.0844897276344
83a886fffffffff,24,22,-21.1931823515307,-41.3098321953695
8366e2fffffffff,10,15,3.65045439175272,-75.3270877777873
8349a3fffffffff,11,11,18.1630896838939,-102.187869716253
836a26fffffffff,5,4,10.2784996381287,24.6532344709523
833caefffffffff,9,6,23.2164393361335,84.6017356380324
833ce4fffffffff,12,5,26.7498388241296,89.8998029325825
83406bfffffffff,64,19,23.8261263834624,97.9950350417065
8310d1fffffffff,1,0,55.7722803539769,59.8949268304174
835460fffffffff,38,73,14.4659240850345,-6.33197268395869
836034fffffffff,5,3,9.98308533982208,78.5514906614209
833d88fffffffff,2,3,25.9668942681326,81.1016434366364
834531fffffffff,67,108,16.1436783408373,-86.347940684769
837a0efffffffff,24,18,0.99674653376514,43.7548304473293
836a23fffffffff,3,2,9.28736171278632,26.2980962818505
836a52fffffffff,50,67,4.50884787597941,31.0569259797793
836503fffffffff,1,1,4.86255752152087,101.134431284524
834256fffffffff,14,5,26.7987650457279,68.2948982929392
838003fffffffff,33,25,-3.34885962573023,-41.9996484705501
8352f4fffffffff,40,8,14.4315175183342,43.1843680100797
835993fffffffff,5,1,11.0863545291305,-2.01197484834354
836625fffffffff,63,59,11.7574404056031,-72.6714327151304
836a68fffffffff,8,11,8.7166399804948,36.2126889035687
835442fffffffff,7,6,11.8675474435315,-8.94127199248139
832cf3fffffffff,8,5,35.7661528301078,51.4205495379705
83499bfffffffff,8,7,23.7576776694467,-99.3489867457966
838a6dfffffffff,3,1,-3.97981958862368,-73.0284721112901
837a2bfffffffff,14,2,-0.822752781800761,42.6838748819102
836b03fffffffff,54,39,13.1643694246114,23.0514521290824
835f43fffffffff,6,6,8.65321154433485,-62.0519464207253
832c2afffffffff,16,0,41.4718396086169,44.7411240744419
83424cfffffffff,8,10,30.9470982163325,72.9560464580798
83685cfffffffff,26,37,7.37804725480663,125.033748503995
838a35fffffffff,8,5,-10.5351892040591,-62.0256223475758
834855fffffffff,3,3,28.7896725527564,-113.752840698075
83a881fffffffff,129,118,-20.0625497365575,-43.3864543601903
836ae9fffffffff,6,4,2.51882917515202,33.2388440763256
836a5afffffffff,15,18,3.42764311878608,33.8361059083262
8320acfffffffff,2,0,41.3313998999909,71.2112455486894
835815fffffffff,94,178,13.1561422681752,4.83860846452893
836036fffffffff,2,1,11.0869662669096,78.7810805030858
835981fffffffff,44,173,13.8294780586464,0.0169386103265492
832d88fffffffff,81,24,35.3909600825145,41.0547207338068
834c8afffffffff,43,79,19.7771812604701,-72.8530486004281
8342e4fffffffff,126,36,25.2548465884845,67.2218248581741
836842fffffffff,13,12,8.24201878124668,124.302749930214
833cc5fffffffff,13,6,24.5181983513217,92.5875946871231
8331aafffffffff,77,0,40.1089607015283,116.706638899315
837525fffffffff,8,3,9.43395401989859,-0.756451421314689
8358b5fffffffff,2,0,9.49358036716952,1.19795434258275
838034fffffffff,16,16,-8.10441216902239,-40.0289846592251
838166fffffffff,5,4,-11.9322428181148,-49.3916996623837
836bb2fffffffff,9,5,7.80179005537232,15.0594933384097
835459fffffffff,1,0,9.39764404555938,-8.76253860713803
836b1cfffffffff,11,10,12.2342954709114,22.4329316574336
836b6cfffffffff,3,20,16.4779603085657,32.77907194724
831f1dfffffffff,4,0,52.9318015916962,13.8789592384028
833cc0fffffffff,14,8,23.4396782814527,92.2738423503718
8320a8fffffffff,12,1,40.6908031627313,72.5174939811905
836621fffffffff,40,43,10.7604544593376,-72.7594079783013
836860fffffffff,1,0,12.0942864500246,123.596015656966
836b4afffffffff,5,8,11.7037683929585,32.7634509343537
8352f1fffffffff,88,16,13.3406577333644,44.5361224031114
8343acfffffffff,1,0,25.475749891127,55.7778724517014
83a882fffffffff,8,11,-20.1028054259694,-41.2877068998863
836bb6fffffffff,7,2,8.70494271399843,14.4785105254334
837a62fffffffff,2,2,-1.59632383050901,38.7976877722432
838e45fffffffff,7,3,-14.2208723552568,-75.949952998076
8352b5fffffffff,8,9,15.1621933965439,36.663292389938
833ef1fffffffff,4,10,21.9578423992479,25.3179783475361
833dacfffffffff,8,5,28.9071163573596,78.3788882368884
83649dfffffffff,38,20,19.4663454448735,96.6744424053002
834254fffffffff,30,24,27.8571922473968,68.30739360668
839795fffffffff,30,44,-12.5348337650248,39.2475486968917
831192fffffffff,4,4,50.2670610266848,37.7611822006806
83811cfffffffff,3,3,-11.0186348497765,-41.1133390544487
835295fffffffff,9,46,12.3216767404367,36.777455887507
836a54fffffffff,17,17,6.34186852360635,31.1413982794321
834265fffffffff,23,6,33.3340008589478,68.3763693534301
836412fffffffff,66,61,13.6067936678966,98.2760610168885
83598cfffffffff,53,285,13.8891722745058,1.03984480334776
8352e3fffffffff,18,11,14.0233028728318,46.252322689093
83a89efffffffff,30,29,-18.4570001200921,-40.2082307254922
83815efffffffff,4,4,-6.17845068619472,-47.1864932660564
838bb4fffffffff,23,12,-15.5925411424217,-54.5668187419189
83750efffffffff,1,0,6.10070935667053,-2.97093398157813
832c82fffffffff,28,22,31.1385409094151,47.1517173233054
834509fffffffff,5,1,21.1355842825173,-89.179291258502
8358c4fffffffff,8,4,8.73467697319207,10.1106927689338
83bce4fffffffff,2,1,-31.088514116839,29.2727099823489
837a8efffffffff,48,40,6.9739423732538,47.2965381753437
8363aefffffffff,5,0,12.8611612245814,53.7332223132665
834348fffffffff,15,6,34.4750560967608,65.9671324743341
831ef1fffffffff,10,0,43.212056937288,21.4420128607166
838a92fffffffff,27,22,-3.1031864093333,-52.1375450220323
836676fffffffff,22,14,7.42614541845039,-71.1453909731074
83660dfffffffff,51,28,7.03427747611391,-72.1267507263222
8359b1fffffffff,7,8,14.5384714635189,-2.63517493066576
83bce3fffffffff,3,2,-29.1583861328142,28.0875277215958
83a31bfffffffff,14,5,-17.4110177279794,46.7728834266049
838109fffffffff,5,3,-9.75802970216205,-45.2241496612363
831106fffffffff,37,1,59.7878487802,30.3093495395678
835871fffffffff,1,4,15.2161862677519,12.4925415387878
8340a6fffffffff,9,0,30.9621497421276,114.121820556527
836ae1fffffffff,103,30,3.60676200899156,30.4486007562451
836accfffffffff,29,17,0.67200382086203,32.0278617456019
83694efffffffff,55,48,14.5434874858079,121.419414791199
837a19fffffffff,24,18,2.83751041351228,43.739367792135
837524fffffffff,1,0,10.2600861266928,-1.38206464608825
838325fffffffff,1,1,-15.7862937216621,12.1082707583721
838321fffffffff,1,1,-14.7417307879882,11.6691796557762
838b81fffffffff,6,5,-11.462878406344,-57.3503064897871
83a870fffffffff,40,19,-22.0693370204898,-54.8226210225853
837ac8fffffffff,30,50,7.65374958786448,38.9130959381194
831fa8fffffffff,1,2,50.0642950571581,9.88573891367243
83209efffffffff,49,49,34.9191762409821,72.0728822170868
836618fffffffff,51,56,6.47779327202303,-76.0417394686584
83545dfffffffff,2,5,10.3226815868614,-8.49157032557239
835984fffffffff,6,28,14.6134616365211,-1.64322794043807
834c89fffffffff,9,5,19.4831393138453,-71.049909794605
8358d5fffffffff,57,146,6.98614841396611,9.18421811693879
83838efffffffff,29,16,-4.27589148170542,15.6533351921075
8358c6fffffffff,78,178,7.85398782322576,9.64294118399372
834358fffffffff,17,9,31.6725409286442,64.8749147364682
834525fffffffff,43,44,14.9619944915087,-89.446710433834
835293fffffffff,30,116,10.5024205116235,36.4907816498926
833f19fffffffff,12,3,32.3175825022552,20.4257534938852
83598efffffffff,5,107,12.9722699473818,0.664861396975534
83812bfffffffff,9,8,-12.0871416689026,-45.2806485983022
83a885fffffffff,8,6,-21.1528594156897,-43.4120796444543
83662efffffffff,6,6,9.74942175563381,-72.8480285139494
838f5efffffffff,4,4,-8.68816715719776,-78.5172254292773
835548fffffffff,10,27,16.7457270035401,-4.67313014620565
83546efffffffff,6,2,12.8707685253604,-5.92710155558627
838badfffffffff,13,15,-12.893721549571,-60.2739650455315
836b0cfffffffff,76,329,14.0537272258315,24.8599360428761
836b05fffffffff,15,100,15.0889640770942,23.1285905704566
836ac4fffffffff,56,105,1.77445908017276,29.2171365580017
837a4efffffffff,29,27,1.4210765067363,36.034235932367
831188fffffffff,4,0,55.7602332131634,40.7242920749525
83521dfffffffff,16,7,17.0874550790087,44.3027674909208
836b9dfffffffff,7,3,5.92446331552029,19.4224680454337
838132fffffffff,12,9,-14.510783184542,-39.098769035172
837a63fffffffff,8,1,-1.5434641126243,37.6689364387156
833c14fffffffff,6,2,26.7338529997933,83.3848829051178
8366e6fffffffff,22,26,4.74089808897399,-75.2268183621572
835468fffffffff,6,4,12.2513780442864,-5.23604431070308
838114fffffffff,10,15,-13.3621503222546,-39.080568042382
834c9afffffffff,11,2,19.7801010843838,-75.5929920265944
8348e6fffffffff,5,7,29.1943576907846,-107.91265725627
835819fffffffff,36,18,11.4191682493865,8.26600871443015
837a0bfffffffff,21,21,2.01778414433082,42.1325628521849
833d10fffffffff,4,1,30.6247289207832,77.5197422889023
831e02fffffffff,4,0,47.8403522917216,17.4813334591433
837acafffffffff,47,86,8.48616569114419,39.4618635906761
837a0cfffffffff,22,7,0.0926811959974197,43.2226829731923
831eecfffffffff,2,0,44.9454361308914,26.3021731899106
8359b4fffffffff,8,36,15.1076725133146,-4.29562294342341
8320a5fffffffff,4,0,41.3946432100318,68.4958007430774
83a82afffffffff,11,15,-23.9007443716496,-51.8427592762637
83a8ecfffffffff,4,5,-17.9504921257518,-52.6442570559138
83810bfffffffff,3,4,-9.1998087255782,-44.1793648871657
83818bfffffffff,45,44,-5.19864593641698,-36.9106246105625
836b93fffffffff,10,7,5.10849239868101,16.6356610122359
8366f5fffffffff,46,72,4.31678532474774,-76.2483281856247
836608fffffffff,17,14,6.63578006779904,-73.1178291554878
836a61fffffffff,6,11,9.72279848102213,34.7299148551417
83450afffffffff,63,65,20.7879569517405,-87.2498668583069
83498afffffffff,10,18,22.8177026495524,-101.672939251015
837a8cfffffffff,44,42,6.15981246476512,46.809912631001
837af6fffffffff,15,22,5.41350799726891,45.2845954301228
837af4fffffffff,16,6,4.56786724020299,44.7759823017973
836b44fffffffff,10,65,14.7273991826206,30.2224258947336
833db5fffffffff,1,0,26.523018803191,74.7646305186264
833cf2fffffffff,51,18,22.4560731321947,88.6996426478033
83696efffffffff,17,14,17.15788342478,120.346242800102
834341fffffffff,6,6,34.4405381591909,63.5550367486403
836a29fffffffff,25,59,9.1238310199095,29.6617955427328
83a8f2fffffffff,11,12,-18.3024954031616,-46.47966362684
8359aafffffffff,36,197,14.7536588121616,0.386240424179808
83588cfffffffff,97,73,7.84690326347934,5.46115640848497
8358defffffffff,120,2,5.2637046947424,10.3668168031864
838aabfffffffff,2,4,-3.44940432457887,-58.9288548599226
83b304fffffffff,6,6,-18.0283752647573,-70.1279661320531
8352c9fffffffff,11,6,10.9870955702255,48.988872335111
832c28fffffffff,3,0,42.5387121227998,44.3199172904877
83426dfffffffff,74,70,33.787814614632,71.9932532113486
832ad6fffffffff,2,0,35.3527828898137,-78.8633602760617
831e1bfffffffff,46,0,45.1105222823254,19.9093438968245
833c94fffffffff,3,4,19.1973557849769,81.5509925708043
83484afffffffff,35,27,31.6766812087839,-117.225203948447
835219fffffffff,27,24,16.1005948393914,44.6237858683205
831f4cfffffffff,1,1,54.5416793285514,28.3207912943892
8382d0fffffffff,6,1,3.54048757392636,9.17628140599485
838a9cfffffffff,22,14,-2.43839171949656,-55.0639713334108
83818dfffffffff,6,4,-6.95297395908313,-37.9555814607478
83458dfffffffff,3,1,22.4900180174336,-81.9840728928286
832cb1fffffffff,27,17,31.6695643592339,44.7771143901947
837a40fffffffff,49,43,0.380212476828773,37.7018904579284
833cd5fffffffff,6,3,22.0289231207274,90.7698081349904
831f06fffffffff,1,0,54.3255437739768,10.2098080569258
833d98fffffffff,2,4,23.4573962923595,79.4866520331154
8360b5fffffffff,5,2,17.343222039792,79.1259939985365
831ef3fffffffff,9,1,42.2608986764092,20.6362783091348
835913fffffffff,5,11,17.5134518249663,0.479258595634698
835830fffffffff,14,27,14.9360179717186,3.53946094246199
836414fffffffff,21,9,11.6297489656691,98.7964031030735
837a4dfffffffff,13,11,0.55531710141737,34.3092485021489
836ac6fffffffff,42,257,0.845551025680256,28.594165838794
835846fffffffff,41,25,14.2675517688838,13.118482211344
833ccdfffffffff,31,17,24.3407441157615,95.8993520022085
837530fffffffff,5,6,10.1313900300409,-4.20600987458501
83a85afffffffff,30,27,-16.6976213089651,-54.6091332902427
838199fffffffff,15,16,-5.21806946998662,-34.8791449308444
83839dfffffffff,6,21,-3.34520612165129,16.3062665600241
83591efffffffff,5,8,17.5971247017073,1.54488425168857
835880fffffffff,13,4,7.82860350456965,3.43355891912556
836a0efffffffff,5,3,6.50729606773056,27.7872560386237
834359fffffffff,5,1,32.2332073830956,66.0196948047626
83674efffffffff,20,17,9.91945968118587,-67.2585395297124
83452cfffffffff,14,15,16.7327014212336,-90.0663120396773
834508fffffffff,2,0,20.415181973683,-88.3251525182651
83420dfffffffff,50,36,27.8819676030603,66.1147734809954
836a16fffffffff,7,3,5.80921978205224,22.7138648360315
83528efffffffff,23,28,12.0201004415189,40.0123543178146
837a6bfffffffff,14,9,-0.436922837714521,34.849674331639
8349a9fffffffff,6,6,20.1627176838326,-105.225024082278
836b0dfffffffff,13,16,14.0007392806464,26.0373025241398
836aedfffffffff,1,0,3.48860698346949,32.7089827311097
83650dfffffffff,6,0,3.15185048297195,98.5393892814896
836002fffffffff,3,0,11.8538852545689,75.1230459503006
83201efffffffff,2,0,43.0363527483777,72.7205243748592
830886fffffffff,1,1,59.4265732352134,17.2745082563253
83434bfffffffff,4,2,33.9096981244193,67.1812779690345
834345fffffffff,3,1,34.968321236466,62.3107841719662
832080fffffffff,11,8,37.8360584205747,71.0046538958734
833cdcfffffffff,18,1,21.5714020508905,92.8470758957216
836b43fffffffff,34,112,12.7521105262693,31.1750923468831
839cd8fffffffff,2,1,-6.53294665256334,139.201457845821
8359a8fffffffff,27,20,15.6899314499238,0.763831699583045
834273fffffffff,23,15,28.9286723979001,68.3202941014204
838a8cfffffffff,10,6,-2.91756465095067,-57.9634054933452
83a956fffffffff,6,4,-27.3435701079072,-53.0070816042114
833fa5fffffffff,10,5,32.2042980736491,13.5216472899314
834812fffffffff,21,11,25.358178882153,-103.634429939143
833cccfffffffff,13,24,24.0502539025108,94.6868600335475
835983fffffffff,29,48,12.9177413275034,-0.344314054791441
834884fffffffff,1,1,26.7849549325877,-100.06865446828
839cdafffffffff,72,56,-5.46365143097324,139.615979076246
83594cfffffffff,2,3,21.0700598806053,12.1726481104756
83a8c0fffffffff,20,12,-16.4805077001136,-49.5313723277775
833f16fffffffff,16,8,33.239485171898,14.1612015649068
836b02fffffffff,38,40,13.2028120199115,21.8798318564766
83679afffffffff,3,1,10.5517210261646,-83.4559814745579
837a64fffffffff,4,3,-3.5422980953103,38.7734787545034
8358e2fffffffff,66,126,9.62531290059025,9.5027962755025
832c76fffffffff,4,1,43.0222195989695,46.7317328799744
83482afffffffff,8,6,24.5881886439101,-110.470845458493
8342e0fffffffff,12,2,24.7229093938411,68.2710491819886
836030fffffffff,4,1,10.7361731581825,77.7413845000226
83480efffffffff,16,26,26.3109862282329,-109.249443875455
836862fffffffff,30,36,11.0201419274631,123.221276070066
838a8efffffffff,2,2,-2.38005899065614,-56.9901157117047
832c95fffffffff,4,3,30.3436029723313,46.3189857920017
834992fffffffff,21,19,20.4963013272985,-96.5654159068504
8358c5fffffffff,9,7,8.73196896315097,11.1915727871365
83ce8bfffffffff,2,0,-37.8832892397597,-73.6016682624882
8310d3fffffffff,4,0,54.6356001105878,60.0862176357136
834349fffffffff,5,1,35.041632200806,67.1753980632379
836505fffffffff,6,0,2.91072706764267,101.621067906739
834203fffffffff,23,12,25.7793690279035,64.0420381718038
835860fffffffff,1,0,17.1606345852771,13.5718562378374
832d2dfffffffff,9,0,45.2615136798085,33.528420350374
83a815fffffffff,3,2,-24.1800144526592,-47.6967773036588
838136fffffffff,3,4,-15.6514089343013,-39.1170310370334
83a808fffffffff,12,8,-21.8054075634127,-51.7650467425337
83a81afffffffff,9,5,-20.9951185248752,-47.5990853019575
8397a5fffffffff,2,3,-17.5625883567578,37.3847868954404
833cb6fffffffff,1,1,20.6205434035379,79.8489491287866
833cacfffffffff,8,8,24.2936956095714,84.8772645171722
83818cfffffffff,25,23,-7.54990393367037,-36.9393794037846
837aadfffffffff,15,6,3.56313616989235,46.3517291351351
838a45fffffffff,5,3,-3.71062465676918,-70.0704784673365
836600fffffffff,15,15,8.98298165671577,-74.833024602289
8352b3fffffffff,25,13,13.2929554244839,36.3709775288534
83485dfffffffff,9,6,31.1180636980884,-116.053272806845
83bcc3fffffffff,25,22,-26.2526678967642,27.6317479939064
834369fffffffff,2,1,37.311717515455,64.6324439719153
833c96fffffffff,18,21,18.0957905159552,81.2987986682427
833d34fffffffff,12,7,33.6570680872705,74.3900337918587
837a52fffffffff,7,6,3.04064716419384,40.5027612024465
83675afffffffff,3,1,8.83568036215183,-70.0957400565842
834202fffffffff,45,9,25.2530871528312,63.0237084614062
832c10fffffffff,15,3,36.7454870852401,44.1161278312184
837a5efffffffff,7,1,3.17310530980808,38.3042456161371
8348b0fffffffff,3,1,25.3677052744999,-98.0163582293335
834809fffffffff,1,1,27.5721468057294,-111.482375469156
83481bfffffffff,26,31,28.5419981149074,-106.793248684041
8349b2fffffffff,28,26,17.7565915330385,-98.015507597281
83bcf4fffffffff,1,1,-29.2982451706043,31.9856978738776
834069fffffffff,36,12,22.750852040951,97.6614340961251
832d43fffffffff,1,0,46.7889955783929,42.4775743896567
835849fffffffff,2,0,13.2859989963786,18.369609344351
833da1fffffffff,25,5,28.4718785149701,77.1997243862509
834261fffffffff,67,51,32.7489219850763,69.5518366861863
832ca3fffffffff,8,3,33.5421962124564,45.2608787424201
836022fffffffff,7,0,9.29450873165562,76.499338117771
838131fffffffff,1,1,-14.4891960177661,-41.1781835168679
83a8acfffffffff,7,8,-22.163516472977,-45.539498526414
83599bfffffffff,4,3,10.3347842343194,0.57086403281012
83480bfffffffff,17,19,28.1233187340521,-110.30424793277
834576fffffffff,38,28,19.6382573983697,-90.4923864599248
8348a6fffffffff,11,13,24.4579104805965,-100.367314970505
8359a1fffffffff,10,10,16.4763487589605,-0.936483003259772
831e1afffffffff,6,0,45.0960188075113,18.3131459870902
83952bfffffffff,1,0,-4.16157825533772,122.053292586595
833d30fffffffff,15,7,33.0157394533218,75.5131114313878
836ac9fffffffff,3,0,-0.379808949154623,33.7074357163969
836b86fffffffff,5,5,7.76071798376131,17.2673246708337
83ce8afffffffff,14,1,-38.3550557532675,-72.4660887411219
833cc1fffffffff,20,4,23.7497709932899,93.4780054445236
839c99fffffffff,1,0,-5.37124270522262,146.071528672159
831ef5fffffffff,16,1,44.1686944119684,20.6841003474829
838383fffffffff,12,6,-4.35302961961772,16.7624426627033
83728efffffffff,34,20,-3.87005463460629,136.979247608043
836a5efffffffff,52,92,4.38846833646723,33.3066681716466
837a4cfffffffff,23,9,0.496888872215122,35.4449234615643
831e59fffffffff,1,0,45.4352429457767,31.9656116834564
834033fffffffff,3,0,27.1066964695005,111.502970134358
83a852fffffffff,6,6,-19.0426944810139,-52.6840753278133
836d34fffffffff,10,4,18.6582201622206,-95.7969250586906
83318afffffffff,1,0,37.6786709147009,117.11180059489
833d85fffffffff,14,5,26.7976611866191,78.0406692792516
83209bfffffffff,5,3,34.784531058067,74.5117320274747
83204afffffffff,1,0,48.0149776992615,86.9908187120906
833c8efffffffff,10,1,20.661982292911,86.0771964307818
8358a6fffffffff,9,8,10.3683746805375,1.56764392294958
837ae6fffffffff,3,1,3.78127224200338,43.2000790390489
83b2c5fffffffff,29,10,-33.4238745019089,-70.3719040857451
831e42fffffffff,6,1,47.5444582282706,29.0375525477913
8396f6fffffffff,2,0,-7.12429491424048,29.3383056008504
832c9cfffffffff,7,5,30.8623939752099,48.3058685340872
834276fffffffff,49,32,28.9516577749454,66.0921579601847
83818efffffffff,22,21,-6.97022343822277,-35.9119544135342
836601fffffffff,90,79,8.33644684800851,-73.9294713661192
836d74fffffffff,29,25,13.8833482953981,-89.6610514932614
837283fffffffff,26,16,-4.0548919252864,135.824501394548
833c13fffffffff,8,6,25.3621931409143,85.1553421917004
8360a2fffffffff,3,1,16.9633363207937,78.060815164124
8368e5fffffffff,2,2,5.6477275286074,121.384249771836
838a22fffffffff,4,3,-9.92172167548513,-62.9092480476352
837a42fffffffff,7,6,1.3001722521857,38.2765417981204
836a2afffffffff,5,13,8.30346283112372,27.9096845469231
836a43fffffffff,7,11,6.15535003675178,34.4856947152013
836631fffffffff,41,43,10.6480251044966,-75.6374736755807
836a8dfffffffff,5,3,1.01565867749069,25.1683816678643
8381abfffffffff,14,14,-8.12839144240332,-37.9717303833705
837a69fffffffff,30,28,-1.37969932103703,34.2485288103911
836a46fffffffff,28,21,7.15190064717618,32.8513860275329
836b18fffffffff,4,7,11.273791895962,22.9768504915461
831ed1fffffffff,2,2,40.3007686962635,22.1041188136303
8372f3fffffffff,5,0,-2.21778059196205,140.865860563649
836110fffffffff,3,0,8.00584280511127,82.0664544977523
83651cfffffffff,33,20,5.98883706863213,101.459445785138
834430fffffffff,1,0,22.9069419676889,-83.8022587068919
83619afffffffff,6,3,16.9904518151615,81.0489797011885
837522fffffffff,11,28,9.36563115718637,-2.65643896233305
837a90fffffffff,1,0,7.4819564854575,50.7211526874976
8358a8fffffffff,31,17,9.58270570334253,5.25991600807933
838022fffffffff,1,0,-6.89173929166951,-42.0681740243589
838b49fffffffff,14,12,-8.09478492743383,-72.367473316665
838b9cfffffffff,20,13,-10.4642640079604,-55.3617363110221
83a871fffffffff,2,1,-21.4471861930668,-55.7979003021735
83a210fffffffff,3,0,-22.1988980620626,47.4529048710974
834264fffffffff,9,3,32.7873522085767,67.1869558439947
836d69fffffffff,8,4,10.1382742660828,-84.4904594947654
8396d6fffffffff,58,74,-4.08318036189112,28.9075640785387
83309cfffffffff,4,0,32.1158697311345,120.050796905965
836773fffffffff,1,1,12.7984590288937,-69.7877328959007
83a81efffffffff,22,16,-22.0696054579241,-47.631543784758
838146fffffffff,7,6,-9.0743885896514,-48.2869243257672
8366e0fffffffff,17,10,4.07663849218387,-74.309671314821
837a0dfffffffff,29,2,0.14945934269806,42.1354470792667
833f12fffffffff,12,0,32.2566227182407,14.8891215897712
8375b4fffffffff,1,4,8.71175693816006,-10.7228947471795
836861fffffffff,6,7,12.333457453144,124.707848276367
83309bfffffffff,5,0,30.6978266135454,121.49263779448
8360aafffffffff,2,0,16.8956006997147,75.1668810263616
836086fffffffff,4,2,18.7572980427549,77.4627789472327
839689fffffffff,5,1,-5.11184862747032,29.440940229446
834cd4fffffffff,10,9,18.8988111284357,-70.1946669753519
83554dfffffffff,13,23,17.0557528652329,-3.63910174568833
836b4efffffffff,3,3,12.6741992591122,32.3133892328285
831f1bfffffffff,1,0,51.2354874463083,13.9933745017919
8345b2fffffffff,50,43,18.228885597161,-77.7001324282382
83a30afffffffff,2,1,-15.425610929057,47.8424919943513
835991fffffffff,3,0,11.9667280318689,-1.67918244680552
8352b0fffffffff,4,1,14.2757765432587,35.9560599386742
837a1dfffffffff,71,33,1.88898260149603,44.2803499364375
83815afffffffff,36,36,-5.00239705867298,-47.155459601592
838071fffffffff,4,3,-2.03917049978445,-48.0914043242579
837a73fffffffff,4,2,0.264229566809335,39.9341460644604
83a236fffffffff,2,0,-19.404378440509,45.6720886597698
836d2cfffffffff,4,3,16.3228785439658,-91.1287535286666
836d14fffffffff,9,12,15.9431268058193,-97.2361296027187
8349aefffffffff,31,34,18.8319631015889,-103.187335182174
83580efffffffff,12,15,13.2528311659038,8.09989794604975
8352e0fffffffff,6,4,14.9802944549125,45.9585048892244
833c02fffffffff,7,1,27.4701413440287,85.7192328367814
836b55fffffffff,80,187,12.8943891746376,28.8773593227188
833d8dfffffffff,5,1,26.9956999284516,81.311908688524
83482efffffffff,1,2,23.4084383330801,-110.524304465751
836a13fffffffff,5,1,4.82745117420737,24.3103416053828
8381a9fffffffff,9,8,-8.70499480483699,-39.0083681600246
836b40fffffffff,37,510,13.7347840682131,30.7033842872563
834519fffffffff,3,3,21.1500598356744,-86.1810826008456
835252fffffffff,5,0,15.6390694289244,47.6784345395084
83426bfffffffff,6,6,32.0516795143478,73.0485317921779
836a4cfffffffff,1,2,6.95256760083364,36.1691216822152
837a72fffffffff,12,6,0.206661780285953,41.0390361057939
83a8d4fffffffff,5,5,-17.1866969620812,-46.4491986951088
83bceefffffffff,1,0,-29.0866307619552,26.7896696715368
836a51fffffffff,5,6,5.34010843003462,32.7807437444425
833ca9fffffffff,3,3,23.9351755371667,86.9280586407492
834340fffffffff,51,24,33.8453964536677,62.4009597511592
835298fffffffff,28,82,10.3262153667496,38.6300146677409
833ce6fffffffff,11,4,25.6915322299744,89.5959101647491
838b74fffffffff,1,1,-14.7240671338198,-67.9072633194459
838144fffffffff,2,2,-9.61777794255693,-49.3225201394931
8366cefffffffff,3,2,-0.358745246082953,-74.7013199075163
835812fffffffff,19,51,11.3242492317857,4.00426831881038
83739bfffffffff,11,5,-0.639041443328247,131.694328372758
837288fffffffff,19,14,-3.68333915938222,138.13540984261
83546dfffffffff,18,161,12.571312831826,-4.24951290987546
836b90fffffffff,29,203,6.01850328560475,16.1981656469886
838b4afffffffff,5,2,-8.26337474096255,-70.400442530826
832045fffffffff,2,0,50.4007583084385,83.1132755282779
83969bfffffffff,12,17,-2.27523850830261,32.486717510566
83a801fffffffff,10,10,-23.460474897474,-50.7956054896016
83591cfffffffff,5,16,18.5671195879862,1.94886719482256
83bc73fffffffff,7,7,-33.6453564108135,25.7785687736698
836b19fffffffff,17,8,11.2315571035484,24.1284293404036
831e16fffffffff,1,1,46.760982312418,13.4538341006402
831f11fffffffff,1,0,52.6835691281843,10.4170629868933
833d83fffffffff,4,2,25.1560972461699,78.8391625608946
8344a1fffffffff,3,1,25.9017002186375,-80.0997946564023
8320a1fffffffff,3,2,40.7850262236094,69.8308737323846
831ea4fffffffff,2,0,45.6826030071488,11.1526423889119
833ecdfffffffff,2,3,20.593952829936,30.8415703179733
8396ebfffffffff,2,0,-6.71583215085554,22.2842768642794
8358a3fffffffff,12,35,9.54349509445128,3.20441139688752
83a824fffffffff,2,2,-27.5244285204805,-50.9462183013168
83a8f4fffffffff,5,4,-19.9084822942167,-47.5667316829986
83a596fffffffff,29,28,-16.7832166489319,-39.1353543515025
836ba3fffffffff,1,0,9.54713616932733,18.3746095947412
8366f4fffffffff,4,5,4.98095988604388,-77.1697368817743
8366e4fffffffff,16,10,5.1595889690989,-74.2135664917324
834853fffffffff,7,7,30.527114579939,-112.542569610899
837aabfffffffff,38,38,5.33203349070116,46.316923713825
837a93fffffffff,1,0,8.35732171083022,50.2070989541435
831fb4fffffffff,8,5,49.2005375521153,2.00250380593691
839cc2fffffffff,3,0,-8.27543904106886,140.672120658673
837286fffffffff,2,0,-3.34129196292523,133.928147891795
83a81cfffffffff,9,5,-22.544665490064,-48.6893043995842
833d91fffffffff,7,0,23.7172143123451,77.5499358142633
836ac3fffffffff,9,2,-0.206864408765764,30.265153919859
83119efffffffff,13,0,51.9934788768781,39.7534457325617
834816fffffffff,6,7,24.1844863506753,-103.75167757093
8358eafffffffff,1,0,8.72614810825108,12.2803129687573
836b52fffffffff,20,4,11.0789939750089,27.5693161980693
837280fffffffff,8,3,-3.15783188912889,135.08016883757
833c06fffffffff,1,0,28.1458779714194,84.8219953762436
8359b5fffffffff,7,24,15.3739888331034,-3.28971957664514
836736fffffffff,16,15,18.555675761775,-76.7162384624802
835906fffffffff,7,48,20.3372081670335,0.577413178966365
831fa4fffffffff,1,0,51.1982922144108,4.73846844698434
836a40fffffffff,15,14,7.08787711317201,33.960758287811
83a82cfffffffff,1,1,-25.3477755323996,-52.9255791771928
837aa9fffffffff,24,14,4.49080228226488,45.8175202243371
832c30fffffffff,1,0,38.3472711844638,41.0529147666409
8352c4fffffffff,12,3,13.2107256031491,45.5455954936539
8320b3fffffffff,13,7,36.7448575938003,68.4238098839362
83436bfffffffff,15,12,36.1664652700289,64.6844382607393
836656fffffffff,5,2,4.91250004710665,-72.301720197212
833c33fffffffff,5,0,27.7726577994781,83.6448116052962
831532fffffffff,1,0,55.3425085932675,110.096704461411
836a55fffffffff,21,15,6.28194006374935,32.2583855059155
836a60fffffffff,3,2,9.79772432926953,33.6376305278432
833e62fffffffff,17,7,29.6998422339381,31.2370537617128
835281fffffffff,25,10,12.9793024911495,39.6459575422384
837aaafffffffff,5,7,5.24971040692708,47.3382690533531
838149fffffffff,6,1,-5.42815355529497,-52.2142024464867
834205fffffffff,13,15,27.3276088736065,62.8826641401546
836a59fffffffff,7,10,4.26195146580935,35.5453327907108
8360b0fffffffff,5,2,18.4395944176822,79.3646502765067
83752efffffffff,9,10,7.74545569989884,-1.42297776486012
83458afffffffff,1,0,23.0946731936034,-79.9407498728942
836d33fffffffff,12,11,16.3950857435587,-96.1448954856698
83155dfffffffff,3,2,61.8340299076833,129.544697616016
835986fffffffff,10,30,13.7003079181114,-1.98491691752503
83a876fffffffff,7,6,-22.6861083948802,-53.838029138282
838b1afffffffff,2,1,-12.260542292915,-61.1808685131963
836606fffffffff,30,28,9.62564244749132,-75.7374446849047
834248fffffffff,8,2,30.3341940938603,74.0489651535897
8366f0fffffffff,24,23,3.8876113970951,-77.2775403341399
83589dfffffffff,7,26,6.14961614135141,4.65083165922567
8354eafffffffff,10,2,9.51464672759998,-13.2119620273351
834246fffffffff,40,15,29.4439118166081,69.4517894663858
833f72fffffffff,2,0,35.2688113981433,24.073689952216
83109cfffffffff,8,0,51.3489870974584,51.0035938510674
836642fffffffff,1,1,4.00405855577039,-69.5169083153288
8352b4fffffffff,4,4,15.2696006029015,35.532482441263
83a222fffffffff,1,2,-18.3004129182397,48.4752994849013
83424dfffffffff,10,6,31.4311858617282,74.1588503883305
83a232fffffffff,1,1,-20.3470991564438,46.2642464146435
836605fffffffff,23,16,9.36969284724532,-73.8361554975635
836433fffffffff,18,9,10.4934741859906,98.473041304777
83a823fffffffff,1,0,-25.5204243910152,-50.8706734091524
834049fffffffff,86,71,25.4051716662105,96.2285974465571
835843fffffffff,15,24,13.3209818292489,14.8866195460627
834225fffffffff,16,10,29.3836347461871,60.5243312603773
834993fffffffff,54,60,21.1973289299592,-97.5284110821243
834529fffffffff,7,8,18.5300845064634,-90.7078334629717
835910fffffffff,1,0,18.3854780458806,-0.196959341440863
83554bfffffffff,11,28,15.7636496919639,-4.99550606380507
83434efffffffff,5,5,33.9005322095386,64.7829939019518
833c19fffffffff,18,6,26.4165349502953,88.6995043244351
831f80fffffffff,1,1,47.9846578953037,6.91793260777152
833da8fffffffff,10,2,28.2702629208376,79.3785008565967
832571fffffffff,7,1,52.7501062489144,103.952104540237
83bcc8fffffffff,1,0,-26.0895508063757,25.0757403611672
83ad16fffffffff,1,1,-31.0840751742707,18.1718625382687
836b8afffffffff,17,64,5.88841460791093,20.5130946601008
836b83fffffffff,7,7,6.83162436383391,18.9296697833942
83a859fffffffff,2,1,-16.5304184593293,-56.5826638144122
836b88fffffffff,2,1,6.76909802979651,21.1404677738615
834432fffffffff,29,1,23.2276218034454,-82.7504772820609
83212efffffffff,1,1,52.3412734872375,60.4414926808637
837a46fffffffff,8,4,0.322101116541786,38.8215089650814
8358eefffffffff,27,97,9.62707582401815,11.680934618482
83660cfffffffff,41,34,7.68666570115707,-73.0272322758329
833823fffffffff,2,1,35.5929084425154,-0.899107966851893
83a2a3fffffffff,2,0,-25.1608836082445,45.7739370757147
834806fffffffff,29,40,23.8337791117563,-107.145241626639
834815fffffffff,9,13,24.3517113056475,-105.982640426328
834574fffffffff,2,2,19.2345245396539,-91.5828563946725
8364f6fffffffff,4,0,15.8064943775874,94.5279498711216
836945fffffffff,5,5,16.1175811488789,119.985686771345
8359b6fffffffff,55,61,14.1462895675625,-4.61486831093099
83800cfffffffff,8,7,-3.30743858279066,-44.0481115283861
831952fffffffff,10,0,54.2077763515636,-5.96881962868163
83bccafffffffff,1,3,-25.1626492141966,25.7850215460391
83a8b1fffffffff,23,19,-22.271286289753,-41.3320318806804
835294fffffffff,3,20,12.4155431342048,35.6762910559047
83452bfffffffff,2,2,18.9296002521745,-89.6296709104269
836d65fffffffff,2,1,13.373518326745,-86.017480609899
833ce2fffffffff,13,7,24.953376707485,90.4907213822143
8320b1fffffffff,1,1,37.898109372264,68.4408017634149
8366c0fffffffff,24,27,1.43790936333451,-75.5298644394643
83404dfffffffff,4,8,24.6208958382614,97.1144078737316
8395a5fffffffff,1,0,-8.67754609287706,116.568414228267
8358f3fffffffff,127,257,7.85610161648838,8.58299349609067
836b42fffffffff,76,359,12.8255624210591,30.029464654193
834872fffffffff,1,1,27.0116139756532,-112.647641201302
83a8aafffffffff,8,9,-20.579564501645,-44.4483827042593
8364aafffffffff,4,1,16.408490385548,96.890863832419
83611cfffffffff,10,6,7.34649299261561,79.944959314846
838292fffffffff,7,9,4.18512735693903,17.0781648964471
83661cfffffffff,17,15,7.5400809784444,-75.9395702417998
831ec1fffffffff,1,1,42.1398980549084,25.2746053671714
836553fffffffff,1,0,5.34422259436482,94.9114260405282
832c14fffffffff,9,4,37.0193857623043,42.8186589591306
83452afffffffff,14,10,18.22517651658,-88.7840236063566
836a65fffffffff,2,5,10.6671558756705,34.3095496023084
838055fffffffff,4,4,-0.303115936444605,-47.0323034978092
83585bfffffffff,9,2,10.5130693574807,15.5387277251101
836623fffffffff,31,40,10.389346934084,-73.7435191358196
836386fffffffff,1,0,11.5011744201483,51.4958206943307
836a09fffffffff,14,20,6.39944835190337,30.0233137476531
83a952fffffffff,2,1,-26.3527395208322,-52.9662671869574
838230fffffffff,2,8,-5.95442952257101,12.1675085518495
83a8f5fffffffff,16,9,-19.3081793797013,-48.5872593239448
83a95efffffffff,8,8,-25.1490011677997,-54.952264807663
83750cfffffffff,6,5,6.11219210417066,-2.06223933279257
834019fffffffff,6,0,29.2529499266213,106.678140134191
836d22fffffffff,7,5,17.2752318014677,-93.9638953940344
8368e4fffffffff,2,2,5.4333023638642,120.318375460802
832c20fffffffff,1,0,41.2563444180291,41.050987633425
836b46fffffffff,16,36,13.8090971604546,29.545257876096
837a4bfffffffff,8,7,2.45829673302808,34.3690009671056
833cddfffffffff,27,25,21.8800537857068,94.0454978522153
836b50fffffffff,24,86,11.9840927202404,28.2187190004772
83a928fffffffff,1,0,-31.1604681335543,-53.1716143592184
834572fffffffff,4,1,20.7483237203978,-90.2735171897695
837b4cfffffffff,53,28,-6.52242729383242,39.3098470432366
831e4dfffffffff,4,4,47.8593886354812,34.8506220359012
832d56fffffffff,5,0,43.3409399903349,40.0906273061533
833da4fffffffff,1,0,28.6396846280542,74.9981557336077
8310c2fffffffff,14,3,56.9008229117599,59.6935825170944
836b72fffffffff,9,22,13.9422217861532,27.2112854775269
836ad5fffffffff,8,41,-0.0909201526754548,27.9664913311195
83149cfffffffff,1,0,47.0315686328419,129.905909582303
833181fffffffff,7,0,39.2802173428332,116.007814908704
832b8bfffffffff,1,1,42.6449238554409,-75.3761784880185
8366e1fffffffff,9,8,3.41108035493652,-73.3936835740259
831e19fffffffff,3,1,46.0408763524569,20.7341367981475
833da3fffffffff,6,4,27.4133024809061,77.0471994982171
83319dfffffffff,1,0,37.6601272944189,115.961800837035
838016fffffffff,5,4,-4.59716618225848,-37.9234438638839
838014fffffffff,5,3,-5.17253883475649,-38.9548442607085
838a21fffffffff,5,14,-9.81289128624719,-64.74752136768
83811bfffffffff,4,4,-8.67652168870399,-41.0704658611738
8366adfffffffff,1,1,6.71907126217984,-77.9805216348068
831faefffffffff,1,2,49.9021297849581,8.25391632982683
837a49fffffffff,3,1,1.54082287131577,33.7722850035387
8382dbfffffffff,44,43,5.30926663119183,6.2553216891011
83650cfffffffff,2,1,3.44626012015825,99.6757139796551
83536efffffffff,21,0,26.4119482932409,50.557042482566
83801cfffffffff,6,3,-2.77772218434984,-40.9645103839866
838a9dfffffffff,3,1,-1.83736638702003,-56.0094579034604
83660afffffffff,2,3,6.23090544248896,-74.1181697261555
8348a1fffffffff,1,0,25.845416010883,-102.450663923149
83452dfffffffff,6,10,17.4246734824692,-90.9199318905809
836968fffffffff,7,8,17.4268539845911,121.431345973796
8352e5fffffffff,4,3,15.7954052445233,46.6764757033625
835994fffffffff,13,76,12.7367144006823,-3.28424305053976
838045fffffffff,2,2,-0.82519926359704,-50.0702480532533
83a90afffffffff,3,2,-28.5046552950845,-50.9841709525202
837528fffffffff,3,3,6.93717944258378,-0.812320717067065
838a00fffffffff,3,1,-7.71667519031068,-62.8059393037622
83ce9dfffffffff,1,0,-38.8110317813579,-71.3277369055525
834590fffffffff,1,0,20.2002565679168,-77.1725613717448
83662dfffffffff,3,5,9.48016768853168,-70.9810809337838
83752dfffffffff,2,0,6.95082785716871,0.134269922129507
833083fffffffff,1,0,32.9457004588074,120.416615698885
833011fffffffff,1,0,37.6453605807466,121.555196171046
833ca1fffffffff,4,3,23.9247348707302,83.7244724867628
838aa9fffffffff,2,2,-3.97512922422144,-59.8860167945488
83450cfffffffff,3,2,19.3192812374453,-88.5563437103857
83a825fffffffff,7,6,-26.942903706786,-51.960243666335
838ba4fffffffff,78,38,-15.8957152990099,-57.5335179595642
836526fffffffff,3,0,1.55806448657038,104.338794784863
833fb4fffffffff,1,0,29.9698789697806,9.65489040165825
8348b1fffffffff,11,9,26.0784841705609,-99.0341600754186
836a1efffffffff,59,46,4.7791187125753,25.429447247022
834269fffffffff,20,14,33.1668521963148,73.144203339158
837526fffffffff,7,9,10.2192648838344,-2.33765869768341
831ecafffffffff,1,0,40.1224747783738,26.6358173559229
836755fffffffff,11,9,11.8287157830989,-69.863887008814
838118fffffffff,1,1,-9.84980001678545,-41.0918670444648
8366f3fffffffff,19,22,2.78337678938287,-77.3861326038096
83309afffffffff,1,0,30.4534342203527,120.391279830972
83a953fffffffff,4,3,-25.7545576566832,-53.9637705463287
834803fffffffff,20,22,25.6660453592648,-108.148854264221
839735fffffffff,2,2,-22.5534181715813,35.4230778138612
833ca8fffffffff,10,6,23.5794364531786,85.7594488193152
833dabfffffffff,3,2,27.632848629591,80.3561185271268
83a214fffffffff,4,1,-21.2788033847824,46.8578925830122
836083fffffffff,1,0,19.0492880329246,75.5964627742792
8310d6fffffffff,8,0,54.3639454795582,56.7033485927277
834ce8fffffffff,2,1,18.3277113106092,-65.0042673849358
8366d4fffffffff,6,6,2.34328006376203,-78.4266043499409
834819fffffffff,11,14,28.0209556403054,-107.992908162597
833c8dfffffffff,5,2,22.1120197951305,87.5242192210269
83390dfffffffff,1,0,40.238292378302,-2.57765623707496
835982fffffffff,8,5,12.8601764256669,-1.33906939968697
83694afffffffff,6,4,13.7383726818046,122.141685503686
838290fffffffff,1,2,3.29056614724943,16.4447590689695
835285fffffffff,16,1,13.9507403631352,39.2717894857091
834808fffffffff,8,10,26.9466289397866,-110.360846958178
8368c8fffffffff,1,1,1.28999460952313,124.978071113874
833daefffffffff,4,3,27.8462723601927,78.2071366704794
835469fffffffff,14,60,11.6409037025866,-4.5599654983263
83611bfffffffff,3,1,8.88203926951435,78.3240688649271
832d64fffffffff,11,2,48.6294016986407,35.8443072078144
8358cefffffffff,2,0,6.95741821574205,12.3776497278319
837a08fffffffff,42,38,1.05727621797092,42.6766615614711
836a6dfffffffff,77,186,9.5646533227621,36.8859149297943
83a814fffffffff,1,1,-24.7525327797549,-46.6645519744155
83a95afffffffff,6,4,-24.1355136242436,-54.9089196967886
83529dfffffffff,5,10,11.1725738271772,39.318042930496
833d90fffffffff,2,0,23.3097683875524,76.4819108860397
8359aefffffffff,6,7,15.6162945519516,-0.272573422670163
83118cfffffffff,4,1,55.8937449907158,38.929886856726
836d66fffffffff,12,14,13.6246730957433,-87.8287646604272
836b45fffffffff,7,9,14.6471580307356,31.3863047977156
83b374fffffffff,1,0,-19.8096083845728,-65.3065365325522
8360a4fffffffff,2,0,15.1429046272343,78.6555417980726
836a30fffffffff,23,6,8.48874992149936,23.4315456740235
8366ccfffffffff,1,1,0.0909352080085599,-73.6757846031135
838062fffffffff,9,9,-2.60081400197798,-49.1175622130648
838ba3fffffffff,6,2,-13.6938360997792,-57.4416492026447
83752bfffffffff,4,0,6.12228074919812,-1.14047470944413
8348e2fffffffff,6,6,30.3637528752918,-107.830828476155
833d16fffffffff,9,1,30.1756561562345,76.3132429470054
83302efffffffff,4,1,39.9154349094042,124.035093491301
8360b3fffffffff,1,0,19.1461489685444,78.526821713888
833e60fffffffff,6,4,30.6412469362698,32.0302435035167
8396d2fffffffff,38,92,-3.06011515573179,28.3786287040364
833e68fffffffff,1,3,29.2658769021932,35.1795745760935
833d14fffffffff,14,4,31.2669753090789,76.4603198493946
831e5dfffffffff,5,2,46.4281944224111,31.3236295101501
835891fffffffff,4,3,6.1472838950441,2.67271515695609
836a66fffffffff,4,4,9.86967589218158,32.5367215291225
833da5fffffffff,3,1,29.0956617822849,76.1708862529495
8360a0fffffffff,2,2,15.8679999415553,77.8311988903123
8366e9fffffffff,1,1,0.97745913332473,-71.6532884508747
834350fffffffff,21,17,31.0448245357451,61.4791807594688
832013fffffffff,7,1,42.5056109885516,71.2856413845833
837505fffffffff,4,4,7.72317823823328,-2.35530118536252
8382d9fffffffff,4,2,4.48781634376948,5.8461489795428
832c06fffffffff,2,0,38.8718773488176,43.2999130218591
8352e1fffffffff,27,13,14.8329794854068,46.9633296781747
8320c0fffffffff,1,0,41.192959455415,80.7025214653914
8342cefffffffff,6,3,22.5617962392001,72.3140522624345
83a92efffffffff,6,5,-31.7229613569424,-52.1585287117138
832d4bfffffffff,1,0,48.166222097361,46.1360100811067
83bc99fffffffff,1,2,-24.5241445626454,35.3662400354474
836941fffffffff,14,15,15.3366937043581,120.700682368065
838b92fffffffff,2,0,-11.2072760622071,-52.4078937932914
8311acfffffffff,1,0,57.0330314530454,34.6350591271232
831e4afffffffff,4,3,46.2618561890377,32.9111178884435
83a90dfffffffff,1,2,-29.2817312505629,-53.0890918575906
836bb1fffffffff,2,1,8.67070527226578,16.6992723779247
83499efffffffff,11,9,21.8977099134453,-98.5074088806769
8348e4fffffffff,4,5,28.6643166799347,-109.114056541971
8358adfffffffff,52,44,10.4743856949047,5.68182570929688
837a91fffffffff,3,1,7.58043945892837,49.7517230294479
836a63fffffffff,3,6,8.86305159332506,34.0621442743466
839692fffffffff,8,3,-3.4459093720015,36.4910747198467
837a75fffffffff,4,3,-1.64823613508395,39.9193624390551
8311a4fffffffff,2,0,55.2533342215147,31.0501659116717
839789fffffffff,1,0,-12.3916056174303,33.2952920975938
83591afffffffff,3,4,16.7122943578947,2.21573521021341
83529afffffffff,20,37,9.48176009531955,37.9483803327289
833098fffffffff,9,0,31.3030019151642,120.754052085
832d53fffffffff,2,1,43.8650121058237,42.4638222680423
8383a4fffffffff,4,4,-9.41687868268662,17.9728236562052
835440fffffffff,23,18,12.2072716777037,-7.93419372156527
836addfffffffff,5,1,-1.20935978917576,30.7953563450746
83521afffffffff,5,1,15.4068147397416,42.8498837864038
836026fffffffff,14,6,8.54358330862808,77.2972892921473
835989fffffffff,7,5,13.0714395859973,2.7251325255831
830b9afffffffff,2,0,55.9350043149458,92.3191568652944
838232fffffffff,3,7,-5.03783766260316,12.8180107612488
836d30fffffffff,4,2,17.5244516589686,-95.9723456444204
839796fffffffff,9,4,-11.550513553889,41.0024030771653
837ae4fffffffff,7,2,2.90569425580204,42.6695610861713
834048fffffffff,9,1,25.6796453209058,97.4482818837817
83546bfffffffff,8,10,11.3187613910978,-5.53824995620846
833ce8fffffffff,18,0,25.8875802527798,94.1188244203043
836099fffffffff,2,2,20.3767459248908,73.9750450818949
83434dfffffffff,10,10,35.610111705172,65.9394380301759
83695dfffffffff,7,6,13.4860540384337,121.054472905477
834030fffffffff,1,0,26.2733543980482,112.291835587085
832d33fffffffff,3,1,39.6169211848424,32.5803169625695
833c88fffffffff,2,0,21.014237738785,87.236761585885
83651efffffffff,12,7,7.11681642325176,101.786353225682
836ad0fffffffff,4,0,-1.03420008718487,27.3342118998227
8314d6fffffffff,4,1,48.8795587956474,135.237840218402
833d12fffffffff,10,2,29.5425461673307,77.357159162746
83118dfffffffff,3,0,56.7681089581103,40.0752988155534
833d89fffffffff,6,1,26.3539037168617,82.236518855491
83609efffffffff,2,1,21.1893912949092,76.0347348854979
8372d6fffffffff,6,11,-4.3874401489877,140.031579830874
834800fffffffff,59,56,24.4865269885689,-108.224634301977
835995fffffffff,8,8,12.7997697437114,-2.3191248096198
83a8f0fffffffff,3,2,-18.8102851421935,-47.5344824410574
83815bfffffffff,18,17,-4.38687081129665,-48.1561677516247
832c84fffffffff,8,6,32.4743151091236,45.6227483897883
837a74fffffffff,8,3,-1.69915729898712,41.0331756801388
831e0afffffffff,3,0,46.95627636271,21.5787835364854
832d5efffffffff,2,0,44.6691525281017,43.4318397722687
833cebfffffffff,20,4,25.1198815196361,95.0111986367787
83728afffffffff,5,1,-4.76317819557283,137.721829951109
83a909fffffffff,1,1,-28.3199818976016,-53.048022977331
833e66fffffffff,4,1,30.7711960073849,30.6869918101807
835292fffffffff,1,3,10.5863118949071,35.4051028570896
833190fffffffff,1,0,37.5331023610165,112.427832991654
832096fffffffff,26,11,34.4619909680999,68.3916248616679
835286fffffffff,13,41,13.19199567376,37.4744585382964
83811efffffffff,1,0,-10.449679845649,-40.0683545754474
838b5efffffffff,2,3,-9.05959046682738,-67.5412925841473
836a34fffffffff,15,7,9.42034824089606,22.9046627837569
836a50fffffffff,31,17,5.40075568756831,31.6602107982541
832d89fffffffff,16,7,36.2128000644138,41.9322704354475
831e0efffffffff,1,0,47.8745481543401,20.7865450331167
838d80fffffffff,2,0,-6.8923101047822,112.540119423481
834523fffffffff,10,8,16.4430788583721,-88.1834763676333
838112fffffffff,7,7,-11.6329817672945,-38.0205008290161
835463fffffffff,15,40,13.4988400575822,-6.63343272022123
836aecfffffffff,15,13,3.54833856695554,31.5795234863927
834260fffffffff,4,2,32.2159887970798,68.3616338123571
831f4efffffffff,4,0,53.7739984065718,27.3009060862014
831e63fffffffff,9,2,50.1356739990866,30.2633367331158
8359a9fffffffff,6,3,15.7595829538779,1.81503288035137
8349a2fffffffff,12,16,17.4930205772322,-101.201798386385
837a98fffffffff,8,9,8.56066016309472,48.2509155481143
831ed4fffffffff,2,0,41.296958193175,19.8486918496349
83421dfffffffff,3,6,25.2688069878716,65.1169502151879
838b2efffffffff,1,1,-16.5039290565694,-65.1156906739406
8366b6fffffffff,2,0,9.09526982654136,-84.6227177449286
8364acfffffffff,8,1,14.4462670166596,97.4249482529294
835443fffffffff,4,10,11.2593427958542,-8.2154994673158
83544efffffffff,4,5,10.659399698135,-7.50461830583488
831ec9fffffffff,5,2,40.9365622339636,28.995716110326
8361abfffffffff,3,1,11.4379673938023,79.8346716657484
831969fffffffff,2,0,52.1347686230819,5.38750622366275
837b4efffffffff,1,0,-5.55105901841725,39.8890690557573
832041fffffffff,1,0,49.6172337743302,84.4523886491934
832540fffffffff,1,0,51.8368993251471,106.45610207647
837a41fffffffff,15,10,0.438497637820922,36.5760871283368
835464fffffffff,1,2,15.4425352776147,-6.02474229605443
838f5bfffffffff,2,3,-10.5433311775303,-77.6683933782341
837af5fffffffff,4,1,4.64415239066625,43.7241439810369
83a8edfffffffff,7,6,-17.3258429696895,-53.6310000605863
833c9cfffffffff,5,4,19.1983534241176,84.6559643589579
833c34fffffffff,3,1,29.088846358683,81.7521661298555
83316cfffffffff,5,0,43.1545294957868,132.121875249937
836d2dfffffffff,11,7,15.6397710314122,-90.2796601222737
833cb2fffffffff,2,2,19.9152179341375,80.6987232414247
83546cfffffffff,14,24,13.1940335891824,-4.92829564901914
838120fffffffff,15,11,-15.5911333576212,-43.2847984457548
833cb3fffffffff,2,1,20.2942935383082,81.8055855244235
833ceefffffffff,4,1,25.5862709503254,92.9038553453416
8364a1fffffffff,23,24,14.7369269157206,98.6019391291843
831180fffffffff,2,0,54.1324463675335,36.8076641626047
831e0bfffffffff,2,0,46.9259185234608,23.2164951918132
838a90fffffffff,5,4,-3.65315553703622,-53.1467262397551
83536cfffffffff,1,0,27.1457778377694,51.362645789483
83a903fffffffff,8,9,-30.030463816493,-49.9977566717291
838048fffffffff,4,4,2.08935912768917,-50.9774582410184
833cedfffffffff,7,1,26.9395492043747,94.4429646994101
83696afffffffff,3,2,16.3840412532011,121.064737364014
833caafffffffff,8,7,22.4949596390875,85.4798128658506
837ae1fffffffff,4,7,3.92348911389181,41.0504813052569
838b22fffffffff,4,3,-17.6348499061363,-63.283975234246
837acdfffffffff,3,2,6.80825285070197,38.35835681242
837a9bfffffffff,3,1,9.43726552988638,47.7324707863747
833c35fffffffff,1,0,29.4822798538888,82.9526705451147
838bb5fffffffff,4,3,-14.9609760226448,-55.5346566717502
836babfffffffff,10,2,8.5625373182138,21.1825723768658
8340a4fffffffff,1,0,30.0536081139195,113.753289541736
838068fffffffff,4,11,-0.782038309177315,-52.0613497293949
832c26fffffffff,1,0,40.4650187364575,40.1246396098346
836ae8fffffffff,7,4,2.57852178386098,32.1059230317566
8354ebfffffffff,1,0,8.93547789528471,-12.4509294637806
8364f2fffffffff,2,1,16.625736286533,93.6615708988533
83a8d5fffffffff,4,3,-16.5817931595473,-47.47029515527
833fa4fffffffff,4,3,32.1377044088841,12.1638616501255
8372dbfffffffff,1,0,-5.56936118432162,144.935859763723
838daafffffffff,3,0,-8.20338325715083,111.184471685159
832a10fffffffff,8,5,40.8584161474227,-73.7819279919521
8353b6fffffffff,2,3,21.537686401877,31.568364825557
838161fffffffff,5,5,-10.6847246210363,-51.3836504190865
838070fffffffff,10,8,-2.64978958514138,-47.0936867317552
83430cfffffffff,3,4,30.8074756949736,57.0130853573791
83a242fffffffff,7,0,-20.4475183478325,57.1632072931674
838d8cfffffffff,7,0,-7.49440015284899,110.469678616319
833c0afffffffff,2,1,27.4674078262546,88.9997797126269
837576fffffffff,15,8,5.32495062603078,-0.539057422857401
836014fffffffff,2,0,12.5764530091119,77.155595002548
834244fffffffff,5,2,30.5341277306219,69.4840305386848
835444fffffffff,6,0,13.1660747848527,-7.64751672191789
838b75fffffffff,1,0,-14.1098445959907,-68.8477609451444
831e03fffffffff,5,0,47.8692897886836,19.1315304259944
83219bfffffffff,2,0,39.0622227982428,65.8500592122163
8352e4fffffffff,7,3,15.9493489796856,45.658174215646
835f0dfffffffff,1,1,5.4999538670514,-58.5580692334392
833d36fffffffff,11,6,32.5390409601437,74.2724755040411
833ce1fffffffff,6,0,26.3361622052061,92.0073179976467
834245fffffffff,8,5,31.0483573821271,70.6536746295579
836a6cfffffffff,9,30,9.64505444613284,35.8128913288009
838f58fffffffff,1,0,-9.37394118800574,-77.554173165763
832d61fffffffff,7,10,49.2555305914897,38.3598642611375
836acefffffffff,6,3,-0.264711676730646,31.4142647709849
833da6fffffffff,1,0,27.5749363376892,74.8795533739983
8338b0fffffffff,3,7,26.5737891433525,-6.4826903530293
831ec2fffffffff,5,0,41.257386803177,22.9084625820084
833c1efffffffff,5,5,25.722176280067,86.3263773478605
8372d2fffffffff,3,12,-5.27402199787395,140.768585607405
832d28fffffffff,7,1,44.2499053746976,34.1290043829618
834818fffffffff,6,4,27.3677698736692,-106.883771463782
838076fffffffff,3,2,-3.26192138099423,-46.0911873951914
834208fffffffff,13,6,26.825261670279,66.1366798725975
83399afffffffff,9,11,28.1254756923123,-8.17770554112763
833e2dfffffffff,1,2,31.0793648681235,26.6049949950778
831fadfffffffff,2,0,50.9968468438218,10.6143005026603
8310acfffffffff,2,0,56.0082566606031,47.4976378080692
836653fffffffff,1,1,3.17039499836173,-71.4814412849578
8372a0fffffffff,1,0,-0.262595072328146,133.996185862594
836845fffffffff,1,0,10.4086266198648,125.061960737372
8341b2fffffffff,1,0,27.9285777600005,120.375118890101
8382defffffffff,3,0,4.45425844917512,7.81604277005725
836509fffffffff,1,0,3.98115593909875,97.715918185577
835f16fffffffff,3,2,3.81870975230734,-51.9103299826402
836ad3fffffffff,4,3,-2.04351324159461,27.854167901878
83b2c4fffffffff,11,1,-32.9491405579902,-71.3924214069168
836611fffffffff,10,11,8.18956907162137,-76.8509817935351
834204fffffffff,4,11,26.7808971365558,61.8542266271771
8366c3fffffffff,4,2,0.317201214931227,-75.6323871067809
832174fffffffff,2,0,54.2886590618479,65.3070297701041
838111fffffffff,10,11,-11.6154241277376,-40.0881376759981
83a819fffffffff,16,11,-20.8788638167327,-49.6728229633706
83529efffffffff,20,49,10.4156607267435,37.5659502297439
835832fffffffff,7,22,13.9977138541491,3.12786937185598
833c85fffffffff,1,0,22.1311626100461,84.3287332411464
832d44fffffffff,14,1,47.2111325081299,39.4934088586755
832aa1fffffffff,2,0,40.7470392027237,-76.7182074600374
83a304fffffffff,5,1,-12.5488152285484,44.9994788741463
837a71fffffffff,4,6,-0.660973545131733,39.3691428975799
8360b1fffffffff,3,1,18.0563321440009,78.2926809345318
83662cfffffffff,10,8,10.1219639473829,-71.8691089522119
836bb4fffffffff,4,24,9.60347191175669,15.0037216290508
835985fffffffff,5,21,14.6852678846417,-0.635995901161239
836b06fffffffff,4,2,14.1786061611346,21.3174223847719
831f45fffffffff,1,0,55.4938124922747,25.6890542102161
8326cbfffffffff,2,3,32.2383657645768,-96.9508322484597
837ad5fffffffff,1,0,7.32755008478011,43.1781671491595
831133fffffffff,2,0,58.8678393079829,29.3948816649144
8310a8fffffffff,2,0,55.7417030393733,49.3580722725784
836b8bfffffffff,4,0,5.849999403514,21.6104766208952
83411dfffffffff,2,0,22.605465486072,113.119529388127
8352c5fffffffff,4,1,13.0787484760077,46.5398222346103
837574fffffffff,2,1,5.32721160313673,0.39636235146006
8366d1fffffffff,18,20,0.5450160174913,-77.605715291719
83a89cfffffffff,10,6,-19.0007481124408,-41.265655627508
8396defffffffff,2,0,-2.93799304760637,26.0562634305283
834814fffffffff,24,16,23.6840906510828,-104.918161935322
833f52fffffffff,1,0,32.2034616777531,24.6036062185973
835471fffffffff,6,54,13.7985516192576,-8.38128731655791
836a2cfffffffff,4,0,10.1248543710242,28.0617223133745
8344e2fffffffff,1,2,30.7890001650875,-83.7910728021054
836865fffffffff,4,5,13.1662408290599,123.973182580719
83598dfffffffff,16,60,13.9453215862137,2.0769536132182
836854fffffffff,4,3,7.79346995600917,122.111700628182
8320aefffffffff,13,1,40.1611037092185,71.1397223531933
837a68fffffffff,6,1,-1.43509805507416,35.3934990085077
838c10fffffffff,9,2,-6.63578006779904,106.882170844512
832cacfffffffff,9,5,35.396051294762,45.7614215665979
83a841fffffffff,9,5,-19.1314558504291,-57.6723163643849
8381a3fffffffff,9,7,-10.4757375161866,-35.9501908851558
836a89fffffffff,2,1,0.0248901677541562,25.6733921777752
8349b4fffffffff,7,9,16.1526011772457,-99.2710173006338
834989fffffffff,3,4,23.0107057875796,-103.866787238229
835476fffffffff,16,13,15.0866754928882,-9.89642146364855
836aeafffffffff,2,2,1.65881191861781,31.497551669135
831189fffffffff,2,1,56.623164031535,41.9201916291605
83779dfffffffff,1,1,-2.25212662130838,152.467219976245
839782fffffffff,1,2,-12.5168609746154,38.0694928249608
838103fffffffff,5,5,-11.5830553534047,-42.1605964511573
83a8a8fffffffff,9,7,-21.0866895143827,-45.5103594034791
83ce99fffffffff,1,0,-37.7979180024934,-71.5291529792448
837a99fffffffff,10,29,8.6602971658636,47.2554261295621
833cabfffffffff,6,3,22.852058197778,86.6419065651801
836864fffffffff,1,0,12.9218051676644,122.867289513271
8311abfffffffff,1,0,56.8841548664021,38.2438131373203
83696bfffffffff,2,1,16.647409348768,122.156879264696
832012fffffffff,9,4,41.9579821174865,69.8770879694565
83a212fffffffff,2,0,-23.1884648778917,46.9014866550958
835885fffffffff,16,14,8.68981951371375,3.82581674567868
8396d4fffffffff,3,2,-5.05166054591579,28.2682432286652
834852fffffffff,1,0,29.9181935064773,-111.389635908621
83a918fffffffff,8,7,-28.6591987127871,-48.8963755360601
834873fffffffff,2,2,27.6173516259851,-113.776298404405
836199fffffffff,2,1,15.5134210663594,79.7215962303747
8320f5fffffffff,3,2,42.179773143154,76.7873016148059
836518fffffffff,2,2,6.82879464523418,100.641249363876
835959fffffffff,1,1,18.1038733081337,11.7436425501741
833d35fffffffff,1,26,34.1357919960478,75.6530374107143
83a898fffffffff,4,3,-17.8876503111437,-41.2436780138737
836b5cfffffffff,18,27,11.8522311911734,30.5045129603322
8359adfffffffff,2,0,16.6379001812936,1.14996077721184
833cc3fffffffff,15,14,22.665289651816,93.1613091794209
8348a0fffffffff,3,2,25.1541402245406,-101.401315458105
832095fffffffff,13,5,36.1467279266495,69.6627588035374
833cb4fffffffff,3,1,21.7034793413216,80.0946425668843
83812efffffffff,1,2,-13.8487582823152,-44.2859153045375
837ad3fffffffff,2,0,9.0416465750408,43.1674608664767
834823fffffffff,6,6,22.7720179274452,-109.443110429898
831845fffffffff,1,1,47.0710979115612,-2.06540803679228
833d94fffffffff,3,3,23.8848622020691,75.5225923159906
83396cfffffffff,4,1,44.024820011291,4.47436714816955
833960fffffffff,2,0,43.5847268917399,1.61294120018921
833ce9fffffffff,3,1,26.1782700730866,95.3379848770148
832ca5fffffffff,3,3,34.8812012724448,43.6331328996997
836198fffffffff,3,0,15.8822100556306,80.8015116449153
834228fffffffff,16,26,28.9380836246545,63.8741212984157
83a804fffffffff,14,15,-25.0857110770566,-49.8160839781246
838029fffffffff,4,5,-4.4400690381725,-46.120497899477
83814efffffffff,13,14,-6.66584702142205,-50.2473784306699
83bcd0fffffffff,2,0,-25.4198188006814,30.8863707668511
832da1fffffffff,5,5,36.2632179351799,35.6582306883501
832062fffffffff,3,2,50.7741426105897,79.9945250985142
836652fffffffff,3,4,3.83413941768054,-72.3901878405629
83539bfffffffff,1,0,16.163656004453,36.2448093076284
8368c3fffffffff,1,0,0.90979787860997,122.794984009078
83831efffffffff,11,4,-9.01133359873424,13.4656968559532
836615fffffffff,3,3,9.23348865938378,-76.7462564257824
835410fffffffff,2,1,16.6026495448727,-16.3975883939257
836b65fffffffff,1,2,17.5895622357454,31.1212832610803
835381fffffffff,4,2,20.0071973327671,36.8509717799421
8340e3fffffffff,8,0,30.6551835253259,103.746183883828
8342e6fffffffff,1,0,24.2315639092269,67.2262042487794
837520fffffffff,2,1,9.40081597201664,-1.71337124716151
83bc0bfffffffff,1,1,-31.981555328614,28.5560199613842
83652bfffffffff,1,0,2.32571086048796,99.3577731876885
836866fffffffff,2,1,11.8528163535679,122.495722746492
832199fffffffff,3,0,40.2257002859057,65.8179652369003
83685dfffffffff,2,1,7.59616660128269,126.151320828232
831018fffffffff,1,0,58.6833608767935,49.9014475207891
836a36fffffffff,3,3,8.5272616950514,22.3071675845413
838b53fffffffff,2,2,-9.69144793242832,-66.624833268828
836bb5fffffffff,2,0,9.58837634961396,16.1230922772477
835f41fffffffff,5,4,8.09689617777877,-62.960225726386
837aecfffffffff,2,6,3.99333306994684,39.9630157260448
83309efffffffff,1,0,31.2712193567036,119.685670606237
8396d9fffffffff,1,0,-2.81168903681216,23.7458168465408
832d55fffffffff,1,1,45.1442923042782,40.5485065491649
836011fffffffff,4,3,12.9394319524287,75.3329243704383
83196bfffffffff,2,1,51.9522542500492,3.77834734462644
832babfffffffff,1,0,44.5926397612012,-72.3258444471771
8396a3fffffffff,4,3,-8.32448639933742,33.4372447289046
836511fffffffff,3,3,6.27570516938861,102.599290320196
83821bfffffffff,1,1,-0.984818166262672,9.09045114401913
832c36fffffffff,10,2,37.5315131677642,40.156456453471
8361a9fffffffff,7,0,10.3285556128096,79.5986015291131
836a74fffffffff,5,7,9.06297822757043,30.7725074649607
83202bfffffffff,1,0,48.2520686011871,74.7738934083622
836d06fffffffff,5,3,15.7177435011799,-95.232426141816
836103fffffffff,6,1,6.24536331851558,79.7112745346886
83480dfffffffff,6,8,26.3948821906757,-111.527414118946
83a2a4fffffffff,2,0,-23.3287333986065,44.5636088137815
836b58fffffffff,19,77,10.8896967876488,30.9705967089697
835f0efffffffff,1,0,5.51324746828154,-56.6816012946273
83611afffffffff,3,0,9.22157869764374,79.3647404972672
8320a0fffffffff,1,0,40.223916066575,68.4767582710807
834cc6fffffffff,1,3,18.5843373893238,-68.4238750902546
832d29fffffffff,3,0,45.0675414967238,35.0740735476851
8314a4fffffffff,1,0,50.5081052268181,123.670563933408
837acefffffffff,43,67,7.57524639674642,39.9909912650347
836d05fffffffff,3,5,15.4780052462859,-93.2639743579552
83434afffffffff,6,4,33.3491718525407,65.9938684320639
837ae8fffffffff,2,0,4.9392810025225,39.4256480933736
834090fffffffff,5,0,35.1717388341608,113.664770446934
8364e6fffffffff,2,0,13.224103516264,92.7380000618142
836d75fffffffff,2,1,13.2212845964177,-88.8480618135732
83802afffffffff,8,8,-4.48791253633822,-44.0741923951705
83420afffffffff,4,5,25.7820109327732,66.1579099670806
83815dfffffffff,7,10,-6.11589520575625,-49.2195609003524
836a19fffffffff,4,0,4.67658309814421,27.6766277431759
8372b5fffffffff,4,0,-1.54110236802586,132.439008696045
832a14fffffffff,1,0,41.7868063575434,-73.0646784711475
83b303fffffffff,2,1,-20.2708950074407,-70.2998121355533
83b226fffffffff,1,0,-23.5803156411268,-70.5628818278142
833f75fffffffff,2,1,37.2060113285796,25.6524072554108
837a44fffffffff,9,14,-0.605743989182942,38.2483919349824
836b4cfffffffff,2,3,13.5715116761534,32.9974788880504
836ba9fffffffff,11,6,9.45754601126076,21.770965855238
831ed0fffffffff,1,0,40.3208112805781,20.5905269264663
833e82fffffffff,1,2,20.1400578362064,17.7406682711654
838da3fffffffff,2,1,-8.59595577592664,112.912674425215
833f68fffffffff,1,0,36.7662271621286,31.4369490148129
836a08fffffffff,3,3,6.45461098494718,28.9049824465729
83195dfffffffff,3,0,51.8048673227009,-0.942504425131048
834118fffffffff,2,0,23.6049915083454,113.478254797027
831eacfffffffff,3,0,45.0010378760975,15.1403971148953
83696cfffffffff,4,3,18.1933328976258,120.709378996562
835f48fffffffff,2,2,9.62597016991194,-63.7571343013076
839cd2fffffffff,1,0,-5.96095402173518,142.650626688222
83979cfffffffff,1,0,-11.4939254540757,37.4958331957146
838f50fffffffff,3,3,-6.82879464523418,-79.3587506361237
8358a0fffffffff,2,1,10.3992693131222,2.57753050452189
8375b3fffffffff,1,0,6.90034574453338,-11.2144086996175
833c12fffffffff,5,4,24.9944257330603,83.9957714150455
833e43fffffffff,1,3,26.4846656301182,32.8147515238682
8320a4fffffffff,1,0,40.8168046806934,67.1425538211468
832d9dfffffffff,1,1,33.4787087696476,40.6269256857293
834880fffffffff,2,0,27.9450837793551,-99.9151680228393
834846fffffffff,1,1,28.211371322545,-114.912596031473
836bb0fffffffff,6,68,8.68946902906024,15.5864632604312
834521fffffffff,10,10,16.0457124740756,-89.2291372071721
8358abfffffffff,64,40,8.71583547968944,5.87876143077548
836188fffffffff,2,0,13.2997647175017,79.2468591753659
83398afffffffff,1,0,30.6030869309916,-6.25463698598546
8310d9fffffffff,5,1,56.5826119581144,65.1903362967281
8340e2fffffffff,1,0,30.8391626953795,104.972194233753
83482bfffffffff,2,0,25.2161066570443,-111.571598920359
831585fffffffff,1,0,51.8105025617199,117.213355863413
835475fffffffff,11,6,14.7799011037034,-8.09307042630706
835f4bfffffffff,6,5,10.6544455290373,-63.7063898288733
83598afffffffff,7,119,12.1143586367664,1.30766616118413
837a5afffffffff,4,8,4.12998983698341,37.7662369804222
832da2fffffffff,9,1,34.3058884262694,35.3204882475875
837390fffffffff,1,0,0.78203830917731,127.938650270605
833f83fffffffff,3,1,27.1707428157931,14.4074441013818
836a4afffffffff,9,5,5.14705648656476,36.1248680635366
8358e6fffffffff,17,18,10.5203833778421,8.88789416106301
838f53fffffffff,3,2,-7.99823946224037,-79.4791804843443
831f12fffffffff,1,0,51.6012809706082,8.00399958534338
833d8efffffffff,3,1,25.5655449230141,79.9657418992454
836943fffffffff,5,4,14.2856137922309,120.339183486584
832c2dfffffffff,2,0,43.6047913620976,43.8837421777573
837523fffffffff,2,1,8.55514030062601,-2.03771779464856
838adefffffffff,4,3,2.18980388408065,-60.5426983455354
835834fffffffff,6,12,15.8249975547917,2.88062664236431
83420bfffffffff,1,0,26.2922458028308,67.217309054464
837a59fffffffff,3,1,3.30234063257837,36.0799117516228
83800dfffffffff,6,7,-2.69574259005725,-45.0568264837755
836a0afffffffff,3,3,5.57048769701847,28.2930352652011
831085fffffffff,4,0,53.8553582081432,48.4444482528748
8358a2fffffffff,1,1,9.51981453241604,2.1948490129903
83118efffffffff,1,0,54.8913619055174,39.5870734853607
8396dcfffffffff,1,1,-3.89683089293205,25.4108218157765
836742fffffffff,2,2,11.1948354520122,-68.9917934825708
836a41fffffffff,1,0,7.02140052254527,35.0669390823556
83390cfffffffff,2,1,40.0425203619321,-3.93910103949518
8329a0fffffffff,3,0,33.9690923514344,-117.246453685939
83818afffffffff,12,13,-5.79648910950052,-35.8992935687306
832aa8fffffffff,5,4,38.9578632629783,-76.548273128603
8358e5fffffffff,3,7,11.4440573624796,10.4598212526487
8314b6fffffffff,1,0,47.1685067203497,123.307359122475
831edcfffffffff,1,0,40.2609774662261,23.6176007152309
8310dbfffffffff,1,0,55.4394291571102,65.2501865418531
830bb0fffffffff,14,0,54.5728760773537,82.7880794166558
83a805fffffffff,1,0,-24.4972614215649,-50.8330800943899
8375a3fffffffff,3,5,7.03197580729024,-8.59373914544488
838384fffffffff,1,1,-6.39482374907825,17.6910988375228
839719fffffffff,12,2,-17.4232310649802,31.264792325134
833f44fffffffff,1,0,36.0780222538574,27.7409024292888
8342ebfffffffff,1,1,24.576066386446,72.4599614144136
83424bfffffffff,4,3,29.7167373968594,75.1206161162472
836b92fffffffff,12,3,5.14036972811779,15.5708519065605
838150fffffffff,1,1,-7.97052461217797,-46.2089937222767
83bcd4fffffffff,2,0,-26.4122502655001,31.4780367121628
833944fffffffff,2,0,41.7789704915536,1.96358810391913
836b5dfffffffff,2,1,11.7799969011351,31.6377522684667
838130fffffffff,4,6,-15.074061301243,-40.1478834240939
833cb1fffffffff,2,0,21.3857697046602,82.0626017266601
832154fffffffff,1,0,51.9905740598022,68.7083000647385
838a1bfffffffff,1,1,-3.89504236477189,-61.7238599693318
8352d9fffffffff,1,0,9.53981568713879,46.7349814346481
831ea9fffffffff,1,0,44.1416132678324,17.5284189993163
83810efffffffff,4,5,-10.9789094062783,-43.1844754146472
833f5bfffffffff,3,2,30.8877695504304,29.3340782445566
8375a0fffffffff,4,1,7.92089378124633,-8.3288412481277
834331fffffffff,1,1,29.3893959127985,52.9266635623201
839500fffffffff,5,0,-5.48121913613567,119.601441022169
836189fffffffff,3,3,12.9382402874459,78.1940708209049
83b2c1fffffffff,3,0,-34.3922947495774,-70.4634853224372
833d96fffffffff,1,0,22.8837260792277,75.4043377615054
83386efffffffff,2,0,36.9533900315303,9.72051361355028
833c93fffffffff,1,0,17.7257375495499,83.2615406862633
83450efffffffff,6,4,19.6989130239588,-87.4885671662764
834271fffffffff,17,20,30.0126853255791,68.3336198085702
838024fffffffff,1,1,-8.63692669700599,-43.1348057554173
832010fffffffff,1,1,43.1343961520727,69.9251804275439
836a56fffffffff,31,44,5.45941498590205,30.5381754735809
838108fffffffff,4,4,-10.3703331531283,-44.2058722867526
834810fffffffff,3,2,24.8600671711842,-104.812068451123
837a76fffffffff,13,2,-0.769528635627599,41.5876250337198
8352dcfffffffff,4,2,10.5456006730724,45.4384454365888
833969fffffffff,2,1,43.394579150587,6.81073316953534
833f35fffffffff,1,0,37.2901256709545,15.4224355833154
83a854fffffffff,4,1,-20.5764047984529,-53.7548391974206
83a233fffffffff,4,1,-20.2855036768089,47.4049948380915
836a42fffffffff,5,5,6.21973933819356,33.3734298910126
832098fffffffff,2,0,35.4260759915332,73.3457848092411
83108bfffffffff,2,0,53.6321443762318,55.1947974122305
835894fffffffff,2,3,6.96274249069178,1.093596252447
833d95fffffffff,1,1,24.3151702897633,76.6169088046827
83649efffffffff,1,0,20.8515779686165,98.2013673731163
838026fffffffff,1,0,-8.07002552990553,-42.0911658656652
837aa8fffffffff,13,8,4.4130671531915,46.848230404586
837aebfffffffff,3,4,5.87780527763769,38.8907365240906
832c9efffffffff,4,1,29.8076847761077,48.6137354974996
835884fffffffff,2,5,8.6730030211057,2.81684741106054
832d35fffffffff,1,0,40.8072829637656,30.4984396576766
83202dfffffffff,2,0,50.0982494176498,73.4417218183715
83a230fffffffff,8,5,-19.3515970442735,46.815030925909
839caafffffffff,4,1,-9.18656036702427,146.665926155797
838b10fffffffff,6,8,-15.0732070325305,-60.3722882390948
837b4afffffffff,7,4,-4.5458825091035,39.3299350508362
83728bfffffffff,11,10,-4.57627374546553,138.876768626635
8320b6fffffffff,16,20,36.7535492033342,65.9107326297533
838b66fffffffff,2,1,-14.6264864177182,-69.8753364529379
83694bfffffffff,2,1,13.9881918444093,123.241320175164
836394fffffffff,15,8,10.8650486849424,49.911992772582
830bb2fffffffff,11,0,53.793635634077,84.2542614067964
83a919fffffffff,5,3,-28.0967167693283,-49.9247377157618
83424afffffffff,2,2,29.2487105690035,73.9426389163983
832129fffffffff,5,0,53.6612754823332,63.6345205374245
83684efffffffff,5,4,8.68629160681712,126.537720519699
831036fffffffff,3,0,57.7636823795775,39.3966951593216
83406afffffffff,2,4,24.0909659772372,99.2078589715636
831e12fffffffff,4,0,45.8896306751312,14.3051852240136
8366e5fffffffff,8,10,4.4974312004011,-73.301047709619
835f09fffffffff,1,1,6.59510637718678,-58.5122923986497
836b54fffffffff,29,17,12.9584387071255,27.7196601166105
831ee2fffffffff,9,0,44.1495700569599,22.266200218875
836a8cfffffffff,1,1,1.0712892498636,24.0324257179574
83688efffffffff,2,0,-0.185152667359444,116.540703835894
836a64fffffffff,1,1,10.7447785142289,33.2047980992849
8381acfffffffff,3,3,-10.4693519831495,-38.0041898002531
83839cfffffffff,3,2,-3.41732829081906,17.4167907211318
83608bfffffffff,5,0,18.9119027282873,72.7701854636612
837a80fffffffff,3,4,5.98499945440618,48.8223225590626
83648bfffffffff,16,1,18.8691913231816,94.2890471391009
833933fffffffff,1,0,39.071749671296,-9.45514171764953
83319cfffffffff,1,0,37.6299578214752,114.797326045204
833922fffffffff,2,0,41.2609839128768,-8.69248813095183
8348f6fffffffff,5,9,29.5482688096457,-104.367214372472
83ce88fffffffff,1,0,-38.9138287579151,-73.4336324581217
834984fffffffff,6,6,18.6464697639238,-101.068745281937
837adbfffffffff,4,5,10.1400111407216,40.7226700664987
8358e4fffffffff,3,4,11.4335998520027,9.35819579463918
83a8d6fffffffff,1,1,-16.6632102441928,-45.3947539374461
834229fffffffff,4,0,29.4881155577377,64.9608485047236
83b321fffffffff,2,0,-16.9773160552829,-68.0577923029593
83a813fffffffff,10,4,-22.652991459627,-46.6025196127365
838ae4fffffffff,4,3,-3.80275960819795,-63.5220940743023
8348f1fffffffff,1,2,30.8788930143685,-106.606858599058
836b8dfffffffff,1,0,7.64332824293478,21.7191366281368
83a8adfffffffff,5,5,-21.5834985187586,-46.5716552369312
834885fffffffff,4,3,27.4861435289633,-101.119564517906
833966fffffffff,1,0,43.465568214464,0.231326073836817
832752fffffffff,5,5,45.42192892525,-92.811216023191
832541fffffffff,1,0,51.8326828176614,108.054200681887
832085fffffffff,2,3,38.9956791398399,71.0709087785052
836ae3fffffffff,1,0,2.69508794365352,29.8353105472435
83686efffffffff,1,1,11.4904109366577,125.445090509232
838b1efffffffff,1,1,-13.3517576325771,-61.2308898297727
832c0bfffffffff,1,0,40.5072353017419,48.8650600102262
836b85fffffffff,1,2,8.62324295244109,18.9361917350263
831081fffffffff,1,0,53.5611498795501,50.2186990379718
836629fffffffff,2,1,8.45970409454046,-71.0629317990541
836748fffffffff,6,4,9.2791592236361,-66.39811938999
836096fffffffff,1,1,21.3129619193195,79.0020313396699
83a92bfffffffff,2,2,-30.2286148547628,-53.1302887991793
831eadfffffffff,6,0,45.0594277756655,16.7226960278358
832c72fffffffff,3,0,42.6997480665577,48.1562946972443
832d75fffffffff,1,1,46.6474139269543,37.0080745853388
833ec8fffffffff,1,0,19.6487801453398,30.1249049377926
832c19fffffffff,1,0,38.679465654899,48.1987057440065
83209afffffffff,12,8,34.2919033229543,73.243228075111
834222fffffffff,11,10,27.2704973417722,60.7425080851972
838b40fffffffff,1,1,-11.199875898109,-69.6286879473489
837ac6fffffffff,1,0,6.49626633390598,42.6556882428807
8358c0fffffffff,9,3,7.84916968404075,10.711568165385
833954fffffffff,1,0,39.5531792472207,-0.362758752851798
833cf6fffffffff,10,9,23.2018996901282,87.8142039980408
833da2fffffffff,2,1,26.9719972652893,75.8994592224022
83a8f1fffffffff,16,16,-18.2061612279053,-48.5534617459262
833e35fffffffff,1,1,30.2788952288283,20.3885840775322
834319fffffffff,1,2,28.2240670168066,58.4867603267529
836a0bfffffffff,1,0,5.51601407674462,29.415496424599
83319efffffffff,2,0,36.8262771972244,114.418546724861
832caafffffffff,1,1,34.0419237212272,47.3330001892956
832b99fffffffff,1,0,43.4635084656325,-77.7756577783963
837521fffffffff,2,1,8.58284727089189,-1.09321963044701
838121fffffffff,2,0,-14.9941893882647,-44.3127713015109
831f14fffffffff,1,1,53.2566711080555,7.74176368149394
836a69fffffffff,13,52,8.64247996212844,37.3014837854232
836759fffffffff,1,2,8.55986914309549,-68.2637118600598
831f99fffffffff,1,0,45.5480125605721,9.59980601523751
83a8ebfffffffff,8,4,-15.7360117616939,-52.5649863575821
838064fffffffff,6,6,-4.32862077639162,-50.176197916988
832ca8fffffffff,4,5,35.1041601349246,46.9912524554616
834836fffffffff,3,0,21.3344199954824,-105.124588741478
8366a3fffffffff,1,0,7.60265241868587,-80.8475491835523
8344dbfffffffff,1,1,36.035184638809,-80.9648140630067
836100fffffffff,3,1,5.46625216734198,80.5216493650715
834999fffffffff,11,14,23.2929533155778,-100.512633829207
8358b2fffffffff,5,4,7.78465407911347,0.481474451654838
83bc1bfffffffff,4,4,-30.2224194840857,31.2884592538512
833dadfffffffff,6,0,29.3326458488815,79.5697060527724
8366a2fffffffff,3,1,8.24610828418587,-81.7626939721914
835f40fffffffff,2,2,7.59572034360067,-62.1013071113702
833c5bfffffffff,1,0,27.4985922105549,96.8943128353366
832d8bfffffffff,2,2,35.1415813518455,42.3546716597423
838d84fffffffff,2,1,-7.59759096661807,113.236876569909
83390afffffffff,1,1,38.1349289612764,-3.46400213168972
83815cfffffffff,8,6,-6.73456550454113,-48.221339848738
832cabfffffffff,2,2,34.7529332231812,48.235758063397
837b5bfffffffff,2,2,-2.63884926808453,40.4720837578233
837585fffffffff,1,0,6.15543062183407,-8.8539152302273
834209fffffffff,3,1,27.3433616546549,67.2126503631983
83a802fffffffff,4,3,-23.5984283720602,-48.7235385430075
83a976fffffffff,3,2,-29.6507926735249,-54.1332340820558
835409fffffffff,7,0,13.7387957725387,-11.2102092082213
83b330fffffffff,2,1,-16.7990504743044,-72.0597616422492
838b62fffffffff,2,0,-13.4858302855606,-69.7924658201463
8340cefffffffff,2,0,32.9390021599621,101.101081074438
831eccfffffffff,2,0,42.0582011832276,26.8142721804854
838188fffffffff,7,6,-6.37501838049673,-36.9249781349071
837519fffffffff,2,0,5.30296316667727,-4.1534912018243
837a5cfffffffff,1,1,2.27244948865925,37.7343198353165
833daafffffffff,3,0,27.2196979670696,79.1931819823986
837adafffffffff,5,3,10.0436263875505,41.7502893577332
831f6afffffffff,3,3,55.4052578178232,27.5319807385931
834085fffffffff,1,0,32.4737315903365,111.366646575785
838a4efffffffff,4,2,-1.46564666787079,-69.909284026075
83248bfffffffff,2,1,36.5856350061489,101.653351755899
831032fffffffff,2,0,57.636187513091,41.2817360949925
834344fffffffff,3,0,34.35947755701,61.1636979083812
837ad8fffffffff,14,17,9.21981314203649,41.0669916424526
83182efffffffff,1,0,53.0843025685114,-8.18265496299593
836af3fffffffff,5,2,0.902725565488627,27.4501462156619
8382f0fffffffff,2,0,0.838305004172417,9.32697466392548
835804fffffffff,3,1,15.0362872772363,5.709333156884
833c5efffffffff,3,0,27.9793970392832,94.7696030569919
832526fffffffff,1,0,53.8026191211924,91.1488729307539
834226fffffffff,1,1,27.7517678452726,59.6197825883699
83431efffffffff,1,0,27.0633017715927,56.5399970543123
836a21fffffffff,3,3,10.1798450671082,26.9291212882545
83255cfffffffff,1,0,49.9594679518051,106.475638614102
838b1bfffffffff,2,2,-11.6293774389503,-62.0763843171354
835833fffffffff,22,75,14.0461394046916,4.19214868005646
8367b2fffffffff,1,0,15.1596019733173,-83.8120453850127
83b335fffffffff,3,1,-16.282757500574,-71.0033930323942
8363b2fffffffff,4,1,11.7624481782909,49.6729783340798
832c02fffffffff,2,2,38.5847242841857,44.6167446831918
8310defffffffff,5,1,55.3078269380277,61.7312121414655
8310b3fffffffff,8,0,51.1469541565231,46.3844777273911
83cf8bfffffffff,2,1,-45.2008731863071,-72.2864523324048
837a56fffffffff,1,2,2.0819393922966,41.044803921536
83bc8bfffffffff,1,1,-25.4821497217972,33.4350481167164
831e53fffffffff,1,0,45.8288587611369,27.1956328886803
836a5bfffffffff,1,0,3.36552666370147,34.9600312628841
834220fffffffff,9,7,28.3209354507683,60.6351414639653
832815fffffffff,1,0,40.3530100124334,-122.324021319547
832664fffffffff,2,0,41.5572410650779,-87.328278027267
837a50fffffffff,1,0,2.14582345510401,39.9486953175332
83a90cfffffffff,4,7,-29.8558737019771,-52.0788397447376
83611efffffffff,2,0,8.45225946494848,80.1808228741119
838bb0fffffffff,3,3,-14.47878421552,-54.5246306334776
83544afffffffff,1,1,9.73488870493689,-7.78440420373902
8354a9fffffffff,3,0,13.5145511859703,-17.0300734581162
838f6efffffffff,1,0,-5.60144302358762,-74.1603823772197
838b04fffffffff,1,0,-16.5399426424021,-63.2291511750431
83a818fffffffff,4,4,-21.478017875564,-48.6551801509247
833c80fffffffff,4,2,21.0386374412115,84.0582349617961
833183fffffffff,1,0,38.4453926594239,115.323755354395
832ec9fffffffff,2,0,44.1710952617425,132.305034228152
8366dafffffffff,5,4,-1.72816219276113,-77.8285492767368
837ad9fffffffff,8,9,9.30917015349518,40.0394203850614
835f69fffffffff,1,0,7.63566710141213,-65.6021962967062
832044fffffffff,1,0,50.0234290585183,81.403546321499
831ec6fffffffff,7,0,42.2413574229203,22.1833681145244
831181fffffffff,6,1,55.0146915411102,37.8418335196402
83649cfffffffff,3,4,19.7524550308283,97.8703697209576
833fa1fffffffff,1,0,31.2225165645493,14.246485732816
838f70fffffffff,2,0,-4.02956865392686,-78.0547004157786
833d13fffffffff,1,0,29.9796396126784,78.5561764004636
833d8cfffffffff,6,1,26.5929767501862,80.1579673452769
836b84fffffffff,2,2,8.64863255897418,17.8161254190513
836b04fffffffff,4,2,15.1280607804066,21.9370458003578
83a8e9fffffffff,2,2,-16.2218043685176,-53.5899704348449
836650fffffffff,1,1,4.25150470996697,-71.3964833932761
831e01fffffffff,3,0,48.7762775189103,19.9758150542683
833cadfffffffff,3,3,24.6554179269698,86.0416299697701
83a319fffffffff,13,5,-16.4168899373508,47.311550177395
83a91dfffffffff,7,5,-29.0711110729619,-49.96118852535
83a888fffffffff,9,5,-18.3767298507809,-44.393870153666
838b2cfffffffff,2,1,-17.0358417588092,-66.1078211713582
837b4bfffffffff,1,1,-4.50237252441757,38.1907103360289
83729dfffffffff,4,1,-4.94792672537271,136.567701735257
8340a5fffffffff,2,1,29.9495947382465,112.600183298097
8366c1fffffffff,5,4,0.764252896225896,-74.6023082548175
83750afffffffff,2,2,5.31028447568244,-3.26934570915264
833da0fffffffff,1,0,28.0275916424222,76.0330278002152
833d9dfffffffff,5,3,24.5193272702538,79.7325573344166
83488efffffffff,1,0,29.8058782136526,-100.82712372692
837aedfffffffff,5,10,4.06219979034703,38.8680245342683
831195fffffffff,1,0,52.2643656031959,36.4944964079914
8342c8fffffffff,1,0,23.0075650689448,73.3706263222964
832c88fffffffff,1,4,33.327194669815,49.7734451777618
8360b2fffffffff,1,0,19.5323114933622,79.6056268688766
833c18fffffffff,7,2,26.0738062601946,87.5080555549593
8344defffffffff,2,0,34.3488248358087,-80.6313984770808
832c09fffffffff,1,0,41.6029711651152,48.517042883505
834342fffffffff,6,15,32.7318068927158,62.4880695456808
83452efffffffff,13,6,17.1337105284554,-89.0082645674949
834231fffffffff,6,6,26.2328139436174,60.8465884691186
832c42fffffffff,3,0,43.8550062399496,51.8143630451299
839699fffffffff,7,1,-3.23405838656534,31.8679317584216
838b42fffffffff,17,13,-10.6955164060329,-68.6147386200888
838a32fffffffff,2,0,-9.57689118657728,-60.127488329537
831ef2fffffffff,2,0,42.2596586177442,19.0912112167899
8315a0fffffffff,2,0,52.3241375555194,113.855600791182
8342cafffffffff,1,0,22.0166733583535,73.2850065512582
83acb0fffffffff,1,1,-20.5635035965201,18.670660664757
83a80efffffffff,1,1,-22.4104845395853,-50.7582490653018
837a1bfffffffff,20,8,3.70910139700866,44.2609192998934
8372defffffffff,1,1,-4.88912000283063,143.067907311761
8358b4fffffffff,9,2,9.46491794913079,0.214082472939718
83978dfffffffff,2,1,-13.4312498449781,33.8625254741908
8366defffffffff,6,8,-0.587618995135283,-77.7167217922111
83524afffffffff,3,1,15.7608991296268,52.2215628833869
834233fffffffff,4,1,25.2083325190026,60.9475305609813
837a65fffffffff,5,2,-3.49493149111891,37.6354449647277
8397b0fffffffff,5,3,-14.5559080972037,40.4060432207618
83a899fffffffff,4,3,-17.3098367272993,-42.2778532035251
838cd4fffffffff,1,0,-2.02142293615507,102.254197373309
83bc56fffffffff,2,2,-31.9151581610428,27.2396174124688
838140fffffffff,1,1,-8.45356653631545,-49.2880928697213
83481afffffffff,2,4,27.8800090925605,-105.686784550381
832c31fffffffff,1,0,39.1468243821113,41.9590875970305
834095fffffffff,1,0,34.320894077803,113.289825709429
837531fffffffff,2,2,9.32852624658988,-3.5854533705074
835441fffffffff,3,0,11.595149876595,-7.21961688146875
833ecbfffffffff,1,1,18.615631818085,30.6281399614883
837aacfffffffff,5,4,3.48953851485416,47.3806327965571
838125fffffffff,4,3,-16.1311833536321,-44.3397154927987
836753fffffffff,5,1,10.4871424946797,-70.899832001127
83661efffffffff,3,2,7.13250385449888,-76.9564652844651
8342c3fffffffff,4,0,22.1120952178225,71.271054253878
833c89fffffffff,2,1,21.3598288335873,88.4059686657203
83960bfffffffff,5,2,-10.9869559390367,25.5282339118435
836a75fffffffff,16,103,8.99914511015512,31.8766335186601
83c35afffffffff,1,1,-36.4713994953051,-60.4318949196961
8358c1fffffffff,1,1,7.84158833313271,11.7882293215488
834c88fffffffff,14,9,20.0609524413358,-71.9076287709925
836b99fffffffff,2,1,5.00046380808085,19.8830560522744
83a874fffffffff,4,4,-23.1088209115993,-54.865705282192
834592fffffffff,4,0,20.4844347742011,-76.2292134356583
83498dfffffffff,2,4,21.8378359194834,-103.97981598578
835280fffffffff,4,3,13.0873654327472,38.5663176909363
833f2dfffffffff,2,2,38.3315415053808,22.0282250667538
835836fffffffff,9,70,14.8792652102873,2.47436855980013
8352adfffffffff,1,0,15.5428651552357,41.7834053280238
83659dfffffffff,1,0,13.599785307019,102.624735042421
83680bfffffffff,2,3,6.49950781122038,120.675049700197
838074fffffffff,1,1,-3.82584577609382,-47.1245242396203
83811dfffffffff,1,1,-10.4166473261556,-42.1373767119422
8348f3fffffffff,1,0,31.3809330088688,-105.373455625469
836858fffffffff,4,5,6.50658797613792,125.767189196268
8383b1fffffffff,1,0,-6.47813315394272,18.8271487124464
83969afffffffff,9,3,-2.33073713918768,33.6415331588938
833d86fffffffff,2,1,25.3344916330056,76.7559963187532
8342d9fffffffff,2,1,21.0207810792508,73.171648589741
835831fffffffff,4,27,14.9884328833408,4.61795704779609
833e64fffffffff,1,1,31.7138838894236,31.4851263722838
8396a8fffffffff,3,1,-8.22242309119936,31.0673202123193
8354f5fffffffff,6,2,12.2756999341579,-15.3651391255213
83a8d1fffffffff,10,7,-15.4529028906473,-47.4383561520535
838b63fffffffff,1,1,-12.852492426864,-70.7408893994843
832da5fffffffff,1,0,36.4463666542758,34.2654841757991
8396d0fffffffff,3,4,-4.02262170644569,27.7400382845072
8396b4fffffffff,2,1,-8.45030596365183,36.965810545279
83404bfffffffff,3,0,26.4579926928589,96.5602497178377
8396f2fffffffff,4,3,-6.08585492898618,28.8010103196994
83521efffffffff,2,1,16.393737146786,42.5080237891387
8396b2fffffffff,3,0,-6.44493778805438,37.0055722570218
8345b3fffffffff,1,1,18.90000898296,-78.4103732739295
833822fffffffff,1,1,35.3881237646722,-2.16274192654654
838a73fffffffff,1,0,-4.5542400659044,-67.2587252243128
83a908fffffffff,4,2,-28.8996791128917,-52.0391832876405
834189fffffffff,3,0,28.192152482958,113.019981915638
833c1cfffffffff,6,0,26.779021589758,86.6137118613913
8396b1fffffffff,1,0,-7.38356419289285,35.2341045625114
83a973fffffffff,1,1,-28.1067430346235,-55.0830897711233
836958fffffffff,1,1,12.4260833373679,120.692062615868
83406dfffffffff,2,0,21.9415465762567,98.5346147429168
836b76fffffffff,3,3,14.9347543855855,26.6934141079245
838babfffffffff,4,2,-11.3175713596022,-59.2600899565756
8358b1fffffffff,1,1,8.65378797710171,1.82010743486576
836863fffffffff,2,3,11.2563632379077,124.327646912708
832c0efffffffff,1,0,40.0932664733791,46.4994763664072
83546afffffffff,2,0,11.9259124167253,-6.22627021233741
835393fffffffff,4,4,17.3946351067386,33.4888525320349
83a844fffffffff,1,0,-20.8203608171171,-56.7634415674815
838154fffffffff,1,1,-9.14271457177125,-46.2386818920349
8366b5fffffffff,1,0,8.88356597271247,-82.6751918683808
833f73fffffffff,2,1,35.204804180207,25.5064986841292
83664efffffffff,1,1,2.68862012997187,-67.7354715856751
83a215fffffffff,1,0,-21.2082486790027,47.9961901308458
831f93fffffffff,1,0,45.0284058377526,5.05841889623424
836490fffffffff,2,2,20.2981075170969,100.263492012878
833ca4fffffffff,1,0,24.2378937694347,81.7140389543393
835895fffffffff,2,2,6.97284064789447,2.06536844521351
839529fffffffff,1,1,-3.12595340273317,122.414112888392
835f4afffffffff,2,3,10.183167574009,-62.8600747121064
83952efffffffff,2,0,-3.44935765526128,120.298105569666
8311a9fffffffff,2,0,57.861784106173,37.5271152388373
838293fffffffff,3,0,4.22204009836575,16.0052785134205
835299fffffffff,11,26,10.2342698745397,39.6824238430376
83309dfffffffff,2,0,32.1937483932486,121.128296994626
838a64fffffffff,3,3,-7.11950525898318,-70.3169870002534
834241fffffffff,3,1,30.4539667863554,71.7701889449229
8320f4fffffffff,1,0,41.7011575947361,75.3424676517849
83400bfffffffff,1,0,28.0886932592218,105.109697012085
833c1afffffffff,4,4,25.0093300892461,87.2167684414704
831e72fffffffff,3,0,48.6843041285759,25.003679315755
83391afffffffff,1,0,35.7616933775086,-5.61067034193128
8366eefffffffff,1,2,2.31409536058234,-73.487013443566
832165fffffffff,1,0,57.7521358886596,68.871410139226
83a81dfffffffff,3,4,-21.9499021784169,-49.7084672118328
832d50fffffffff,1,0,44.1047312085412,41.0489267169887
837a51fffffffff,1,1,2.20935433784082,38.8449515702696
83618efffffffff,3,0,13.6605566937833,80.3135326694634
8352edfffffffff,10,1,14.5323397825994,48.924418652143
8330a5fffffffff,1,0,36.9153464307644,118.990775020055
831190fffffffff,2,0,51.2702964408399,37.139780728269
8375abfffffffff,2,4,5.10105169824967,-7.50914385468503
831ef6fffffffff,2,0,43.2081246616788,18.3178580750809
835288fffffffff,1,0,11.913650507837,41.065902197953
836b73fffffffff,11,2,13.8782949241204,28.3809187660883
83a8a9fffffffff,2,1,-20.5015328208101,-46.5408914289265
835284fffffffff,7,1,14.063022438991,38.1785533365373
831f13fffffffff,1,0,51.7699747965411,9.67375922153686
839505fffffffff,1,1,-4.47032157656508,119.948558312543
830b22fffffffff,1,0,61.1051059590847,68.9925181048666
83bcc2fffffffff,3,2,-26.3173047713367,28.9134854206783
8342c6fffffffff,1,0,22.1828634157512,69.2525781994637
833c72fffffffff,1,0,29.8552126743235,90.8271150967556
834221fffffffff,3,2,28.8886382124156,61.6726990084609
8382d6fffffffff,1,0,3.50930840787086,10.1790953813462
837a4afffffffff,16,15,2.39700246132955,35.4955282675241
831581fffffffff,3,0,51.5181529769075,118.863347954945
834829fffffffff,2,1,24.6563550160447,-112.714382961037
832ca1fffffffff,7,2,34.6106056411861,44.8893920852617
831e51fffffffff,1,0,46.6954106803511,28.1073952881007
831e35fffffffff,2,1,50.4143912525373,14.8927908337124
834501fffffffff,1,1,18.6111975903492,-87.7236876758146
8397a8fffffffff,1,0,-15.5004722615697,35.0088127270815
838aecfffffffff,1,0,-1.43232147860669,-65.2159115122443
835992fffffffff,3,3,11.0375664205869,-2.96597380418203
836b01fffffffff,4,75,14.1010847358875,23.6801691584838
833e51fffffffff,1,1,25.6603558559444,30.7679269785991
830999fffffffff,1,1,59.7920758902288,10.3564625359925
831714fffffffff,2,0,59.7465878999572,149.613990111893
83752cfffffffff,1,1,7.76598024653892,-0.477306722037403
83435dfffffffff,2,2,32.7814258787047,64.8297411102105
833e13fffffffff,3,2,25.1593990220845,20.9526118183262
835f46fffffffff,1,0,7.08522868410496,-61.2314222155402
838c13fffffffff,2,0,-5.89052415586316,106.128265991958
835413fffffffff,1,0,15.5613574979235,-16.612977649296
837535fffffffff,6,6,10.1763191292589,-3.2790343877898
8344b5fffffffff,1,0,24.6640444714309,-77.6421575495351
839423fffffffff,1,0,-9.66733314627188,124.157901327068
837af3fffffffff,1,4,6.41412418245818,43.7091535245857
8352b1fffffffff,2,0,14.1714527175341,37.0731000161631
8358cafffffffff,1,0,6.08008889833095,12.9598423576481
838b9efffffffff,2,1,-9.9525024972186,-54.3571322301518
83a30dfffffffff,1,0,-13.454914048241,48.881506759872
8396d3fffffffff,4,3,-2.99961873503864,27.216425763624
837ae9fffffffff,3,3,5.010010080778,38.3315138946754
833905fffffffff,1,0,40.6711278977341,-6.27461326301784
831f53fffffffff,2,0,52.2691863418612,21.8097686354662
8310a6fffffffff,3,0,53.5166197957989,43.6720011852136
836b5efffffffff,4,6,10.9566810257915,29.8426840316329
833176fffffffff,1,0,44.1918749954581,125.373945814747
835e5dfffffffff,1,1,16.7578672697006,-61.6616014647072
833cc9fffffffff,5,0,23.5508324669748,96.7828907827249
8375b6fffffffff,2,0,8.36371117597979,-11.7039726628734
831f18fffffffff,2,0,52.0374601430945,13.0754416219885
83400cfffffffff,2,0,26.4619144768321,106.796499060706
83405dfffffffff,2,0,26.9833520096727,99.0096663537344
833e46fffffffff,1,1,27.680296493945,30.9981510816158
836d24fffffffff,3,3,18.8209536571318,-92.6768766695309
831e76fffffffff,4,1,49.6055460070942,24.2351927122802
832c60fffffffff,1,0,46.7765357470777,48.1072718470338
83970afffffffff,3,1,-18.4140386486243,30.5999487017963
838c14fffffffff,2,0,-7.37042443286421,107.628712669431
837501fffffffff,1,1,6.90501610977138,-2.66631185335024
831ea1fffffffff,1,0,44.9212337563407,13.5685781925969
831e13fffffffff,2,0,45.9609190839521,15.9005087130326
838142fffffffff,2,2,-7.90594829678959,-48.2540803062132
83544cfffffffff,4,6,10.9915126656449,-6.51998784804351
83a89bfffffffff,4,2,-16.7641981070939,-41.2217736969661
831e05fffffffff,1,0,49.6608936833167,19.146274738975
8358c9fffffffff,3,1,6.92577009767358,14.5420108304784
831185fffffffff,1,0,55.1116454392279,36.1127464491388
831f49fffffffff,2,1,53.522375160195,30.8592916628747
833e2cfffffffff,1,1,31.1538090365735,25.2318172731663
835473fffffffff,3,1,13.455883488565,-9.40920080665433
835446fffffffff,3,2,12.8276158831574,-8.66397306062941
838f54fffffffff,1,0,-5.66227381216031,-79.2392101849951
835472fffffffff,1,0,14.0917372672053,-10.1701124755262
832a13fffffffff,3,2,39.9358703719915,-74.4718238635279
838122fffffffff,1,1,-15.0436105909026,-42.2307173875721
838160fffffffff,2,0,-11.3093800897739,-50.3910703354143
8383b6fffffffff,2,0,-6.6387805331938,21.1245792983638
8360a9fffffffff,6,0,15.4320892056909,73.9512304739727
83951bfffffffff,1,1,-9.06079892482562,121.327655557199
838b00fffffffff,1,0,-15.4413689185643,-63.174766112135
831e49fffffffff,1,0,46.8688923262572,35.4506888784833
835558fffffffff,1,0,16.7718342211452,-7.49944280603409
839518fffffffff,1,0,-8.20131493859905,120.633793860665
838a50fffffffff,1,0,-2.97948757704532,-66.2265295232698
837ae5fffffffff,5,1,2.97343682905004,41.5904743074454
83a8c3fffffffff,3,1,-15.3556269855812,-49.4962887266199
8340a3fffffffff,1,0,31.6748027679709,112.173065296576
8358cbfffffffff,1,0,6.06179299692413,14.0338439887005
83bcccfffffffff,1,1,-27.0987395189849,25.6411780957959
832173fffffffff,2,0,53.1563430118524,68.7377147832664
833e42fffffffff,2,3,26.6109915377277,31.5287238460623
83619bfffffffff,7,4,16.6183665850103,79.9623846388466
8330a0fffffffff,1,0,36.1328565154877,118.616494060955
836794fffffffff,2,2,14.1698903332243,-83.9701456923258
8348e5fffffffff,4,6,29.2970016461962,-110.246540773116
832681fffffffff,1,1,39.9398224160421,-105.781758928873
832696fffffffff,2,1,40.7169635951468,-112.186222461071
831f90fffffffff,5,2,45.8181117518025,4.16396601558842
831f41fffffffff,1,0,54.6425748069046,26.5064072465272
8352d2fffffffff,18,28,9.94530211589757,42.7648613952407
83a399fffffffff,3,2,-23.3866664753612,43.3748671175462
832014fffffffff,3,0,43.7469880238697,68.5362327143876
831150fffffffff,1,0,64.245906066963,40.3323933963167
838032fffffffff,2,2,-6.35185261301066,-38.9726265250469
83a38bfffffffff,3,1,-22.3365576775855,45.1386002601523
83a90bfffffffff,3,2,-27.928614904165,-51.9996514445016
83a80dfffffffff,6,5,-22.2515878276541,-52.8042681521985
8360a5fffffffff,1,1,14.7711710514619,77.6038068043142
832c4afffffffff,2,0,44.9142314934588,55.7092034848502
83a884fffffffff,12,12,-21.7169452363561,-42.3730710461043
831e20fffffffff,1,0,51.3767298307202,17.4295734617109
838ae8fffffffff,1,0,-0.346864062889439,-65.1558542754397
8314acfffffffff,1,0,51.2409842541438,127.890297506672
832d76fffffffff,2,0,44.854054751985,36.600642288133
833084fffffffff,2,0,34.5449311083744,118.979489944152
836796fffffffff,1,1,13.7748837778081,-84.9928196035452
8358b0fffffffff,9,12,8.63228310113341,0.835967941846432
83551cfffffffff,4,0,22.7208519701922,-12.9383946544036
8383a0fffffffff,2,2,-8.37469777748797,17.4978221283176
837a9dfffffffff,1,1,7.77426526028122,47.7768539055498
832019fffffffff,2,1,44.0426942084692,75.6646937438814
836828fffffffff,1,1,10.0604626832257,118.918769879853
836a5dfffffffff,6,5,5.21317124910737,35.0139061734898
832a30fffffffff,2,1,42.7272079019614,-70.7910588522891
839632fffffffff,1,0,-13.3904762905449,32.6547837079685
838063fffffffff,3,3,-1.99138791697953,-50.1054558586352
83310afffffffff,1,0,42.6974233926494,122.245556891703
83a82dfffffffff,7,7,-24.7451245471312,-53.921728489525
8372b4fffffffff,1,0,-1.72559551697723,131.293970742797
831586fffffffff,1,1,50.2274842546777,116.54947420058
838a25fffffffff,2,2,-10.9298645309386,-64.8076694902936
831871fffffffff,1,0,48.7833701059783,-4.10848772009411
83838dfffffffff,1,1,-5.12241102935807,13.9025435644073
8363b3fffffffff,3,0,11.6321729062464,50.5922921296526
838164fffffffff,1,1,-12.458351230094,-50.4272734404647
83384afffffffff,3,1,33.0991522120022,11.4195666417747
836aa0fffffffff,1,2,4.01955292110531,21.4536048770256
83a8e3fffffffff,3,2,-18.0884987002954,-50.6099946855208
835f5dfffffffff,3,3,9.702090128689,-62.0027128270331
836ac1fffffffff,5,6,0.730120974139695,30.8839371358756
8342ccfffffffff,1,1,23.561635749379,72.385917757575
832d46fffffffff,1,1,46.1800636318446,40.0302928388938
836751fffffffff,2,2,10.8448075032089,-69.9406022619436
836790fffffffff,1,1,13.1837542866171,-84.0989308829992
8373b6fffffffff,1,0,3.45157487992672,125.735928619426
833f10fffffffff,2,0,33.2874007754102,15.5465434792944
831865fffffffff,1,0,49.1283584604466,0.498117532148685
831ec3fffffffff,1,0,41.2071965134573,24.4375504043114
839cdbfffffffff,1,1,-5.65108187337459,138.462646844863
833e58fffffffff,3,12,24.4783180334092,32.5554781214475
835445fffffffff,12,21,12.5417665028285,-6.92926722938918
83274dfffffffff,1,5,42.9376519130585,-83.9066945452843
8375a2fffffffff,1,0,7.58367999938818,-9.28967714102447
833fa0fffffffff,1,1,31.1663951388755,12.8967640135808
836b2afffffffff,7,22,15.0436612686165,24.3191817951911
838158fffffffff,3,4,-5.56121234288218,-48.1887024855734
832d69fffffffff,3,1,50.7789401266803,41.957893319438
83a803fffffffff,1,1,-23.0083756116922,-49.7442251189457
835f49fffffffff,2,1,10.0977760074871,-64.5929398104937
83a856fffffffff,1,1,-20.1240022210371,-52.7240162483295
8396aafffffffff,1,0,-7.23743313535017,31.7027176678259
831942fffffffff,1,3,53.5885362778078,-1.43664271726686
83828bfffffffff,1,0,3.47664273974547,11.1945091087242
839695fffffffff,3,0,-5.37955351967272,35.2881105427033
839691fffffffff,1,0,-4.3596159857346,34.7356994965137
838b91fffffffff,2,1,-11.0931279703138,-54.3988197568862
830b96fffffffff,2,0,53.2965989359669,87.4852969847216
838119fffffffff,1,1,-9.24531942964802,-42.1142333062047
837b4dfffffffff,4,0,-6.48510131447889,38.161155831915
839698fffffffff,1,0,-3.28929052473428,33.0287397944747
8396a6fffffffff,1,0,-9.40262382714386,35.1791949455604
8310f1fffffffff,1,0,57.7147613935434,55.8372723860515
838e63fffffffff,3,2,-13.0589269455969,-75.841450567226
83499afffffffff,1,6,23.0543848428976,-98.3466057379036
831ec8fffffffff,1,0,41.0465415896124,27.4832953857888
839683fffffffff,1,0,-5.27935734295685,32.9564042869267
837a09fffffffff,12,5,1.11795375788027,41.5890609504041
8396b3fffffffff,5,2,-6.40193886590638,35.8439819759014
835809fffffffff,1,2,13.2950551583957,10.3278061642607
837a82fffffffff,2,1,6.78963527715544,49.290152932573
837586fffffffff,3,1,6.35592103807033,-10.499483458878
839799fffffffff,1,0,-10.4347027477238,35.7440590498886
83b2dbfffffffff,3,0,-37.3362841290378,-72.6479744155944
83411cfffffffff,1,0,22.7557562156681,114.236878250731
833e5dfffffffff,1,0,25.4159837434081,33.317520922186
834360fffffffff,2,0,35.9839151102052,59.7769524864648
833c16fffffffff,1,0,25.6812658844175,83.1153853072515
838165fffffffff,1,1,-11.8336394986709,-51.4212611228559
834154fffffffff,1,0,21.0568828202109,109.347171431536
836acafffffffff,1,0,-1.26676628227752,31.9485414527575
838101fffffffff,1,0,-12.1422933689502,-43.2094326167665
83a816fffffffff,1,1,-24.2783494260188,-45.5980652707112
831ea3fffffffff,1,0,43.9411358072595,12.85133396652
836b11fffffffff,5,5,12.2699739663957,21.2709788259634
83a8c9fffffffff,2,0,-13.4861913566253,-52.4861999799862
83816efffffffff,2,2,-9.53061958478699,-51.3461553885991
833f14fffffffff,1,2,34.2708941734799,14.8157845429125
833804fffffffff,1,0,34.5481822795191,-1.3364575963721
83a223fffffffff,1,2,-18.2383964159376,49.5780943469141
83cf9efffffffff,1,0,-45.7504295421791,-67.4135252910292
8320a2fffffffff,4,3,39.0580954256948,68.4584387442961
831f73fffffffff,1,0,54.781200860236,21.0236194400252
83b325fffffffff,1,0,-15.8524651958096,-67.9822251594092
832c9dfffffffff,2,6,31.6120037009846,49.1508496967056
831616fffffffff,1,1,53.1491354773316,158.111102761282
837addfffffffff,13,33,8.4042679262451,40.5320210846323
83a2a5fffffffff,3,1,-23.2625511979438,45.739403044818
831e73fffffffff,1,0,48.6051418417669,26.6732835330116
838a5afffffffff,1,0,-0.131530310655359,-66.9847969031929
832c83fffffffff,5,5,31.9202112654579,47.9899905002609
838033fffffffff,4,4,-5.74721368618613,-39.9898743300349
835256fffffffff,1,0,16.6064443860591,47.3987214029923
83318cfffffffff,1,0,39.2732034220995,117.106084252882
832c01fffffffff,1,1,40.4050894246142,45.1480767690462
83969efffffffff,2,0,-3.34304448133688,34.1868183548821
831f19fffffffff,2,0,52.1347890297151,14.802012525213
833199fffffffff,6,0,36.8933106213929,116.734243530466
8310a2fffffffff,6,0,53.2945879179382,45.4090130264705
832d9bfffffffff,2,2,32.1675093664288,42.317046629797
832d58fffffffff,1,0,45.4735857931871,44.4380455834399
83a862fffffffff,1,1,-21.8652806284406,-56.8089677763327
83a85efffffffff,2,0,-17.7933118737032,-54.6515748013552
8396ccfffffffff,1,0,-5.75293748626694,22.9434949019333
836af1fffffffff,6,65,1.83122935717098,28.0770502688334
83bccdfffffffff,1,1,-27.0048050489701,24.3615566699908
838aa1fffffffff,1,1,-6.32204723699506,-58.1011158566286
8396a0fffffffff,3,0,-9.36060406256001,33.9954953695487
837529fffffffff,6,0,6.13090430744947,-0.205843437948493
83a8cdfffffffff,1,0,-14.6151422647375,-52.5255328878208
838b08fffffffff,1,1,-13.1642001073878,-64.9294048538557
8358e9fffffffff,3,2,9.61492283308965,13.8897115254928
833d99fffffffff,1,1,23.8503351563105,80.5932457669022
838ca8fffffffff,1,0,-4.07663849218388,105.690328685179
8358b3fffffffff,1,1,7.80137985738467,1.45309228475804
833ca2fffffffff,3,2,22.4709737231999,82.3220654477703
8396a1fffffffff,6,2,-9.31449957108453,32.808110680643
834318fffffffff,1,1,27.643449214211,57.5021206388896
836959fffffffff,2,1,12.6749618040219,121.773386131259
835899fffffffff,3,1,5.3162703200848,5.25126338413912
831ed5fffffffff,1,0,41.287312360076,21.3781158863273
8360b4fffffffff,2,1,17.7208886472293,80.2054855257791
833c10fffffffff,6,6,26.0551166692256,84.2696191088536
83182cfffffffff,2,0,53.2487395663784,-6.4802709433046
831fa1fffffffff,1,0,50.6661279265225,7.31371407083827
8358b6fffffffff,4,1,8.6085989561568,-0.135238983172084
832c81fffffffff,1,0,32.9803289270837,47.6658045608642
833f92fffffffff,1,0,25.0070006440062,10.6824296650125
836b70fffffffff,3,0,14.8713639877085,27.8750410911001
837a9afffffffff,3,2,9.33304113929861,48.718780813225
837a9cfffffffff,1,1,7.67792373032561,48.7701707901985
838e64fffffffff,1,0,-10.7300651694545,-75.6269505531591
833c32fffffffff,1,1,27.3891011586785,82.4744801562727
83186afffffffff,1,0,46.2054424229686,-1.09671899736812
835454fffffffff,1,0,13.1076046896285,-10.4384108223551
838f09fffffffff,4,2,-4.97032507165653,-80.1927046696764
838ab5fffffffff,2,4,-7.03659372493685,-55.2333746573733
833c69fffffffff,1,0,33.2247431818972,97.6944801779662
838526fffffffff,1,0,2.3475783448827,57.6275824953432
838f71fffffffff,1,1,-4.71561252592655,-77.1058266595337
83a8ddfffffffff,3,3,-14.2220846976221,-49.46131574582
832171fffffffff,1,0,54.3162672903773,68.7686119403878
838ae5fffffffff,2,2,-3.16680629854084,-64.3963652605859
8358c8fffffffff,4,2,6.94286598635453,13.4567509178375
8343a0fffffffff,1,0,24.3477855954053,53.9857130407262
83386afffffffff,2,1,36.0277549968701,10.5043854247134
838b69fffffffff,2,3,-10.901820499538,-73.6034160437185
833db2fffffffff,1,0,24.4595398475437,74.5451623907949
831105fffffffff,1,0,61.5845722531271,30.3480868347013
835511fffffffff,1,0,23.4442733762529,-13.8334502784133
83802efffffffff,1,1,-5.66838556076935,-44.1003577628405
8397b1fffffffff,4,4,-14.5505060145847,39.2260756355536
833968fffffffff,1,1,43.2123871474538,5.34791650635512
83a8e4fffffffff,6,4,-20.2728025252359,-50.6838886548685
834068fffffffff,2,2,23.0215864744705,98.8701120678689
836a84fffffffff,1,20,2.1531748616065,21.2943780202305
8352a3fffffffff,2,1,14.9339536095527,38.8896332069286
832c65fffffffff,1,0,47.8761839315464,47.7023803781743
839624fffffffff,3,0,-17.3724561781047,30.0319716995709
832c8efffffffff,2,2,32.6519149590486,48.8552788818715
832cadfffffffff,2,1,36.1571166285992,46.6462260306383
83a206fffffffff,1,1,-20.2173799423037,48.5314254959522
834266fffffffff,2,1,31.6753230112294,67.1924419246778
8343adfffffffff,2,2,26.0432187078065,56.7057811356374
832cc6fffffffff,1,1,36.456797829394,52.4355836662088
835283fffffffff,9,9,12.1237362770921,38.946076547009
8352d4fffffffff,4,2,11.6932006174885,43.1329637467999
835391fffffffff,1,8,18.3109629960368,34.2075008608699
839605fffffffff,1,0,-14.2235496685471,28.3568691072605
832123fffffffff,1,0,51.6522306330559,58.921096050934
838a31fffffffff,3,3,-9.43609648923587,-61.9749949172425
838b88fffffffff,4,2,-9.71052830503631,-58.2399932980005
83525afffffffff,3,1,14.3795547766063,49.8803474683972
839688fffffffff,1,0,-5.16990630003701,30.6138537354962
832da6fffffffff,3,0,34.4798378522049,33.9528034437569
83609cfffffffff,2,1,20.1214279357005,75.8144992934564
83a88dfffffffff,1,1,-18.896931557183,-45.4523673699813
835535fffffffff,1,0,27.1277492081762,-11.8063071157693
83400efffffffff,2,0,27.4608024297667,107.156065201553
838ad1fffffffff,3,2,1.08245814004034,-60.5910020657338
835980fffffffff,4,1,13.7664522158431,-0.991416244319722
831e15fffffffff,1,1,47.7879934306359,15.8386544527637
836523fffffffff,1,3,2.08707146707088,102.424614993541
837b6bfffffffff,1,0,-7.50065384983572,38.7238587693654
835822fffffffff,5,4,15.9421231415357,5.05312284038572
831098fffffffff,1,0,51.0017177880901,52.6908038170082
833f26fffffffff,2,0,38.3027355726244,16.1218496733331
831ee5fffffffff,1,0,45.9804092848848,23.9710672610416
83a8f6fffffffff,3,2,-19.4076606221228,-46.5102277156416
838bacfffffffff,10,8,-13.5282696754172,-59.3559183044319
830aa4fffffffff,1,0,58.8846168316487,92.2288964377437
838a04fffffffff,1,1,-8.81817678537583,-62.857391417223
83618afffffffff,3,1,14.4069268290266,79.4830958456658
831e18fffffffff,4,0,46.0368378692744,19.1174685931887
835f4efffffffff,1,3,9.14441426021752,-62.9100867285243
838394fffffffff,1,0,-4.57813710954327,20.1465081265741
8342cbfffffffff,3,0,22.4524991272258,74.3385250800409
83424efffffffff,2,4,29.8537755401863,72.866591233853
833091fffffffff,1,0,32.0843139875932,118.968435797872
836a18fffffffff,4,2,4.72881508859012,26.5518260070751
8354adfffffffff,1,0,14.5318259512475,-16.8237590802385
835569fffffffff,1,1,18.1858172824834,-2.27909823803304
836ae2fffffffff,4,2,2.75181933396751,28.6993980905456
836ae0fffffffff,1,1,3.66380575470764,29.3170939398181
835395fffffffff,1,1,19.3424310088343,33.7469664123412
834182fffffffff,1,0,28.5782881981219,117.507021708813
8340d9fffffffff,1,0,34.6224873584183,100.59822009959
838004fffffffff,3,2,-5.71144945031858,-42.0452574186188
838b89fffffffff,3,2,-9.08473168263484,-59.1647936221758
831e48fffffffff,1,1,47.0700645452444,33.8728331353762
836d76fffffffff,2,2,13.4690166863091,-90.6967546957213
835455fffffffff,1,0,12.4837386551596,-9.68216841449781
838126fffffffff,3,2,-16.1813468958275,-42.2542461904301
836a04fffffffff,1,1,8.40222123293036,25.6761953722323
836589fffffffff,5,0,11.9180059973426,99.9620311871166
83591bfffffffff,1,13,16.7820721796021,3.29598409821787
83806dfffffffff,2,2,-1.33792367505124,-53.067697438302
8342dbfffffffff,1,0,19.9681251569782,72.9698927106574
83a8e6fffffffff,1,1,-19.7957982112694,-49.6372918599718
8340adfffffffff,1,0,30.5145576540372,109.441057927768
837adcfffffffff,2,3,8.32005656825533,41.5945842147959
83814cfffffffff,10,10,-7.21049329565103,-51.2715103467489
838f4afffffffff,1,0,-9.56509282211294,-75.520935248723
83829efffffffff,1,0,4.25716071222495,14.9420930078791
83a231fffffffff,3,0,-19.2924190693755,47.944103629531
831165fffffffff,1,0,68.6821901595172,33.0694474542466
832a33fffffffff,1,2,41.8046174230631,-71.566228192849
836080fffffffff,2,1,18.3663163328306,76.4139162413926
8320e5fffffffff,3,0,44.9686406445482,78.6987254804956
836baefffffffff,1,1,9.52096462391246,19.5050555301903
836ba0fffffffff,7,14,10.4789196776681,17.804575225052
8342cdfffffffff,1,0,24.0131393274177,73.4588146230161
834268fffffffff,3,1,32.666010627333,71.9163514788747
837a85fffffffff,1,0,5.16665707866742,48.348167338544
836793fffffffff,1,1,12.1828934489475,-84.2285734042981
831e65fffffffff,1,3,51.8518103533954,30.5540466544659
837a8dfffffffff,6,3,6.24576684702081,45.7868004218082
83458efffffffff,2,0,22.0645420905822,-80.2242953753882
838a82fffffffff,1,1,-3.5881771947632,-55.1061366395472
831e6dfffffffff,1,0,50.5621513429605,34.6100648507459
833c8cfffffffff,1,0,21.7607311067079,86.3582924622584
83436afffffffff,1,1,35.5710169671369,63.4843937417029
836843fffffffff,2,2,8.46484568936428,125.415081895651
836b8efffffffff,4,3,6.80163813116925,20.0343275068241
834016fffffffff,1,0,29.0164666553944,112.233070739809
83194efffffffff,2,0,51.8758479633605,0.650496257447694
836a4efffffffff,2,7,6.08886263015634,35.5943557926242
831e75fffffffff,2,0,50.3726980825048,26.8723465747044
836556fffffffff,1,0,4.81277894544203,96.8876555670073
8342e1fffffffff,2,1,25.2108663534772,69.3327159583272
836088fffffffff,3,2,18.252309811642,73.5641534333572
832d83fffffffff,1,0,33.7038931166262,39.3272109647307
838174fffffffff,1,1,-12.0169595324016,-47.3431520039455
837a89fffffffff,1,1,7.15361839922112,45.2579470256532
8397a2fffffffff,1,7,-15.5544585242607,38.619523272629
833d80fffffffff,5,3,25.7617886209177,77.8792485805144
83750dfffffffff,1,0,5.32133694562473,-1.46195638808283
8342ddfffffffff,1,0,21.5768355758736,72.2442704253435
833ed6fffffffff,1,0,19.0256603996443,23.2910124221706
838f6bfffffffff,6,7,-7.4281514705417,-73.3126148391858
830ab3fffffffff,1,0,56.3698972375458,98.0566668991283
836a1afffffffff,5,3,3.82601667772221,25.9278791781402
831f03fffffffff,1,0,53.7092724050133,12.936480276389
836085fffffffff,2,7,17.2838020552295,76.1934199875236
83109bfffffffff,1,0,50.6269562239821,54.367415022138
83385bfffffffff,1,1,31.0137849664295,10.2290717948
836ad6fffffffff,1,1,-0.975072019701366,26.1830812288515
835835fffffffff,1,0,15.885926036889,3.9601585954675
837799fffffffff,1,1,-3.11333750738191,153.144269462999
83409efffffffff,1,0,35.8729774385207,111.671984337831
833c84fffffffff,1,0,21.7612389130847,83.1894272313739
8341a0fffffffff,1,0,25.0570337854357,118.229301084323
838a2cfffffffff,3,2,-9.19283278994935,-65.6495750847199
83686cfffffffff,1,1,12.5699648555741,125.830553071117
836093fffffffff,1,1,21.5922955793845,77.0887139493013
837b68fffffffff,1,1,-8.51590321917046,39.2894256059043
83950cfffffffff,1,0,-5.18753795486313,121.694846503659
833f60fffffffff,1,0,38.0633949343689,27.9345383757948
835886fffffffff,1,0,7.81606124774788,2.43723642380278
8396f1fffffffff,1,1,-6.99915684713347,26.9751218539146
832d45fffffffff,1,1,48.0509147128303,40.4508766675485
838141fffffffff,1,0,-7.8320274066712,-50.2831343150913
83b2c0fffffffff,2,0,-33.9271400879037,-71.4885236580939
8375aafffffffff,1,0,5.62398154749205,-8.17499627048021
831eb2fffffffff,1,1,41.6909515654372,8.51329867497913
833165fffffffff,1,0,44.779098036927,131.330800367861
831facfffffffff,1,0,50.8426065829565,8.95297364951098
834242fffffffff,2,3,28.8688491433382,70.5518339039975
8366e3fffffffff,1,0,2.98265871137645,-74.4064915609931
83422cfffffffff,1,0,29.4540509410215,62.7324883445835
836ba2fffffffff,3,8,9.56960433345637,17.2470022235169
839780fffffffff,1,1,-13.5185003078952,37.4594469325513
836d61fffffffff,1,0,12.3752498740599,-86.1532374417914
838b19fffffffff,4,4,-12.1316660140285,-63.0141937444449
832c5cfffffffff,1,0,43.4652909534194,53.2766291219179
838b36fffffffff,1,0,-18.2805363254992,-60.520790786341
83a966fffffffff,1,1,-29.7569811118232,-57.1780379623901
833c92fffffffff,1,1,17.3597571277861,82.1488913472183
83b201fffffffff,2,0,-27.338520397191,-69.838413940058
835408fffffffff,3,2,14.3769229979834,-11.9977597067742
83426afffffffff,1,0,31.5544982965597,71.842039529442
837a29fffffffff,3,0,-1.74904789667169,42.1383774315794
833096fffffffff,1,0,31.9912047904683,116.758406358722
83a840fffffffff,1,1,-19.763855467286,-56.7180485929415
8352cbfffffffff,1,0,10.2097242582605,48.3079200442728
831f91fffffffff,1,0,46.0234524686822,5.65992293737374
83ce8cfffffffff,1,0,-39.9504476402779,-73.2595664789896
83b2d8fffffffff,2,1,-36.3243305972692,-72.8237759000871
8396abfffffffff,1,0,-7.18240068391968,30.5208613610535
8310abfffffffff,1,0,55.4439390206321,51.2126279657084
831edefffffffff,1,0,39.3021200024328,22.8145629488329
837ac2fffffffff,1,0,7.41201306280879,42.1241762831461
83675efffffffff,1,1,9.84701982042013,-70.0178846022246
838009fffffffff,3,1,-1.51811640384882,-45.0292518470874
835848fffffffff,1,1,13.3029833825,17.2043198502675
834252fffffffff,1,0,26.2489612964232,69.3610931316195
833810fffffffff,1,3,31.3894490342644,-2.59202939716063
8352d0fffffffff,4,0,10.7625327056546,43.4528001387587
8331b4fffffffff,1,0,40.9392837212234,111.571038672744
8324d2fffffffff,2,0,35.9342361108596,103.574946110249
8375b0fffffffff,1,0,7.79960848698276,-10.9709516213192
832818fffffffff,1,0,42.8744911554385,-123.748578511994
83a92afffffffff,2,2,-30.7970159515065,-52.118621367768
838ac4fffffffff,1,1,-1.09320278098241,-62.5008187311403
830a74fffffffff,1,0,69.1250843363226,87.8601196469516
8348b2fffffffff,2,2,25.8046474150877,-96.8384099903961
839c85fffffffff,1,5,-8.97985874402664,147.786140582873
838b71fffffffff,1,0,-12.9728102596793,-68.7694684174562
839702fffffffff,2,1,-19.5242819861023,33.6543751311626
830a80fffffffff,1,0,58.349888877952,99.5979189727625
83436cfffffffff,2,0,37.2390833053886,62.1205666417251
832aacfffffffff,2,0,39.8812237787808,-75.9124229882424
8386f1fffffffff,1,0,-2.55225583445282,80.7197638155762
836b98fffffffff,3,3,5.03854909004548,18.7924234774786
83406cfffffffff,6,7,22.2080357087372,99.7392870280129
839703fffffffff,1,1,-19.491403778038,32.4147856601608
833f66fffffffff,1,0,38.1580043485812,26.4648351473641
83435efffffffff,1,1,31.1063158108357,63.752859866308
835251fffffffff,1,0,16.2732713215664,49.3792072584045
836b16fffffffff,1,1,12.3265599277551,18.9498855962545
838054fffffffff,3,3,-0.909603014831895,-46.0328459428133
83121afffffffff,1,7,55.4921440175204,-121.16794484462
839cddfffffffff,1,0,-7.59448884164822,138.788055159418
833cecfffffffff,1,0,26.6432192937349,93.2226350214665
838f0bfffffffff,1,0,-5.44104639711266,-81.2704624630107
837a58fffffffff,1,0,3.23817083158305,37.1949187607593
834335fffffffff,1,0,29.7983220085157,51.7675860500165
832748fffffffff,1,1,42.7571732860906,-85.4075147586123
832cf5fffffffff,1,0,37.2353890492856,49.8389055552334
836670fffffffff,3,3,6.77387204816855,-70.2531948228108
838d88fffffffff,1,0,-6.77387204816855,109.746805177189
833c4efffffffff,1,0,30.2874032452758,96.6697239856931
8340defffffffff,1,0,34.9878854707152,103.070775724351
833e9afffffffff,1,1,17.1597619006044,18.3642627019883
838caafffffffff,1,0,-3.01020803506099,106.015044318652
839690fffffffff,1,1,-4.40921331339796,35.8927150750008
83660bfffffffff,1,0,5.57252409487731,-73.20909861699
838e61fffffffff,2,6,-12.5608054822214,-74.7669247219682
831e45fffffffff,1,0,49.1877535569393,30.9532420315006
837290fffffffff,1,1,-5.48710677742327,133.119473030103
833d9cfffffffff,1,0,24.1206060850121,78.6336328469357
83971cfffffffff,1,0,-18.4985754148399,33.073127346862
836550fffffffff,1,0,4.51340265439657,95.7461455368694
8364b6fffffffff,1,1,17.783426164288,102.808269571432
83528afffffffff,2,2,11.073547599588,40.3711903793057
832d52fffffffff,1,0,43.0710791624919,41.5250482251976
836493fffffffff,2,1,21.1236949223214,99.4020799483032
833992fffffffff,1,1,28.2401341829731,-11.5064459764348
838b52fffffffff,1,1,-10.3150263676005,-65.7134874377363
83456dfffffffff,2,2,22.3489620187018,-97.3603993350257
831e5cfffffffff,1,1,46.5728932466929,29.721610236599
83540cfffffffff,4,15,15.3846560967908,-11.7398672181665
831016fffffffff,1,0,56.4485885255161,43.7747794409295
838e65fffffffff,1,1,-11.3989914104417,-74.6638698231234
832cf6fffffffff,1,0,35.4520190361348,49.1743087133532
833c36fffffffff,1,1,28.036528062171,81.5286504493507
8341b0fffffffff,2,0,26.9839408620309,120.007955351946
83674dfffffffff,2,1,9.62749635830903,-65.4828720756127
83a822fffffffff,1,1,-26.103731409929,-49.8521859720747
833811fffffffff,1,2,31.6230973302867,-1.38566629504871
837a70fffffffff,1,1,-0.715585894503289,40.4824733866289
831e1dfffffffff,3,0,46.9632685695947,19.9418009825838
83489efffffffff,1,4,29.9672077628284,-97.31913722744
83b2e3fffffffff,1,0,-32.4417895185044,-70.2811000571658
8340d0fffffffff,1,0,34.4099358590698,105.197702299605
83960afffffffff,5,6,-11.0592715292759,26.7258683052328
8375a1fffffffff,1,1,7.36571421871346,-7.64294579955422
83404efffffffff,1,1,25.9430165945763,98.6691508572277
8311b2fffffffff,1,0,51.5084374916182,33.9648591504919
83194dfffffffff,2,0,51.049978079202,3.17093147415132
83a234fffffffff,2,0,-18.4071383791263,46.2264192358953
839523fffffffff,1,0,-3.60641391725848,119.258919946433
8320a6fffffffff,1,0,39.6492486897423,67.1496259510261
8366a5fffffffff,2,2,9.07132322489829,-79.6976124083805
83186bfffffffff,1,0,45.3350567677772,-0.161588500969693
836d68fffffffff,1,0,10.7544941039464,-85.3923598742178
834325fffffffff,1,1,32.5406032914402,52.2096960416138
8352cefffffffff,2,0,11.2282403804596,47.0966102780258
832b9bfffffffff,1,0,43.3624308369992,-79.3235163465398
838b4dfffffffff,2,0,-9.24875275520217,-72.4598833653155
832af6fffffffff,1,2,37.2114062829409,-76.3904989992439
836529fffffffff,1,0,1.21021341308981,99.0417875862052
836730fffffffff,1,0,17.9786360997196,-75.8366422726022
831fa0fffffffff,1,0,50.4682906905803,5.69871176043484
832530fffffffff,1,0,51.6307381811449,90.078484789425
839754fffffffff,1,0,-19.2746470510553,27.4425949029743
83542bfffffffff,2,16,15.7415544364893,-10.6782722687611
834cd2fffffffff,1,0,17.7313158190611,-71.2090567449598
83a8defffffffff,1,1,-14.3152573138564,-47.4065196070748
838a75fffffffff,1,0,-6.15331215110067,-68.3125055932376
838a1efffffffff,1,0,-5.61179188745224,-60.8835572037741
831eb3fffffffff,1,0,41.8291945818563,9.98489487171117
83a8e5fffffffff,9,5,-19.6605138404928,-51.687817542949
83219efffffffff,1,1,39.0086878336289,63.2565025904977
832148fffffffff,1,0,54.5244715935987,77.5133674404612
83459cfffffffff,3,0,21.6328396157793,-78.5233163817261
83210bfffffffff,1,0,50.2343360473742,67.0741921750515
832cf0fffffffff,1,10,36.1528294301496,50.1419894457501
836d6efffffffff,1,1,11.3626575987398,-86.2898769876456
8372a6fffffffff,2,0,-0.451303250154896,132.842877685066
8396c9fffffffff,1,3,-4.65066991155495,21.2908772934257
834152fffffffff,1,0,22.942187832084,108.900742389034
83450dfffffffff,3,3,20.0318857730615,-89.4062352102304
836010fffffffff,1,1,13.3064673886984,76.3482420017603
836142fffffffff,1,0,4.35157750450704,73.7099004972483
8325b0fffffffff,1,0,43.8314214343832,86.9652363931057
836a4dfffffffff,2,1,6.88148185065599,37.266516998704
831f5bfffffffff,1,0,51.2845089704112,26.1111206139915
836b14fffffffff,1,1,13.2636458443337,19.5379346923993
838a10fffffffff,1,1,-7.34307967735375,-60.0305036411485
8330e0fffffffff,1,0,37.2560654852587,126.535457982136
834375fffffffff,1,0,34.2334614897416,58.8010456208737
83602dfffffffff,1,0,7.2078171528334,73.3358070726994
8360adfffffffff,1,0,14.734691943904,74.7457805896767
834071fffffffff,2,0,24.8205000184395,102.839563099293
837b98fffffffff,1,0,2.28654647072138,51.8979964704884
8352c8fffffffff,1,0,11.1082225799876,48.050368701712
838f5dfffffffff,1,0,-8.88780204261555,-76.4808491349873
838151fffffffff,1,2,-7.35301642049036,-47.2176256840228
832104fffffffff,1,0,50.4989047549627,59.1184195561719
8360aefffffffff,1,1,16.1990342000821,75.9750983076868
834cd5fffffffff,1,0,18.3084184971426,-69.3422689050598
8368d5fffffffff,1,0,0.5363276901506,120.658332344548
838152fffffffff,1,0,-7.41123093673144,-45.1680152629652
837a60fffffffff,1,4,-2.54119910829641,38.2197851809043
839772fffffffff,1,0,-20.3172370178987,28.0036671214547
8320b0fffffffff,3,1,37.3311410170744,67.1629874362176
83a846fffffffff,1,1,-20.3927821760677,-55.7537005162815
83688afffffffff,1,0,-1.03386784986391,117.213895862366
832ad3fffffffff,1,0,33.7045165077237,-78.639660963726
838f21fffffffff,1,3,0.321390112574466,-80.6481504926549
8354ccfffffffff,1,0,8.58014235675962,-13.4407085184731
832cf1fffffffff,1,1,36.8544298184196,51.1395994490751
83a851fffffffff,6,3,-18.8789395119262,-54.6941438007481
836a1bfffffffff,2,0,3.77349203462872,27.0558551646459
8396c3fffffffff,1,2,-4.85913415519793,24.7612300777725
8396cdfffffffff,1,0,-5.67985213320936,21.7849493334043
83a853fffffffff,3,2,-18.4200542017673,-53.6721543780641
831e74fffffffff,2,0,50.4541413855877,25.1624859071762
831949fffffffff,1,0,50.1326006123777,2.57914156276171
832661fffffffff,1,0,39.792791429634,-86.7631516152621
837aaefffffffff,1,0,4.33476996876613,47.8676244085709
832c6afffffffff,2,0,46.8593743235971,52.3820222986243
83434cfffffffff,1,1,35.029134485651,64.7345894984413
837508fffffffff,3,3,5.31642868352354,-2.37211506816084
839618fffffffff,2,0,-10.139299006479,28.5826123000757
83a356fffffffff,1,1,-15.33927912161,50.02225926202
8352e8fffffffff,1,1,13.7403140363945,48.2196965551027
8360a8fffffffff,2,1,15.8156456293518,74.9552835340991
83302dfffffffff,1,0,39.765480501819,125.814452063372
83df6dfffffffff,2,0,-53.2946693841307,-71.7915149397844
838a69fffffffff,1,1,-2.8402938103835,-72.9352005424512
8342c5fffffffff,1,0,23.6476067613477,70.3239295450764
831e0cfffffffff,3,2,48.7699545702716,21.6520872610005
838f60fffffffff,1,0,-3.77352366537158,-75.0028613712821
8344c1fffffffff,1,0,33.6569808180661,-84.0774999620808
834310fffffffff,1,2,26.9162760290586,54.4876911149922
836756fffffffff,1,1,12.1122286405565,-71.7004786864925
833f34fffffffff,1,0,37.231011652914,13.980029450103
830a96fffffffff,1,0,54.545645051539,100.264424620871
834330fffffffff,1,0,28.7693430927325,52.0101074147973
8341a6fffffffff,1,0,25.1498630231824,119.293000357889
831183fffffffff,1,0,54.0181237371207,38.5051532889264
836663fffffffff,1,0,5.85839046881566,-67.5280026304693
839701fffffffff,1,0,-20.4793408410437,31.7500111105128
839776fffffffff,1,0,-21.3536695112621,28.5699526205542
839b41fffffffff,3,2,-17.9049380375574,178.895192787663
83a81bfffffffff,1,1,-20.3990014837951,-48.6211652928112
838f4efffffffff,1,0,-8.40105874447674,-75.4157314532242
837a8bfffffffff,2,1,7.96293339062418,45.7565425570348
831fa2fffffffff,1,0,49.5144027142912,5.05968085949437
83bcd6fffffffff,1,0,-25.4565220538796,32.161928184528
8352f3fffffffff,2,1,12.5175499585867,43.832058249358
83a84bfffffffff,1,0,-16.3478044565339,-58.5213025711718
833142fffffffff,2,0,41.549518162662,127.837054558611
831f92fffffffff,1,0,44.8193034914571,3.58924849591856
834223fffffffff,1,1,27.8284476792615,61.7648911376659
836382fffffffff,2,0,10.6189148624781,51.711748988783
838104fffffffff,1,0,-13.8974219371119,-42.2072664148235
831049fffffffff,2,0,66.9680179556221,66.8415047914824
839791fffffffff,1,0,-11.5176012225143,38.6725688286246
8367b3fffffffff,1,5,14.5582152254316,-82.9501024202441
838d8dfffffffff,1,0,-7.79471276719821,109.422344927967
836393fffffffff,2,0,9.12022454711219,50.6563481793792
835e46fffffffff,1,0,14.3585018653784,-60.8943247202026
834243fffffffff,1,0,29.3650588755195,71.7006796445029
83544dfffffffff,2,0,10.3965869505145,-5.83504463692577
8311a8fffffffff,2,0,56.9721470109831,36.42928381593
838ad8fffffffff,1,0,2.74521049077999,-61.4268436451278
83a833fffffffff,1,1,-25.2149968484365,-47.7295533279466
837ad2fffffffff,1,1,8.94920330343382,44.2043894380279
83a3a9fffffffff,2,2,-18.4512773049425,45.0815397283528
835414fffffffff,1,0,17.6551604890603,-16.1774448414963
833c95fffffffff,1,1,19.5707270052739,82.6642959201874
831f5efffffffff,2,1,52.2376330802242,23.5709595701781
831e83fffffffff,1,0,41.1356351378899,13.7831942173657
836850fffffffff,1,1,6.93940622989901,122.830816948055
833f2bfffffffff,1,0,36.3377935012023,21.9554784224642
837509fffffffff,1,0,4.5343713959888,-1.77694756805946
836b15fffffffff,1,2,13.2359137609106,20.708333203119
8382b4fffffffff,1,0,-0.499261457724194,17.1496223260034
835e43fffffffff,1,0,15.7838440507843,-61.7099570005449
8352e9fffffffff,1,0,13.5963435026232,49.1793531858324
83769cfffffffff,1,0,-8.28592831974946,156.04125437509
8372f2fffffffff,1,0,-2.40806375357959,139.708446596564
8396f4fffffffff,3,1,-8.10618307128016,28.6927072735759
838c8dfffffffff,1,0,-2.52041219001565,104.146239821789
832d5dfffffffff,1,0,46.544406449102,43.9790511014635
832c8afffffffff,1,0,32.2751518486421,50.0590181414201
835841fffffffff,2,2,14.2708013959168,15.438450636699
83bcf1fffffffff,1,1,-28.2935584977031,30.0904820908408
835f4dfffffffff,1,1,9.07069508012248,-64.6444976081139
836489fffffffff,1,0,17.7505179577961,93.9741272311608
83be63fffffffff,1,0,-37.9538643062104,144.671789761453
832c1efffffffff,1,1,37.214521100198,46.2899424993302
839cf2fffffffff,1,0,-8.74603818778968,143.686839276374
837a55fffffffff,2,1,1.23947374521264,39.3882781579462
83a224fffffffff,1,0,-16.3725231737456,48.4200933044481
836628fffffffff,2,2,9.10600090911795,-71.9543568147335
839705fffffffff,1,1,-21.5012123948515,32.3319783420873
832c13fffffffff,4,2,36.4608099689307,45.3901809800559
838176fffffffff,3,3,-11.4743379209681,-46.2983452281974
832cc3fffffffff,1,1,36.720732411464,54.7867273520256
83a38afffffffff,1,1,-22.3938982439981,43.9612696179106
836b53fffffffff,2,0,11.0198235238194,28.7086421887831
836a10fffffffff,1,5,5.76608572718165,23.8224841964486
831825fffffffff,1,0,55.0148967976591,-7.19639807686778
8310eefffffffff,1,0,60.2296074215664,59.0206882959656
839ca2fffffffff,1,0,-9.59479136231941,149.594267279344
833c58fffffffff,1,0,28.2588299927519,95.9989249543686
834c9efffffffff,2,0,20.7591942932763,-75.2971732235324
835296fffffffff,4,5,11.5400158743753,34.9891240714861
83a8c6fffffffff,2,2,-17.0936023830798,-48.5197720632357
836d6cfffffffff,1,1,11.7756057499856,-85.2583041738629
833facfffffffff,1,0,31.2647180561659,15.6049490121134
838a19fffffffff,1,1,-4.40680264113832,-62.6527840178485
836d15fffffffff,2,0,15.2709991804361,-96.3146414253289
836a4bfffffffff,1,1,5.07930293690581,37.2309996827478
831956fffffffff,1,0,55.1511163087895,-5.44079030779439
831ed3fffffffff,1,0,39.3320486378868,21.3169551089814
839750fffffffff,1,0,-18.2268473780687,26.8867704208446
832caefffffffff,1,2,34.3305839341842,46.1228466570439
831f8efffffffff,1,0,47.3531217675356,9.39404919049573
831184fffffffff,1,0,54.2215960410792,35.1272878686298
8344d8fffffffff,1,0,35.1409694558513,-81.4602914083999
835452fffffffff,1,0,11.7809244974254,-11.721212491066
832668fffffffff,1,1,38.0643634200604,-86.2377671623407
83a889fffffffff,1,0,-17.785229980109,-45.4235135533761
831948fffffffff,1,0,51.0074414723403,1.63377030080928
8375a4fffffffff,1,0,8.82195322979812,-8.0591034592041
838a66fffffffff,2,0,-6.635013465468,-69.3087809696922
83a389fffffffff,1,0,-21.3423822058871,45.7054585546163
834892fffffffff,1,1,28.5107748485142,-95.2752526206828
838cd6fffffffff,1,0,-0.931083502858813,102.574949761551
838252fffffffff,1,0,-1.67048545586156,5.49500284894637
83a972fffffffff,1,1,-28.6984885241197,-54.0906727990953
831849fffffffff,1,0,43.3277774657706,-1.16416428086519
833db3fffffffff,1,1,24.9002010947502,75.6444202084718
838031fffffffff,1,2,-6.32050756908641,-41.027874601175
833030fffffffff,1,0,40.0174769310031,119.955745031099
83584afffffffff,1,0,12.3634025628547,16.6388470415557
831f8dfffffffff,1,0,48.4499272876683,11.7023987897212
832198fffffffff,1,0,39.6225774203986,64.5225047284105
831e0dfffffffff,1,1,48.7392886492656,23.3289984229396
836b9cfffffffff,2,2,5.95815113594881,18.339317119759
834cd6fffffffff,1,1,18.6148835322948,-71.1291989065875
83450bfffffffff,1,0,21.5120261870049,-88.0903758769788
83445bfffffffff,1,1,34.3723988807345,-89.51793912457
834b34fffffffff,1,0,29.7859343500089,121.117462440364
831e8bfffffffff,1,0,40.3018597546985,17.5714358952831
83430efffffffff,1,1,29.7416392751375,57.1812647514454
837a5bfffffffff,1,1,4.19660550943906,36.6584114735739
833ca0fffffffff,1,3,23.5491217812801,82.5840010208806
8314aefffffffff,1,0,50.2721974855427,128.062898467515
831972fffffffff,1,0,56.1733309188909,-3.12501834459122
838072fffffffff,2,2,-2.08476893186212,-46.0619702196122
832ceafffffffff,1,0,38.9537162420289,54.3196102455254
831e23fffffffff,1,0,50.5278712229323,18.2976218118849
8353a3fffffffff,1,0,22.0974922141012,35.971244138645
832084fffffffff,1,0,38.4533270600447,69.7436565616945
831e34fffffffff,1,0,50.3211236450728,13.2076781042772
83430afffffffff,1,1,29.2781720516259,58.3425560442369
838a33fffffffff,2,0,-8.9531455808159,-61.0316121060551
83a82bfffffffff,1,2,-23.2968049114069,-52.8445802010187
836a14fffffffff,3,0,6.69235723570535,23.3392556061729
83418cfffffffff,1,0,27.4734432588449,114.925023525006
831e24fffffffff,1,0,52.2070338313362,16.541869424728
83814dfffffffff,1,1,-6.58967643098679,-52.2527056878333
833c83fffffffff,2,1,20.3036066470935,84.9280919053022
83418bfffffffff,2,0,29.13019517596,113.386002078935
83545cfffffffff,1,0,10.9187611680648,-9.21332400734804
8368defffffffff,1,0,-1.20530184050513,122.067703633419
831f9efffffffff,1,0,45.2201267296838,6.55093691792122
8397b5fffffffff,1,0,-15.5593743976201,39.8088106988096
834235fffffffff,1,1,26.7115134562595,59.7415966439429
836091fffffffff,1,1,20.5213533870751,76.8615368170175
83264cfffffffff,1,1,36.7775067546832,-87.7581573655908
83b2c3fffffffff,1,0,-34.891190306312,-71.5854472492244
831e6afffffffff,1,1,49.0239947153903,32.6018932336422
8352a9fffffffff,1,0,14.5621691026082,42.1317374635897
833e6cfffffffff,1,0,30.3429392349016,34.6824063159566
8355aafffffffff,1,0,21.172811501028,-17.5416114329962
83446cfffffffff,1,1,29.6454257620536,-95.0775924933369
83a250fffffffff,1,0,-21.6089735913215,55.4771871216371
833f29fffffffff,1,1,37.3201988132946,22.724593893489
83195bfffffffff,1,1,50.7494892661454,-3.08584348709397
832ca4fffffffff,1,1,34.0689349941855,42.7660910939929
834022fffffffff,1,0,25.1411627537865,110.778512540969
8348acfffffffff,1,1,26.5307845688257,-103.514985230924
836783fffffffff,1,2,12.3716160220966,-81.2764496040047
8372dafffffffff,2,4,-5.76601726520911,143.795266733026
834cf3fffffffff,1,1,19.1742496605236,-69.2698827232838
832a34fffffffff,1,1,43.6528813896872,-69.9850434464306
834056fffffffff,1,0,27.8918810280389,103.896793748911
8331a8fffffffff,1,0,40.9309491728738,117.420495789924
834589fffffffff,1,0,23.5370717233431,-81.7080288897023
83268cfffffffff,1,0,39.3036068964281,-104.565195993597
836651fffffffff,1,3,3.59021068376315,-70.4938307425054
832ccefffffffff,1,1,37.3961247005056,55.878319595786
839725fffffffff,1,1,-24.4918226277251,32.8390964052397
836119fffffffff,1,0,7.78467843751175,78.0987916136974
831ea0fffffffff,1,1,44.8204907751958,12.0094745438462
83184bfffffffff,1,0,43.1708503151182,-2.57206107594201
83a8c4fffffffff,1,0,-17.595967827535,-49.5665670485324
832065fffffffff,1,0,53.0680415663761,80.5994467772555
837ac9fffffffff,1,0,7.73000521314076,37.8285822885487
834234fffffffff,1,2,26.1522469979,58.7620792053206
8342eefffffffff,1,0,24.6640053491873,70.3667374541167
83a8eefffffffff,1,0,-17.470509319413,-51.6110674603604
