h3_id,events,fatalities,latitude,longitude
833f66fffffffff,944,23,38.1580043485812,26.4648351473641
835891fffffffff,48,11,6.1472838950441,2.67271515695609
835998fffffffff,473,851,11.1767345751854,-0.0610704943133484
83536efffffffff,1497,3,26.4119482932409,50.557042482566
838183fffffffff,1493,1283,-7.56053920202615,-34.9010431911911
83a90efffffffff,95,74,-29.4700273812885,-51.0222444613388
83a8e9fffffffff,4,5,-16.2218043685176,-53.5899704348449
83a855fffffffff,274,100,-19.9538720981177,-54.7368408165114
83a901fffffffff,294,170,-30.4203430898669,-51.0604393722019
83a80bfffffffff,36,24,-20.7388944911725,-51.7263719906128
83a81efffffffff,57,46,-22.0696054579241,-47.631543784758
83a8a0fffffffff,3543,1119,-23.2961145540865,-43.4635866691038
83a835fffffffff,92,64,-26.6779560028829,-48.8269054282439
838073fffffffff,60,57,-1.47521872391371,-47.0629466322158
83806afffffffff,242,256,-0.223164732502595,-51.0502998395458
838005fffffffff,278,205,-5.10034621808784,-43.0609072958014
83a895fffffffff,563,311,-20.6601024862827,-40.2488008908509
83585efffffffff,1758,3058,11.4505255128005,13.814126662765
8375a1fffffffff,14,1,7.36571421871346,-7.64294579955422
834432fffffffff,402,1,23.2276218034454,-82.7504772820609
8396eafffffffff,17,12,-6.790520212811,23.4501156875288
837adefffffffff,12,17,9.1319007361734,42.1214660801598
835299fffffffff,203,555,10.2342698745397,39.6824238430376
835282fffffffff,225,750,12.2243353073017,37.8675883894312
835285fffffffff,159,2,13.9507403631352,39.2717894857091
835896fffffffff,59,9,6.13799225467787,0.741418066002255
836d2bfffffffff,141,91,14.1334605230035,-91.5368443680887
8354eafffffffff,179,21,9.51464672759998,-13.2119620273351
834524fffffffff,80,37,14.2901193335548,-88.6297905071462
836725fffffffff,2549,4655,18.3224390621427,-72.0731285224925
832c9cfffffffff,239,39,30.8623939752099,48.3058685340872
832c9dfffffffff,376,1092,31.6120037009846,49.1508496967056
832cc2fffffffff,100,180,36.0428578580426,53.7255661325131
832cf3fffffffff,3092,12649,35.7661528301078,51.4205495379705
832d9dfffffffff,109,10,33.4787087696476,40.6269256857293
832ca6fffffffff,224,33,32.9957797486663,43.1669106900805
832c10fffffffff,1587,63,36.7454870852401,44.1161278312184
832c14fffffffff,800,57,37.0193857623043,42.8186589591306
832ca2fffffffff,469,45,32.7394954175073,44.4056630845282
832ca0fffffffff,692,93,33.810338225427,44.0244540836719
832db6fffffffff,12484,17701,31.4198480565833,34.1733371510577
832db0fffffffff,13075,382,32.3308958241917,34.9954410558007
836732fffffffff,402,284,17.6521580017774,-76.8175588970442
837a43fffffffff,45,24,1.36073146733172,37.1582607393954
837a6efffffffff,1096,185,-1.48970488474475,36.5339250710604
832da2fffffffff,716,169,34.3058884262694,35.3204882475875
832db1fffffffff,16541,3977,33.2306104868128,35.8286788597289
83a31efffffffff,2,1,-16.4892097635964,45.0537272800836
8397acfffffffff,13,7,-16.5281224180157,35.587716455296
8329a4fffffffff,1082,585,32.8261639605656,-117.235722064842
83481cfffffffff,64,36,26.190992425488,-106.972579609104
834812fffffffff,190,16,25.358178882153,-103.634429939143
834981fffffffff,530,341,20.4847422250053,-101.934960689216
83498cfffffffff,642,314,21.1629370007926,-102.950563397775
834986fffffffff,360,111,19.1220126289733,-99.94608321206
8349b3fffffffff,1093,622,18.4392161560395,-98.9733888391528
834994fffffffff,911,428,18.9002025320961,-97.8558960843835
834833fffffffff,553,239,23.1741548234678,-106.077623793162
83480afffffffff,153,122,27.4889150220481,-109.182401890198
836d24fffffffff,28,9,18.8209536571318,-92.6768766695309
836d20fffffffff,356,195,17.7025929504054,-92.8757055683499
835834fffffffff,45,116,15.8249975547917,2.88062664236431
835984fffffffff,110,507,14.6134616365211,-1.64322794043807
83bc89fffffffff,122,25,-26.4424991513525,32.7582847548024
83bcd6fffffffff,20,5,-25.4565220538796,32.161928184528
83581bfffffffff,230,238,10.5084930952154,7.80880933189861
8366a5fffffffff,294,6,9.07132322489829,-79.6976124083805
8352f4fffffffff,807,183,14.4315175183342,43.1843680100797
8352f1fffffffff,1792,894,13.3406577333644,44.5361224031114
8352f5fffffffff,2448,107,14.2979721423539,44.2222398187755
83521efffffffff,26,2,16.393737146786,42.5080237891387
83521bfffffffff,2363,366,15.2675041220627,43.9014739055223
8352f0fffffffff,1760,381,13.4682945441625,43.5116905379941
832db2fffffffff,4111,61,31.2535140399462,35.4981059096879
837a0bfffffffff,95,55,2.01778414433082,42.1325628521849
837af4fffffffff,128,77,4.56786724020299,44.7759823017973
837a1afffffffff,192,292,3.63635630797512,45.3116535209199
837a0dfffffffff,411,412,0.14945934269806,42.1354470792667
837a1efffffffff,585,1273,2.70017739722129,45.8487126063154
836a09fffffffff,46,75,6.39944835190337,30.0233137476531
836b6bfffffffff,213,310,14.471117386034,33.6899821594629
836b48fffffffff,17,36,12.5920067152479,33.4435361410874
836b6afffffffff,258,474,14.5616617516001,32.5424416911868
836b0afffffffff,555,857,12.1483585223381,24.7548782299698
836b0dfffffffff,94,424,14.0007392806464,26.0373025241398
836b09fffffffff,5,4,13.0175738916225,26.5572776446197
836b4bfffffffff,87,109,11.6237151699835,33.8808241759
8352b5fffffffff,57,15,15.1621933965439,36.663292389938
836b6efffffffff,883,1369,15.5618392607963,32.0782097881692
836b08fffffffff,700,6490,13.0716736986945,25.3911452934149
836a28fffffffff,169,542,9.18158450746249,28.5452803486089
83bcd4fffffffff,61,1,-26.4122502655001,31.4780367121628
832da8fffffffff,1003,515,36.9242120829548,37.9086669325879
832daefffffffff,1476,808,36.0654132497427,37.0347497666001
832dabfffffffff,517,130,36.700097878339,39.2699890054776
832d86fffffffff,406,705,33.0415036363987,37.161486000563
832d84fffffffff,1375,753,34.1181576004809,36.6729187222119
832d8cfffffffff,989,289,35.6285613282001,39.7341050150715
835f58fffffffff,316,183,10.2610918495225,-61.0861957882247
832d12fffffffff,293,1,37.3296380361171,35.1313027646562
831ec9fffffffff,1539,13,40.9365622339636,28.995716110326
832d33fffffffff,909,1,39.6169211848424,32.5803169625695
836aebfffffffff,20,8,1.60007411298689,32.6360764307656
836accfffffffff,150,39,0.67200382086203,32.0278617456019
832d61fffffffff,11511,4518,49.2555305914897,38.3598642611375
833cf1fffffffff,2260,131,23.8776661269195,90.1859295453066
833ce2fffffffff,226,25,24.953376707485,90.4907213822143
833cc2fffffffff,453,49,22.3514306953626,91.9625872059062
833cf0fffffffff,402,66,23.5439425710277,88.9958464082988
838c10fffffffff,1178,20,-6.63578006779904,106.882170844512
838c14fffffffff,215,13,-7.37042443286421,107.628712669431
833d30fffffffff,939,42,33.0157394533218,75.5131114313878
833cedfffffffff,448,4,26.9395492043747,94.4429646994101
8360a0fffffffff,179,2,15.8679999415553,77.8311988903123
8360b1fffffffff,224,1,18.0563321440009,78.2926809345318
836084fffffffff,169,2,17.6708879015402,77.2354701420665
833cb6fffffffff,32,9,20.6205434035379,79.8489491287866
836083fffffffff,43,3,19.0492880329246,75.5964627742792
833cf2fffffffff,926,28,22.4560731321947,88.6996426478033
833c10fffffffff,78,7,26.0551166692256,84.2696191088536
833c85fffffffff,64,1,22.1311626100461,84.3287332411464
83404dfffffffff,279,427,24.6208958382614,97.1144078737316
833ccafffffffff,2808,2728,22.1797598344554,95.2480626479206
83649dfffffffff,919,955,19.4663454448735,96.6744424053002
836489fffffffff,64,19,17.7505179577961,93.9741272311608
83406bfffffffff,201,95,23.8261263834624,97.9950350417065
833cd8fffffffff,183,134,20.78097525468,93.7284590661838
8364aefffffffff,316,436,15.5752397943832,97.7489801344494
83648efffffffff,840,1081,18.3545930774599,96.3500408180659
833cd9fffffffff,2292,2755,21.084659101988,94.9260078874347
836499fffffffff,192,320,20.2798343169659,95.8024490731519
83648afffffffff,466,606,19.1718044285583,95.4803248783142
836481fffffffff,674,497,17.5300421337177,97.2151196488044
836498fffffffff,201,285,20.5701881912225,97.0011399140697
832092fffffffff,235,232,33.8721730579233,69.5875179408168
8342e5fffffffff,1251,15,25.7538627562714,68.2827893674794
834254fffffffff,1441,48,27.8571922473968,68.30739360668
8342e1fffffffff,658,4,25.2108663534772,69.3327159583272
8342e0fffffffff,794,14,24.7229093938411,68.2710491819886
834255fffffffff,546,92,28.3659567300163,69.4205851637267
834256fffffffff,896,14,26.7987650457279,68.2948982929392
834252fffffffff,128,3,26.2489612964232,69.3610931316195
83424dfffffffff,665,23,31.4311858617282,74.1588503883305
83426dfffffffff,610,308,33.787814614632,71.9932532113486
834203fffffffff,120,109,25.7793690279035,64.0420381718038
83420efffffffff,144,180,26.3036755162933,65.0797426190924
83426cfffffffff,831,1443,33.273177507387,70.7625675152566
834262fffffffff,9,2,31.1086627543883,68.3473921019896
8311b2fffffffff,7909,674,51.5084374916182,33.9648591504919
831e4afffffffff,11852,42726,46.2618561890377,32.9111178884435
831196fffffffff,20654,3095,50.3995288310755,36.2072555629048
831192fffffffff,11122,3086,50.2670610266848,37.7611822006806
831e6dfffffffff,3598,571,50.5621513429605,34.6100648507459
831194fffffffff,8970,2466,51.3865248244573,35.5598236434354
831e4dfffffffff,8195,2004,47.8593886354812,34.8506220359012
832d66fffffffff,17453,8512,47.6442208996601,36.4346802673094
831e4efffffffff,932,52,47.2501620827552,32.2765385163077
831e48fffffffff,9484,478,47.0700645452444,33.8728331353762
8311b6fffffffff,2558,38,51.6921997252467,32.2686229712238
832d62fffffffff,506,226,47.4087852840715,37.9965548962273
832d60fffffffff,26426,42834,48.4001050711557,37.4336107914711
8311b0fffffffff,5587,130,52.4405332220546,33.3000019380914
834982fffffffff,186,103,20.2777539362589,-99.8007069392005
832c82fffffffff,251,60,31.1385409094151,47.1517173233054
835219fffffffff,621,189,16.1005948393914,44.6237858683205
835816fffffffff,200,390,12.1975021814944,3.36759883339363
831e65fffffffff,296,27,51.8518103533954,30.5540466544659
838af6fffffffff,465,272,-2.85131966969789,-59.8381166789514
838b84fffffffff,25,17,-13.2145508438674,-56.4484593068196
836b9afffffffff,207,54,4.14641804609272,18.160123273044
8366d5fffffffff,248,98,1.66893679069556,-77.4955215916663
831e80fffffffff,401,2,42.0507906848417,12.9752174751925
833c02fffffffff,965,56,27.4701413440287,85.7192328367814
833c1dfffffffff,196,9,27.1279279666781,87.8019393871662
8311b1fffffffff,530,20,53.3308137580081,34.1907355184888
832d44fffffffff,522,13,47.2111325081299,39.4934088586755
83119efffffffff,384,14,51.9934788768781,39.7534457325617
831186fffffffff,297,4,53.248412133407,35.8240989216204
831180fffffffff,503,6,54.1324463675335,36.8076641626047
832c72fffffffff,30,10,42.6997480665577,48.1562946972443
8311aafffffffff,589,30,55.9996376167097,37.1504135263079
831e63fffffffff,1008,358,50.1356739990866,30.2633367331158
832a10fffffffff,2117,6,40.8584161474227,-73.7819279919521
832aa8fffffffff,1125,6,38.9578632629783,-76.548273128603
8329a1fffffffff,525,1,34.5000949795328,-118.447630260789
833c96fffffffff,128,71,18.0957905159552,81.2987986682427
8360b6fffffffff,181,217,18.8201226329952,80.4509234847669
832aacfffffffff,252,2,39.8812237787808,-75.9124229882424
833d10fffffffff,547,2,30.6247289207832,77.5197422889023
833cc8fffffffff,520,667,23.2653713827892,95.5725087878273
831106fffffffff,216,5,59.7878487802,30.3093495395678
836adafffffffff,591,686,-3.11940308198841,29.5419195212537
8359b0fffffffff,228,424,14.4605265295036,-3.61160119187197
835999fffffffff,130,279,11.2180075642025,0.935318677124924
836b68fffffffff,201,215,15.4696723174626,33.2391553717163
8352e0fffffffff,331,159,14.9802944549125,45.9585048892244
833ceafffffffff,2630,74,24.8241017533882,93.7971741826234
831ea0fffffffff,307,1,44.8204907751958,12.0094745438462
835803fffffffff,268,605,13.2248859155793,7.0014126985862
835802fffffffff,546,690,13.1925990921998,5.91411597989481
83588afffffffff,108,48,6.14801295210066,5.6564832184888
832daafffffffff,974,674,35.8536249257961,38.3937635256028
836026fffffffff,587,7,8.54358330862808,77.2972892921473
837289fffffffff,15,6,-3.4949712212357,139.292048193522
838116fffffffff,1600,1309,-12.7908060616789,-38.0368664305846
83a8a3fffffffff,497,225,-22.2308958895257,-43.4377902751982
83a886fffffffff,52,34,-21.1931823515307,-41.3098321953695
8364abfffffffff,40,2,16.1108662284284,95.7081107267932
832093fffffffff,512,481,34.4008890576246,70.8198912011166
839513fffffffff,51,1,-8.44791147749307,118.574665100369
835883fffffffff,108,32,6.98726426624134,4.04490959538212
837520fffffffff,13,4,9.40081597201664,-1.71337124716151
83649bfffffffff,839,943,21.3795505473083,96.126915150624
832090fffffffff,568,485,35.0050330811622,69.6244689873407
833cf3fffffffff,510,65,22.7923655299812,89.8836784998225
8358aafffffffff,197,180,8.70413129029543,4.84660483861461
833cd4fffffffff,14,2,21.6982270411129,89.5839532201676
833ccbfffffffff,1406,1061,22.4701407234148,96.4537277040584
837a2bfffffffff,90,58,-0.822752781800761,42.6838748819102
836601fffffffff,316,176,8.33644684800851,-73.9294713661192
836ac3fffffffff,48,24,-0.206864408765764,30.265153919859
83426efffffffff,590,721,32.1554300843806,70.7071945962856
83529efffffffff,289,661,10.4156607267435,37.5659502297439
835298fffffffff,269,661,10.3262153667496,38.6300146677409
83529cfffffffff,230,605,11.2689362604154,38.2527041572849
835291fffffffff,339,931,11.3624311118495,37.1757102043483
8352e2fffffffff,673,349,14.16180983243,45.2449945393919
8352e6fffffffff,932,258,15.1252324061458,44.9377918752998
838006fffffffff,7,7,-5.13974708283294,-41.006683843161
83648bfffffffff,251,487,18.8691913231816,94.2890471391009
836ac2fffffffff,467,661,-0.148910546649483,29.1155877544739
831f8dfffffffff,245,2,48.4499272876683,11.7023987897212
83838efffffffff,243,102,-4.27589148170542,15.6533351921075
832c12fffffffff,410,92,35.6786642806902,44.5079323992709
834446fffffffff,145,14,30.0141699565604,-90.4982927987873
832986fffffffff,94,1,36.2794400908939,-114.820344987863
832da3fffffffff,1912,3389,35.1923940748185,36.1719660938873
833d91fffffffff,252,1,23.7172143123451,77.5499358142633
838110fffffffff,290,332,-12.2063584041272,-39.0624277571028
838f2bfffffffff,1656,1758,-2.65322376575747,-79.9494955239059
838f2efffffffff,1023,1129,-0.817750056768956,-80.7708262924972
8366d2fffffffff,320,305,0.77357015094046,-79.591253752694
838f0dfffffffff,754,726,-3.80911531006369,-80.0706562803015
83648cfffffffff,696,74,17.2357997110357,96.0279316144594
83544efffffffff,31,79,10.659399698135,-7.50461830583488
833cdefffffffff,756,361,20.4688929792372,92.5352956562185
837a1cfffffffff,1595,2001,1.82449357945742,45.3391308065097
833cdbfffffffff,631,1277,19.9808598845205,94.6063382905235
839caafffffffff,88,19,-9.18656036702427,146.665926155797
834505fffffffff,115,44,17.5256451568725,-87.9553005737113
8320e6fffffffff,187,5,43.3471590149433,76.9754243743618
838f28fffffffff,891,1044,-1.50356306307478,-79.8292138240877
836724fffffffff,369,872,18.9070670347186,-72.9392564404525
837a45fffffffff,509,101,-0.549952842366376,37.1210116920831
834802fffffffff,2033,1345,25.0126611750315,-107.059720964637
831189fffffffff,10,2,56.623164031535,41.9201916291605
8352c6fffffffff,573,42,12.3959404084287,44.8433226232859
835253fffffffff,185,46,15.4806392618263,48.6638430331648
83498efffffffff,754,535,21.6502946404467,-101.805118860073
837a19fffffffff,516,443,2.83751041351228,43.739367792135
831e72fffffffff,73,3,48.6843041285759,25.003679315755
838381fffffffff,4,10,-5.2885349080223,16.1062054048517
8358d1fffffffff,2041,520,6.12181198939476,9.77883172761953
8382d2fffffffff,844,486,4.40639994957301,9.79097389447782
8358dcfffffffff,1896,425,6.1100710652485,10.8316728501678
8382d3fffffffff,640,461,4.43114286232327,8.79700973130778
835818fffffffff,677,1265,11.4008838125191,7.18392230383002
83581cfffffffff,714,1361,12.2958384349369,6.55234191172485
8358ecfffffffff,160,510,10.5341028663743,12.1798564455773
835811fffffffff,328,840,12.2668001505934,5.47876679187938
8358edfffffffff,227,452,10.5310512710566,13.293064422868
83585cfffffffff,524,787,12.380687907488,14.3452450410046
83581dfffffffff,802,1201,12.3209238666293,7.63716931394427
835852fffffffff,115,234,11.4504292853698,11.5701834232966
835810fffffffff,64,92,12.2339667583921,4.41701152917549
83588bfffffffff,262,273,6.14448410015545,6.67261084766456
836a50fffffffff,119,79,5.40075568756831,31.6602107982541
834c8afffffffff,142,200,19.7771812604701,-72.8530486004281
836720fffffffff,44,26,18.0214704844554,-73.026078365819
836726fffffffff,91,63,18.6061460973568,-73.8970277374773
838035fffffffff,25,19,-7.49976375896496,-41.049135160656
83811afffffffff,149,134,-9.27902515736599,-40.0486370100096
8358a1fffffffff,96,321,10.4273274784247,3.60014434963268
83c2e3fffffffff,635,3,-34.5058116970331,-58.4333027031383
838b2cfffffffff,243,6,-17.0358417588092,-66.1078211713582
83a875fffffffff,74,43,-22.4896233537609,-55.8422316637474
83a88cfffffffff,227,182,-19.4838230710147,-44.4210814775155
838ba6fffffffff,164,99,-15.4333691428097,-56.5377985283777
838134fffffffff,30,38,-16.2111876258251,-40.1679319113679
83a810fffffffff,561,202,-23.7094931111902,-46.6334850322877
838132fffffffff,38,41,-14.510783184542,-39.098769035172
838185fffffffff,528,426,-9.31081244114708,-35.9374028611439
8381a8fffffffff,32,29,-9.30083958795309,-37.9879330744126
83806efffffffff,16,17,-1.38491487774384,-51.0868872912988
836a1cfffffffff,91,86,5.67283458331016,26.0522041082229
83b2c5fffffffff,438,13,-33.4238745019089,-70.3719040857451
834588fffffffff,14,5,22.7977641914378,-80.9573601615654
8396c1fffffffff,31,13,-5.82400302542821,24.1076166353498
836ad1fffffffff,1147,624,-1.0930058390078,28.4872559360777
836d64fffffffff,648,237,14.0204312755793,-86.8149401513646
832ca5fffffffff,123,33,34.8812012724448,43.6331328996997
832c80fffffffff,261,56,32.2009765108448,46.817660965491
837a4dfffffffff,491,125,0.55531710141737,34.3092485021489
83384bfffffffff,882,306,33.1766128748329,12.7850495732064
836d2afffffffff,129,62,14.8033213194568,-92.3925682347786
8348f4fffffffff,334,154,29.0513269904837,-105.584357116369
834995fffffffff,2946,952,19.5891700430902,-98.8207321908605
8349b5fffffffff,784,430,16.822587448677,-100.22942597181
8348a2fffffffff,998,636,25.6222386296487,-100.21934556865
836d32fffffffff,333,49,17.0749529290485,-97.0726268067433
83485bfffffffff,278,108,32.8596094092915,-114.86147740583
8348b3fffffffff,189,60,26.5224102569664,-97.8467633643087
836d34fffffffff,58,13,18.6582201622206,-95.7969250586906
834996fffffffff,1085,134,19.3524471733666,-96.7373375322754
835465fffffffff,50,208,14.7901156203895,-5.31186173757033
835461fffffffff,246,645,13.8256564474953,-5.62234548673825
8359a3fffffffff,32,45,15.5389244948238,-1.29382898424778
833822fffffffff,83,1,35.3881237646722,-2.16274192654654
8358f2fffffffff,102,194,7.85557669489856,7.53233604997648
835888fffffffff,149,79,6.99347461688677,6.06984235789582
834ceefffffffff,252,127,18.6946062416156,-65.8124194112453
83bcc4fffffffff,24,1,-28.2405426117923,28.7964617299811
837a1dfffffffff,766,761,1.88898260149603,44.2803499364375
836a70fffffffff,55,132,8.13389515935562,31.2245637121696
836b56fffffffff,24,56,12.0434383104688,27.0678916742035
836b76fffffffff,37,336,14.9347543855855,26.6934141079245
836b5efffffffff,189,440,10.9566810257915,29.8426840316329
836b55fffffffff,274,621,12.8943891746376,28.8773593227188
832d8afffffffff,487,143,34.3172234686331,41.4864463767251
832d81fffffffff,189,98,34.7798627130274,38.8664761042626
832c32fffffffff,621,75,37.2816699320247,41.4984895843658
832d8dfffffffff,1147,281,36.462702371478,40.6115267296253
832d85fffffffff,209,183,34.9927448564134,37.5280061972613
832d8efffffffff,883,265,34.5544472864756,40.1862837451585
832c11fffffffff,252,393,37.5239908068551,45.0087520219524
832da1fffffffff,200,20,36.2632179351799,35.6582306883501
832c36fffffffff,518,11,37.5315131677642,40.156456453471
836ac8fffffffff,26,4,-0.322382758412096,32.5619974469873
835f4cfffffffff,52,7,8.58859693001409,-63.8080054470731
833cf4fffffffff,410,29,24.2830996164986,88.1067343361161
833968fffffffff,546,1,43.2123871474538,5.34791650635512
83650cfffffffff,41,1,3.44626012015825,99.6757139796551
838d8cfffffffff,480,4,-7.49440015284899,110.469678616319
833d34fffffffff,1167,219,33.6570680872705,74.3900337918587
834249fffffffff,1130,19,30.8055201336783,75.2471247055081
833d16fffffffff,658,2,30.1756561562345,76.3132429470054
833ceefffffffff,208,9,25.5862709503254,92.9038553453416
836014fffffffff,509,1,12.5764530091119,77.155595002548
833da2fffffffff,190,1,26.9719972652893,75.8994592224022
833c13fffffffff,245,17,25.3621931409143,85.1553421917004
833d96fffffffff,246,3,22.8837260792277,75.4043377615054
833dacfffffffff,287,7,28.9071163573596,78.3788882368884
833c1bfffffffff,235,22,25.3548786329265,88.4018284483602
836488fffffffff,803,793,18.0563104478602,95.1605374466725
83648dfffffffff,424,131,16.9342358508469,94.8430811504512
836416fffffffff,326,272,12.7637360202012,99.1218604756302
832099fffffffff,65,7,35.9206507429362,74.6377916614718
831e5dfffffffff,1713,150,46.4281944224111,31.3236295101501
832d65fffffffff,1561,950,49.4037661971087,36.8314898447728
831e41fffffffff,165,10,48.2256948345842,31.6241090236565
831e69fffffffff,347,63,49.6022646370429,35.2363210370664
831e4cfffffffff,267,130,48.0534633281194,33.2463744073336
831e6afffffffff,324,7,49.0239947153903,32.6018932336422
832d64fffffffff,1253,381,48.6294016986407,35.8443072078144
837a6bfffffffff,644,164,-0.436922837714521,34.849674331639
837a4efffffffff,84,43,1.4210765067363,36.034235932367
834340fffffffff,149,83,33.8453964536677,62.4009597511592
832091fffffffff,46,29,35.5378102916316,70.8792704683706
83390cfffffffff,534,1,40.0425203619321,-3.93910103949518
835290fffffffff,62,215,11.4528569205175,36.0876419199218
839505fffffffff,46,1,-4.47032157656508,119.948558312543
83201afffffffff,111,1,42.3753749769095,74.0470957167713
8375a3fffffffff,18,7,7.03197580729024,-8.59373914544488
833c1cfffffffff,359,4,26.779021589758,86.6137118613913
833c11fffffffff,379,7,26.421229741816,85.4359909091411
832d51fffffffff,68,7,44.9172520502037,41.9872708894689
832c29fffffffff,101,6,43.3238937450032,45.306961966223
831e1bfffffffff,1795,1,45.1105222823254,19.9093438968245
8342cefffffffff,111,6,22.5617962392001,72.3140522624345
833da9fffffffff,201,2,28.6846525839835,80.560468776337
832d83fffffffff,33,44,33.7038931166262,39.3272109647307
8354adfffffffff,53,5,14.5318259512475,-16.8237590802385
833cf5fffffffff,343,41,24.6226713320327,89.2945967382498
8358f5fffffffff,485,729,9.61940560016374,8.42696254780988
83a226fffffffff,20,17,-17.363447456211,47.8928779456664
834270fffffffff,566,651,29.4849055375868,67.202876304672
834530fffffffff,93,34,15.462342525107,-85.5689121219561
8352e3fffffffff,353,131,14.0233028728318,46.252322689093
835835fffffffff,18,60,15.885926036889,3.9601585954675
835830fffffffff,87,86,14.9360179717186,3.53946094246199
83608bfffffffff,432,1,18.9119027282873,72.7701854636612
838008fffffffff,113,62,-2.12796578296017,-44.0221147645604
833cdafffffffff,567,659,19.6736412244822,93.4138375396478
834985fffffffff,795,394,19.3220204677354,-102.062524916184
836a72fffffffff,58,126,7.27223937043327,30.6263615444489
836a0dfffffffff,125,319,7.32840053697253,29.5123794461743
8339aafffffffff,386,2,33.3105444475032,-7.66600131315196
837a4cfffffffff,275,39,0.496888872215122,35.4449234615643
833cc6fffffffff,594,49,23.1203933184209,91.0754001512599
833cadfffffffff,81,5,24.6554179269698,86.0416299697701
839792fffffffff,38,21,-10.5417601657443,40.4287914403906
83661dfffffffff,275,153,6.88697731458106,-75.02847951624
83660efffffffff,185,103,7.29002896165714,-74.0234737449485
83611bfffffffff,171,2,8.88203926951435,78.3240688649271
834815fffffffff,94,17,24.3517113056475,-105.982640426328
832ca1fffffffff,213,52,34.6106056411861,44.8893920852617
834806fffffffff,155,65,23.8337791117563,-107.145241626639
836412fffffffff,666,758,13.6067936678966,98.2760610168885
8366f3fffffffff,167,65,2.78337678938287,-77.3861326038096
838f2dfffffffff,186,109,-1.04444804981102,-78.769768086125
835986fffffffff,297,807,13.7003079181114,-1.98491691752503
837530fffffffff,57,144,10.1313900300409,-4.20600987458501
8345b2fffffffff,190,133,18.228885597161,-77.7001324282382
835851fffffffff,236,586,12.3821283031512,13.2072019695864
832c1cfffffffff,291,761,38.2755524634615,45.9218707520936
836adcfffffffff,503,1196,-1.15141630766973,29.6412825905062
834200fffffffff,696,442,26.2836286530818,62.954274989659
836adefffffffff,1336,2415,-2.10276771534946,29.0124098722221
8358a9fffffffff,70,87,9.59799923921814,6.30494431793685
835806fffffffff,90,195,14.0903924340626,5.26929993944143
835855fffffffff,156,399,13.3180959637365,12.5921552634115
8358adfffffffff,106,286,10.4743856949047,5.68182570929688
83581efffffffff,120,331,11.378876460132,6.11255787536266
836b00fffffffff,92,310,14.142731049589,22.4989971367049
8381aafffffffff,120,109,-8.72231985632094,-36.953828653984
83521cfffffffff,1152,132,17.2414824658111,43.2384520488458
835218fffffffff,939,106,16.2488302218442,43.57361651425
835982fffffffff,116,156,12.8601764256669,-1.33906939968697
83599dfffffffff,250,638,12.0680274055167,0.297966217640286
835468fffffffff,43,59,12.2513780442864,-5.23604431070308
83a8a2fffffffff,450,160,-22.7888120428778,-42.3970748978423
838b8dfffffffff,14,9,-10.2035178900718,-59.2123755318875
838046fffffffff,228,191,-0.867780684560189,-48.0591747138578
83a841fffffffff,32,13,-19.1314558504291,-57.6723163643849
838010fffffffff,206,142,-3.99272445564375,-38.9371206469577
83a89dfffffffff,60,49,-18.4283274769165,-42.3015388094098
83a829fffffffff,36,12,-23.7221769720358,-53.8798148678383
8381a1fffffffff,136,114,-11.0558785153548,-36.982872053298
838133fffffffff,28,53,-13.9284982596743,-40.1279017746504
838a23fffffffff,118,78,-9.31378237314311,-63.7954166350101
83a88bfffffffff,12,5,-17.2589473266933,-44.3667483015804
836adbfffffffff,108,24,-3.17740756082611,30.7053401186468
83b2d8fffffffff,135,1,-36.3243305972692,-72.8237759000871
835283fffffffff,222,729,12.1237362770921,38.946076547009
834520fffffffff,447,230,15.3643069288787,-88.4082839242935
832ccafffffffff,108,56,36.9411292088396,57.1894172735479
832cf0fffffffff,248,35,36.1528294301496,50.1419894457501
832ca3fffffffff,55,24,33.5421962124564,45.2608787424201
833e68fffffffff,102,4,29.2658769021932,35.1795745760935
832db3fffffffff,1243,981,32.1533165888364,36.3245119348493
837b59fffffffff,263,29,-3.58798075263022,39.9043387341323
833fa4fffffffff,22,9,32.1377044088841,12.1638616501255
834859fffffffff,102,62,32.2731616233253,-116.052017742711
83482afffffffff,105,14,24.5881886439101,-110.470845458493
836d25fffffffff,98,18,18.1209857533066,-91.7900959263077
836d2efffffffff,48,27,15.9045369023103,-92.1948817634836
8349aafffffffff,242,134,19.9957772851148,-103.069999658153
835913fffffffff,34,208,17.5134518249663,0.479258595634698
835548fffffffff,20,40,16.7457270035401,-4.67313014620565
833982fffffffff,215,4,30.79758294633,-9.63074691165615
839712fffffffff,4,3,-17.5498772536111,36.1703532559826
83588dfffffffff,147,124,7.8524848261772,6.49154416892033
83580bfffffffff,19,27,12.3586436592037,9.83809075478933
8358d6fffffffff,156,132,6.13897435127196,7.69873021363601
835881fffffffff,134,48,7.83891408089579,4.44167372110708
838a69fffffffff,4,1,-2.8402938103835,-72.9352005424512
838f09fffffffff,176,3,-4.97032507165653,-80.1927046696764
83521afffffffff,204,118,15.4068147397416,42.8498837864038
83521dfffffffff,631,133,17.0874550790087,44.3027674909208
83520afffffffff,91,73,16.9300496667242,45.3511287572751
83ad36fffffffff,427,60,-33.8362149144907,18.4940654868138
83bcd1fffffffff,11,3,-25.3720273701176,29.6096356390986
83bc1bfffffffff,241,4,-30.2224194840857,31.2884592538512
83bce9fffffffff,100,1,-28.9060940183206,24.2042035934233
837af5fffffffff,30,36,4.64415239066625,43.7241439810369
833f64fffffffff,323,8,39.0976787374814,27.2928035660845
833f62fffffffff,132,4,37.1220875183971,27.110184029518
836aeefffffffff,88,31,2.63729895269236,30.9711161410152
83675afffffffff,123,5,8.83568036215183,-70.0957400565842
836743fffffffff,231,106,10.5582181534261,-68.1232192002831
836741fffffffff,620,117,10.9023480532855,-67.1924162326266
833cd1fffffffff,132,81,21.2542167652908,91.6538177114225
831942fffffffff,116,3,53.5885362778078,-1.43664271726686
838cadfffffffff,86,3,-5.13508028949018,105.367153512008
833da5fffffffff,286,4,29.0956617822849,76.1708862529495
833d32fffffffff,1150,18,31.9054105528324,75.377884311945
833d13fffffffff,112,3,29.9796396126784,78.5561764004636
833cccfffffffff,210,99,24.0502539025108,94.6868600335475
833cc4fffffffff,800,59,24.2025741359538,91.3835071075332
8360a2fffffffff,928,2,16.9633363207937,78.060815164124
836034fffffffff,375,5,9.98308533982208,78.5514906614209
836036fffffffff,405,1,11.0869662669096,78.7810805030858
833cacfffffffff,102,22,24.2936956095714,84.8772645171722
833cb3fffffffff,70,41,20.2942935383082,81.8055855244235
833d98fffffffff,78,5,23.4573962923595,79.4866520331154
833c19fffffffff,558,16,26.4165349502953,88.6995043244351
833c16fffffffff,211,4,25.6812658844175,83.1153853072515
833da3fffffffff,90,8,27.4133024809061,77.0471994982171
833d8dfffffffff,349,2,26.9956999284516,81.311908688524
833cb4fffffffff,30,5,21.7034793413216,80.0946425668843
833cb2fffffffff,84,70,19.9152179341375,80.6987232414247
833ce1fffffffff,703,6,26.3361622052061,92.0073179976467
833cc3fffffffff,312,304,22.665289651816,93.1613091794209
836485fffffffff,1091,740,16.6989960730141,98.0752072564672
833ccefffffffff,456,528,22.9700693202088,94.3649622242802
834048fffffffff,149,37,25.6796453209058,97.4482818837817
834269fffffffff,540,90,33.1668521963148,73.144203339158
8342e4fffffffff,1421,85,25.2548465884845,67.2218248581741
836851fffffffff,129,105,7.15902811877224,123.926691631006
836855fffffffff,18,13,8.01812416547622,123.201409767528
831e62fffffffff,116,10,50.2664125583855,28.573599256545
832d28fffffffff,196,41,44.2499053746976,34.1290043829618
8366d0fffffffff,180,97,1.22291150655029,-78.5401595994371
831ef0fffffffff,200,1,43.2207163912571,19.8783393025324
836505fffffffff,288,2,2.91072706764267,101.621067906739
833c15fffffffff,249,4,27.1061312798817,84.5460389656879
83685efffffffff,79,62,6.29224130270912,124.654741856503
83119cfffffffff,162,2,53.0107685345876,39.141884338366
832d48fffffffff,219,7,48.4318635333563,44.570277032788
8361adfffffffff,281,3,9.56180724631455,80.418887719433
830886fffffffff,412,1,59.4265732352134,17.2745082563253
832a30fffffffff,887,1,42.7272079019614,-70.7910588522891
832184fffffffff,3,1,42.3642107738482,60.2821894907811
831190fffffffff,257,4,51.2702964408399,37.139780728269
834274fffffffff,195,268,30.0338133735312,66.068798318384
831ef5fffffffff,762,1,44.1686944119684,20.6841003474829
835996fffffffff,21,56,11.8550893329901,-3.59820311513394
83435bfffffffff,112,120,31.127867843122,66.0446572236107
833d14fffffffff,825,6,31.2669753090789,76.4603198493946
839786fffffffff,28,21,-13.5360312702101,38.646271082944
835814fffffffff,76,244,13.1156942295161,3.77544467791593
836394fffffffff,741,1319,10.8650486849424,49.911992772582
836b1afffffffff,107,133,10.3615052635587,22.3690230661071
83598cfffffffff,173,658,13.8891722745058,1.03984480334776
836a2bfffffffff,214,651,8.24970078123209,29.0201596096018
836a73fffffffff,70,211,7.21338182646339,31.7396432498139
834522fffffffff,110,70,15.7582805726506,-87.3751520448546
8366e6fffffffff,231,37,4.74089808897399,-75.2268183621572
8349a8fffffffff,363,308,19.4987925580348,-104.199849088416
838d89fffffffff,180,2,-7.07257109532946,108.691188030563
835815fffffffff,212,335,13.1561422681752,4.83860846452893
83581afffffffff,138,438,10.493121195508,6.73992346162858
8358f4fffffffff,212,283,9.61026787386677,7.36081263399915
831e49fffffffff,387,166,46.8688923262572,35.4506888784833
838180fffffffff,402,381,-8.72859731558392,-34.9120470956607
832c86fffffffff,155,34,31.4078318834536,45.9753419219684
837a71fffffffff,52,13,-0.660973545131733,39.3691428975799
835882fffffffff,167,86,6.98104103246042,3.04926048255954
8366d3fffffffff,486,166,0.0934056449374666,-78.6545447748787
838f2afffffffff,239,267,-1.96444728185077,-80.894386899527
833cc5fffffffff,501,10,24.5181983513217,92.5875946871231
8361abfffffffff,242,1,11.4379673938023,79.8346716657484
831e71fffffffff,131,8,49.4450156833277,27.6134624166844
839500fffffffff,273,5,-5.48121913613567,119.601441022169
833ce0fffffffff,288,1,26.0187854275704,90.7980687145951
83651efffffffff,86,23,7.11681642325176,101.786353225682
836d35fffffffff,216,124,17.9655557808472,-94.8724213848744
834983fffffffff,555,421,20.9650900068674,-100.795592684775
833c18fffffffff,141,13,26.0738062601946,87.5080555549593
834215fffffffff,151,64,24.7255508559673,62.0248412298997
834240fffffffff,150,49,29.9526243845428,70.6019162261033
83b2c4fffffffff,264,1,-32.9491405579902,-71.3924214069168
8358c3fffffffff,62,5,6.96945675210308,11.3054135210271
835842fffffffff,203,1440,13.3221099476184,13.7360411738793
8358acfffffffff,90,163,10.4524111151051,4.63506400127856
835850fffffffff,44,160,12.3788690339286,12.0761283754554
83661bfffffffff,250,150,5.40317358001455,-76.1446562620934
835980fffffffff,170,462,13.7664522158431,-0.991416244319722
835983fffffffff,252,534,12.9177413275034,-0.344314054791441
838ba5fffffffff,16,11,-15.2597983307584,-58.4740852623736
83a91bfffffffff,93,83,-27.6759599130876,-48.8615842519818
838171fffffffff,57,44,-10.2389289031342,-48.3198723778598
8381aefffffffff,153,114,-9.89129579420221,-36.9683261238506
835858fffffffff,128,114,11.4440848941035,14.9461272682175
83585dfffffffff,107,46,12.3744676191648,15.4894165971523
836ae0fffffffff,8,13,3.66380575470764,29.3170939398181
837574fffffffff,15,5,5.32721160313673,0.39636235146006
836d29fffffffff,1310,1032,14.5516122036228,-90.4897853565809
834c8bfffffffff,394,781,19.199397404954,-71.9900843047068
832caafffffffff,343,705,34.0419237212272,47.3330001892956
832c8dfffffffff,236,870,34.3863981193699,49.4786867152399
834326fffffffff,112,5,30.8369926248118,51.5175567541363
834324fffffffff,214,73,31.8847400738548,51.2596753828135
832cf4fffffffff,157,244,36.523280689272,48.8598505081972
832c1bfffffffff,28,3,37.5993751028978,48.5348228447709
832caefffffffff,81,104,34.3305839341842,46.1228466570439
83430cfffffffff,141,386,30.8074756949736,57.0130853573791
832db5fffffffff,158,1,33.4066766722543,34.4804641085193
837a63fffffffff,177,33,-1.5434641126243,37.6689364387156
83a2a0fffffffff,15,34,-24.2512407598213,45.1678732304984
83485dfffffffff,48,18,31.1180636980884,-116.053272806845
834884fffffffff,24,19,26.7849549325877,-100.06865446828
83480bfffffffff,32,28,28.1233187340521,-110.30424793277
834856fffffffff,364,129,28.7469099268707,-111.436458036557
83499bfffffffff,109,12,23.7576776694467,-99.3489867457966
83546cfffffffff,62,111,13.1940335891824,-4.92829564901914
8397b1fffffffff,25,15,-14.5505060145847,39.2260756355536
839796fffffffff,51,56,-11.550513553889,41.0024030771653
8358d2fffffffff,80,42,5.29007120056301,8.29305380126203
8382dafffffffff,173,195,5.3005472635425,7.26941627983859
83b335fffffffff,225,1,-16.282757500574,-71.0033930323942
838e63fffffffff,38,2,-13.0589269455969,-75.841450567226
838a6dfffffffff,253,1,-3.97981958862368,-73.0284721112901
837a0afffffffff,107,96,1.95343869701834,43.2112924679896
8352b0fffffffff,27,1,14.2757765432587,35.9560599386742
836b6dfffffffff,9,10,16.378696267245,33.9445059955112
832d88fffffffff,309,145,35.3909600825145,41.0547207338068
8352edfffffffff,269,13,14.5323397825994,48.924418652143
831e60fffffffff,16,9,51.0688292080969,29.5537798400436
833cd5fffffffff,160,16,22.0289231207274,90.7698081349904
833ce3fffffffff,319,24,25.2747287679249,91.6941421377184
833daefffffffff,239,5,27.8462723601927,78.2071366704794
833da1fffffffff,1303,41,28.4718785149701,77.1997243862509
833d89fffffffff,112,4,26.3539037168617,82.236518855491
833ca5fffffffff,29,1,24.6194597629047,82.8484328316279
833ca1fffffffff,51,5,23.9247348707302,83.7244724867628
833d36fffffffff,1418,26,32.5390409601437,74.2724755040411
8360a8fffffffff,374,2,15.8156456293518,74.9552835340991
833da0fffffffff,80,1,28.0275916424222,76.0330278002152
834049fffffffff,680,677,25.4051716662105,96.2285974465571
83649efffffffff,18,15,20.8515779686165,98.2013673731163
83424cfffffffff,374,11,30.9470982163325,72.9560464580798
83420afffffffff,16,30,25.7820109327732,66.1579099670806
831ec1fffffffff,159,1,42.1398980549084,25.2746053671714
83661afffffffff,85,55,6.06278695691352,-77.0627144378561
8366c6fffffffff,425,174,2.11118892609057,-76.4579681363224
831faefffffffff,211,2,49.9021297849581,8.25391632982683
838c16fffffffff,84,4,-6.33930758123275,107.952275836679
833c06fffffffff,172,3,28.1458779714194,84.8219953762436
839c9dfffffffff,34,19,-6.23558402300038,146.785436743522
831132fffffffff,43,3,57.9472253887422,28.5329499340146
836a24fffffffff,35,60,11.1849589745331,25.2783109792183
8344aefffffffff,104,1,26.9290108857296,-79.8058698782933
832681fffffffff,78,2,39.9398224160421,-105.781758928873
832af6fffffffff,94,2,37.2114062829409,-76.3904989992439
8320a1fffffffff,22,5,40.7850262236094,69.8308737323846
835f5bfffffffff,26,10,11.3012215331739,-61.0380398551974
83529dfffffffff,142,404,11.1725738271772,39.318042930496
8352e1fffffffff,198,63,14.8329794854068,46.9633296781747
836618fffffffff,279,111,6.47779327202303,-76.0417394686584
83a95bfffffffff,12,2,-23.5196162980552,-55.8866951360825
835549fffffffff,99,181,16.0776743210707,-3.97041641743577
836b5bfffffffff,48,25,9.93850318711612,31.4279073126161
8330c0fffffffff,210,1,35.2731180719572,127.68057349743
836b96fffffffff,65,63,6.04126809490133,15.1135274681476
836a62fffffffff,141,363,8.93245839120339,32.9734198984804
8366c2fffffffff,75,26,0.993336596373112,-76.5639517533127
833c5afffffffff,322,16,27.2247829204293,95.6672250640014
83649afffffffff,62,67,21.6652884229891,97.330136335385
83209bfffffffff,301,16,34.784531058067,74.5117320274747
833c8efffffffff,365,15,20.661982292911,86.0771964307818
836ac5fffffffff,585,1141,1.71696379640795,30.3576047804817
835853fffffffff,251,1059,11.4526149494584,12.6885432534868
8358d3fffffffff,473,209,5.2778013052971,9.32570722719346
834988fffffffff,320,111,22.3324693751079,-102.828970541564
8359a5fffffffff,21,50,17.3330956022911,-1.60536734604991
836bb3fffffffff,26,20,7.78272243956371,16.161224815386
834069fffffffff,249,68,22.750852040951,97.6614340961251
83589cfffffffff,154,101,6.14935248335665,3.65610477442716
838181fffffffff,274,278,-8.1419885903012,-35.9246574410355
834534fffffffff,71,46,14.4083121955942,-85.8071737101214
83598efffffffff,66,702,12.9722699473818,0.664861396975534
83b32cfffffffff,133,5,-17.5673389521625,-67.114025584306
83a891fffffffff,81,52,-19.5642269822105,-40.2284817207908
83a881fffffffff,480,254,-20.0625497365575,-43.3864543601903
83814afffffffff,37,36,-5.49772174869607,-50.2117331262082
838066fffffffff,22,20,-3.77234567407072,-49.1514558384676
838159fffffffff,92,84,-4.94436659122611,-49.185455243592
83802dfffffffff,10,4,-5.6182155343354,-46.1499021649507
83a8f4fffffffff,13,4,-19.9084822942167,-47.5667316829986
83a8a1fffffffff,363,178,-22.7345764556896,-44.5032566044218
83a811fffffffff,128,66,-23.1314019603435,-47.664107621116
83585afffffffff,115,50,10.5240597716702,14.4129556533949
837519fffffffff,101,5,5.30296316667727,-4.1534912018243
836b89fffffffff,26,5,6.73205496743214,22.2370989507728
83662bfffffffff,371,108,8.07663294555437,-72.0402351957581
836622fffffffff,389,161,11.0251684278692,-74.6403956253228
83660cfffffffff,187,52,7.68666570115707,-73.0272322758329
836d69fffffffff,154,4,10.1382742660828,-84.4904594947654
837acbfffffffff,55,128,8.56561345573009,38.384784233704
8382f0fffffffff,53,1,0.838305004172417,9.32697466392548
83752afffffffff,101,41,6.92188084702132,-1.74592127085766
836d28fffffffff,133,31,15.2255359600739,-91.3343683104327
834325fffffffff,387,1973,32.5406032914402,52.2096960416138
832cf5fffffffff,363,1040,37.2353890492856,49.8389055552334
832c83fffffffff,174,420,31.9202112654579,47.9899905002609
832cc3fffffffff,194,416,36.720732411464,54.7867273520256
834334fffffffff,269,13,29.1688747032372,50.8646022670364
832ca8fffffffff,185,36,35.1041601349246,46.9912524554616
832c19fffffffff,111,494,38.679465654899,48.1987057440065
83432efffffffff,133,190,31.6994927610503,54.6256434870907
832c91fffffffff,577,27,30.078798647488,47.4772939047791
83a31dfffffffff,32,5,-15.4614175248345,46.731432428198
83a231fffffffff,138,13,-19.2924190693755,47.944103629531
83485cfffffffff,11,8,30.5451541658424,-114.887542486534
835470fffffffff,30,89,14.4388730611442,-9.13083900352757
8397aefffffffff,8,6,-15.5251020975312,36.2185290999189
838f53fffffffff,71,2,-7.99823946224037,-79.4791804843443
839719fffffffff,42,6,-17.4232310649802,31.264792325134
83bcf5fffffffff,199,20,-29.2642454298943,30.6868778147956
83bc73fffffffff,118,12,-33.6453564108135,25.7785687736698
83bcdcfffffffff,193,9,-25.313178610794,28.3329895730415
837aa8fffffffff,128,117,4.4130671531915,46.848230404586
8352dbfffffffff,82,143,8.75837154421644,46.2488720122395
836a5efffffffff,97,129,4.38846833646723,33.3066681716466
836a2efffffffff,23,24,9.23612835476754,27.4237702827483
836b4dfffffffff,25,67,13.4829365827832,34.1317747154525
833ef1fffffffff,42,56,21.9578423992479,25.3179783475361
836a35fffffffff,11,7,9.37954553659924,24.0376715929822
835393fffffffff,66,25,17.3946351067386,33.4888525320349
832c0efffffffff,177,5,40.0932664733791,46.4994763664072
831fb4fffffffff,883,5,49.2005375521153,2.00250380593691
833caefffffffff,94,17,23.2164393361335,84.6017356380324
836088fffffffff,192,4,18.252309811642,73.5641534333572
833cc1fffffffff,181,152,23.7497709932899,93.4780054445236
834209fffffffff,86,3,27.3433616546549,67.2126503631983
83209afffffffff,247,86,34.2919033229543,73.243228075111
835895fffffffff,16,5,6.97284064789447,2.06536844521351
8366c5fffffffff,23,9,1.87829916182062,-74.5040346895461
83436afffffffff,12,12,35.5710169671369,63.4843937417029
83be0efffffffff,193,16,-33.7938887583725,151.818432319702
8366cdfffffffff,13,14,-0.581330974655071,-72.7507752680724
8366d4fffffffff,47,10,2.34328006376203,-78.4266043499409
833f5bfffffffff,22,2,30.8877695504304,29.3340782445566
833c31fffffffff,119,3,28.8132720734415,83.8989605963261
830999fffffffff,242,1,59.7920758902288,10.3564625359925
836102fffffffff,107,1,6.56845221545634,80.7594385580593
832a34fffffffff,207,1,43.6528813896872,-69.9850434464306
8326cbfffffffff,159,3,32.2383657645768,-96.9508322484597
83a831fffffffff,151,107,-25.6654720949712,-48.792338545732
836080fffffffff,48,6,18.3663163328306,76.4139162413926
834206fffffffff,207,164,25.7464569146505,61.9408358090272
836b11fffffffff,10,15,12.2699739663957,21.2709788259634
836b06fffffffff,19,12,14.1786061611346,21.3174223847719
833ce5fffffffff,65,2,27.0732226499221,91.1079859058077
836006fffffffff,194,1,11.1247207489799,75.9174781347429
8360b0fffffffff,414,2,18.4395944176822,79.3646502765067
836a71fffffffff,161,422,8.07348099014752,32.3328429314099
836a0efffffffff,31,62,6.50729606773056,27.7872560386237
8382defffffffff,23,6,4.45425844917512,7.81604277005725
836ac0fffffffff,505,1008,0.787993290333768,29.7390673482005
836b0cfffffffff,162,566,14.0537272258315,24.8599360428761
837a48fffffffff,167,29,1.48113206780829,34.905294235005
836b90fffffffff,54,239,6.01850328560475,16.1981656469886
832c8efffffffff,93,45,32.6519149590486,48.8552788818715
836a6efffffffff,27,80,8.79106406322136,35.1421181529142
836b95fffffffff,34,40,6.88386598608399,16.7280557820423
835856fffffffff,26,16,12.3710047787973,10.9528332858369
8358e8fffffffff,31,53,9.62277259908725,12.7818591781455
836d21fffffffff,69,17,17.0107040926667,-91.9940807071272
836672fffffffff,151,83,6.37992985204246,-71.2284649171596
83b243fffffffff,177,2,-31.2140557806543,-64.0391353903874
83b321fffffffff,591,1,-16.9773160552829,-68.0577923029593
838b22fffffffff,321,6,-17.6348499061363,-63.283975234246
83a8edfffffffff,12,7,-17.3258429696895,-53.6310000605863
838b8cfffffffff,4,3,-10.8323976805027,-58.286547413813
838023fffffffff,36,32,-6.28104220085348,-43.0854598262675
838011fffffffff,41,47,-3.38600988158449,-39.9510210650068
838199fffffffff,97,26,-5.21806946998662,-34.8791449308444
83804cfffffffff,18,18,0.935236307581469,-51.013823648554
83a812fffffffff,127,85,-23.2275682440852,-45.5687336621498
836ad8fffffffff,54,15,-2.16118735793333,30.1712134943315
83ce8cfffffffff,89,2,-39.9504476402779,-73.2595664789896
836631fffffffff,246,61,10.6480251044966,-75.6374736755807
836752fffffffff,260,83,11.1241494063955,-71.7844850630031
83821bfffffffff,13,1,-0.984818166262672,9.09045114401913
837576fffffffff,174,19,5.32495062603078,-0.539057422857401
834526fffffffff,108,75,14.689041920639,-87.603606689068
834c88fffffffff,121,50,20.0609524413358,-71.9076287709925
832c85fffffffff,191,62,33.2652730986201,46.4748127957963
834331fffffffff,327,1961,29.3893959127985,52.9266635623201
832cabfffffffff,219,45,34.7529332231812,48.235758063397
832ca9fffffffff,39,2,35.8125662069978,47.9109236389273
834316fffffffff,119,2,26.3297316314674,53.5807250236425
832c13fffffffff,198,65,36.4608099689307,45.3901809800559
832cacfffffffff,386,102,35.396051294762,45.7614215665979
837a40fffffffff,324,99,0.380212476828773,37.7018904579284
833fa5fffffffff,54,14,32.2042980736491,13.5216472899314
83a234fffffffff,25,16,-18.4071383791263,46.2264192358953
8397a8fffffffff,68,21,-15.5004722615697,35.0088127270815
8397aafffffffff,12,3,-14.4978457657386,35.6407210631166
834980fffffffff,706,365,19.8041415490767,-100.933363423362
8349b0fffffffff,657,211,17.293389151461,-99.1234628823851
8359b2fffffffff,163,368,13.5113375102847,-3.93343629104806
8397b3fffffffff,109,161,-13.5479070434836,39.825405750749
8382dbfffffffff,157,113,5.30926663119183,6.2553216891011
835988fffffffff,123,191,13.0235674140764,1.68813319375243
838f5efffffffff,135,5,-8.68816715719776,-78.5172254292773
838e62fffffffff,451,23,-12.3892168988606,-76.8125362431157
834cc5fffffffff,166,116,18.2573863216157,-66.6805136238022
83bcc3fffffffff,606,43,-26.2526678967642,27.6317479939064
83bc09fffffffff,81,10,-32.8610720426598,27.8331110116664
8352c9fffffffff,400,449,10.9870955702255,48.988872335111
837a18fffffffff,144,195,2.76897528418109,44.7992777255503
837ae6fffffffff,132,121,3.78127224200338,43.2000790390489
836b41fffffffff,11,13,13.6555270062095,31.854409529878
835381fffffffff,116,5,20.0071973327671,36.8509717799421
833840fffffffff,70,8,34.8740370180031,8.53123832631691
837a49fffffffff,42,16,1.54082287131577,33.7722850035387
835f4bfffffffff,204,5,10.6544455290373,-63.7063898288733
833ce6fffffffff,357,22,25.6915322299744,89.5959101647491
832baafffffffff,268,3,45.5318375552591,-73.1433214771903
831f90fffffffff,367,3,45.8181117518025,4.16396601558842
83424bfffffffff,318,4,29.7167373968594,75.1206161162472
834248fffffffff,250,5,30.3341940938603,74.0489651535897
833d12fffffffff,291,6,29.5425461673307,77.357159162746
8342c9fffffffff,48,1,23.4487908887339,74.4403108997179
83619afffffffff,244,3,16.9904518151615,81.0489797011885
833c5bfffffffff,18,1,27.4985922105549,96.8943128353366
833cddfffffffff,441,214,21.8800537857068,94.0454978522153
834242fffffffff,110,7,28.8688491433382,70.5518339039975
834261fffffffff,444,939,32.7489219850763,69.5518366861863
834246fffffffff,99,107,29.4439118166081,69.4517894663858
83422efffffffff,18,15,28.3845809251154,62.8087720948152
831e61fffffffff,201,28,50.9237894623448,31.2563722112309
831e44fffffffff,79,2,49.3282735353468,29.2895541791221
8320b3fffffffff,111,171,36.7448575938003,68.4238098839362
831e15fffffffff,183,1,47.7879934306359,15.8386544527637
83660dfffffffff,134,42,7.03427747611391,-72.1267507263222
832da4fffffffff,346,2,35.5493604305314,33.412077517851
831e16fffffffff,6,1,46.760982312418,13.4538341006402
831e5cfffffffff,75,7,46.5728932466929,29.721610236599
839790fffffffff,261,337,-11.5364386130731,39.841722274946
833c33fffffffff,251,1,27.7726577994781,83.6448116052962
8372dafffffffff,106,111,-5.76601726520911,143.795266733026
83611cfffffffff,385,39,7.34649299261561,79.944959314846
83386afffffffff,94,1,36.0277549968701,10.5043854247134
8342c3fffffffff,36,1,22.1120952178225,71.271054253878
837ad9fffffffff,52,111,9.30917015349518,40.0394203850614
836856fffffffff,45,38,6.71947201012815,121.746745107111
836a49fffffffff,63,89,5.94998564196335,37.7976539151069
83ce8afffffffff,157,1,-38.3550557532675,-72.4660887411219
836395fffffffff,36,8,10.742263781375,50.8196377149537
83a8e8fffffffff,2,2,-16.8480365908054,-52.6045609068475
83b304fffffffff,72,6,-18.0283752647573,-70.1279661320531
8359abfffffffff,136,386,14.8184019813497,1.42315366539311
836b42fffffffff,598,2193,12.8255624210591,30.029464654193
83a2a4fffffffff,9,3,-23.3287333986065,44.5636088137815
836a0cfffffffff,98,147,7.38180156678706,28.3985386600325
836a44fffffffff,76,117,8.01018227964826,33.4391538244466
832dacfffffffff,105,2,37.1342969700206,36.5286893752238
836d60fffffffff,56,24,12.9661404647581,-87.0434775863174
8358f1fffffffff,90,213,8.73433922650521,9.03834863965519
8372f3fffffffff,150,1,-2.21778059196205,140.865860563649
833ce4fffffffff,215,9,26.7498388241296,89.8998029325825
83a800fffffffff,3,1,-24.0537932640682,-49.7800972012231
837a68fffffffff,76,10,-1.43509805507416,35.3934990085077
83196bfffffffff,340,1,51.9522542500492,3.77834734462644
83ceaafffffffff,103,1,-40.9924865618899,-73.0791431872585
832c16fffffffff,280,26,35.9511850403103,43.231329763925
833c9cfffffffff,76,7,19.1983534241176,84.6559643589579
834225fffffffff,152,647,29.3836347461871,60.5243312603773
835476fffffffff,82,177,15.0866754928882,-9.89642146364855
83728bfffffffff,94,44,-4.57627374546553,138.876768626635
836b80fffffffff,33,28,7.73576916092236,18.3769901747747
83828bfffffffff,25,7,3.47664273974547,11.1945091087242
836096fffffffff,96,2,21.3129619193195,79.0020313396699
836844fffffffff,118,47,10.1775071060748,123.949833451803
83a596fffffffff,69,76,-16.7832166489319,-39.1353543515025
8358c2fffffffff,574,47,6.9790188098059,10.2407203918856
835813fffffffff,99,156,11.3532836469932,5.05249453397433
836d23fffffffff,486,76,16.5879906016793,-93.0713814807391
8358aefffffffff,105,561,9.56449887783623,4.22624588858989
835e5dfffffffff,35,1,16.7578672697006,-61.6616014647072
838ba2fffffffff,30,19,-14.3278347957519,-56.4930638642842
838044fffffffff,321,189,-1.43075066100701,-49.0837738981049
83819dfffffffff,64,54,-6.39003934480239,-34.8900758633413
83a8c2fffffffff,299,75,-15.9712025656819,-48.4861897832139
838af4fffffffff,19,12,-3.37642270318784,-60.7855152615764
838b16fffffffff,40,27,-15.7106697672603,-59.4522825927028
838b9cfffffffff,34,25,-10.4642640079604,-55.3617363110221
836608fffffffff,181,17,6.63578006779904,-73.1178291554878
8366f1fffffffff,895,259,3.21923853293102,-76.3527628943918
834cd4fffffffff,138,12,18.8988111284357,-70.1946669753519
832c88fffffffff,83,85,33.327194669815,49.7734451777618
83431efffffffff,424,262,27.0633017715927,56.5399970543123
832cb3fffffffff,17,3,30.6014248544168,45.1391478557795
836736fffffffff,75,33,18.555675761775,-76.7162384624802
83a31bfffffffff,44,24,-17.4110177279794,46.7728834266049
83a230fffffffff,63,31,-19.3515970442735,46.815030925909
834814fffffffff,182,18,23.6840906510828,-104.918161935322
836d36fffffffff,276,93,18.2116920032727,-96.9063849628343
834990fffffffff,433,140,20.04742636868,-97.6935532588402
8348b2fffffffff,35,4,25.8046474150877,-96.8384099903961
8358f0fffffffff,308,111,8.73103064487329,7.97518160448385
8354f4fffffffff,33,2,12.892435474729,-16.1901627405831
836d74fffffffff,228,28,13.8833482953981,-89.6610514932614
837a8efffffffff,119,127,6.9739423732538,47.2965381753437
8352d3fffffffff,101,35,9.84522312374257,43.7660091626928
836b02fffffffff,109,145,13.2028120199115,21.8798318564766
8353b6fffffffff,17,3,21.537686401877,31.568364825557
835f59fffffffff,216,124,10.7417645546059,-61.9536059124648
835f41fffffffff,132,4,8.09689617777877,-62.960225726386
83674cfffffffff,256,75,10.265607209693,-66.3353410648062
833f44fffffffff,32,6,36.0780222538574,27.7409024292888
83396cfffffffff,582,1,44.024820011291,4.47436714816955
833da8fffffffff,234,8,28.2702629208376,79.3785008565967
833d88fffffffff,55,6,25.9668942681326,81.1016434366364
83618cfffffffff,57,1,12.5489314202255,80.0729742276478
836030fffffffff,179,1,10.7361731581825,77.7413845000226
836189fffffffff,144,3,12.9382402874459,78.1940708209049
836035fffffffff,112,2,9.63826951492401,77.5182749818211
836086fffffffff,34,2,18.7572980427549,77.4627789472327
834275fffffffff,487,499,30.574294706325,67.1977457675771
834202fffffffff,92,68,25.2530871528312,63.0237084614062
832d2dfffffffff,488,24,45.2615136798085,33.528420350374
8366e8fffffffff,25,86,1.64546318995438,-72.5691238821308
832094fffffffff,33,34,35.5992075420803,68.407428350896
8366dcfffffffff,86,62,-0.133575741379577,-76.6707216824196
833f4dfffffffff,137,1,34.6394191554826,32.5711882867239
838d80fffffffff,223,1,-6.8923101047822,112.540119423481
83652cfffffffff,88,2,0.686206883129632,100.978156875112
837a5bfffffffff,6,12,4.19660550943906,36.6584114735739
8320f5fffffffff,8,2,42.179773143154,76.7873016148059
833c36fffffffff,135,8,28.036528062171,81.5286504493507
83118cfffffffff,41,8,55.8937449907158,38.929886856726
831e0cfffffffff,95,2,48.7699545702716,21.6520872610005
83489efffffffff,244,4,29.9672077628284,-97.31913722744
833caafffffffff,166,47,22.4949596390875,85.4798128658506
8364a4fffffffff,129,1,14.1756636629395,100.622181312649
835981fffffffff,260,568,13.8294780586464,0.0169386103265492
832ca4fffffffff,151,8,34.0689349941855,42.7660910939929
837586fffffffff,67,5,6.35592103807033,-10.499483458878
834276fffffffff,218,285,28.9516577749454,66.0921579601847
8348ecfffffffff,54,18,31.0850368198422,-111.341882146407
838113fffffffff,15,16,-11.0442893631595,-39.0443478797336
836b8dfffffffff,5,1,7.64332824293478,21.7191366281368
833c81fffffffff,42,2,21.402750891584,85.2027009713547
833c90fffffffff,85,3,18.4673742348902,82.4053894733901
836a58fffffffff,27,41,4.32593533850585,34.4278090066993
831e42fffffffff,229,1,47.5444582282706,29.0375525477913
831e51fffffffff,49,1,46.6954106803511,28.1073952881007
834201fffffffff,224,243,26.8191148086211,63.9878130759793
83588efffffffff,118,65,6.9914334294455,5.05191591495923
832cb1fffffffff,542,45,31.6695643592339,44.7771143901947
833d8afffffffff,36,2,24.9127575258734,80.8462072747138
832a33fffffffff,585,2,41.8046174230631,-71.566228192849
839794fffffffff,223,158,-12.5476025111004,40.4175130319229
8358d0fffffffff,71,88,6.13143253005479,8.73432180036109
835800fffffffff,19,28,14.1302724749415,6.35878323188382
838115fffffffff,3,2,-12.7753301043248,-40.1079866341929
83806bfffffffff,7,7,0.37472841747888,-52.0234241623879
838b9dfffffffff,12,8,-9.83604496365506,-56.3154211564491
838124fffffffff,48,24,-16.7241428593793,-43.3100864587151
838baefffffffff,6,6,-13.0596877617905,-58.3800510640773
838ba0fffffffff,47,37,-14.7987865752816,-57.4875175713865
83a90cfffffffff,14,16,-29.8558737019771,-52.0788397447376
83b2e6fffffffff,29,1,-30.9524768456068,-71.2026416235309
836676fffffffff,82,23,7.42614541845039,-71.1453909731074
836a92fffffffff,7,21,-1.54879228823657,18.7191753134112
837529fffffffff,49,14,6.13090430744947,-0.205843437948493
837a6afffffffff,281,66,-0.493658695269972,35.9878232527749
837a42fffffffff,15,17,1.3001722521857,38.2765417981204
8349b1fffffffff,45,11,17.9699805244469,-100.088968982
834991fffffffff,107,15,20.7423178059354,-98.6654279177458
836d30fffffffff,19,16,17.5244516589686,-95.9723456444204
836d06fffffffff,21,3,15.7177435011799,-95.232426141816
835440fffffffff,178,213,12.2072716777037,-7.93419372156527
83bcc2fffffffff,116,8,-26.3173047713367,28.9134854206783
83972dfffffffff,82,8,-23.4043986425984,29.7180019355591
8354f5fffffffff,32,2,12.2756999341579,-15.3651391255213
836390fffffffff,19,6,9.98095391462786,50.1460143142422
8352cafffffffff,62,32,10.3228305182023,47.3662540654196
836b0efffffffff,86,225,13.1206342015858,24.2222148882069
836b58fffffffff,73,448,10.8896967876488,30.9705967089697
836aeafffffffff,23,8,1.65881191861781,31.497551669135
833969fffffffff,248,1,43.394579150587,6.81073316953534
83739bfffffffff,129,5,-0.639041443328247,131.694328372758
833d8efffffffff,55,1,25.5655449230141,79.9657418992454
83651cfffffffff,211,47,5.98883706863213,101.459445785138
834271fffffffff,60,113,30.0126853255791,68.3336198085702
83420dfffffffff,165,191,27.8819676030603,66.1147734809954
832d75fffffffff,306,22,46.6474139269543,37.0080745853388
838adafffffffff,132,58,3.29256558669361,-60.4945235556565
832082fffffffff,95,52,36.6831451156411,70.9408177681794
83209efffffffff,523,447,34.9191762409821,72.0728822170868
832c01fffffffff,386,2,40.4050894246142,45.1480767690462
831e35fffffffff,299,1,50.4143912525373,14.8927908337124
838da3fffffffff,14,1,-8.59595577592664,112.912674425215
835466fffffffff,16,45,15.1145410501069,-7.0574824609039
83bc8bfffffffff,33,7,-25.4821497217972,33.4350481167164
839721fffffffff,1,1,-23.4910634829772,32.2477054766642
8329a6fffffffff,66,1,33.4220980328842,-116.050737261524
8310b3fffffffff,160,6,51.1469541565231,46.3844777273911
8311b4fffffffff,73,3,52.6149484514596,31.5743949845
83694efffffffff,604,63,14.5434874858079,121.419414791199
832d73fffffffff,314,25,45.3938772540837,39.0739507769178
837506fffffffff,5,1,8.49430862464314,-3.88542290411563
836b1bfffffffff,107,193,10.3219930202709,23.5117194460192
834832fffffffff,44,11,22.5085416788077,-105.022318059858
83580afffffffff,71,48,12.3419061410865,8.73263723072761
836acdfffffffff,108,39,0.61371228388884,33.1699322380662
836602fffffffff,87,29,8.58952039129438,-75.838141108461
8358d4fffffffff,138,185,6.99089592094182,8.1365222915548
833c82fffffffff,18,7,19.9396668295752,83.7902183971195
833cecfffffffff,344,2,26.6432192937349,93.2226350214665
833c5efffffffff,213,2,27.9793970392832,94.7696030569919
833ccdfffffffff,417,469,24.3407441157615,95.8993520022085
833c83fffffffff,38,11,20.3036066470935,84.9280919053022
835854fffffffff,25,19,13.3090394443165,11.4558068447135
836a29fffffffff,113,174,9.1238310199095,29.6617955427328
8311b3fffffffff,258,16,52.3638995804928,34.8880514247767
836a6dfffffffff,319,648,9.5646533227621,36.8859149297943
83598bfffffffff,28,229,12.1575752789299,2.33100624263634
8344a1fffffffff,241,1,25.9017002186375,-80.0997946564023
835994fffffffff,182,624,12.7367144006823,-3.28424305053976
835995fffffffff,51,93,12.7997697437114,-2.3191248096198
83546dfffffffff,110,456,12.571312831826,-4.24951290987546
83591cfffffffff,15,27,18.5671195879862,1.94886719482256
837aa9fffffffff,342,1116,4.49080228226488,45.8175202243371
8395a5fffffffff,139,2,-8.67754609287706,116.568414228267
83960efffffffff,49,18,-12.1140696128843,27.2645776424255
834272fffffffff,83,117,28.407746702645,67.2078418936225
832d63fffffffff,499,132,48.2365893756109,38.9369266957609
836b91fffffffff,18,31,5.98949109161749,17.2643310395505
831ed9fffffffff,35,9,39.1847919272836,25.8045103001341
838b51fffffffff,133,54,-10.1925206848253,-67.6133307255004
83a874fffffffff,34,11,-23.1088209115993,-54.865705282192
838065fffffffff,18,22,-3.71466859000924,-51.1603978990892
8366e4fffffffff,526,23,5.1595889690989,-74.2135664917324
83529bfffffffff,144,205,9.3965425387806,38.9997230768775
832d89fffffffff,146,38,36.2128000644138,41.9322704354475
8349abfffffffff,68,10,20.6668703452049,-104.090818879156
83499dfffffffff,120,38,22.1283522980388,-100.655370910067
835464fffffffff,16,18,15.4425352776147,-6.02474229605443
8397a5fffffffff,18,10,-17.5625883567578,37.3847868954404
8397a6fffffffff,8,13,-16.5636851825575,39.2042339405939
83b326fffffffff,152,1,-15.7643870726403,-69.958871586999
837aacfffffffff,85,203,3.48953851485416,47.3806327965571
836b54fffffffff,53,69,12.9584387071255,27.7196601166105
836663fffffffff,21,1,5.85839046881566,-67.5280026304693
835f4dfffffffff,10,6,9.07069508012248,-64.6444976081139
835f49fffffffff,101,2,10.0977760074871,-64.5929398104937
83674efffffffff,229,111,9.91945968118587,-67.2585395297124
835f40fffffffff,15,2,7.59572034360067,-62.1013071113702
835f43fffffffff,27,12,8.65321154433485,-62.0519464207253
836755fffffffff,128,13,11.8287157830989,-69.863887008814
836748fffffffff,16,21,9.2791592236361,-66.39811938999
83674afffffffff,10,5,8.9232530217139,-67.3251544594573
83674dfffffffff,14,28,9.62749635830903,-65.4828720756127
83675cfffffffff,227,12,10.2064102512396,-69.0651478046083
83675efffffffff,12,1,9.84701982042013,-70.0178846022246
836628fffffffff,12,13,9.10600090911795,-71.9543568147335
836629fffffffff,77,2,8.45970409454046,-71.0629317990541
835e64fffffffff,2,1,11.2125894050218,-62.8101892712753
835f4afffffffff,85,5,10.183167574009,-62.8600747121064
83662dfffffffff,46,9,9.48016768853168,-70.9810809337838
83662cfffffffff,40,17,10.1219639473829,-71.8691089522119
837288fffffffff,133,66,-3.68333915938222,138.13540984261
8360b5fffffffff,195,2,17.343222039792,79.1259939985365
8342dcfffffffff,10,2,21.1335703577292,71.2167594702574
83422bfffffffff,158,152,28.4138004763908,65.001749986302
83662afffffffff,422,322,8.72469347461221,-72.9373010188051
832da6fffffffff,77,7,34.4798378522049,33.9528034437569
83201bfffffffff,21,2,42.8708010095189,75.5003537697562
83a235fffffffff,260,31,-18.3567567198064,47.3578831833078
8359b4fffffffff,46,124,15.1076725133146,-4.29562294342341
83a304fffffffff,248,5,-12.5488152285484,44.9994788741463
835889fffffffff,97,80,6.99331750466157,7.09821476238508
832d70fffffffff,60,2,45.6397047245178,37.5651021848994
831104fffffffff,19,7,60.6630249118134,29.3847593731467
83bcf1fffffffff,69,2,-28.2935584977031,30.0904820908408
836a51fffffffff,14,9,5.34010843003462,32.7807437444425
833cabfffffffff,121,7,22.852058197778,86.6419065651801
833ca8fffffffff,248,26,23.5794364531786,85.7594488193152
835902fffffffff,61,85,19.4544273168562,1.26612643571616
835286fffffffff,97,195,13.19199567376,37.4744585382964
83588cfffffffff,171,118,7.84690326347934,5.46115640848497
836a60fffffffff,45,109,9.79772432926953,33.6376305278432
833f2dfffffffff,164,10,38.3315415053808,22.0282250667538
835f48fffffffff,13,5,9.62597016991194,-63.7571343013076
8320b2fffffffff,58,26,36.1823834787354,67.1693051483907
8345b3fffffffff,9,2,18.90000898296,-78.4103732739295
836a52fffffffff,95,186,4.50884787597941,31.0569259797793
838f76fffffffff,163,44,-3.34185201700964,-79.0027624246637
838f29fffffffff,148,132,-2.18982169077976,-78.8858378366706
8366c3fffffffff,22,11,0.317201214931227,-75.6323871067809
835396fffffffff,46,1,18.5209301891975,31.8302234194509
8352c4fffffffff,125,15,13.2107256031491,45.5455954936539
83650dfffffffff,240,3,3.15185048297195,98.5393892814896
83b303fffffffff,61,1,-20.2708950074407,-70.2998121355533
832ccbfffffffff,36,3,37.5994634014587,58.325064487816
839689fffffffff,14,7,-5.11184862747032,29.440940229446
836b82fffffffff,81,159,6.85903726758094,17.8273106045166
838030fffffffff,28,28,-6.92681272335721,-40.0093972046889
8383a5fffffffff,4,7,-9.31944602348939,16.8298353330593
83a883fffffffff,59,50,-19.5361102632929,-42.3253033930811
83661cfffffffff,92,51,7.5400809784444,-75.9395702417998
832cf2fffffffff,207,1936,35.0757025047136,50.4351578490335
832cc6fffffffff,273,134,36.456797829394,52.4355836662088
832cf1fffffffff,127,77,36.8544298184196,51.1395994490751
833e1afffffffff,40,2,24.0894278942895,22.8658436928316
83978bfffffffff,13,2,-11.393360188462,33.9295707085282
834803fffffffff,120,47,25.6660453592648,-108.148854264221
837ae0fffffffff,229,138,3.8527684804894,42.1297236698007
831845fffffffff,224,1,47.0710979115612,-2.06540803679228
83195bfffffffff,26,1,50.7494892661454,-3.08584348709397
833d8cfffffffff,169,1,26.5929767501862,80.1579673452769
833d8bfffffffff,141,6,25.3002761625548,81.9740226649219
833c32fffffffff,119,5,27.3891011586785,82.4744801562727
833d83fffffffff,56,7,25.1560972461699,78.8391625608946
833c94fffffffff,79,19,19.1973557849769,81.5509925708043
837a53fffffffff,21,6,3.10723380108078,39.4071108512007
838b86fffffffff,57,40,-12.7259297031668,-55.4479417188686
83524afffffffff,86,4,15.7608991296268,52.2215628833869
838015fffffffff,9,15,-4.56661204526506,-39.9704157209198
838a80fffffffff,22,14,-4.12727258677999,-56.0962456229345
836619fffffffff,117,81,5.81993390683494,-75.1272847669257
834c9afffffffff,81,2,19.7801010843838,-75.5929920265944
8349b6fffffffff,87,75,16.6175090230973,-98.1724537354225
837a76fffffffff,153,652,-0.769528635627599,41.5876250337198
835f75fffffffff,9,5,4.92800292570438,-61.3288763182579
836199fffffffff,93,1,15.5134210663594,79.7215962303747
836843fffffffff,24,19,8.46484568936428,125.415081895651
839c9cfffffffff,12,10,-6.03365957834669,147.909670061341
832babfffffffff,177,2,44.5926397612012,-72.3258444471771
8366ecfffffffff,58,38,2.74491322560147,-72.4793200421881
836ae1fffffffff,204,190,3.60676200899156,30.4486007562451
83609cfffffffff,92,2,20.1214279357005,75.8144992934564
833e24fffffffff,14,2,32.2948488339602,21.8186754394094
833829fffffffff,26,3,36.1889003108011,2.93543415644095
836ae9fffffffff,28,14,2.51882917515202,33.2388440763256
836871fffffffff,55,52,9.9446957769015,122.848972213573
83498bfffffffff,66,23,23.5033890597297,-102.705163272176
833c14fffffffff,130,6,26.7338529997933,83.3848829051178
836a63fffffffff,22,33,8.86305159332506,34.0621442743466
8358a5fffffffff,27,26,11.2919223525531,2.9683717023504
83968bfffffffff,68,18,-4.14207315372819,30.0757477293022
838f72fffffffff,93,38,-4.49964383219096,-79.1205503439291
837b4cfffffffff,178,45,-6.52242729383242,39.3098470432366
836b51fffffffff,363,1236,11.9203122285163,29.3645519061873
833d85fffffffff,233,10,26.7976611866191,78.0406692792516
8352f3fffffffff,36,6,12.5175499585867,43.832058249358
835252fffffffff,35,19,15.6390694289244,47.6784345395084
832a84fffffffff,205,1,40.5618917343624,-79.6370260879007
836b9efffffffff,24,11,5.0745564634626,17.7097325080437
838b82fffffffff,39,33,-11.5980161700257,-55.4047755784277
83a880fffffffff,27,22,-20.6325217018149,-42.3491473419985
83a826fffffffff,4,1,-27.1075023541446,-49.8884037084825
83a80afffffffff,32,21,-21.3477562935876,-50.7210102949372
836b92fffffffff,24,7,5.14036972811779,15.5708519065605
836603fffffffff,136,79,7.94149029231337,-74.9303952259297
833e62fffffffff,198,15,29.6998422339381,31.2370537617128
833e58fffffffff,19,12,24.4783180334092,32.5554781214475
835458fffffffff,21,1,9.98163345938342,-9.48026470306012
834535fffffffff,61,46,15.0798585848377,-86.583115740909
834332fffffffff,180,10,27.7506297746334,52.2454457087671
837a74fffffffff,53,34,-1.69915729898712,41.0331756801388
83a2aefffffffff,6,10,-25.0766404709122,46.9458320252771
83978dfffffffff,57,14,-13.4312498449781,33.8625254741908
8349b2fffffffff,82,30,17.7565915330385,-98.015507597281
83481efffffffff,25,20,26.7056397058168,-105.787271905684
836d33fffffffff,33,14,16.3950857435587,-96.1448954856698
835520fffffffff,3,7,26.7080007142611,-9.70637537071359
839726fffffffff,16,6,-23.5367320349279,34.7675123503253
8382d9fffffffff,10,4,4.48781634376948,5.8461489795428
8358c6fffffffff,134,252,7.85398782322576,9.64294118399372
835413fffffffff,16,1,15.5613574979235,-16.612977649296
837ae4fffffffff,59,16,2.90569425580204,42.6695610861713
837a85fffffffff,31,116,5.16665707866742,48.348167338544
836b5afffffffff,38,55,10.0040634523106,30.3119413541356
836b6cfffffffff,25,30,16.4779603085657,32.77907194724
836414fffffffff,307,313,11.6297489656691,98.7964031030735
832086fffffffff,120,100,37.2964431929669,69.7024614528594
833cdcfffffffff,62,16,21.5714020508905,92.8470758957216
831f14fffffffff,120,1,53.2566711080555,7.74176368149394
831f84fffffffff,190,1,48.7591988811227,5.9957439910722
833c8dfffffffff,91,6,22.1120197951305,87.5242192210269
83404bfffffffff,27,17,26.4579926928589,96.5602497178377
831198fffffffff,89,7,52.8540063904328,40.8211772464064
832d72fffffffff,117,11,44.6218481046994,38.1063530358555
8310abfffffffff,15,2,55.4439390206321,51.2126279657084
832571fffffffff,31,2,52.7501062489144,103.952104540237
831e6cfffffffff,279,26,50.7546725374758,32.9426814072423
832b8bfffffffff,66,1,42.6449238554409,-75.3761784880185
833f19fffffffff,68,3,32.3175825022552,20.4257534938852
834263fffffffff,45,161,31.6360112933167,69.5173609023678
838000fffffffff,17,16,-4.53015489535093,-42.0224156870575
8359b6fffffffff,253,635,14.1462895675625,-4.61486831093099
8358f6fffffffff,61,42,8.72483326307781,6.92179669282236
836a1dfffffffff,107,114,5.62277794458535,27.1716526068974
83599efffffffff,35,8,11.1327969632093,-1.04359441605191
836a5cfffffffff,10,3,5.27755200545449,33.8989225458398
832696fffffffff,154,2,40.7169635951468,-112.186222461071
83752efffffffff,19,11,7.74545569989884,-1.42297776486012
83649cfffffffff,60,258,19.7524550308283,97.8703697209576
83582cfffffffff,17,5,17.009743228751,7.75119374393885
836a0afffffffff,19,51,5.57048769701847,28.2930352652011
838f2cfffffffff,373,456,-0.361015589067142,-79.7098026974483
835469fffffffff,54,158,11.6409037025866,-4.5599654983263
835832fffffffff,26,59,13.9977138541491,3.12786937185598
836011fffffffff,171,4,12.9394319524287,75.3329243704383
832d82fffffffff,27,5,32.8399774962245,38.4777316627289
836a45fffffffff,38,118,7.94408591597942,34.5426795067685
838189fffffffff,35,34,-5.77556843221341,-37.939486041896
83a8aefffffffff,12,7,-21.6633383569742,-44.4757742677178
836620fffffffff,53,18,11.3950347963434,-73.6515553648391
834591fffffffff,18,1,20.9126702754225,-77.8398043267873
834c89fffffffff,79,14,19.4831393138453,-71.049909794605
834cd6fffffffff,26,1,18.6148835322948,-71.1291989065875
8348a6fffffffff,20,17,24.4579104805965,-100.367314970505
8348b5fffffffff,45,40,24.918646914104,-99.1929891352544
8359b1fffffffff,29,89,14.5384714635189,-2.63517493066576
8358e0fffffffff,41,42,10.5286815351048,9.97654858693841
83582bfffffffff,1,3,15.1503659986919,9.05475840122071
838e45fffffffff,108,3,-14.2208723552568,-75.949952998076
834ceafffffffff,37,21,17.7733895669653,-65.8642293901181
836d75fffffffff,39,3,13.2212845964177,-88.8480618135732
836b72fffffffff,35,232,13.9422217861532,27.2112854775269
836b43fffffffff,142,278,12.7521105262693,31.1750923468831
836b4efffffffff,33,44,12.6741992591122,32.3133892328285
834265fffffffff,82,29,33.3340008589478,68.3763693534301
834351fffffffff,1,1,31.6282745567859,62.5722669048634
833c1efffffffff,67,9,25.722176280067,86.3263773478605
833ca2fffffffff,52,4,22.4709737231999,82.3220654477703
832d53fffffffff,16,5,43.8650121058237,42.4638222680423
831e43fffffffff,34,1,47.4084945574102,30.6639981170794
836483fffffffff,101,221,18.6449924048411,97.5416209514937
83a592fffffffff,5,4,-17.9054353865202,-39.1537392841066
83a8c8fffffffff,5,4,-14.1123931802061,-51.4968315671406
837a0cfffffffff,349,476,0.0926811959974197,43.2226829731923
837509fffffffff,16,2,4.5343713959888,-1.77694756805946
835284fffffffff,77,54,14.063022438991,38.1785533365373
836a11fffffffff,44,20,5.72061527375252,24.9355365808563
836609fffffffff,31,10,5.979397158204,-72.2139101245994
83c2e1fffffffff,42,1,-35.013792563942,-59.4068300883021
838b23fffffffff,79,1,-17.0751408436888,-64.1966206310798
838bb1fffffffff,24,18,-13.8471808684115,-55.4912352449562
83806dfffffffff,5,5,-1.33792367505124,-53.067697438302
8382d0fffffffff,34,5,3.54048757392636,9.17628140599485
836aa5fffffffff,8,3,4.91806708594376,22.0852719944775
8366e0fffffffff,233,12,4.07663849218387,-74.309671314821
836625fffffffff,195,64,11.7574404056031,-72.6714327151304
836615fffffffff,8,3,9.23348865938378,-76.7462564257824
834222fffffffff,53,46,27.2704973417722,60.7425080851972
837a5dfffffffff,8,5,2.33502627258069,36.617577298792
837a41fffffffff,104,21,0.438497637820922,36.5760871283368
83a212fffffffff,6,1,-23.1884648778917,46.9014866550958
8348c6fffffffff,147,42,32.0396507722636,-106.510886093125
83481bfffffffff,55,48,28.5419981149074,-106.793248684041
836d31fffffffff,80,47,16.8392639388273,-95.053887323028
8348a0fffffffff,58,2,25.1541402245406,-101.401315458105
834576fffffffff,136,28,19.6382573983697,-90.4923864599248
834509fffffffff,116,4,21.1355842825173,-89.179291258502
83452afffffffff,50,11,18.22517651658,-88.7840236063566
8348b1fffffffff,85,70,26.0784841705609,-99.0341600754186
8359b3fffffffff,151,408,13.6312570829457,-2.96330512721154
8359acfffffffff,120,179,16.5591608192901,0.0990942605811849
83971afffffffff,7,3,-16.4689495536496,33.1484557434603
83598dfffffffff,115,181,13.9453215862137,2.0769536132182
838f51fffffffff,25,2,-7.5189110744314,-78.4002947026609
83bcc1fffffffff,31,4,-27.1811888230682,26.9248668555473
83bc56fffffffff,35,2,-31.9151581610428,27.2396174124688
839728fffffffff,44,7,-22.4367561343975,30.4015193964637
836b1dfffffffff,37,120,12.19373840729,23.5945493235896
836a25fffffffff,129,225,11.1340741762406,26.4255756602588
836b05fffffffff,133,490,15.0889640770942,23.1285905704566
832c05fffffffff,40,1,40.6981280347788,43.7982492174636
838cf0fffffffff,71,1,-3.8876113970951,102.72245966586
838d85fffffffff,196,1,-7.90066223560038,112.215073010176
837290fffffffff,15,1,-5.48710677742327,133.119473030103
838d81fffffffff,55,1,-7.19348556202705,111.509132628148
8342d9fffffffff,69,1,21.0207810792508,73.171648589741
833ca9fffffffff,148,4,23.9351755371667,86.9280586407492
836099fffffffff,85,3,20.3767459248908,73.9750450818949
8320a8fffffffff,65,1,40.6908031627313,72.5174939811905
836518fffffffff,37,10,6.82879464523418,100.641249363876
832d42fffffffff,7,3,45.9662645801708,41.493518989251
8344c1fffffffff,287,2,33.6569808180661,-84.0774999620808
832a13fffffffff,421,2,39.9358703719915,-74.4718238635279
83b328fffffffff,34,1,-18.6802673624437,-67.1861833433892
8343a0fffffffff,121,5,24.3477855954053,53.9857130407262
8342c0fffffffff,16,2,22.6458659998353,70.2823854260426
8366f5fffffffff,135,106,4.31678532474774,-76.2483281856247
8366f0fffffffff,111,44,3.8876113970951,-77.2775403341399
835915fffffffff,13,22,19.3562729416743,0.185735728822886
8382d8fffffffff,88,64,4.47578507856193,6.8483834069582
831e5efffffffff,152,9,45.7194413726006,28.7969549416356
83390afffffffff,53,1,38.1349289612764,-3.46400213168972
83750cfffffffff,35,17,6.11219210417066,-2.06223933279257
835293fffffffff,130,540,10.5024205116235,36.4907816498926
837a08fffffffff,177,470,1.05727621797092,42.6766615614711
834531fffffffff,127,122,16.1436783408373,-86.347940684769
837a69fffffffff,160,67,-1.37969932103703,34.2485288103911
8372b5fffffffff,37,9,-1.54110236802586,132.439008696045
836433fffffffff,56,43,10.4934741859906,98.473041304777
83618bfffffffff,78,1,14.0406818033485,78.4236960113073
838236fffffffff,17,9,-6.04517845917102,13.2490961899562
836ae4fffffffff,75,37,4.62247249693232,28.8029911794049
836611fffffffff,43,15,8.18956907162137,-76.8509817935351
831e76fffffffff,124,10,49.6055460070942,24.2351927122802
83598afffffffff,121,478,12.1143586367664,1.30766616118413
838b2efffffffff,68,8,-16.5039290565694,-65.1156906739406
838002fffffffff,26,34,-3.95848390180239,-40.9855625491939
83a82dfffffffff,19,12,-24.7451245471312,-53.921728489525
838001fffffffff,26,23,-3.9191473363073,-43.0364345450274
838b53fffffffff,3,2,-9.69144793242832,-66.624833268828
838a21fffffffff,6,14,-9.81289128624719,-64.74752136768
838a2cfffffffff,4,2,-9.19283278994935,-65.6495750847199
83a813fffffffff,67,26,-22.652991459627,-46.6025196127365
832d8bfffffffff,16,9,35.1415813518455,42.3546716597423
83a30dfffffffff,9,3,-13.454914048241,48.881506759872
834984fffffffff,40,8,18.6464697639238,-101.068745281937
8349a2fffffffff,52,36,17.4930205772322,-101.201798386385
83456dfffffffff,162,2,22.3489620187018,-97.3603993350257
8359a6fffffffff,65,213,16.2995934019201,-2.9604976461924
8359a2fffffffff,13,22,15.458072779993,-2.29963021637258
83a242fffffffff,185,1,-20.4475183478325,57.1632072931674
838f0bfffffffff,39,1,-5.44104639711266,-81.2704624630107
8354acfffffffff,88,1,15.1695714489716,-17.6860231403674
836b03fffffffff,118,198,13.1643694246114,23.0514521290824
836b2bfffffffff,4,33,14.9922260232429,25.5077945485167
839703fffffffff,7,1,-19.491403778038,32.4147856601608
833f72fffffffff,98,4,35.2688113981433,24.073689952216
831ec2fffffffff,371,6,41.257386803177,22.9084625820084
839541fffffffff,87,1,-4.22437970812601,128.243674818626
838d84fffffffff,105,1,-7.59759096661807,113.236876569909
833d9dfffffffff,74,4,24.5193272702538,79.7325573344166
832013fffffffff,29,1,42.5056109885516,71.2856413845833
83420cfffffffff,84,98,27.3521556464241,65.0413613388627
832d6efffffffff,125,7,49.0847137785599,39.9000808855611
831e6efffffffff,26,6,49.980983248489,31.9387708591066
832752fffffffff,400,7,45.42192892525,-92.811216023191
838a92fffffffff,46,39,-3.1031864093333,-52.1375450220323
835911fffffffff,139,543,18.4787085379371,0.868179663623671
8359a0fffffffff,16,18,16.3897361711339,-1.95644061761766
8344e2fffffffff,99,2,30.7890001650875,-83.7910728021054
83a318fffffffff,10,12,-16.4558670322193,46.1892221149346
8358a4fffffffff,43,75,11.25645632334,1.94525342970708
836ae5fffffffff,24,19,4.56653977686908,29.9300478256157
83599afffffffff,61,31,10.2986403206213,-0.412471231318196
83529afffffffff,109,323,9.48176009531955,37.9483803327289
836553fffffffff,53,1,5.34422259436482,94.9114260405282
835462fffffffff,68,113,14.1353209155666,-7.355327920712
835442fffffffff,53,20,11.8675474435315,-8.94127199248139
8366d1fffffffff,128,38,0.5450160174913,-77.605715291719
835409fffffffff,20,6,13.7387957725387,-11.2102092082213
832d2afffffffff,228,3,43.2278346886894,34.7134133343461
8358a2fffffffff,9,1,9.51981453241604,2.1948490129903
836b9dfffffffff,16,12,5.92446331552029,19.4224680454337
836604fffffffff,81,37,10.0110070228539,-74.7363604408755
83838cfffffffff,5,3,-5.20602227624338,14.9988163155135
836d26fffffffff,80,54,18.3978497542232,-93.7736635876838
837a0efffffffff,132,274,0.99674653376514,43.7548304473293
837a1bfffffffff,126,61,3.70910139700866,44.2609192998934
837a72fffffffff,58,29,0.206661780285953,41.0390361057939
836b29fffffffff,6,11,15.9353022006233,26.1658644168362
833cc0fffffffff,131,21,23.4396782814527,92.2738423503718
833ca0fffffffff,26,3,23.5491217812801,82.5840010208806
833cb0fffffffff,36,1,21.0053416883578,80.9489096460612
833cb5fffffffff,33,4,22.0896823132986,81.2015076658885
833daafffffffff,84,1,27.2196979670696,79.1931819823986
836503fffffffff,13,1,4.86255752152087,101.134431284524
834243fffffffff,124,14,29.3650588755195,71.7006796445029
831193fffffffff,81,2,51.1307165720084,38.7343285673503
8320aefffffffff,35,1,40.1611037092185,71.1397223531933
8359aafffffffff,148,464,14.7536588121616,0.386240424179808
8359a4fffffffff,21,26,17.2369974459117,-2.62370391922057
83540dfffffffff,61,106,14.7348005321364,-10.946931466143
833f73fffffffff,74,70,35.204804180207,25.5064986841292
833dabfffffffff,105,4,27.632848629591,80.3561185271268
83a873fffffffff,17,2,-21.0175200042009,-54.7796663793477
8358e3fffffffff,89,197,9.62789762148364,10.5876778437085
836a53fffffffff,125,124,4.44946582516644,32.1827547674481
8360b4fffffffff,305,3,17.7208886472293,80.2054855257791
8348e2fffffffff,16,15,30.3637528752918,-107.830828476155
83751efffffffff,12,3,6.60567313099537,-5.38382772973073
836a76fffffffff,31,42,8.19314326522056,30.1253789493387
836ac6fffffffff,79,321,0.845551025680256,28.594165838794
83a8abfffffffff,64,47,-19.9976308130371,-45.481315836138
833cf6fffffffff,100,15,23.2018996901282,87.8142039980408
836a6cfffffffff,26,58,9.64505444613284,35.8128913288009
836a12fffffffff,6,5,4.87377679232397,23.1953442987816
8397a0fffffffff,3,3,-16.558808311451,38.0057557369157
837accfffffffff,19,24,6.73299551440426,39.4438967792051
83a89afffffffff,19,22,-17.3390843836691,-40.1880475674547
836941fffffffff,52,16,15.3366937043581,120.700682368065
838036fffffffff,153,129,-7.52966800251184,-38.9904677281405
835840fffffffff,33,6,14.2719774538425,14.2752707737358
8358e1fffffffff,26,12,10.5332855528006,11.0741044308604
836aa4fffffffff,12,9,4.96030079071487,20.9809193932213
836b94fffffffff,91,82,6.90610821906609,15.6326974676156
836a34fffffffff,37,15,9.42034824089606,22.9046627837569
836d65fffffffff,17,1,13.373518326745,-86.017480609899
838114fffffffff,37,45,-13.3621503222546,-39.080568042382
83a888fffffffff,15,7,-18.3767298507809,-44.393870153666
834364fffffffff,58,41,36.4701769595349,58.4893542784928
8348b4fffffffff,4,1,24.211373757886,-98.1829468580744
839715fffffffff,16,7,-19.5486423779161,34.8902678792239
836a46fffffffff,75,96,7.15190064717618,32.8513860275329
831ef3fffffffff,150,1,42.2608986764092,20.6362783091348
83426afffffffff,66,1,31.5544982965597,71.842039529442
834245fffffffff,69,37,31.0483573821271,70.6536746295579
83424efffffffff,151,6,29.8537755401863,72.866591233853
834241fffffffff,170,3,30.4539667863554,71.7701889449229
83426bfffffffff,184,10,32.0516795143478,73.0485317921779
831e19fffffffff,132,1,46.0408763524569,20.7341367981475
83108bfffffffff,11,1,53.6321443762318,55.1947974122305
831e75fffffffff,81,5,50.3726980825048,26.8723465747044
83814dfffffffff,6,6,-6.58967643098679,-52.2527056878333
8397a2fffffffff,6,8,-15.5544585242607,38.619523272629
836523fffffffff,23,3,2.08707146707088,102.424614993541
834823fffffffff,41,12,22.7720179274452,-109.443110429898
833d94fffffffff,66,3,23.8848622020691,75.5225923159906
833d82fffffffff,24,1,24.7391127735516,77.7226509546826
83609efffffffff,30,2,21.1893912949092,76.0347348854979
833d80fffffffff,78,5,25.7617886209177,77.8792485805144
833d99fffffffff,20,1,23.8503351563105,80.5932457669022
833d9bfffffffff,18,3,22.7803308971339,80.3427328445904
833d95fffffffff,26,1,24.3151702897633,76.6169088046827
833ca4fffffffff,27,2,24.2378937694347,81.7140389543393
833d86fffffffff,27,2,25.3344916330056,76.7559963187532
83499cfffffffff,9,1,21.4362556665032,-99.6527763984064
833c80fffffffff,88,5,21.0386374412115,84.0582349617961
834268fffffffff,89,20,32.666010627333,71.9163514788747
833d81fffffffff,69,2,26.1814816777374,79.0134854364863
834341fffffffff,22,22,34.4405381591909,63.5550367486403
83484afffffffff,86,40,31.6766812087839,-117.225203948447
8366c4fffffffff,146,74,2.54923314512449,-75.4281005825814
8352eefffffffff,79,35,13.8827177442966,47.2439621697676
836875fffffffff,37,7,10.7820978423372,122.126626552924
8396a8fffffffff,10,7,-8.22242309119936,31.0673202123193
836d04fffffffff,27,6,16.1568775993654,-94.1510835626748
838125fffffffff,5,4,-16.1311833536321,-44.3397154927987
83a804fffffffff,30,30,-25.0857110770566,-49.8160839781246
8366f4fffffffff,52,8,4.98095988604388,-77.1697368817743
834315fffffffff,37,18,27.9370125937926,54.2871902911041
832c0afffffffff,13,3,39.7626899256657,47.8509461897147
832ccefffffffff,20,16,37.3961247005056,55.878319595786
832c8bfffffffff,165,73,32.9409094720984,50.9935771066159
834224fffffffff,7,6,28.8043950110738,59.4941136664969
832c9bfffffffff,93,26,30.1953410030315,50.6042213741298
832c8cfffffffff,307,114,33.6991314693167,48.5503914834728
832c89fffffffff,35,17,34.0048071995739,50.7188748914187
832cf6fffffffff,23,320,35.4520190361348,49.1743087133532
834375fffffffff,38,3,34.2334614897416,58.8010456208737
834360fffffffff,248,1807,35.9839151102052,59.7769524864648
832cd5fffffffff,49,2,35.3635746958742,52.6942789694011
832c02fffffffff,34,4,38.5847242841857,44.6167446831918
83498dfffffffff,20,4,21.8378359194834,-103.97981598578
83498afffffffff,31,19,22.8177026495524,-101.672939251015
83bcd0fffffffff,68,7,-25.4198188006814,30.8863707668511
836a54fffffffff,43,38,6.34186852360635,31.1413982794321
83956afffffffff,22,2,-3.16084837922548,128.632083695911
8348b0fffffffff,40,4,25.3677052744999,-98.0163582293335
838a2afffffffff,3,3,-7.58358675958897,-64.6286367578287
83802bfffffffff,21,14,-3.87486568925732,-45.0844897276344
838003fffffffff,57,49,-3.34885962573023,-41.9996484705501
83a8b1fffffffff,85,24,-22.271286289753,-41.3320318806804
8366e2fffffffff,55,21,3.65045439175272,-75.3270877777873
837b5bfffffffff,56,8,-2.63884926808453,40.4720837578233
83a222fffffffff,7,6,-18.3004129182397,48.4752994849013
8349a3fffffffff,45,19,18.1630896838939,-102.187869716253
839735fffffffff,6,2,-22.5534181715813,35.4230778138612
83bc99fffffffff,9,9,-24.5241445626454,35.3662400354474
836a26fffffffff,10,16,10.2784996381287,24.6532344709523
832095fffffffff,37,29,36.1467279266495,69.6627588035374
832d56fffffffff,35,3,43.3409399903349,40.0906273061533
835460fffffffff,169,359,14.4659240850345,-6.33197268395869
836a2afffffffff,17,22,8.30346283112372,27.9096845469231
836a23fffffffff,5,2,9.28736171278632,26.2980962818505
835475fffffffff,45,78,14.7799011037034,-8.09307042630706
835989fffffffff,45,42,13.0714395859973,2.7251325255831
835993fffffffff,23,3,11.0863545291305,-2.01197484834354
838293fffffffff,16,5,4.22204009836575,16.0052785134205
836828fffffffff,22,1,10.0604626832257,118.918769879853
83a819fffffffff,41,24,-20.8788638167327,-49.6728229633706
83750afffffffff,10,5,5.31028447568244,-3.26934570915264
836621fffffffff,145,47,10.7604544593376,-72.7594079783013
833e60fffffffff,23,4,30.6412469362698,32.0302435035167
837acafffffffff,113,229,8.48616569114419,39.4618635906761
836a68fffffffff,44,69,8.7166399804948,36.2126889035687
83a210fffffffff,11,3,-22.1988980620626,47.4529048710974
83a223fffffffff,45,9,-18.2383964159376,49.5780943469141
8366a2fffffffff,46,1,8.24610828418587,-81.7626939721914
837ae5fffffffff,19,4,2.97343682905004,41.5904743074454
836a40fffffffff,19,14,7.08787711317201,33.960758287811
836b1cfffffffff,18,26,12.2342954709114,22.4329316574336
833dadfffffffff,95,1,29.3326458488815,79.5697060527724
83685cfffffffff,59,60,7.37804725480663,125.033748503995
83446cfffffffff,137,1,29.6454257620536,-95.0775924933369
832a93fffffffff,157,1,39.1889703342174,-84.4276645104889
83274dfffffffff,198,6,42.9376519130585,-83.9066945452843
832748fffffffff,146,1,42.7571732860906,-85.4075147586123
832668fffffffff,80,1,38.0643634200604,-86.2377671623407
838a35fffffffff,15,9,-10.5351892040591,-62.0256223475758
834855fffffffff,3,3,28.7896725527564,-113.752840698075
836a5afffffffff,36,22,3.42764311878608,33.8361059083262
838176fffffffff,5,4,-11.4743379209681,-46.2983452281974
8372d6fffffffff,13,11,-4.3874401489877,140.031579830874
83728afffffffff,27,4,-4.76317819557283,137.721829951109
83a8f2fffffffff,18,13,-18.3024954031616,-46.47966362684
837af6fffffffff,62,37,5.41350799726891,45.2845954301228
836ae3fffffffff,13,21,2.69508794365352,29.8353105472435
832d76fffffffff,69,18,44.854054751985,36.600642288133
836842fffffffff,75,40,8.24201878124668,124.302749930214
831e74fffffffff,59,2,50.4541413855877,25.1624859071762
837525fffffffff,47,7,9.43395401989859,-0.756451421314689
83599bfffffffff,23,15,10.3347842343194,0.57086403281012
838034fffffffff,16,16,-8.10441216902239,-40.0289846592251
83399afffffffff,27,11,28.1254756923123,-8.17770554112763
838166fffffffff,8,7,-11.9322428181148,-49.3916996623837
836bb2fffffffff,16,9,7.80179005537232,15.0594933384097
836b84fffffffff,13,5,8.64863255897418,17.8161254190513
835459fffffffff,9,1,9.39764404555938,-8.76253860713803
834220fffffffff,36,37,28.3209354507683,60.6351414639653
834231fffffffff,30,10,26.2328139436174,60.8465884691186
837a50fffffffff,9,1,2.14582345510401,39.9486953175332
83a30afffffffff,13,8,-15.425610929057,47.8424919943513
83a213fffffffff,8,4,-23.106834219602,48.0491592434603
834880fffffffff,47,5,27.9450837793551,-99.9151680228393
835526fffffffff,1,3,27.4731526271203,-10.5956787760572
837a99fffffffff,56,57,8.6602971658636,47.2554261295621
83525afffffffff,49,15,14.3795547766063,49.8803474683972
831181fffffffff,47,6,55.0146915411102,37.8418335196402
836103fffffffff,49,105,6.24536331851558,79.7112745346886
8358eafffffffff,2,1,8.72614810825108,12.2803129687573
835985fffffffff,43,81,14.6852678846417,-0.635995901161239
836860fffffffff,13,18,12.0942864500246,123.596015656966
836b4afffffffff,17,29,11.7037683929585,32.7634509343537
83544cfffffffff,49,74,10.9915126656449,-6.51998784804351
835906fffffffff,42,58,20.3372081670335,0.577413178966365
8396d6fffffffff,592,547,-4.08318036189112,28.9075640785387
8360acfffffffff,85,1,15.1128326763075,75.7589254375689
8343acfffffffff,21,3,25.475749891127,55.7778724517014
83a882fffffffff,15,13,-20.1028054259694,-41.2877068998863
838161fffffffff,7,8,-10.6847246210363,-51.3836504190865
836bb6fffffffff,9,2,8.70494271399843,14.4785105254334
836606fffffffff,84,32,9.62564244749132,-75.7374446849047
83545dfffffffff,14,5,10.3226815868614,-8.49157032557239
837a62fffffffff,7,2,-1.59632383050901,38.7976877722432
83a38bfffffffff,9,6,-22.3365576775855,45.1386002601523
834993fffffffff,112,81,21.1973289299592,-97.5284110821243
83591afffffffff,25,35,16.7122943578947,2.21573521021341
835880fffffffff,30,16,7.82860350456965,3.43355891912556
835876fffffffff,1,4,15.1779039363715,10.1914278165971
83a95afffffffff,18,5,-24.1355136242436,-54.9089196967886
83a95efffffffff,106,12,-25.1490011677997,-54.952264807663
83bc45fffffffff,37,3,-34.2681737252356,22.3970403657602
8363b2fffffffff,181,169,11.7624481782909,49.6729783340798
833ec8fffffffff,25,3,19.6487801453398,30.1249049377926
831fa8fffffffff,55,2,50.0642950571581,9.88573891367243
833cc9fffffffff,119,62,23.5508324669748,96.7828907827249
832d54fffffffff,61,3,44.3717735501858,39.589595356882
83118efffffffff,182,8,54.8913619055174,39.5870734853607
83bccafffffffff,18,7,-25.1626492141966,25.7850215460391
83758dfffffffff,12,2,4.2603836361024,-7.7714737477511
839795fffffffff,84,72,-12.5348337650248,39.2475486968917
833c95fffffffff,29,1,19.5707270052739,82.6642959201874
838109fffffffff,6,4,-9.75802970216205,-45.2241496612363
83811cfffffffff,6,4,-11.0186348497765,-41.1133390544487
8358c5fffffffff,29,27,8.73196896315097,11.1915727871365
835295fffffffff,82,378,12.3216767404367,36.777455887507
836a75fffffffff,84,380,8.99914511015512,31.8766335186601
835833fffffffff,64,183,14.0461394046916,4.19214868005646
83a309fffffffff,4,1,-14.401147091888,49.4515129519151
836ac4fffffffff,134,291,1.77445908017276,29.2171365580017
836a2cfffffffff,22,50,10.1248543710242,28.0617223133745
837524fffffffff,5,2,10.2600861266928,-1.38206464608825
838104fffffffff,4,1,-13.8974219371119,-42.2072664148235
83a89efffffffff,46,45,-18.4570001200921,-40.2082307254922
83815efffffffff,11,4,-6.17845068619472,-47.1864932660564
838bb4fffffffff,39,28,-15.5925411424217,-54.5668187419189
838a9cfffffffff,59,32,-2.43839171949656,-55.0639713334108
83750efffffffff,11,8,6.10070935667053,-2.97093398157813
837522fffffffff,55,68,9.36563115718637,-2.65643896233305
834321fffffffff,21,157,32.1266549069369,53.4207323580884
833fa0fffffffff,4,1,31.1663951388755,12.8967640135808
8358c4fffffffff,29,36,8.73467697319207,10.1106927689338
83bce4fffffffff,13,2,-31.088514116839,29.2727099823489
834348fffffffff,27,8,34.4750560967608,65.9671324743341
83619bfffffffff,134,4,16.6183665850103,79.9623846388466
8320b1fffffffff,3,1,37.898109372264,68.4408017634149
834233fffffffff,151,42,25.2083325190026,60.9475305609813
83bce3fffffffff,16,3,-29.1583861328142,28.0875277215958
835871fffffffff,2,4,15.2161862677519,12.4925415387878
835899fffffffff,12,4,5.3162703200848,5.25126338413912
8364acfffffffff,21,23,14.4462670166596,97.4249482529294
838325fffffffff,1,1,-15.7862937216621,12.1082707583721
838321fffffffff,1,1,-14.7417307879882,11.6691796557762
8381a3fffffffff,14,14,-10.4757375161866,-35.9501908851558
83800dfffffffff,25,20,-2.69574259005725,-45.0568264837755
838b81fffffffff,6,5,-11.462878406344,-57.3503064897871
83a870fffffffff,95,31,-22.0693370204898,-54.8226210225853
83a823fffffffff,8,3,-25.5204243910152,-50.8706734091524
838112fffffffff,17,23,-11.6329817672945,-38.0205008290161
8396ccfffffffff,17,5,-5.75293748626694,22.9434949019333
837ac8fffffffff,62,132,7.65374958786448,38.9130959381194
837508fffffffff,32,9,5.31642868352354,-2.37211506816084
8396a1fffffffff,20,11,-9.31449957108453,32.808110680643
83bc0bfffffffff,52,5,-31.981555328614,28.5560199613842
837aabfffffffff,160,142,5.33203349070116,46.316923713825
837a09fffffffff,56,64,1.11795375788027,41.5890609504041
833c92fffffffff,109,10,17.3597571277861,82.1488913472183
836010fffffffff,45,1,13.3064673886984,76.3482420017603
8364a3fffffffff,69,77,15.8623232997497,98.929962591824
831016fffffffff,100,5,56.4485885255161,43.7747794409295
83316cfffffffff,15,20,43.1545294957868,132.121875249937
8354ccfffffffff,20,2,8.58014235675962,-13.4407085184731
836589fffffffff,24,4,11.9180059973426,99.9620311871166
8366e1fffffffff,36,15,3.41108035493652,-73.3936835740259
8358d5fffffffff,110,217,6.98614841396611,9.18421811693879
8342dbfffffffff,36,1,19.9681251569782,72.9698927106574
8358e2fffffffff,107,197,9.62531290059025,9.5027962755025
8320b6fffffffff,31,26,36.7535492033342,65.9107326297533
834358fffffffff,49,33,31.6725409286442,64.8749147364682
836d66fffffffff,36,16,13.6246730957433,-87.8287646604272
8364a1fffffffff,152,249,14.7369269157206,98.6019391291843
834525fffffffff,101,56,14.9619944915087,-89.446710433834
837536fffffffff,15,19,10.7205271539133,-4.86492508569812
835846fffffffff,80,94,14.2675517688838,13.118482211344
836b4cfffffffff,88,84,13.5715116761534,32.9974788880504
8349aefffffffff,161,80,18.8319631015889,-103.187335182174
838b42fffffffff,49,16,-10.6955164060329,-68.6147386200888
83812bfffffffff,12,11,-12.0871416689026,-45.2806485983022
83a89cfffffffff,22,9,-19.0007481124408,-41.265655627508
83a885fffffffff,16,11,-21.1528594156897,-43.4120796444543
83662efffffffff,20,6,9.74942175563381,-72.8480285139494
83481afffffffff,26,4,27.8800090925605,-105.686784550381
83bcf4fffffffff,6,1,-29.2982451706043,31.9856978738776
83384afffffffff,34,1,33.0991522120022,11.4195666417747
831eb2fffffffff,126,1,41.6909515654372,8.51329867497913
831ed1fffffffff,328,2,40.3007686962635,22.1041188136303
837280fffffffff,51,3,-3.15783188912889,135.08016883757
834819fffffffff,32,20,28.0209556403054,-107.992908162597
83546efffffffff,35,2,12.8707685253604,-5.92710155558627
8375b6fffffffff,6,1,8.36371117597979,-11.7039726628734
8360a5fffffffff,50,1,14.7711710514619,77.6038068043142
8364aafffffffff,34,1,16.408490385548,96.890863832419
833c34fffffffff,185,1,29.088846358683,81.7521661298555
838ae4fffffffff,10,8,-3.80275960819795,-63.5220940743023
834853fffffffff,21,13,30.527114579939,-112.542569610899
8372a0fffffffff,50,1,-0.262595072328146,133.996185862594
838badfffffffff,17,18,-12.893721549571,-60.2739650455315
837535fffffffff,29,23,10.1763191292589,-3.2790343877898
838071fffffffff,29,20,-2.03917049978445,-48.0914043242579
83750dfffffffff,13,3,5.32133694562473,-1.46195638808283
8367b2fffffffff,5,2,15.1596019733173,-83.8120453850127
832cadfffffffff,72,21,36.1571166285992,46.6462260306383
837aadfffffffff,392,1286,3.56313616989235,46.3517291351351
834273fffffffff,120,35,28.9286723979001,68.3202941014204
832d69fffffffff,16,3,50.7789401266803,41.957893319438
8310d6fffffffff,47,1,54.3639454795582,56.7033485927277
838399fffffffff,5,6,-2.34702762432863,15.8554748523677
83482efffffffff,6,2,23.4084383330801,-110.524304465751
8348e6fffffffff,15,10,29.1943576907846,-107.91265725627
835819fffffffff,62,25,11.4191682493865,8.26600871443015
836085fffffffff,26,13,17.2838020552295,76.1934199875236
836095fffffffff,18,2,19.8401781245556,77.6923399767586
836591fffffffff,77,28,14.1238683411327,104.945599060685
831e58fffffffff,42,24,45.5880757732013,30.3877214293726
833c8cfffffffff,48,1,21.7607311067079,86.3582924622584
835848fffffffff,4,11,13.3029833825,17.2043198502675
8375adfffffffff,9,3,6.28134902151237,-6.31168350604413
8396d2fffffffff,350,397,-3.06011515573179,28.3786287040364
83585bfffffffff,22,7,10.5130693574807,15.5387277251101
837526fffffffff,25,9,10.2192648838344,-2.33765869768341
83a898fffffffff,12,8,-17.8876503111437,-41.2436780138737
83a82afffffffff,23,17,-23.9007443716496,-51.8427592762637
83a8ecfffffffff,6,6,-17.9504921257518,-52.6442570559138
83810bfffffffff,4,4,-9.1998087255782,-44.1793648871657
83818bfffffffff,69,70,-5.19864593641698,-36.9106246105625
836b93fffffffff,22,14,5.10849239868101,16.6356610122359
836a61fffffffff,22,12,9.72279848102213,34.7299148551417
834221fffffffff,23,12,28.8886382124156,61.6726990084609
83450afffffffff,135,71,20.7879569517405,-87.2498668583069
834800fffffffff,122,70,24.4865269885689,-108.224634301977
838f50fffffffff,75,4,-6.82879464523418,-79.3587506361237
837a8cfffffffff,131,161,6.15981246476512,46.809912631001
836b44fffffffff,83,292,14.7273991826206,30.2224258947336
834349fffffffff,23,2,35.041632200806,67.1753980632379
831f80fffffffff,220,1,47.9846578953037,6.91793260777152
839460fffffffff,5,2,-7.76396364013512,131.182796902701
833db5fffffffff,53,2,26.523018803191,74.7646305186264
83696efffffffff,30,17,17.15788342478,120.346242800102
8310a2fffffffff,51,1,53.2945879179382,45.4090130264705
835281fffffffff,139,65,12.9793024911495,39.6459575422384
837a4bfffffffff,27,11,2.45829673302808,34.3690009671056
831e68fffffffff,68,2,49.802945984665,33.5972580166171
837534fffffffff,18,6,10.9865903546537,-3.90539218988429
836ac9fffffffff,38,10,-0.379808949154623,33.7074357163969
8358defffffffff,196,21,5.2637046947424,10.3668168031864
837a29fffffffff,15,4,-1.74904789667169,42.1383774315794
83a81cfffffffff,41,19,-22.544665490064,-48.6893043995842
838aabfffffffff,5,5,-3.44940432457887,-58.9288548599226
834205fffffffff,63,71,27.3276088736065,62.8826641401546
83450efffffffff,15,7,19.6989130239588,-87.4885671662764
837a98fffffffff,41,22,8.56066016309472,48.2509155481143
833f29fffffffff,62,1,37.3201988132946,22.724593893489
833f75fffffffff,35,1,37.2060113285796,25.6524072554108
83b374fffffffff,70,2,-19.8096083845728,-65.3065365325522
83b2e3fffffffff,7,1,-32.4417895185044,-70.2811000571658
83554bfffffffff,55,79,15.7636496919639,-4.99550606380507
831f4cfffffffff,3,1,54.5416793285514,28.3207912943892
833f83fffffffff,26,1,27.1707428157931,14.4074441013818
83815cfffffffff,16,7,-6.73456550454113,-48.221339848738
83818dfffffffff,9,7,-6.95297395908313,-37.9555814607478
83458dfffffffff,5,1,22.4900180174336,-81.9840728928286
837a61fffffffff,40,9,-2.49041552085655,37.0831572415318
83499efffffffff,48,14,21.8977099134453,-98.5074088806769
83450dfffffffff,19,5,20.0318857730615,-89.4062352102304
83bcdefffffffff,8,1,-24.3634869483756,29.0284512851888
836a5dfffffffff,23,18,5.21317124910737,35.0139061734898
833ce8fffffffff,186,2,25.8875802527798,94.1188244203043
8372defffffffff,10,6,-4.88912000283063,143.067907311761
83960bfffffffff,27,6,-10.9869559390367,25.5282339118435
83599cfffffffff,25,8,12.0187581944884,-0.697750083640364
835990fffffffff,13,4,11.9121133974412,-2.64607263461976
835992fffffffff,13,12,11.0375664205869,-2.96597380418203
83a85afffffffff,44,39,-16.6976213089651,-54.6091332902427
83839dfffffffff,19,52,-3.34520612165129,16.3062665600241
837acdfffffffff,16,10,6.80825285070197,38.35835681242
836a59fffffffff,28,67,4.26195146580935,35.5453327907108
83a399fffffffff,52,3,-23.3866664753612,43.3748671175462
83591efffffffff,10,13,17.5971247017073,1.54488425168857
835844fffffffff,5,1,15.2266286060866,13.6553291816682
835804fffffffff,20,7,15.0362872772363,5.709333156884
83b336fffffffff,29,1,-16.1686811017179,-73.0298078409547
836aedfffffffff,15,7,3.48860698346949,32.7089827311097
83684efffffffff,17,11,8.68629160681712,126.537720519699
834359fffffffff,19,4,32.2332073830956,66.0196948047626
833db0fffffffff,38,2,25.4844099930047,74.6532194375029
8360a1fffffffff,80,3,15.4907636667082,76.7875057073582
831f5efffffffff,44,2,52.2376330802242,23.5709595701781
836100fffffffff,17,1,5.46625216734198,80.5216493650715
8359a9fffffffff,46,136,15.7595829538779,1.81503288035137
839cdafffffffff,152,75,-5.46365143097324,139.615979076246
83a319fffffffff,32,17,-16.4168899373508,47.311550177395
836acefffffffff,37,5,-0.264711676730646,31.4142647709849
83452cfffffffff,45,16,16.7327014212336,-90.0663120396773
835251fffffffff,35,14,16.2732713215664,49.3792072584045
831e40fffffffff,32,1,48.3754172390285,29.986161805004
836a8dfffffffff,50,27,1.01565867749069,25.1683816678643
8352a9fffffffff,7,9,14.5621691026082,42.1317374635897
838062fffffffff,23,20,-2.60081400197798,-49.1175622130648
836a16fffffffff,14,4,5.80921978205224,22.7138648360315
83679afffffffff,5,1,10.5517210261646,-83.4559814745579
836aa0fffffffff,12,4,4.01955292110531,21.4536048770256
838395fffffffff,8,23,-4.5042732822569,19.0097796544668
83528efffffffff,222,499,12.0201004415189,40.0123543178146
8354eefffffffff,22,1,10.4622422130071,-12.9786921710257
83a30bfffffffff,7,4,-15.3848188413266,48.9396103666407
8349a9fffffffff,29,11,20.1627176838326,-105.225024082278
835506fffffffff,1,2,24.9140132009835,-12.3853865323212
836d6cfffffffff,2,1,11.7756057499856,-85.2583041738629
838b66fffffffff,16,2,-14.6264864177182,-69.8753364529379
832d29fffffffff,103,3,45.0675414967238,35.0740735476851
8359a1fffffffff,31,47,16.4763487589605,-0.936483003259772
83434bfffffffff,9,2,33.9096981244193,67.1812779690345
834345fffffffff,4,2,34.968321236466,62.3107841719662
832080fffffffff,33,25,37.8360584205747,71.0046538958734
83a204fffffffff,8,1,-19.227147637151,49.0586972053386
839cd8fffffffff,5,1,-6.53294665256334,139.201457845821
833c88fffffffff,32,3,21.014237738785,87.236761585885
8372dbfffffffff,29,11,-5.56936118432162,144.935859763723
8359a8fffffffff,76,39,15.6899314499238,0.763831699583045
838a8cfffffffff,12,6,-2.91756465095067,-57.9634054933452
83a956fffffffff,12,5,-27.3435701079072,-53.0070816042114
83a82bfffffffff,3,4,-23.2968049114069,-52.8445802010187
83815afffffffff,44,40,-5.00239705867298,-47.155459601592
8381acfffffffff,20,24,-10.4693519831495,-38.0041898002531
83839cfffffffff,13,2,-3.41732829081906,17.4167907211318
836ab5fffffffff,4,1,3.16065228845404,19.7135336976251
838e61fffffffff,24,6,-12.5608054822214,-74.7669247219682
8368c8fffffffff,55,1,1.28999460952313,124.978071113874
835289fffffffff,3,9,11.8046097299536,42.106247411546
836653fffffffff,6,50,3.17039499836173,-71.4814412849578
836a84fffffffff,3,20,2.1531748616065,21.2943780202305
839624fffffffff,10,1,-17.3724561781047,30.0319716995709
833c12fffffffff,51,12,24.9944257330603,83.9957714150455
837a64fffffffff,36,6,-3.5422980953103,38.7734787545034
833cebfffffffff,96,34,25.1198815196361,95.0111986367787
83594cfffffffff,3,3,21.0700598806053,12.1726481104756
8396defffffffff,24,19,-2.93799304760637,26.0562634305283
83a973fffffffff,6,1,-28.1067430346235,-55.0830897711233
83a8c0fffffffff,66,43,-16.4805077001136,-49.5313723277775
83802afffffffff,11,11,-4.48791253633822,-44.0741923951705
836600fffffffff,46,18,8.98298165671577,-74.833024602289
833e66fffffffff,40,1,30.7711960073849,30.6869918101807
833f16fffffffff,26,11,33.239485171898,14.1612015649068
839692fffffffff,47,11,-3.4459093720015,36.4910747198467
836862fffffffff,60,62,11.0201419274631,123.221276070066
83694bfffffffff,21,16,13.9881918444093,123.241320175164
831036fffffffff,65,2,57.7636823795775,39.3966951593216
832d6cfffffffff,82,12,50.1116140605808,39.3282667810199
8396eefffffffff,1,3,-7.83363103834505,23.9619051283997
832c76fffffffff,15,1,43.0222195989695,46.7317328799744
8358f3fffffffff,224,547,7.85610161648838,8.58299349609067
832096fffffffff,75,51,34.4619909680999,68.3916248616679
83480efffffffff,61,31,26.3109862282329,-109.249443875455
835950fffffffff,3,3,18.9260416065232,7.56805287080448
83209cfffffffff,24,8,36.0593186054292,72.1553858721157
838a8efffffffff,8,5,-2.38005899065614,-56.9901157117047
832c95fffffffff,37,5,30.3436029723313,46.3189857920017
834885fffffffff,22,5,27.4861435289633,-101.119564517906
834992fffffffff,35,20,20.4963013272985,-96.5654159068504
835391fffffffff,7,8,18.3109629960368,34.2075008608699
8372dcfffffffff,16,9,-3.81173308043892,143.485905885821
8383abfffffffff,6,3,-6.1347455039914,14.3428755383626
836861fffffffff,33,39,12.333457453144,124.707848276367
835860fffffffff,5,14,17.1606345852771,13.5718562378374
831191fffffffff,14,1,52.1411347979526,38.1170922751623
8358b6fffffffff,32,9,8.6085989561568,-0.135238983172084
83a954fffffffff,3,1,-27.7315252184303,-54.0482421511476
83c35afffffffff,4,1,-36.4713994953051,-60.4318949196961
83a953fffffffff,21,3,-25.7545576566832,-53.9637705463287
83b24afffffffff,7,3,-32.5989570562021,-63.137587654508
83a815fffffffff,11,3,-24.1800144526592,-47.6967773036588
838136fffffffff,6,13,-15.6514089343013,-39.1170310370334
83a808fffffffff,52,15,-21.8054075634127,-51.7650467425337
83a81afffffffff,35,15,-20.9951185248752,-47.5990853019575
832c81fffffffff,98,9,32.9803289270837,47.6658045608642
835912fffffffff,4,2,17.4253443492527,-0.570944520067309
83618afffffffff,58,1,14.4069268290266,79.4830958456658
83a854fffffffff,10,3,-20.5764047984529,-53.7548391974206
83499afffffffff,4,9,23.0543848428976,-98.3466057379036
83818cfffffffff,41,27,-7.54990393367037,-36.9393794037846
83b325fffffffff,44,1,-15.8524651958096,-67.9822251594092
838048fffffffff,10,10,2.08935912768917,-50.9774582410184
83a851fffffffff,19,21,-18.8789395119262,-54.6941438007481
835841fffffffff,4,2,14.2708013959168,15.438450636699
838a45fffffffff,14,5,-3.71062465676918,-70.0704784673365
8366e9fffffffff,10,3,0.97745913332473,-71.6532884508747
8383b6fffffffff,11,6,-6.6387805331938,21.1245792983638
8352b3fffffffff,71,131,13.2929554244839,36.3709775288534
837ae9fffffffff,21,9,5.010010080778,38.3315138946754
837a59fffffffff,20,1,3.30234063257837,36.0799117516228
8359b5fffffffff,32,52,15.3739888331034,-3.28971957664514
838f6efffffffff,8,1,-5.60144302358762,-74.1603823772197
834369fffffffff,2,1,37.311717515455,64.6324439719153
839423fffffffff,21,1,-9.66733314627188,124.157901327068
839420fffffffff,8,3,-8.80347266279222,123.448761751213
833ce9fffffffff,34,11,26.1782700730866,95.3379848770148
83404afffffffff,18,4,26.726441369954,97.7845151208134
836b86fffffffff,37,72,7.76071798376131,17.2673246708337
8342ccfffffffff,56,3,23.561635749379,72.385917757575
837a5cfffffffff,20,10,2.27244948865925,37.7343198353165
836a01fffffffff,3,8,7.43238804480758,27.2856802509397
837a52fffffffff,35,34,3.04064716419384,40.5027612024465
835822fffffffff,38,7,15.9421231415357,5.05312284038572
833c91fffffffff,42,1,18.8350817032159,83.5246611189776
838a00fffffffff,5,1,-7.71667519031068,-62.8059393037622
836ab4fffffffff,4,4,3.20546127034942,18.6155310385711
837a5efffffffff,12,2,3.17310530980808,38.3042456161371
834809fffffffff,1,1,27.5721468057294,-111.482375469156
8349b4fffffffff,15,13,16.1526011772457,-99.2710173006338
83652bfffffffff,24,2,2.32571086048796,99.3577731876885
832012fffffffff,32,4,41.9579821174865,69.8770879694565
832d43fffffffff,4,2,46.7889955783929,42.4775743896567
832084fffffffff,3,3,38.4533270600447,69.7436565616945
8358dbfffffffff,2,1,4.35189382290588,11.816453887713
835849fffffffff,3,12,13.2859989963786,18.369609344351
836858fffffffff,60,5,6.50658797613792,125.767189196268
8364f2fffffffff,16,1,16.625736286533,93.6615708988533
83685dfffffffff,14,4,7.59616660128269,126.151320828232
833f98fffffffff,10,31,25.1460576997797,14.4834720144504
838131fffffffff,4,3,-14.4891960177661,-41.1781835168679
83a8acfffffffff,14,12,-22.163516472977,-45.539498526414
83590efffffffff,13,18,19.6347179052335,3.47343044487419
833d35fffffffff,94,34,34.1357919960478,75.6530374107143
832d71fffffffff,30,1,46.4064667962283,38.5431321342764
837518fffffffff,10,1,6.07384562168247,-4.74845890973273
839c99fffffffff,10,6,-5.37124270522262,146.071528672159
833c86fffffffff,43,2,20.6689597109274,82.9256340425376
835831fffffffff,19,40,14.9884328833408,4.61795704779609
838383fffffffff,27,28,-4.35302961961772,16.7624426627033
83728efffffffff,169,89,-3.87005463460629,136.979247608043
837581fffffffff,4,3,5.29145647285373,-9.10948418861925
831e4bfffffffff,129,67,46.0745090254482,34.4818713029846
83800cfffffffff,22,22,-3.30743858279066,-44.0481115283861
831e73fffffffff,22,3,48.6051418417669,26.6732835330116
83a8ebfffffffff,25,25,-15.7360117616939,-52.5649863575821
83a852fffffffff,9,8,-19.0426944810139,-52.6840753278133
83751dfffffffff,8,2,6.08790358482076,-3.8663873400317
836a8cfffffffff,14,18,1.0712892498636,24.0324257179574
8352b1fffffffff,33,25,14.1714527175341,37.0731000161631
832c99fffffffff,70,32,31.230977215591,50.3358148393399
8372d2fffffffff,34,19,-5.27402199787395,140.768585607405
839529fffffffff,12,1,-3.12595340273317,122.414112888392
83a322fffffffff,12,2,-11.5651469602324,44.4253322637301
8358a6fffffffff,34,23,10.3683746805375,1.56764392294958
8396f6fffffffff,11,10,-7.12429491424048,29.3383056008504
836b73fffffffff,32,68,13.8782949241204,28.3809187660883
836b65fffffffff,28,41,17.5895622357454,31.1212832610803
8344dbfffffffff,32,1,36.035184638809,-80.9648140630067
836b23fffffffff,2,6,16.0834832054147,22.5673303842817
83818efffffffff,36,31,-6.97022343822277,-35.9119544135342
837283fffffffff,62,24,-4.0548919252864,135.824501394548
832c1dfffffffff,13,1,39.0184488414289,46.8702421925182
83405dfffffffff,37,36,26.9833520096727,99.0096663537344
83404efffffffff,7,1,25.9430165945763,98.6691508572277
8368e5fffffffff,11,4,5.6477275286074,121.384249771836
838a22fffffffff,5,4,-9.92172167548513,-62.9092480476352
836a43fffffffff,8,13,6.15535003675178,34.4856947152013
834353fffffffff,1,5,30.535478024301,62.6536951429003
83452efffffffff,33,10,17.1337105284554,-89.0082645674949
836853fffffffff,1,1,6.07746398888226,123.553011627515
8381abfffffffff,25,20,-8.12839144240332,-37.9717303833705
836623fffffffff,114,72,10.389346934084,-73.7435191358196
836b18fffffffff,9,38,11.273791895962,22.9768504915461
835f4efffffffff,2,3,9.14441426021752,-62.9100867285243
834228fffffffff,81,80,28.9380836246545,63.8741212984157
831081fffffffff,109,4,53.5611498795501,50.2186990379718
836ad5fffffffff,26,50,-0.0909201526754548,27.9664913311195
839699fffffffff,18,3,-3.23405838656534,31.8679317584216
8358a8fffffffff,56,62,9.58270570334253,5.25991600807933
838022fffffffff,3,1,-6.89173929166951,-42.0681740243589
838b49fffffffff,17,13,-8.09478492743383,-72.367473316665
838a9dfffffffff,10,8,-1.83736638702003,-56.0094579034604
83a871fffffffff,5,1,-21.4471861930668,-55.7979003021735
838382fffffffff,3,4,-4.42919730103294,17.8815008837126
837aaefffffffff,62,33,4.33476996876613,47.8676244085709
836aecfffffffff,74,113,3.54833856695554,31.5795234863927
836773fffffffff,8,1,12.7984590288937,-69.7877328959007
834264fffffffff,13,5,32.7873522085767,67.1869558439947
833c1afffffffff,51,10,25.0093300892461,87.2167684414704
836a81fffffffff,1,3,1.12628133836279,22.9009213227335
831195fffffffff,23,4,52.2643656031959,36.4944964079914
836b40fffffffff,198,1218,13.7347840682131,30.7033842872563
838b74fffffffff,6,1,-14.7240671338198,-67.9072633194459
833823fffffffff,10,1,35.5929084425154,-0.899107966851893
838146fffffffff,20,10,-9.0743885896514,-48.2869243257672
836babfffffffff,21,7,8.5625373182138,21.1825723768658
836605fffffffff,60,20,9.36969284724532,-73.8361554975635
8396f2fffffffff,29,12,-6.08585492898618,28.8010103196994
83971cfffffffff,5,6,-18.4985754148399,33.073127346862
836a56fffffffff,80,103,5.45941498590205,30.5381754735809
83674bfffffffff,2,4,8.27970950158321,-66.4613654127932
836742fffffffff,7,5,11.1948354520122,-68.9917934825708
834355fffffffff,2,4,32.1396470278098,61.3775491029129
83a206fffffffff,7,4,-20.2173799423037,48.5314254959522
8375b4fffffffff,8,4,8.71175693816006,-10.7228947471795
836b59fffffffff,5,4,10.8190121789611,32.0915632862514
837b4afffffffff,40,8,-4.5458825091035,39.3299350508362
83a81dfffffffff,13,15,-21.9499021784169,-49.7084672118328
83a802fffffffff,17,4,-23.5984283720602,-48.7235385430075
838119fffffffff,2,1,-9.24531942964802,-42.1142333062047
83801cfffffffff,10,5,-2.77772218434984,-40.9645103839866
83a8dcfffffffff,1,2,-14.8397041139591,-48.4527144160424
836a36fffffffff,11,9,8.5272616950514,22.3071675845413
83554dfffffffff,23,43,17.0557528652329,-3.63910174568833
8310c2fffffffff,41,4,56.9008229117599,59.6935825170944
836730fffffffff,6,4,17.9786360997196,-75.8366422726022
836b8cfffffffff,1,1,7.67705721355171,20.6037314080177
835446fffffffff,50,38,12.8276158831574,-8.66397306062941
838bb5fffffffff,7,4,-14.9609760226448,-55.5346566717502
83a8d4fffffffff,7,6,-17.1866969620812,-46.4491986951088
837511fffffffff,12,5,7.47047131733311,-5.09693256592152
835f09fffffffff,49,5,6.59510637718678,-58.5122923986497
837a73fffffffff,27,36,0.264229566809335,39.9341460644604
83a236fffffffff,31,24,-19.404378440509,45.6720886597698
8397adfffffffff,4,4,-16.5021272203464,34.3702069275619
836d2cfffffffff,17,4,16.3228785439658,-91.1287535286666
836d14fffffffff,21,18,15.9431268058193,-97.2361296027187
83580efffffffff,40,28,13.2528311659038,8.09989794604975
834350fffffffff,65,32,31.0448245357451,61.4791807594688
832062fffffffff,22,2,50.7741426105897,79.9945250985142
836091fffffffff,25,1,20.5213533870751,76.8615368170175
836a13fffffffff,20,1,4.82745117420737,24.3103416053828
836a1efffffffff,165,107,4.7791187125753,25.429447247022
8381a9fffffffff,33,8,-8.70499480483699,-39.0083681600246
83a8f5fffffffff,48,25,-19.3081793797013,-48.5872593239448
8366e5fffffffff,44,10,4.4974312004011,-73.301047709619
834519fffffffff,7,6,21.1500598356744,-86.1810826008456
832098fffffffff,51,9,35.4260759915332,73.3457848092411
834208fffffffff,66,48,26.825261670279,66.1366798725975
836a4cfffffffff,5,6,6.95256760083364,36.1691216822152
83589dfffffffff,13,27,6.14961614135141,4.65083165922567
835444fffffffff,68,191,13.1660747848527,-7.64751672191789
836598fffffffff,51,19,14.7175890091019,102.962054679824
831e54fffffffff,29,2,47.7473422871518,25.7529373611646
838004fffffffff,7,5,-5.71144945031858,-42.0452574186188
83bcc8fffffffff,12,1,-26.0895508063757,25.0757403611672
838144fffffffff,4,2,-9.61777794255693,-49.3225201394931
8366cefffffffff,9,3,-0.358745246082953,-74.7013199075163
834572fffffffff,24,1,20.7483237203978,-90.2735171897695
835812fffffffff,52,107,11.3242492317857,4.00426831881038
836b5cfffffffff,91,195,11.8522311911734,30.5045129603322
838b4afffffffff,8,2,-8.26337474096255,-70.400442530826
83969bfffffffff,36,23,-2.27523850830261,32.486717510566
8310f0fffffffff,16,3,56.9754165811323,54.2299881504251
83831efffffffff,72,29,-9.01133359873424,13.4656968559532
83a801fffffffff,25,18,-23.460474897474,-50.7956054896016
836a30fffffffff,54,47,8.48874992149936,23.4315456740235
833e42fffffffff,11,11,26.6109915377277,31.5287238460623
832c84fffffffff,88,7,32.4743151091236,45.6227483897883
837a60fffffffff,16,6,-2.54119910829641,38.2197851809043
836b19fffffffff,35,135,11.2315571035484,24.1284293404036
834342fffffffff,20,31,32.7318068927158,62.4880695456808
833db1fffffffff,37,1,25.9293819942234,75.7699847353897
836b99fffffffff,6,1,5.00046380808085,19.8830560522744
836959fffffffff,15,5,12.6749618040219,121.773386131259
835280fffffffff,25,92,13.0873654327472,38.5663176909363
833ecdfffffffff,22,4,20.593952829936,30.8415703179733
839702fffffffff,8,7,-19.5242819861023,33.6543751311626
8396ebfffffffff,12,8,-6.71583215085554,22.2842768642794
8358a3fffffffff,24,45,9.54349509445128,3.20441139688752
83a824fffffffff,3,3,-27.5244285204805,-50.9462183013168
837515fffffffff,3,1,8.34653912811821,-4.80507458906133
836ba3fffffffff,8,26,9.54713616932733,18.3746095947412
832c98fffffffff,122,15,30.5800818634472,49.4375095035068
83b330fffffffff,37,1,-16.7990504743044,-72.0597616422492
83956bfffffffff,12,1,-2.98447630120008,129.76025629408
836addfffffffff,11,1,-1.20935978917576,30.7953563450746
835f46fffffffff,9,11,7.08522868410496,-61.2314222155402
8343a9fffffffff,30,3,25.5934141953214,57.8038314287354
839789fffffffff,12,7,-12.3916056174303,33.2952920975938
83481dfffffffff,27,6,26.8445215717716,-108.071626091684
834816fffffffff,23,11,24.1844863506753,-103.75167757093
839725fffffffff,5,2,-24.4918226277251,32.8390964052397
839785fffffffff,4,9,-14.5215692209765,36.842450334314
836b52fffffffff,128,998,11.0789939750089,27.5693161980693
83729dfffffffff,37,3,-4.94792672537271,136.567701735257
832d55fffffffff,17,2,45.1442923042782,40.5485065491649
8366c0fffffffff,69,32,1.43790936333451,-75.5298644394643
838111fffffffff,15,19,-11.6154241277376,-40.0881376759981
8366b5fffffffff,29,1,8.88356597271247,-82.6751918683808
83a82cfffffffff,6,7,-25.3477755323996,-52.9255791771928
837acefffffffff,74,102,7.57524639674642,39.9909912650347
83436bfffffffff,38,22,36.1664652700289,64.6844382607393
8342c2fffffffff,14,1,21.6590688352971,70.242049987849
836656fffffffff,18,4,4.91250004710665,-72.301720197212
836a55fffffffff,33,39,6.28194006374935,32.2583855059155
83a844fffffffff,5,1,-20.8203608171171,-56.7634415674815
832cd6fffffffff,125,28,33.6084686099928,51.9551744501268
834989fffffffff,12,5,23.0107057875796,-103.866787238229
83bcf3fffffffff,16,1,-27.358189371177,30.7875191108085
837aaafffffffff,33,161,5.24971040692708,47.3382690533531
831080fffffffff,17,7,52.7657596044,48.8862041774467
838149fffffffff,6,1,-5.42815355529497,-52.2142024464867
83695dfffffffff,22,11,13.4860540384337,121.054472905477
835294fffffffff,27,56,12.4155431342048,35.6762910559047
8352cbfffffffff,35,21,10.2097242582605,48.3079200442728
83155dfffffffff,6,2,61.8340299076833,129.544697616016
83a876fffffffff,14,6,-22.6861083948802,-53.838029138282
838b1afffffffff,3,2,-12.260542292915,-61.1808685131963
8358b4fffffffff,14,8,9.46491794913079,0.214082472939718
83661efffffffff,20,6,7.13250385449888,-76.9564652844651
83960afffffffff,21,18,-11.0592715292759,26.7258683052328
836a5bfffffffff,13,2,3.36552666370147,34.9600312628841
838289fffffffff,2,1,2.59881673391299,10.5721831978355
8359aefffffffff,21,23,15.6162945519516,-0.272573422670163
8352a3fffffffff,12,1,14.9339536095527,38.8896332069286
837addfffffffff,31,62,8.4042679262451,40.5320210846323
836642fffffffff,9,4,4.00405855577039,-69.5169083153288
8352b4fffffffff,14,4,15.2696006029015,35.532482441263
83a232fffffffff,4,3,-20.3470991564438,46.2642464146435
835256fffffffff,34,11,16.6064443860591,47.3987214029923
835843fffffffff,40,57,13.3209818292489,14.8866195460627
8366dafffffffff,23,8,-1.72816219276113,-77.8285492767368
8366defffffffff,29,13,-0.587618995135283,-77.7167217922111
834529fffffffff,26,8,18.5300845064634,-90.7078334629717
835910fffffffff,3,14,18.3854780458806,-0.196959341440863
83434efffffffff,7,5,33.9005322095386,64.7829939019518
833db3fffffffff,16,1,24.9002010947502,75.6444202084718
8342ebfffffffff,14,1,24.576066386446,72.4599614144136
833da4fffffffff,11,1,28.6396846280542,74.9981557336077
83424afffffffff,17,2,29.2487105690035,73.9426389163983
832d45fffffffff,108,5,48.0509147128303,40.4508766675485
831e6bfffffffff,83,20,48.8376347136338,34.2330217065134
83ad16fffffffff,1,1,-31.0840751742707,18.1718625382687
836b8afffffffff,38,100,5.88841460791093,20.5130946601008
836b83fffffffff,16,7,6.83162436383391,18.9296697833942
838105fffffffff,2,1,-13.2993763501004,-43.2344719247548
838130fffffffff,10,11,-15.074061301243,-40.1478834240939
83a859fffffffff,3,2,-16.5304184593293,-56.5826638144122
836b88fffffffff,5,1,6.76909802979651,21.1404677738615
835395fffffffff,7,1,19.3424310088343,33.7469664123412
83212efffffffff,1,1,52.3412734872375,60.4414926808637
837a46fffffffff,15,4,0.322101116541786,38.8215089650814
8358eefffffffff,57,144,9.62707582401815,11.680934618482
836a4afffffffff,24,17,5.14705648656476,36.1248680635366
8352e4fffffffff,58,60,15.9493489796856,45.658174215646
83a856fffffffff,7,2,-20.1240022210371,-52.7240162483295
83a2a3fffffffff,7,7,-25.1608836082445,45.7739370757147
8348e1fffffffff,6,3,30.466705215973,-110.18769273437
834574fffffffff,6,3,19.2345245396539,-91.5828563946725
834818fffffffff,20,11,27.3677698736692,-106.883771463782
836b50fffffffff,87,306,11.9840927202404,28.2187190004772
832d80fffffffff,10,14,33.9172722288931,38.0088681212362
839633fffffffff,1,1,-13.3438438480586,31.4444078984176
8310defffffffff,26,1,55.3078269380277,61.7312121414655
836945fffffffff,10,6,16.1175811488789,119.985686771345
836a14fffffffff,11,24,6.69235723570535,23.3392556061729
833828fffffffff,7,11,35.9965777950643,1.6364573366387
83b32dfffffffff,42,12,-18.1459429717359,-66.1754105450133
835443fffffffff,24,14,11.2593427958542,-8.2154994673158
83a214fffffffff,23,15,-21.2788033847824,46.8578925830122
834999fffffffff,20,18,23.2929533155778,-100.512633829207
83452bfffffffff,5,3,18.9296002521745,-89.6296709104269
836a64fffffffff,15,44,10.7447785142289,33.2047980992849
83686efffffffff,18,6,11.4904109366577,125.445090509232
83435cfffffffff,4,2,32.207464059036,63.6891506423328
833d26fffffffff,28,6,35.2648094073015,75.7979097339288
83546bfffffffff,135,129,11.3187613910978,-5.53824995620846
836b70fffffffff,33,88,14.8713639877085,27.8750410911001
834872fffffffff,14,7,27.0116139756532,-112.647641201302
83a8aafffffffff,26,19,-20.579564501645,-44.4483827042593
83a903fffffffff,20,19,-30.030463816493,-49.9977566717291
83696afffffffff,47,2,16.3840412532011,121.064737364014
835904fffffffff,19,14,21.3277189097956,0.978355078914913
838292fffffffff,12,10,4.18512735693903,17.0781648964471
8397b0fffffffff,23,24,-14.5559080972037,40.4060432207618
8352e5fffffffff,45,24,15.7954052445233,46.6764757033625
8396b3fffffffff,40,3,-6.40193886590638,35.8439819759014
836a65fffffffff,112,527,10.6671558756705,34.3095496023084
838055fffffffff,4,4,-0.303115936444605,-47.0323034978092
8348f5fffffffff,3,4,29.7126943112003,-106.700961594019
836386fffffffff,3,1,11.5011744201483,51.4958206943307
839c8afffffffff,39,12,-6.436080780314,145.654917343937
833c58fffffffff,27,1,28.2588299927519,95.9989249543686
839cd2fffffffff,11,17,-5.96095402173518,142.650626688222
835463fffffffff,77,120,13.4988400575822,-6.63343272022123
8366c1fffffffff,17,7,0.764252896225896,-74.6023082548175
83a952fffffffff,4,1,-26.3527395208322,-52.9662671869574
837b4dfffffffff,12,3,-6.48510131447889,38.161155831915
838230fffffffff,13,20,-5.95442952257101,12.1675085518495
832c1efffffffff,58,17,37.214521100198,46.2899424993302
83434cfffffffff,2,2,35.029134485651,64.7345894984413
836d22fffffffff,21,7,17.2752318014677,-93.9638953940344
8368e4fffffffff,3,2,5.4333023638642,120.318375460802
836b46fffffffff,58,284,13.8090971604546,29.545257876096
836756fffffffff,10,10,12.1122286405565,-71.7004786864925
835825fffffffff,2,11,17.8816505291517,5.95257361239021
83cf8bfffffffff,16,1,-45.2008731863071,-72.2864523324048
83818afffffffff,20,21,-5.79648910950052,-35.8992935687306
833e71fffffffff,5,4,28.7502229475324,30.4557209301342
837a44fffffffff,57,21,-0.605743989182942,38.2483919349824
839716fffffffff,3,1,-18.5648256311876,36.7566377084744
83970cfffffffff,6,1,-20.4342548841933,30.5015963242025
83659dfffffffff,62,9,13.599785307019,102.624735042421
838a63fffffffff,2,3,-4.84224646241718,-70.1520120893521
838016fffffffff,12,10,-4.59716618225848,-37.9234438638839
838014fffffffff,8,9,-5.17253883475649,-38.9548442607085
83811bfffffffff,9,4,-8.67652168870399,-41.0704658611738
83a90bfffffffff,12,7,-27.928614904165,-51.9996514445016
8366adfffffffff,7,1,6.71907126217984,-77.9805216348068
834314fffffffff,27,25,27.3385236020848,53.3691864881226
836854fffffffff,8,6,7.79346995600917,122.111700628182
838e6bfffffffff,23,1,-15.5284931778839,-74.0018924112115
836841fffffffff,10,6,9.55171083190465,125.798729430098
838394fffffffff,11,12,-4.57813710954327,20.1465081265741
83660afffffffff,26,3,6.23090544248896,-74.1181697261555
833d04fffffffff,21,4,33.9338957947329,78.0410069579873
83430efffffffff,5,1,29.7416392751375,57.1812647514454
83452dfffffffff,12,12,17.4246734824692,-90.9199318905809
836968fffffffff,15,13,17.4268539845911,121.431345973796
838232fffffffff,9,104,-5.03783766260316,12.8180107612488
83a376fffffffff,30,4,-12.477089358261,49.3897397293872
838045fffffffff,9,8,-0.82519926359704,-50.0702480532533
8358b1fffffffff,6,2,8.65378797710171,1.82010743486576
83434afffffffff,14,4,33.3491718525407,65.9938684320639
83a90afffffffff,3,2,-28.5046552950845,-50.9841709525202
837528fffffffff,15,4,6.93717944258378,-0.812320717067065
835410fffffffff,15,1,16.6026495448727,-16.3975883939257
837a83fffffffff,3,25,6.88229879504279,48.2991809489492
837a82fffffffff,6,29,6.78963527715544,49.290152932573
8375a0fffffffff,22,3,7.92089378124633,-8.3288412481277
838aa9fffffffff,4,4,-3.97512922422144,-59.8860167945488
8352e8fffffffff,30,1,13.7403140363945,48.2196965551027
83450cfffffffff,15,5,19.3192812374453,-88.5563437103857
83a825fffffffff,9,7,-26.942903706786,-51.960243666335
838ba4fffffffff,129,72,-15.8957152990099,-57.5335179595642
83a919fffffffff,7,4,-28.0967167693283,-49.9247377157618
83a8adfffffffff,11,6,-21.5834985187586,-46.5716552369312
8360aefffffffff,37,1,16.1990342000821,75.9750983076868
83480dfffffffff,19,13,26.3948821906757,-111.527414118946
834873fffffffff,5,3,27.6173516259851,-113.776298404405
838306fffffffff,4,4,-12.008998929928,13.6882594907995
83752bfffffffff,25,4,6.12228074919812,-1.14047470944413
833fb4fffffffff,6,1,29.9698789697806,9.65489040165825
836675fffffffff,9,7,7.16100172884846,-69.2884992349099
8348adfffffffff,13,1,27.2092959051198,-104.59385216918
83951bfffffffff,14,1,-9.06079892482562,121.327655557199
833d9efffffffff,8,1,23.0596907292467,78.3947991158433
831e70fffffffff,44,38,49.5375469408441,25.9277235295988
833e46fffffffff,15,1,27.680296493945,30.9981510816158
834244fffffffff,16,25,30.5341277306219,69.4840305386848
83779afffffffff,8,4,-4.36777474184949,151.647116794217
838049fffffffff,2,1,2.67600266813248,-51.9479147688776
838118fffffffff,2,1,-9.84980001678545,-41.0918670444648
83a918fffffffff,20,14,-28.6591987127871,-48.8963755360601
836d2dfffffffff,50,9,15.6397710314122,-90.2796601222737
834521fffffffff,40,11,16.0457124740756,-89.2291372071721
832c8afffffffff,37,4,32.2751518486421,50.0590181414201
835429fffffffff,11,21,16.091919320142,-9.61718642636911
839b41fffffffff,10,2,-17.9049380375574,178.895192787663
832d6dfffffffff,7,2,50.9671251762503,40.3411695340131
834ce8fffffffff,6,1,18.3277113106092,-65.0042673849358
834204fffffffff,23,17,26.7808971365558,61.8542266271771
83779bfffffffff,9,3,-4.16629262009203,152.73634538107
83694afffffffff,11,5,13.7383726818046,122.141685503686
838290fffffffff,1,2,3.29056614724943,16.4447590689695
83540cfffffffff,15,15,15.3846560967908,-11.7398672181665
83542bfffffffff,10,22,15.7415544364893,-10.6782722687611
834808fffffffff,12,10,26.9466289397866,-110.360846958178
83421dfffffffff,8,15,25.2688069878716,65.1169502151879
8358ebfffffffff,3,3,8.71715583490154,13.3762050493367
83a814fffffffff,5,2,-24.7525327797549,-46.6645519744155
83bcd3fffffffff,10,6,-24.4169395453682,30.2996727859942
8352d9fffffffff,6,2,9.53981568713879,46.7349814346481
836b45fffffffff,72,262,14.6471580307356,31.3863047977156
834850fffffffff,3,1,29.3589021789596,-112.578280577648
839601fffffffff,8,1,-13.1691628944142,27.8082546513165
83680bfffffffff,4,7,6.49950781122038,120.675049700197
8383b3fffffffff,11,2,-5.52811320390352,19.4881552518021
837a70fffffffff,12,23,-0.715585894503289,40.4824733866289
8366ccfffffffff,4,4,0.0909352080085599,-73.6757846031135
837a5afffffffff,8,8,4.12998983698341,37.7662369804222
838ba3fffffffff,7,3,-13.6938360997792,-57.4416492026447
83528afffffffff,9,2,11.073547599588,40.3711903793057
838b63fffffffff,2,1,-12.852492426864,-70.7408893994843
83a233fffffffff,29,14,-20.2855036768089,47.4049948380915
839c8cfffffffff,4,1,-8.3457879325356,145.954466252385
837a4afffffffff,34,28,2.39700246132955,35.4955282675241
83302efffffffff,6,1,39.9154349094042,124.035093491301
839700fffffffff,3,3,-20.5154404944226,32.9964812590479
832c09fffffffff,3,1,41.6029711651152,48.517042883505
836a66fffffffff,5,24,9.86967589218158,32.5367215291225
836863fffffffff,9,10,11.2563632379077,124.327646912708
836491fffffffff,3,3,20.0298064719447,99.0670674047768
837505fffffffff,23,8,7.72317823823328,-2.35530118536252
838032fffffffff,11,20,-6.35185261301066,-38.9726265250469
837504fffffffff,4,3,8.52559023055956,-2.9685137226339
8358e4fffffffff,11,8,11.4335998520027,9.35819579463918
835890fffffffff,5,1,6.14347491870517,1.701039353941
836511fffffffff,22,3,6.27570516938861,102.599290320196
83a92efffffffff,23,9,-31.7229613569424,-52.1585287117138
838b92fffffffff,3,1,-11.2072760622071,-52.4078937932914
83a90dfffffffff,2,2,-29.2817312505629,-53.0890918575906
836bb4fffffffff,8,25,9.60347191175669,15.0037216290508
836bb1fffffffff,19,11,8.67070527226578,16.6992723779247
8348e4fffffffff,5,5,28.6643166799347,-109.114056541971
837a91fffffffff,8,4,7.58043945892837,49.7517230294479
836943fffffffff,13,4,14.2856137922309,120.339183486584
8314d6fffffffff,14,12,48.8795587956474,135.237840218402
831e0dfffffffff,17,1,48.7392886492656,23.3289984229396
83554afffffffff,1,11,16.428153815741,-5.71159246235741
837a75fffffffff,24,7,-1.64823613508395,39.9193624390551
8397abfffffffff,4,2,-14.4678626708463,34.4337233530914
836b04fffffffff,14,2,15.1280607804066,21.9370458003578
835836fffffffff,47,157,14.8792652102873,2.47436855980013
8383a4fffffffff,5,5,-9.41687868268662,17.9728236562052
833e43fffffffff,9,3,26.4846656301182,32.8147515238682
836610fffffffff,15,2,8.8348088105144,-77.7622530892585
838f71fffffffff,17,1,-4.71561252592655,-77.1058266595337
83206cfffffffff,2,2,52.6696562390179,83.8563244619446
837a55fffffffff,4,2,1.23947374521264,39.3882781579462
8375abfffffffff,4,6,5.10105169824967,-7.50914385468503
835918fffffffff,2,6,17.6760698742038,2.62552147285682
83972cfffffffff,16,7,-23.4528641950685,30.9834795251657
838072fffffffff,3,2,-2.08476893186212,-46.0619702196122
83bcf2fffffffff,7,1,-27.393489666571,32.0746062126699
83962efffffffff,16,3,-15.2112882934283,27.6884175610018
836a69fffffffff,37,123,8.64247996212844,37.3014837854232
83434dfffffffff,13,13,35.610111705172,65.9394380301759
83811efffffffff,6,2,-10.449679845649,-40.0683545754474
834260fffffffff,11,2,32.2159887970798,68.3616338123571
836ad6fffffffff,24,19,-0.975072019701366,26.1830812288515
836a4dfffffffff,6,2,6.88148185065599,37.266516998704
835909fffffffff,12,19,19.7914396339511,5.73929534698483
8364b6fffffffff,3,9,17.783426164288,102.808269571432
838031fffffffff,4,4,-6.32050756908641,-41.027874601175
83a8f0fffffffff,11,4,-18.8102851421935,-47.5344824410574
83815bfffffffff,23,20,-4.38687081129665,-48.1561677516247
834cc6fffffffff,7,5,18.5843373893238,-68.4238750902546
836480fffffffff,5,2,17.8166052653406,98.4036306362282
83264cfffffffff,14,1,36.7775067546832,-87.7581573655908
832186fffffffff,6,1,41.2051217380247,60.4227414355078
83a909fffffffff,3,4,-28.3199818976016,-53.048022977331
836ad3fffffffff,13,11,-2.04351324159461,27.854167901878
835292fffffffff,5,8,10.5863118949071,35.4051028570896
837ae1fffffffff,13,19,3.92348911389181,41.0504813052569
836b53fffffffff,13,94,11.0198235238194,28.7086421887831
832d41fffffffff,10,1,47.8426118678513,41.9734402537526
83a80dfffffffff,16,8,-22.2515878276541,-52.8042681521985
838b5efffffffff,5,3,-9.05959046682738,-67.5412925841473
836d6efffffffff,8,1,11.3626575987398,-86.2898769876456
832d46fffffffff,12,1,46.1800636318446,40.0302928388938
835248fffffffff,8,2,16.520741170828,52.9261091903126
834523fffffffff,18,8,16.4430788583721,-88.1834763676333
836ba9fffffffff,33,13,9.45754601126076,21.770965855238
8383adfffffffff,5,4,-8.08522794185252,14.1278184496356
836a74fffffffff,97,135,9.06297822757043,30.7725074649607
838312fffffffff,3,1,-9.21924320727664,15.6971704288531
836670fffffffff,7,4,6.77387204816855,-70.2531948228108
834068fffffffff,15,2,23.0215864744705,98.8701120678689
83a846fffffffff,5,1,-20.3927821760677,-55.7537005162815
834318fffffffff,27,1,27.643449214211,57.5021206388896
832d9bfffffffff,16,6,32.1675093664288,42.317046629797
835471fffffffff,35,253,13.7985516192576,-8.38128731655791
837b4efffffffff,2,1,-5.55105901841725,39.8890690557573
83430afffffffff,9,1,29.2781720516259,58.3425560442369
832c18fffffffff,26,18,37.9461528068245,47.228693085103
834335fffffffff,52,104,29.7983220085157,51.7675860500165
832cd9fffffffff,32,8,35.8208054664528,57.3714132582093
834363fffffffff,12,3,35.4830458126754,61.0511057929664
834330fffffffff,35,6,28.7693430927325,52.0101074147973
838e65fffffffff,14,1,-11.3989914104417,-74.6638698231234
838054fffffffff,5,4,-0.909603014831895,-46.0328459428133
836652fffffffff,10,4,3.83413941768054,-72.3901878405629
838f5bfffffffff,9,6,-10.5433311775303,-77.6683933782341
8383a8fffffffff,5,4,-7.15549418119236,14.7887247086455
8358a0fffffffff,6,2,10.3992693131222,2.57753050452189
838390fffffffff,3,4,-3.55938340512805,19.6654470914577
836016fffffffff,56,1,13.6737034887565,77.3786138049877
832122fffffffff,7,1,50.946217257162,57.4510336860692
835569fffffffff,7,4,18.1858172824834,-2.27909823803304
83a976fffffffff,11,3,-29.6507926735249,-54.1332340820558
838120fffffffff,18,12,-15.5911333576212,-43.2847984457548
833e64fffffffff,7,1,31.7138838894236,31.4851263722838
833e51fffffffff,2,1,25.6603558559444,30.7679269785991
833e2dfffffffff,7,2,31.0793648681235,26.6049949950778
838a90fffffffff,9,8,-3.65315553703622,-53.1467262397551
836bb0fffffffff,15,74,8.68946902906024,15.5864632604312
8396cbfffffffff,3,4,-3.69781048538929,21.9457565921867
835502fffffffff,7,11,23.8144342113067,-12.6650448762607
833ed8fffffffff,7,30,17.8317060668203,27.5128914656477
833c89fffffffff,15,10,21.3598288335873,88.4059686657203
838b52fffffffff,6,3,-10.3150263676005,-65.7134874377363
837a9bfffffffff,11,1,9.43726552988638,47.7324707863747
833c0afffffffff,22,1,27.4674078262546,88.9997797126269
839632fffffffff,7,4,-13.3904762905449,32.6547837079685
836d05fffffffff,9,5,15.4780052462859,-93.2639743579552
838068fffffffff,4,11,-0.782038309177315,-52.0613497293949
837a9dfffffffff,9,1,7.77426526028122,47.7768539055498
8311a0fffffffff,5,7,55.2299874879092,32.7143423804184
836ae8fffffffff,20,10,2.57852178386098,32.1059230317566
8348e5fffffffff,7,6,29.2970016461962,-110.246540773116
83b324fffffffff,6,5,-15.2446055785451,-68.9266814255642
83a8d5fffffffff,9,6,-16.5817931595473,-47.47029515527
838e6cfffffffff,22,2,-13.2190377981696,-73.8010915806857
838adbfffffffff,5,1,3.83943701153237,-61.3777956112807
8352d4fffffffff,48,9,11.6932006174885,43.1329637467999
838070fffffffff,16,15,-2.64978958514138,-47.0936867317552
839c81fffffffff,4,5,-8.1419428267725,147.080237724998
83696cfffffffff,13,6,18.1933328976258,120.709378996562
830b95fffffffff,3,1,55.2140051854595,86.5703534390507
838141fffffffff,5,4,-7.8320274066712,-50.2831343150913
83a818fffffffff,17,5,-21.478017875564,-48.6551801509247
8396f4fffffffff,4,1,-8.10618307128016,28.6927072735759
835f0dfffffffff,7,2,5.4999538670514,-58.5580692334392
83bcd5fffffffff,4,1,-26.3705163500073,30.1960097945547
836b5dfffffffff,31,51,11.7799969011351,31.6377522684667
837501fffffffff,9,5,6.90501610977138,-2.66631185335024
8375a6fffffffff,4,1,8.48454923399779,-9.02853269027073
836baafffffffff,3,5,8.59453969182954,20.0586260814531
833edefffffffff,3,20,17.8981902649778,26.2988750892912
8338b0fffffffff,6,7,26.5737891433525,-6.4826903530293
837513fffffffff,11,1,7.14649477039221,-6.03233824532138
832c2dfffffffff,13,5,43.6047913620976,43.8837421777573
837aebfffffffff,38,14,5.87780527763769,38.8907365240906
8352c5fffffffff,27,8,13.0787484760077,46.5398222346103
838076fffffffff,5,4,-3.26192138099423,-46.0911873951914
838041fffffffff,2,2,0.338088277769821,-50.0351484305813
838aa1fffffffff,2,2,-6.32204723699506,-58.1011158566286
836865fffffffff,19,12,13.1662408290599,123.973182580719
835441fffffffff,50,47,11.595149876595,-7.21961688146875
831f6afffffffff,9,3,55.4052578178232,27.5319807385931
835f16fffffffff,6,3,3.81870975230734,-51.9103299826402
838ab5fffffffff,5,10,-7.03659372493685,-55.2333746573733
8345b0fffffffff,2,1,17.8936914311032,-78.690268514956
839782fffffffff,10,8,-12.5168609746154,38.0694928249608
83a803fffffffff,11,1,-23.0083756116922,-49.7442251189457
835473fffffffff,18,8,13.455883488565,-9.40920080665433
835445fffffffff,57,199,12.5417665028285,-6.92926722938918
8320b0fffffffff,9,5,37.3311410170744,67.1629874362176
838315fffffffff,3,2,-11.0843492226589,14.3592677993556
835820fffffffff,5,1,16.9067112595482,5.49790604103181
8396a3fffffffff,31,11,-8.32448639933742,33.4372447289046
836b16fffffffff,4,4,12.3265599277551,18.9498855962545
836a89fffffffff,7,1,0.0248901677541562,25.6733921777752
836382fffffffff,6,1,10.6189148624781,51.711748988783
834266fffffffff,21,7,31.6753230112294,67.1924419246778
83779dfffffffff,2,2,-2.25212662130838,152.467219976245
8366ddfffffffff,2,1,-0.812131927914561,-75.7356764395717
838103fffffffff,13,12,-11.5830553534047,-42.1605964511573
83a8a8fffffffff,29,23,-21.0866895143827,-45.5103594034791
831e66fffffffff,19,3,51.1892219936417,27.8377128036041
836864fffffffff,2,2,12.9218051676644,122.867289513271
83696bfffffffff,3,1,16.647409348768,122.156879264696
8311abfffffffff,11,1,56.8841548664021,38.2438131373203
835900fffffffff,7,26,20.4400597591537,1.6733770270262
835885fffffffff,31,42,8.68981951371375,3.82581674567868
8396d4fffffffff,17,12,-5.05166054591579,28.2682432286652
837531fffffffff,7,2,9.32852624658988,-3.5854533705074
83a8d1fffffffff,32,9,-15.4529028906473,-47.4383561520535
835959fffffffff,1,1,18.1038733081337,11.7436425501741
83584efffffffff,3,34,13.3146283241146,16.0430138753786
8348f6fffffffff,12,10,29.5482688096457,-104.367214372472
8359adfffffffff,5,1,16.6379001812936,1.14996077721184
838cd4fffffffff,18,1,-2.02142293615507,102.254197373309
8311aefffffffff,4,1,56.0787740384811,35.3890704518806
83812efffffffff,3,2,-13.8487582823152,-44.2859153045375
8358b2fffffffff,21,8,7.78465407911347,0.481474451654838
839751fffffffff,3,1,-18.1486651866791,25.6527462084916
83609dfffffffff,11,1,19.7195133973412,74.7834093007807
83406cfffffffff,29,87,22.2080357087372,99.7392870280129
836b71fffffffff,11,34,14.8021930489657,29.0516963974223
838029fffffffff,7,6,-4.4400690381725,-46.120497899477
83814efffffffff,14,16,-6.66584702142205,-50.2473784306699
83a822fffffffff,4,3,-26.103731409929,-49.8521859720747
838b10fffffffff,10,11,-15.0732070325305,-60.3722882390948
837ae2fffffffff,4,3,4.71954713059658,42.662570828753
839462fffffffff,1,1,-8.8001670101169,130.788033099883
836866fffffffff,18,2,11.8528163535679,122.495722746492
839791fffffffff,3,6,-11.5176012225143,38.6725688286246
831018fffffffff,9,6,58.6833608767935,49.9014475207891
83a8e4fffffffff,12,7,-20.2728025252359,-50.6838886548685
836bb5fffffffff,7,14,9.58837634961396,16.1230922772477
838389fffffffff,2,1,-4.11918819158984,13.4676780640124
833c52fffffffff,15,2,27.3862229674739,92.3230470453681
837aecfffffffff,7,10,3.99333306994684,39.9630157260448
83800efffffffff,3,3,-2.73844971480398,-43.0120411946145
83806cfffffffff,2,2,-1.94165782795122,-52.0993898538953
837512fffffffff,5,1,7.69622652657057,-6.69423104248758
837532fffffffff,10,23,9.81056600043538,-5.16451935086865
833fadfffffffff,15,2,31.29271555963,16.9706985285169
837a65fffffffff,34,5,-3.49493149111891,37.6354449647277
836490fffffffff,17,7,20.2981075170969,100.263492012878
83752cfffffffff,5,1,7.76598024653892,-0.477306722037403
836a4bfffffffff,3,1,5.07930293690581,37.2309996827478
837ac9fffffffff,10,2,7.73000521314076,37.8285822885487
8382d6fffffffff,2,2,3.50930840787086,10.1790953813462
83a816fffffffff,3,1,-24.2783494260188,-45.5980652707112
837aedfffffffff,17,11,4.06219979034703,38.8680245342683
836850fffffffff,3,6,6.93940622989901,122.830816948055
83544afffffffff,5,1,9.73488870493689,-7.78440420373902
837ae8fffffffff,13,6,4.9392810025225,39.4256480933736
8342edfffffffff,30,1,26.1737885621936,71.5051101727329
8372aefffffffff,16,6,-0.979696498049349,135.900860664711
83815dfffffffff,9,12,-6.11589520575625,-49.2195609003524
83a8f6fffffffff,5,3,-19.4076606221228,-46.5102277156416
835454fffffffff,5,4,13.1076046896285,-10.4384108223551
835254fffffffff,1,2,17.4127256299777,48.1250487615407
8375acfffffffff,16,3,6.81915905597616,-6.97063315169198
833e82fffffffff,4,2,20.1400578362064,17.7406682711654
834306fffffffff,30,4,28.9689752765033,54.0805348705728
8366edfffffffff,8,18,2.07882702580213,-71.5670406686149
836a08fffffffff,4,3,6.45461098494718,28.9049824465729
836650fffffffff,4,1,4.25150470996697,-71.3964833932761
836735fffffffff,1,2,18.2966546685411,-74.8629732732862
83bcdbfffffffff,1,1,-23.2768414003739,27.1882256759072
836ac1fffffffff,16,15,0.730120974139695,30.8839371358756
83546afffffffff,19,1,11.9259124167253,-6.22627021233741
83979cfffffffff,5,16,-11.4939254540757,37.4958331957146
833810fffffffff,2,3,31.3894490342644,-2.59202939716063
838a82fffffffff,9,11,-3.5881771947632,-55.1061366395472
838158fffffffff,6,7,-5.56121234288218,-48.1887024855734
83bcd2fffffffff,11,1,-24.4597217549502,31.5703035920228
83a80efffffffff,12,2,-22.4104845395853,-50.7582490653018
834846fffffffff,3,3,28.211371322545,-114.912596031473
835524fffffffff,3,3,27.8058005450171,-9.38578611904141
8352d8fffffffff,11,2,9.64052631792143,45.7267363049445
8358abfffffffff,114,87,8.71583547968944,5.87876143077548
833eaefffffffff,5,14,23.1459514354341,19.6306543890849
833846fffffffff,5,11,34.7450715513705,7.18114500313059
8310d9fffffffff,17,3,56.5826119581144,65.1903362967281
8348f1fffffffff,4,2,30.8788930143685,-106.606858599058
83544dfffffffff,15,13,10.3965869505145,-5.83504463692577
836af1fffffffff,18,95,1.83122935717098,28.0770502688334
834829fffffffff,3,7,24.6563550160447,-112.714382961037
8358e6fffffffff,24,20,10.5203833778421,8.88789416106301
834344fffffffff,13,5,34.35947755701,61.1636979083812
837523fffffffff,6,1,8.55514030062601,-2.03771779464856
838adefffffffff,7,3,2.18980388408065,-60.5426983455354
838f60fffffffff,6,1,-3.77352366537158,-75.0028613712821
836958fffffffff,6,3,12.4260833373679,120.692062615868
8396dcfffffffff,1,1,-3.89683089293205,25.4108218157765
83a2a5fffffffff,9,11,-23.2625511979438,45.739403044818
836a41fffffffff,6,9,7.02140052254527,35.0669390823556
8358e5fffffffff,11,18,11.4440573624796,10.4598212526487
8381adfffffffff,1,1,-9.8768553641535,-39.026328112617
83a862fffffffff,13,1,-21.8652806284406,-56.8089677763327
838384fffffffff,1,1,-6.39482374907825,17.6910988375228
838150fffffffff,2,1,-7.97052461217797,-46.2089937222767
8358c0fffffffff,10,3,7.84916968404075,10.711568165385
836a0bfffffffff,3,3,5.51601407674462,29.415496424599
839c89fffffffff,1,4,-7.69405223140537,144.102591591443
839668fffffffff,4,1,-14.4698262024381,18.0680842363712
838a1bfffffffff,4,4,-3.89504236477189,-61.7238599693318
83810efffffffff,6,6,-10.9789094062783,-43.1844754146472
839c8efffffffff,16,20,-7.29381978074911,146.369771262057
837510fffffffff,3,1,8.0232512809879,-5.74810630593243
838b94fffffffff,2,1,-12.8579090801461,-53.4676244818198
832c9efffffffff,43,4,29.8076847761077,48.6137354974996
838151fffffffff,4,2,-7.35301642049036,-47.2176256840228
838024fffffffff,1,1,-8.63692669700599,-43.1348057554173
832010fffffffff,3,1,43.1343961520727,69.9251804275439
838108fffffffff,8,5,-10.3703331531283,-44.2058722867526
83a8cdfffffffff,2,1,-14.6151422647375,-52.5255328878208
834810fffffffff,3,2,24.8600671711842,-104.812068451123
8352dcfffffffff,16,2,10.5456006730724,45.4384454365888
8352d2fffffffff,79,78,9.94530211589757,42.7648613952407
836a42fffffffff,8,57,6.21973933819356,33.3734298910126
8314acfffffffff,5,1,51.2409842541438,127.890297506672
83a81bfffffffff,3,1,-20.3990014837951,-48.6211652928112
835894fffffffff,3,3,6.96274249069178,1.093596252447
8396d1fffffffff,4,5,-3.96047681320044,26.5741377510957
838332fffffffff,5,3,-12.2455109473122,15.9529399702389
83a356fffffffff,4,1,-15.33927912161,50.02225926202
83ac83fffffffff,2,1,-18.1798847913448,15.3130935138999
835884fffffffff,3,5,8.6730030211057,2.81684741106054
83829afffffffff,1,1,5.170207320906,14.5159115054881
836d76fffffffff,12,5,13.4690166863091,-90.6967546957213
83a8c9fffffffff,4,1,-13.4861913566253,-52.4861999799862
838188fffffffff,9,7,-6.37501838049673,-36.9249781349071
838a34fffffffff,5,3,-11.1631900149325,-61.1309820998768
83406afffffffff,12,4,24.0909659772372,99.2078589715636
835474fffffffff,3,6,15.4322308586812,-8.84693505354358
837a9afffffffff,17,9,9.33304113929861,48.718780813225
8354edfffffffff,5,1,10.2244363168155,-11.2123901254116
838a04fffffffff,4,2,-8.81817678537583,-62.857391417223
837a80fffffffff,4,4,5.98499945440618,48.8223225590626
83435dfffffffff,6,8,32.7814258787047,64.8297411102105
83a2acfffffffff,1,5,-24.092910555788,47.5016336816101
83a809fffffffff,7,3,-21.1938176696738,-52.7640803460133
8352ecfffffffff,6,1,14.6835698181954,47.9520307894681
83404cfffffffff,26,5,24.8904024348718,98.3309404186727
837adbfffffffff,7,8,10.1400111407216,40.7226700664987
83a975fffffffff,1,1,-29.4169401749986,-56.1562805843035
83a8d6fffffffff,1,1,-16.6632102441928,-45.3947539374461
831616fffffffff,8,1,53.1491354773316,158.111102761282
835826fffffffff,3,11,16.8469655429611,4.39022100456046
832cd2fffffffff,6,1,33.197745270565,53.1864588955662
839754fffffffff,2,1,-19.2746470510553,27.4425949029743
83445bfffffffff,15,1,34.3723988807345,-89.51793912457
832085fffffffff,5,3,38.9956791398399,71.0709087785052
838b1efffffffff,1,1,-13.3517576325771,-61.2308898297727
836b85fffffffff,4,3,8.62324295244109,18.9361917350263
83969dfffffffff,6,8,-4.25457362730423,32.4102074448085
836b13fffffffff,5,32,11.3449411084515,20.6723166527636
83a92bfffffffff,2,2,-30.2286148547628,-53.1302887991793
833d02fffffffff,1,1,32.1572726089297,78.9284540735267
83a884fffffffff,20,18,-21.7169452363561,-42.3730710461043
838b40fffffffff,5,3,-11.199875898109,-69.6286879473489
834310fffffffff,48,5,26.9162760290586,54.4876911149922
83a8f1fffffffff,29,37,-18.2061612279053,-48.5534617459262
833e35fffffffff,10,2,30.2788952288283,20.3885840775322
834319fffffffff,1,2,28.2240670168066,58.4867603267529
83a91dfffffffff,10,8,-29.0711110729619,-49.96118852535
836af3fffffffff,18,12,0.902725565488627,27.4501462156619
83536bfffffffff,91,7,25.1296691085038,51.8486517155973
837521fffffffff,3,1,8.58284727089189,-1.09321963044701
838121fffffffff,4,1,-14.9941893882647,-44.3127713015109
836759fffffffff,2,2,8.55986914309549,-68.2637118600598
83964dfffffffff,13,12,-12.3583240034026,17.1023987378004
838064fffffffff,8,8,-4.32862077639162,-50.176197916988
839cb5fffffffff,3,3,-9.38038103579387,150.693067696618
838f70fffffffff,19,1,-4.02956865392686,-78.0547004157786
835535fffffffff,6,13,27.1277492081762,-11.8063071157693
835418fffffffff,2,1,14.278199432586,-14.9204287441742
831089fffffffff,2,3,54.7548481066388,54.8888961358593
839649fffffffff,3,2,-11.3073063947593,16.6282562316536
835408fffffffff,17,27,14.3769229979834,-11.9977597067742
836b10fffffffff,1,3,12.3007356388938,20.1096460749558
8396cafffffffff,5,7,-3.76540124832856,23.0957127613237
837adafffffffff,9,52,10.0436263875505,41.7502893577332
838a4efffffffff,4,2,-1.46564666787079,-69.909284026075
83248bfffffffff,2,1,36.5856350061489,101.653351755899
837ad8fffffffff,18,25,9.21981314203649,41.0669916424526
83a3a9fffffffff,4,3,-18.4512773049425,45.0815397283528
839c8bfffffffff,5,3,-6.63488437901688,144.518946005201
8396e0fffffffff,4,22,-8.954527752947,25.6634533458321
834226fffffffff,3,4,27.7517678452726,59.6197825883699
836a21fffffffff,5,3,10.1798450671082,26.9291212882545
839676fffffffff,1,3,-14.0031154229847,24.7164810119224
838b1bfffffffff,2,2,-11.6293774389503,-62.0763843171354
833992fffffffff,5,1,28.2401341829731,-11.5064459764348
8363b3fffffffff,11,7,11.6321729062464,50.5922921296526
83a3abfffffffff,2,2,-19.4504704950964,44.5159455628258
838331fffffffff,1,1,-13.0544243966665,14.139777459767
837a56fffffffff,8,5,2.0819393922966,41.044803921536
83a8e6fffffffff,3,1,-19.7957982112694,-49.6372918599718
836a1bfffffffff,6,1,3.77349203462872,27.0558551646459
8396f1fffffffff,7,2,-6.99915684713347,26.9751218539146
838bb0fffffffff,5,6,-14.47878421552,-54.5246306334776
8352c8fffffffff,22,32,11.1082225799876,48.050368701712
83a8a9fffffffff,9,2,-20.5015328208101,-46.5408914289265
835240fffffffff,6,17,17.8426738632752,50.8197936249813
832123fffffffff,7,1,51.6522306330559,58.921096050934
8358b3fffffffff,5,5,7.80137985738467,1.45309228475804
834c8efffffffff,1,3,20.63181903928,-72.7674487398464
839772fffffffff,9,1,-20.3172370178987,28.0036671214547
83a38afffffffff,2,1,-22.3938982439981,43.9612696179106
837b4bfffffffff,2,1,-4.50237252441757,38.1907103360289
8396a2fffffffff,4,2,-8.37008522464771,34.6179268285182
8340a5fffffffff,5,1,29.9495947382465,112.600183298097
838cf4fffffffff,4,1,-4.66252323514979,103.503403190102
837a8dfffffffff,24,9,6.24576684702081,45.7868004218082
83a2a1fffffffff,3,4,-24.1760822763243,46.3418559427809
838a32fffffffff,3,1,-9.57689118657728,-60.127488329537
83acb0fffffffff,2,1,-20.5635035965201,18.670660664757
83a899fffffffff,10,7,-17.3098367272993,-42.2778532035251
838b4dfffffffff,6,1,-9.24875275520217,-72.4598833653155
836a4efffffffff,6,20,6.08886263015634,35.5943557926242
8383b4fffffffff,3,1,-7.59762072547146,20.4610849352037
8352defffffffff,7,2,9.74357160278618,44.7533983169144
838140fffffffff,6,3,-8.45356653631545,-49.2880928697213
839c85fffffffff,6,7,-8.97985874402664,147.786140582873
833ecbfffffffff,6,1,18.615631818085,30.6281399614883
836753fffffffff,10,4,10.4871424946797,-70.899832001127
83a215fffffffff,4,2,-21.2082486790027,47.9961901308458
8358c1fffffffff,3,2,7.84158833313271,11.7882293215488
83a8d0fffffffff,3,1,-16.0609700862373,-46.4188324558388
83659efffffffff,11,4,14.9777734368106,104.127226261193
834333fffffffff,26,9,28.3585825405943,53.1512616778521
838074fffffffff,2,1,-3.82584577609382,-47.1245242396203
83811dfffffffff,1,1,-10.4166473261556,-42.1373767119422
8348f3fffffffff,5,3,31.3809330088688,-105.373455625469
83969afffffffff,18,5,-2.33073713918768,33.6415331588938
837af2fffffffff,2,3,6.3305808710223,44.7530419915105
838326fffffffff,2,2,-15.0219586238963,13.9170266831012
8383acfffffffff,2,3,-8.18391896132786,15.2401404041855
8396d0fffffffff,11,7,-4.02262170644569,27.7400382845072
8396b4fffffffff,2,1,-8.45030596365183,36.965810545279
83a908fffffffff,5,3,-28.8996791128917,-52.0391832876405
833844fffffffff,6,10,35.7886356006481,7.74740733801084
838304fffffffff,6,1,-12.9272944160886,13.0161200694248
8352d0fffffffff,45,58,10.7625327056546,43.4528001387587
838b12fffffffff,6,1,-14.6233738632862,-59.4040332093363
836b98fffffffff,4,3,5.03854909004548,18.7924234774786
839741fffffffff,2,1,-19.978561735662,23.0364165119483
838a42fffffffff,1,1,-2.78537317820284,-68.091943066519
838babfffffffff,7,7,-11.3175713596022,-59.2600899565756
8352a2fffffffff,2,15,15.0502206483654,37.7825643167649
83664efffffffff,4,9,2.68862012997187,-67.7354715856751
832d4dfffffffff,8,1,49.5018528099382,44.085968863701
837a51fffffffff,3,3,2.20935433784082,38.8449515702696
831020fffffffff,2,1,61.469339050265,40.483953994165
838154fffffffff,1,1,-9.14271457177125,-46.2386818920349
833faafffffffff,3,1,29.2343785718931,15.6611091190928
8352b6fffffffff,1,9,14.3757451302176,34.8281119913067
8366eefffffffff,10,9,2.31409536058234,-73.487013443566
8338c8fffffffff,1,4,26.8453970377815,8.01211093961616
833e2cfffffffff,34,1,31.1538090365735,25.2318172731663
831054fffffffff,4,2,63.0911319649439,54.0443868051113
838a64fffffffff,4,3,-7.11950525898318,-70.3169870002534
8310a5fffffffff,2,2,55.4074135579009,44.3442870648266
8343a8fffffffff,23,4,25.0356948157854,56.8666867235936
83812afffffffff,1,1,-12.6957216409507,-44.2591470813096
83a85efffffffff,10,6,-17.7933118737032,-54.6515748013552
837281fffffffff,3,4,-2.97255701900596,136.235143777372
838009fffffffff,6,5,-1.51811640384882,-45.0292518470874
839690fffffffff,4,2,-4.40921331339796,35.8927150750008
838322fffffffff,1,20,-13.9729663902916,13.463631657654
839605fffffffff,3,1,-14.2235496685471,28.3568691072605
838101fffffffff,6,7,-12.1422933689502,-43.2094326167665
838152fffffffff,2,3,-7.41123093673144,-45.1680152629652
834501fffffffff,2,1,18.6111975903492,-87.7236876758146
838aecfffffffff,2,1,-1.43232147860669,-65.2159115122443
8396acfffffffff,2,3,-9.26433439237448,31.6180474447533
836b01fffffffff,28,151,14.1010847358875,23.6801691584838
833e13fffffffff,4,5,25.1593990220845,20.9526118183262
838f6bfffffffff,7,9,-7.4281514705417,-73.3126148391858
836492fffffffff,2,6,21.3862667854944,100.602223586063
837b48fffffffff,7,1,-5.51184122149842,38.7488723719187
837af3fffffffff,2,4,6.41412418245818,43.7091535245857
838b9efffffffff,2,1,-9.9525024972186,-54.3571322301518
8396d3fffffffff,22,13,-2.99961873503864,27.216425763624
839753fffffffff,1,1,-17.1748060038331,26.3362235391182
8396a9fffffffff,2,1,-8.16604496001074,29.8800913506389
838a25fffffffff,9,2,-10.9298645309386,-64.8076694902936
83545cfffffffff,5,1,10.9187611680648,-9.21332400734804
83551efffffffff,2,6,22.3476834830815,-14.0933736127942
835296fffffffff,12,20,11.5400158743753,34.9891240714861
83970afffffffff,5,1,-18.4140386486243,30.5999487017963
831e5afffffffff,6,1,44.7303733859402,29.4688494192366
838142fffffffff,7,2,-7.90594829678959,-48.2540803062132
8353a2fffffffff,5,24,22.232816817923,34.7606044329258
835828fffffffff,1,4,16.0799700488528,8.40677598794121
83a8c6fffffffff,4,6,-17.0936023830798,-48.5197720632357
83a89bfffffffff,7,4,-16.7641981070939,-41.2217736969661
8358c9fffffffff,3,1,6.92577009767358,14.5420108304784
831f49fffffffff,6,1,53.522375160195,30.8592916628747
83a8c3fffffffff,5,2,-15.3556269855812,-49.4962887266199
835511fffffffff,3,6,23.4442733762529,-13.8334502784133
835472fffffffff,10,4,14.0917372672053,-10.1701124755262
838122fffffffff,2,2,-15.0436105909026,-42.2307173875721
839616fffffffff,4,2,-11.3499125914601,32.7320921129246
8396a0fffffffff,13,1,-9.36060406256001,33.9954953695487
83bcccfffffffff,2,1,-27.0987395189849,25.6411780957959
836794fffffffff,2,2,14.1698903332243,-83.9701456923258
83a216fffffffff,3,1,-22.2714453692424,46.3027197622905
83a220fffffffff,6,4,-17.3103353625244,48.9986660269946
838063fffffffff,8,6,-1.99138791697953,-50.1054558586352
8358e9fffffffff,20,7,9.61492283308965,13.8897115254928
839709fffffffff,3,1,-19.3415457601089,28.6853813743186
836760fffffffff,5,16,13.7682481571225,-66.9969440120329
836796fffffffff,3,1,13.7748837778081,-84.9928196035452
8358b0fffffffff,14,15,8.63228310113341,0.835967941846432
8383a0fffffffff,2,2,-8.37469777748797,17.4978221283176
832019fffffffff,2,1,44.0426942084692,75.6646937438814
836b2afffffffff,37,146,15.0436612686165,24.3191817951911
834235fffffffff,6,1,26.7115134562595,59.7415966439429
831586fffffffff,2,2,50.2274842546777,116.54947420058
836728fffffffff,1,3,15.9183880082032,-71.3705019857615
831083fffffffff,2,2,52.4585698129924,50.6199938483261
83838dfffffffff,3,3,-5.12241102935807,13.9025435644073
838164fffffffff,1,1,-12.458351230094,-50.4272734404647
8375aefffffffff,6,1,6.48871660391669,-7.91132535153193
834223fffffffff,3,2,27.8284476792615,61.7648911376659
83a8e3fffffffff,7,3,-18.0884987002954,-50.6099946855208
835f5dfffffffff,6,3,9.702090128689,-62.0027128270331
833e25fffffffff,8,3,32.2567925336775,23.2118416149458
83a88dfffffffff,3,3,-18.896931557183,-45.4523673699813
83814cfffffffff,15,14,-7.21049329565103,-51.2715103467489
836751fffffffff,12,5,10.8448075032089,-69.9406022619436
836790fffffffff,1,1,13.1837542866171,-84.0989308829992
839cdbfffffffff,2,1,-5.65108187337459,138.462646844863
8352c1fffffffff,2,1,12.1469637424487,46.8211911378798
838f56fffffffff,5,1,-6.13591418772228,-80.3156493623323
838135fffffffff,1,1,-15.6311222206122,-41.1999423170928
83a354fffffffff,3,2,-14.3599032430731,50.5226659143556
838b91fffffffff,2,1,-11.0931279703138,-54.3988197568862
838126fffffffff,6,2,-16.1813468958275,-42.2542461904301
839698fffffffff,7,1,-3.28929052473428,33.0287397944747
838129fffffffff,4,2,-12.6319015636323,-46.3283212883394
83839efffffffff,3,4,-2.48229602589968,18.0690878140444
835809fffffffff,4,4,13.2950551583957,10.3278061642607
834354fffffffff,1,1,31.5436116002742,60.2916991264021
832d49fffffffff,1,2,49.2493619623739,45.6827774839718
838165fffffffff,2,2,-11.8336394986709,-51.4212611228559
839ca6fffffffff,1,1,-10.4073114845978,150.283970692381
83a889fffffffff,2,1,-17.785229980109,-45.4235135533761
83422dfffffffff,3,4,30.0163184098985,63.8144832000939
838302fffffffff,1,1,-10.9682382429865,13.242530862675
83816efffffffff,3,3,-9.53061958478699,-51.3461553885991
833f14fffffffff,1,2,34.2708941734799,14.8157845429125
8320a2fffffffff,4,3,39.0580954256948,68.4584387442961
83431afffffffff,46,4,26.6121714276668,57.6552615474978
83a8dbfffffffff,4,7,-12.5525802829489,-48.3860824750674
836702fffffffff,17,35,15.5422741291258,-75.1482505311857
83459cfffffffff,14,7,21.6328396157793,-78.5233163817261
839653fffffffff,1,2,-9.7750756828647,22.6317740594814
838033fffffffff,6,8,-5.74721368618613,-39.9898743300349
838b19fffffffff,5,4,-12.1316660140285,-63.0141937444449
8396f3fffffffff,3,2,-6.02395655397031,27.624059487918
836ba2fffffffff,4,8,9.56960433345637,17.2470022235169
8366abfffffffff,8,17,5.21668232058829,-79.1255151401052
8358c8fffffffff,8,2,6.94286598635453,13.4567509178375
83a833fffffffff,2,1,-25.2149968484365,-47.7295533279466
83bccdfffffffff,1,1,-27.0048050489701,24.3615566699908
838b08fffffffff,3,1,-13.1642001073878,-64.9294048538557
838298fffffffff,3,5,4.29049906863949,13.889199252228
836d94fffffffff,1,14,12.6035941748302,-104.815361913114
836894fffffffff,2,4,-1.26883770881172,112.438574999419
8396abfffffffff,2,1,-7.18240068391968,30.5208613610535
83a8e5fffffffff,11,5,-19.6605138404928,-51.687817542949
839cd6fffffffff,10,6,-6.83173196120532,143.378382053518
83421cfffffffff,2,3,24.7533624747269,64.0946217233808
837a9cfffffffff,2,2,7.67792373032561,48.7701707901985
838028fffffffff,3,1,-5.05448791082394,-45.1122419934817
83a85bfffffffff,2,2,-16.0665545653001,-55.5782065167703
83582dfffffffff,3,1,17.0525453562547,8.89545103153291
839c9bfffffffff,2,1,-4.30137375711752,146.488534461112
8372d9fffffffff,1,2,-4.49833913332656,145.353289761258
83a8ddfffffffff,4,4,-14.2220846976221,-49.46131574582
838ae5fffffffff,3,3,-3.16680629854084,-64.3963652605859
838b8efffffffff,1,1,-10.3384519960569,-57.3048311344309
838c8dfffffffff,9,1,-2.52041219001565,104.146239821789
836ae2fffffffff,18,33,2.75181933396751,28.6993980905456
838b69fffffffff,2,3,-10.901820499538,-73.6034160437185
83802efffffffff,2,2,-5.66838556076935,-44.1003577628405
839cf2fffffffff,5,1,-8.74603818778968,143.686839276374
8392edfffffffff,21,72,-18.0369344706311,-102.549424173793
836b74fffffffff,2,10,15.8728832463153,27.3595357807103
83a389fffffffff,2,1,-21.3423822058871,45.7054585546163
8343adfffffffff,36,13,26.0432187078065,56.7057811356374
8396c9fffffffff,3,5,-4.65066991155495,21.2908772934257
838a31fffffffff,4,4,-9.43609648923587,-61.9749949172425
838b88fffffffff,6,6,-9.71052830503631,-58.2399932980005
838a48fffffffff,2,4,-0.800610252127051,-70.8232649827284
8396e6fffffffff,8,9,-9.02409351955814,26.8515125612526
838ad1fffffffff,3,2,1.08245814004034,-60.5910020657338
838bacfffffffff,12,10,-13.5282696754172,-59.3559183044319
836a18fffffffff,6,2,4.72881508859012,26.5518260070751
838addfffffffff,1,1,2.20200564795572,-62.3500317413988
836093fffffffff,5,1,21.5922955793845,77.0887139493013
836badfffffffff,2,10,10.3969845719945,21.2260532129426
836b75fffffffff,2,9,15.8041593842163,28.5485818898085
83525efffffffff,6,8,15.32040331576,49.6325394395134
8383b2fffffffff,3,2,-5.60486855216635,20.6328798065109
838102fffffffff,5,4,-12.1820843513765,-41.1348822372458
838b89fffffffff,5,4,-9.08473168263484,-59.1647936221758
836a04fffffffff,1,1,8.40222123293036,25.6761953722323
83591bfffffffff,1,13,16.7820721796021,3.29598409821787
836a2dfffffffff,1,56,10.0662222241819,29.1896085548937
835355fffffffff,92,5,24.2771326788893,47.1309156549267
837adcfffffffff,2,3,8.32005656825533,41.5945842147959
83a8ccfffffffff,1,1,-15.2405542211529,-51.5347923229038
836baefffffffff,2,1,9.52096462391246,19.5050555301903
836ba0fffffffff,14,28,10.4789196776681,17.804575225052
836793fffffffff,1,1,12.1828934489475,-84.2285734042981
836b8efffffffff,5,5,6.80163813116925,20.0343275068241
8310cafffffffff,1,1,57.7173780049114,65.1272340861229
838174fffffffff,1,1,-12.0169595324016,-47.3431520039455
837a89fffffffff,1,1,7.15361839922112,45.2579470256532
836b62fffffffff,2,28,15.7292886558258,29.7320121832815
838a26fffffffff,2,1,-11.0264924056407,-62.9615138983312
836c95fffffffff,3,3,4.40094837569066,-104.543837104422
836393fffffffff,3,1,9.12022454711219,50.6563481793792
8372f2fffffffff,2,1,-2.40806375357959,139.708446596564
836a1afffffffff,7,4,3.82601667772221,25.9278791781402
838330fffffffff,1,1,-13.1779006267238,15.2758406821888
83a820fffffffff,2,1,-26.5295897939777,-50.9083859663259
83385bfffffffff,1,1,31.0137849664295,10.2290717948
837799fffffffff,1,1,-3.11333750738191,153.144269462999
834320fffffffff,10,1,31.481023900015,52.456212896046
83686cfffffffff,1,1,12.5699648555741,125.830553071117
835392fffffffff,1,1,17.4952918703588,32.3095050314471
837b68fffffffff,1,1,-8.51590321917046,39.2894256059043
836410fffffffff,2,1,12.4728883144797,97.9523281541529
839780fffffffff,1,1,-13.5185003078952,37.4594469325513
83a966fffffffff,2,1,-29.7569811118232,-57.1780379623901
83a840fffffffff,1,1,-19.763855467286,-56.7180485929415
8352d6fffffffff,2,4,10.8683229853993,42.4389923738102
835823fffffffff,5,5,15.9933493129276,6.15896174953741
83a8eefffffffff,4,1,-17.470509319413,-51.6110674603604
83802cfffffffff,2,2,-6.23360892354379,-45.140083698642
83a92afffffffff,2,2,-30.7970159515065,-52.118621367768
838ac4fffffffff,1,1,-1.09320278098241,-62.5008187311403
833eb4fffffffff,4,1,23.1289074657751,14.5567469497391
835968fffffffff,2,2,23.0608240452781,12.0583732218079
838b33fffffffff,5,3,-16.5813730635492,-61.3817679215599
836b15fffffffff,2,2,13.2359137609106,20.708333203119
83435efffffffff,1,1,31.1063158108357,63.752859866308
83121afffffffff,1,7,55.4921440175204,-121.16794484462
833f9cfffffffff,4,4,26.1395729492811,13.8008389808281
833e9afffffffff,2,5,17.1597619006044,18.3642627019883
838f21fffffffff,2,3,0.321390112574466,-80.6481504926549
836493fffffffff,4,1,21.1236949223214,99.4020799483032
83596bfffffffff,3,26,22.0823076051583,12.7319846686515
833eb6fffffffff,1,20,22.1128743761307,13.9703093105233
833ea2fffffffff,1,12,23.1577051303794,17.0839953623955
832c93fffffffff,265,13,29.022564423683,47.7946892958292
833811fffffffff,1,2,31.6230973302867,-1.38566629504871
8343a1fffffffff,54,2,24.910405519901,54.8712789511535
83431cfffffffff,6,1,28.095495641923,56.3691121047785
8343a6fffffffff,11,1,23.7884493377866,53.1208601186951
8343abfffffffff,1,1,24.5876032800882,57.9480300191826
834313fffffffff,28,14,26.4843448674596,55.6001501622927
835368fffffffff,8,7,26.1502082321119,51.6009419130978
837393fffffffff,3,1,-0.113617985217666,128.676209083618
83bc0afffffffff,1,1,-32.0343291204357,29.8736306272094
83968cfffffffff,2,1,-6.20200166503891,31.1561931051242
8352cefffffffff,14,11,11.2282403804596,47.0966102780258
835859fffffffff,1,5,11.433230614022,16.0837094561944
838c12fffffffff,4,1,-5.59528566151987,107.205733964045
838314fffffffff,1,1,-11.1974513872651,15.4880740039974
8343aafffffffff,2,2,24.0411343778196,57.0229236036451
83a84bfffffffff,2,1,-16.3478044565339,-58.5213025711718
83a8defffffffff,1,1,-14.3152573138564,-47.4065196070748
83219efffffffff,1,1,39.0086878336289,63.2565025904977
837ad2fffffffff,2,1,8.94920330343382,44.2043894380279
8343a3fffffffff,2,1,23.9261258631338,55.0548547929553
836695fffffffff,1,2,6.32378640029857,-83.9756917930773
839609fffffffff,1,1,-11.9666996100115,24.8598885475902
8397a3fffffffff,1,1,-15.543069819747,37.4224368817401
836b14fffffffff,3,1,13.2636458443337,19.5379346923993
838a10fffffffff,1,1,-7.34307967735375,-60.0305036411485
838a4bfffffffff,1,6,0.310774551917528,-70.7399664481321
833f55fffffffff,2,22,34.1596513252738,26.1434973606777
838b8afffffffff,1,1,-9.20915944359841,-57.2594857760116
838b0afffffffff,1,1,-12.646820611484,-63.9646283208307
8396aefffffffff,1,1,-8.27525361639403,32.253375461253
8396c3fffffffff,1,2,-4.85913415519793,24.7612300777725
83a853fffffffff,8,10,-18.4200542017673,-53.6721543780641
83a8f3fffffffff,2,5,-17.7011619842946,-47.5023370921816
837a8bfffffffff,4,1,7.96293339062418,45.7565425570348
83689cfffffffff,1,5,-1.46205593413369,115.202591794719
8367b3fffffffff,1,5,14.5582152254316,-82.9501024202441
83584bfffffffff,2,8,12.3474439924066,17.7926418600373
839771fffffffff,2,1,-21.2087112836117,26.0653362351228
83c618fffffffff,8,14,-37.9461528068245,-132.771306914897
8396e8fffffffff,1,3,-7.7577554391084,22.7888671281408
839705fffffffff,1,1,-21.5012123948515,32.3319783420873
83812dfffffffff,1,1,-13.7827641307308,-46.358394210144
83961cfffffffff,1,1,-11.189982581625,29.1279075746075
836a10fffffffff,2,5,5.76608572718165,23.8224841964486
834cf3fffffffff,5,1,19.1742496605236,-69.2698827232838
838b6dfffffffff,2,1,-12.0609238284795,-73.7018674309589
838a19fffffffff,1,1,-4.40680264113832,-62.6527840178485
839c83fffffffff,2,2,-7.09070336432578,147.494833415082
833e80fffffffff,2,2,21.1387962211656,18.3585323818506
834892fffffffff,2,1,28.5107748485142,-95.2752526206828
83a972fffffffff,1,1,-28.6984885241197,-54.0906727990953
83a8d3fffffffff,1,1,-14.9260627920895,-46.3885644472045
836b9cfffffffff,2,2,5.95815113594881,18.339317119759
836783fffffffff,2,2,12.3716160220966,-81.2764496040047
836a31fffffffff,1,1,8.44705013892333,24.5548416170996
8353a3fffffffff,3,15,22.0974922141012,35.971244138645
838a33fffffffff,4,4,-8.9531455808159,-61.0316121060551
834858fffffffff,1,1,31.7052580098936,-114.874640178054
834343fffffffff,1,1,33.3191055508874,63.6232479626855
836b31fffffffff,1,5,15.1609006501741,20.7455773468216
83a3a8fffffffff,2,1,-18.488904088788,43.9239346228305
8348acfffffffff,1,1,26.5307845688257,-103.514985230924
833f9afffffffff,1,11,24.1212427354079,13.8871187244434
836651fffffffff,1,3,3.59021068376315,-70.4938307425054
834311fffffffff,4,12,27.5050891013854,55.4170428894533
838acafffffffff,1,1,2.7498930048101,-63.2128397324224
834234fffffffff,1,2,26.1522469979,58.7620792053206
