h3_id,latitude,longitude,fatalities,events,best_2025,best_2026,events_2025,events_2026,deaths_a,deaths_b,deaths_civilians,deaths_unknown,low_sum,high_sum,first_date,last_date
830886fffffffff,59.426573,17.274508,1,1,0,1,0,1,0,0,0,1,1,1,2026-03-23,2026-03-23
830aaafffffffff,60.230479,99.212487,13,5,13,0,4,1,2,0,11,0,13,20,2025-07-29,2026-01-13
830e55fffffffff,54.416791,-72.373248,2,1,0,2,0,1,0,0,2,0,2,2,2026-01-28,2026-01-28
830ed8fffffffff,50.497891,-86.147914,1,1,0,1,0,1,0,0,1,0,1,1,2026-03-03,2026-03-03
831080fffffffff,52.765760,48.886204,5,2,3,2,1,1,0,0,5,0,5,5,2025-11-21,2026-04-22
831081fffffffff,53.561150,50.218699,5,2,4,1,1,1,0,0,5,0,5,5,2025-09-20,2026-04-23
83108bfffffffff,53.632144,55.194797,1,1,0,1,0,1,0,0,1,0,1,1,2026-04-15,2026-04-15
8310a5fffffffff,55.407414,44.344287,2,1,2,0,1,0,0,0,2,0,2,2,2025-08-11,2025-08-11
831180fffffffff,54.132446,36.807664,2,1,2,0,1,0,0,0,2,0,2,2,2025-08-10,2025-08-10
83118cfffffffff,55.893745,38.929887,2,1,2,0,1,0,0,0,2,0,2,2,2025-09-28,2025-09-28
831190fffffffff,51.270296,37.139781,8,2,8,0,2,0,8,0,0,0,2,8,2025-07-20,2025-12-14
831191fffffffff,52.141135,38.117092,1,1,0,1,0,1,0,0,1,0,1,1,2026-04-14,2026-04-14
831192fffffffff,50.267061,37.761182,966,445,791,175,358,87,442,332,191,1,663,1695,2025-01-05,2026-07-31
831193fffffffff,51.130717,38.734329,1,1,0,1,0,1,0,0,1,0,1,1,2026-02-22,2026-02-22
831194fffffffff,51.386525,35.559824,4465,482,4305,160,448,34,3320,1074,65,6,3646,3574,2025-01-01,2026-07-20
831195fffffffff,52.264366,36.494496,3,2,2,1,1,1,3,0,0,0,3,3,2025-09-13,2026-06-06
831196fffffffff,50.399529,36.207256,793,428,581,212,297,131,247,220,322,4,644,1370,2025-01-02,2026-07-26
8311aafffffffff,55.999638,37.150414,7,4,5,2,3,1,4,3,0,0,4,7,2025-03-03,2026-02-24
8311aefffffffff,56.078774,35.389070,1,1,0,1,0,1,0,0,1,0,1,1,2026-05-02,2026-05-02
8311b0fffffffff,52.440533,33.300002,68,52,40,28,31,21,0,8,60,0,68,68,2025-03-15,2026-07-22
8311b1fffffffff,53.330814,34.190736,9,3,2,7,2,1,0,0,2,7,9,10,2025-04-28,2026-03-10
8311b2fffffffff,51.508437,33.964859,1008,260,947,61,215,45,72,818,118,0,974,1501,2025-01-01,2026-07-31
8311b3fffffffff,52.363900,34.888051,8,8,3,5,3,5,0,0,8,0,8,8,2025-03-12,2026-04-20
8311b4fffffffff,52.614948,31.574395,9,4,5,4,3,1,7,0,2,0,6,9,2025-05-25,2026-03-22
8311b5fffffffff,53.390068,32.577542,9,5,4,5,3,2,5,2,1,1,6,9,2025-04-18,2026-07-06
8311b6fffffffff,51.692200,32.268623,50,34,40,10,25,9,0,25,25,0,49,50,2025-01-03,2026-07-15
8314d6fffffffff,48.879559,135.237840,2,1,2,0,1,0,2,0,0,0,2,2,2025-09-08,2025-09-08
831e40fffffffff,48.375417,29.986162,1,1,1,0,1,0,0,0,1,0,1,1,2025-10-30,2025-10-30
831e41fffffffff,48.225695,31.624109,16,2,16,0,2,0,0,15,1,0,11,16,2025-03-20,2025-07-21
831e44fffffffff,49.328274,29.289554,2,2,1,1,1,1,0,0,2,0,2,2,2025-07-16,2026-03-24
831e48fffffffff,47.070065,33.872833,309,193,247,62,159,34,69,102,138,0,280,582,2025-01-07,2026-07-13
831e49fffffffff,46.868892,35.450689,82,43,57,25,28,15,65,11,6,0,53,130,2025-01-26,2026-07-21
831e4afffffffff,46.261856,32.911118,1148,720,898,250,536,184,186,333,605,24,1041,1474,2025-01-01,2026-07-31
831e4bfffffffff,46.074509,34.481871,14,8,1,13,1,7,14,0,0,0,10,16,2025-10-24,2026-07-22
831e4cfffffffff,48.053463,33.246374,65,22,42,23,9,13,0,4,61,0,65,65,2025-01-17,2026-07-29
831e4dfffffffff,47.859389,34.850622,1022,556,713,309,361,195,187,389,442,4,895,1386,2025-01-01,2026-07-31
831e4efffffffff,47.250162,32.276539,28,21,13,15,8,13,0,0,27,1,27,28,2025-01-28,2026-07-28
831e54fffffffff,47.747342,25.752937,5,1,5,0,1,0,0,0,5,0,5,5,2025-07-12,2025-07-12
831e58fffffffff,45.588076,30.387721,5,3,5,0,3,0,0,0,5,0,5,5,2025-06-07,2025-08-10
831e59fffffffff,45.435243,31.965612,16,4,2,14,1,3,5,0,10,1,14,16,2025-11-03,2026-07-19
831e5afffffffff,44.730373,29.468849,2,1,2,0,1,0,0,2,0,0,2,2,2025-08-28,2025-08-28
831e5cfffffffff,46.572893,29.721610,6,5,6,0,5,0,0,0,6,0,6,7,2025-02-05,2025-12-18
831e5dfffffffff,46.428194,31.323630,139,76,64,75,37,39,10,6,122,1,135,149,2025-01-18,2026-07-26
831e5efffffffff,45.719441,28.796955,5,4,3,2,2,2,0,0,5,0,5,5,2025-09-23,2026-05-10
831e61fffffffff,50.923789,31.256372,27,13,15,12,9,4,0,3,24,0,27,27,2025-01-02,2026-06-05
831e62fffffffff,50.266413,28.573599,17,6,16,1,5,1,0,1,16,0,17,17,2025-04-10,2026-06-11
831e63fffffffff,50.135674,30.263337,330,67,188,142,42,25,0,1,324,5,330,332,2025-01-01,2026-07-30
831e64fffffffff,51.986630,28.823947,5,1,5,0,1,0,0,0,5,0,5,5,2025-10-31,2025-10-31
831e65fffffffff,51.851810,30.554047,11,7,6,5,4,3,0,2,9,0,11,11,2025-01-03,2026-07-26
831e66fffffffff,51.189222,27.837713,2,2,0,2,0,2,0,0,2,0,2,2,2026-04-03,2026-04-23
831e68fffffffff,49.802946,33.597258,2,2,0,2,0,2,0,0,2,0,2,2,2026-04-10,2026-07-13
831e69fffffffff,49.602265,35.236321,54,20,27,27,8,12,0,4,50,0,54,54,2025-02-01,2026-07-30
831e6afffffffff,49.023995,32.601893,111470,313,63517,47953,284,29,99910,11546,14,0,111246,110991,2025-01-01,2026-07-01
831e6bfffffffff,48.837635,34.233022,7,3,7,0,3,0,0,0,7,0,7,7,2025-04-26,2025-07-29
831e6cfffffffff,50.754673,32.942681,22,10,7,15,2,8,0,0,22,0,22,22,2025-06-05,2026-07-03
831e6dfffffffff,50.562151,34.610065,323,158,255,68,116,42,32,144,146,1,307,442,2025-01-14,2026-07-24
831e6efffffffff,49.980983,31.938771,4,1,0,4,0,1,0,0,4,0,4,4,2026-04-01,2026-04-01
831e70fffffffff,49.537547,25.927724,38,1,38,0,1,0,0,0,38,0,38,38,2025-11-19,2025-11-19
831e71fffffffff,49.445016,27.613462,7,3,7,0,3,0,0,0,7,0,7,7,2025-05-25,2025-09-03
831e72fffffffff,48.684304,25.003679,3,2,1,2,1,1,0,0,2,1,3,3,2025-03-11,2026-03-24
831e73fffffffff,48.605142,26.673284,3,2,1,2,1,1,0,2,1,0,3,3,2025-09-20,2026-05-27
831e74fffffffff,50.454141,25.162486,2,1,2,0,1,0,0,0,2,0,2,2,2025-06-06,2025-06-06
831e75fffffffff,50.372698,26.872347,3,2,1,2,1,1,0,0,3,0,3,3,2025-12-23,2026-05-13
831e76fffffffff,49.605546,24.235193,10,5,7,3,3,2,0,2,8,0,10,10,2025-06-29,2026-07-31
831ec9fffffffff,40.936562,28.995716,11,3,10,1,2,1,3,7,1,0,11,13,2025-10-14,2026-04-07
831ed9fffffffff,39.184792,25.804510,1,1,1,0,1,0,0,1,0,0,0,1,2025-12-20,2025-12-20
831f05fffffffff,55.335508,12.790269,2,2,0,2,0,2,0,0,1,1,1,2,2026-03-25,2026-07-01
831f1dfffffffff,52.931802,13.878959,2,2,0,2,0,2,0,1,1,0,2,2,2026-07-25,2026-07-26
831f5bfffffffff,51.284509,26.111121,4,2,0,4,0,2,0,0,4,0,4,4,2026-02-07,2026-05-13
832080fffffffff,37.836058,71.004654,1,1,1,0,1,0,0,0,1,0,0,1,2025-06-14,2025-06-14
832082fffffffff,36.683145,70.940818,34,12,24,10,6,6,8,7,18,1,15,76,2025-05-09,2026-07-28
832086fffffffff,37.296443,69.702461,4,14,4,0,13,1,2,1,1,0,3,32,2025-01-21,2026-06-15
832090fffffffff,35.005033,69.624469,306,36,25,281,29,7,4,11,290,1,124,533,2025-01-01,2026-06-22
832091fffffffff,35.537810,70.879270,4,5,0,4,0,5,0,0,4,0,4,6,2026-03-04,2026-07-26
832092fffffffff,33.872173,69.587518,81,22,32,49,7,15,8,28,37,8,78,88,2025-06-12,2026-07-15
832093fffffffff,34.400889,70.819891,356,91,172,184,45,46,37,241,78,0,330,456,2025-01-02,2026-07-28
832094fffffffff,35.599208,68.407428,3,5,3,0,4,1,1,0,1,1,3,18,2025-01-07,2026-07-25
832095fffffffff,36.146728,69.662759,6,5,6,0,4,1,5,1,0,0,2,13,2025-01-17,2026-01-04
832096fffffffff,34.461991,68.391625,0,1,0,0,1,0,0,0,0,0,0,1,2025-03-23,2025-03-23
832098fffffffff,35.426076,73.345785,4,2,0,4,0,2,4,0,0,0,4,4,2026-02-12,2026-04-13
83209afffffffff,34.291903,73.243228,21,6,15,6,4,2,3,15,3,0,18,22,2025-02-13,2026-06-01
83209bfffffffff,34.784531,74.511732,14,10,13,1,9,1,1,4,2,7,14,14,2025-01-20,2026-04-01
83209cfffffffff,36.059319,72.155386,2,1,2,0,1,0,2,0,0,0,2,2,2025-07-27,2025-07-27
83209efffffffff,34.919176,72.072882,440,133,243,197,62,71,108,254,68,10,425,566,2025-01-22,2026-07-31
8320b2fffffffff,36.182383,67.169305,0,6,0,0,6,0,0,0,0,0,0,11,2025-02-20,2025-11-27
8320b3fffffffff,36.744858,68.423810,23,28,23,0,25,3,17,2,4,0,9,81,2025-01-06,2026-06-30
8320b6fffffffff,36.753549,65.910733,3,5,2,1,4,1,0,2,1,0,0,6,2025-06-04,2026-01-07
832752fffffffff,45.421929,-92.811216,1,1,0,1,0,1,0,0,1,0,1,1,2026-01-07,2026-01-07
8329a4fffffffff,32.826164,-117.235722,326,453,241,85,325,128,2,0,2,322,273,530,2025-01-01,2026-07-02
832a10fffffffff,40.858416,-73.781928,2,1,0,2,0,1,0,0,0,2,2,2,2026-03-30,2026-03-30
832c02fffffffff,38.584724,44.616745,5,2,0,5,0,2,2,3,0,0,5,6,2026-05-29,2026-06-11
832c09fffffffff,41.602971,48.517043,1,1,1,0,1,0,0,1,0,0,1,1,2025-04-22,2025-04-22
832c10fffffffff,36.745487,44.116128,51,41,36,15,34,7,6,41,4,0,50,70,2025-01-04,2026-07-18
832c11fffffffff,37.523991,45.008752,9,4,6,3,2,2,4,0,2,3,9,9,2025-06-14,2026-07-11
832c12fffffffff,35.678664,44.507932,41,15,11,30,3,12,15,25,0,1,41,44,2025-02-09,2026-07-05
832c13fffffffff,36.460810,45.390181,28,13,8,20,6,7,1,20,2,5,28,34,2025-01-27,2026-07-30
832c14fffffffff,37.019386,42.818659,11,19,11,0,19,0,0,8,2,1,10,22,2025-01-11,2025-07-24
832c16fffffffff,35.951185,43.231330,4,2,0,4,0,2,2,2,0,0,4,4,2026-03-13,2026-03-28
832c19fffffffff,38.679466,48.198706,55,2,0,55,0,2,5,0,0,50,55,55,2026-01-08,2026-04-05
832c1cfffffffff,38.275552,45.921871,42,4,41,1,3,1,36,0,0,6,42,42,2025-06-13,2026-07-20
832c2dfffffffff,43.604791,43.883742,1,2,1,0,2,0,0,1,0,0,1,4,2025-07-04,2025-08-04
832c30fffffffff,38.347271,41.052915,3,1,0,3,0,1,1,0,2,0,3,3,2026-07-25,2026-07-25
832c32fffffffff,37.281670,41.498490,15,11,6,9,5,6,1,3,11,0,15,15,2025-01-10,2026-07-06
832c50fffffffff,41.992737,50.997771,1,1,0,1,0,1,0,0,0,1,1,1,2026-07-25,2026-07-25
832c72fffffffff,42.699748,48.156295,34,3,3,31,1,2,31,3,0,0,3,43,2025-05-05,2026-05-15
832c76fffffffff,43.022220,46.731733,4,1,4,0,1,0,0,4,0,0,4,4,2025-03-05,2025-03-05
832c80fffffffff,32.200977,46.817661,2,2,0,2,0,2,2,0,0,0,2,2,2026-01-02,2026-05-28
832c81fffffffff,32.980329,47.665805,1,1,1,0,1,0,0,0,1,0,1,1,2025-12-31,2025-12-31
832c83fffffffff,31.920211,47.989991,1,1,1,0,1,0,0,0,1,0,1,1,2025-10-17,2025-10-17
832c85fffffffff,33.265273,46.474813,49,4,4,45,2,2,45,0,4,0,47,49,2025-06-21,2026-03-01
832c89fffffffff,34.004807,50.718875,11,1,0,11,0,1,0,0,5,6,11,11,2026-03-30,2026-03-30
832c8bfffffffff,32.940909,50.993577,760,6,10,750,2,4,0,0,760,0,757,870,2025-06-18,2026-01-08
832c8cfffffffff,33.699131,48.550391,22,4,21,1,3,1,21,0,1,0,22,22,2025-06-15,2026-03-08
832c8dfffffffff,34.386398,49.478687,11,1,0,11,0,1,0,0,11,0,11,11,2026-01-08,2026-01-08
832c91fffffffff,30.078799,47.477294,5,1,0,5,0,1,0,0,5,0,5,5,2026-04-07,2026-04-07
832c93fffffffff,29.022564,47.794689,15,8,0,15,0,8,0,6,4,5,15,15,2026-02-28,2026-07-30
832c98fffffffff,30.580082,49.437510,7,3,0,7,0,3,1,0,0,6,7,7,2026-04-04,2026-07-13
832c99fffffffff,31.230977,50.335815,2,1,0,2,0,1,0,0,2,0,2,2,2026-01-01,2026-01-01
832c9bfffffffff,30.195341,50.604221,1,1,0,1,0,1,1,0,0,0,1,1,2026-02-04,2026-02-04
832c9cfffffffff,30.862394,48.305869,10,5,1,9,1,4,6,0,2,2,9,10,2025-06-25,2026-07-31
832c9dfffffffff,31.612004,49.150850,7,2,0,7,0,2,3,0,0,4,7,7,2026-07-09,2026-07-24
832c9efffffffff,29.807685,48.613735,1,1,0,1,0,1,0,0,1,0,1,1,2026-03-11,2026-03-11
832ca0fffffffff,33.810338,44.024454,17,7,1,16,1,6,6,3,3,5,17,17,2025-05-04,2026-04-07
832ca1fffffffff,34.610606,44.889392,40,16,29,11,11,5,8,32,0,0,38,48,2025-01-01,2026-05-23
832ca2fffffffff,32.739495,44.405663,40,6,0,40,0,6,0,3,1,36,34,42,2026-01-08,2026-07-29
832ca3fffffffff,33.542196,45.260879,7,2,0,7,0,2,0,2,0,5,7,7,2026-01-02,2026-06-11
832ca5fffffffff,34.881201,43.633133,26,7,23,3,6,1,0,24,2,0,26,26,2025-01-10,2026-05-06
832ca6fffffffff,32.995780,43.166911,10,3,0,10,0,3,7,0,1,2,10,10,2026-03-25,2026-06-04
832ca8fffffffff,35.104160,46.991252,8,4,3,5,2,2,2,2,4,0,8,8,2025-04-07,2026-06-29
832ca9fffffffff,35.812566,47.910924,3,1,3,0,1,0,3,0,0,0,3,3,2025-06-13,2025-06-13
832caafffffffff,34.041924,47.333000,50,5,39,11,2,3,49,0,1,0,50,50,2025-06-13,2026-01-10
832cabfffffffff,34.752933,48.235758,12,2,12,0,2,0,10,0,2,0,12,12,2025-06-15,2025-07-01
832cacfffffffff,35.396051,45.761422,36,18,14,22,7,11,9,20,4,3,36,36,2025-05-08,2026-07-30
832cadfffffffff,36.157117,46.646226,9,4,1,8,1,3,5,1,3,0,9,9,2025-06-13,2026-07-29
832caefffffffff,34.330584,46.122847,15,4,7,8,2,2,6,0,9,0,15,15,2025-06-13,2026-05-29
832cb5fffffffff,31.923028,43.557497,4,4,0,4,0,4,3,0,1,0,4,4,2026-02-28,2026-05-01
832ccafffffffff,36.941129,57.189417,12,1,0,12,0,1,0,0,12,0,12,12,2026-01-08,2026-01-08
832cd6fffffffff,33.608469,51.955174,2,1,0,2,0,1,0,0,0,2,2,2,2026-04-07,2026-04-07
832cf2fffffffff,35.075703,50.435158,16,4,5,11,2,2,5,0,0,11,16,16,2025-06-14,2026-04-06
832cf3fffffffff,35.766153,51.420550,528,37,175,353,11,26,52,0,159,317,526,531,2025-06-13,2026-06-08
832cf4fffffffff,36.523281,48.859851,23,4,2,21,1,3,19,0,0,4,23,23,2025-06-18,2026-07-30
832cf5fffffffff,37.235389,49.838906,608,2,0,608,0,2,0,0,2,606,608,3008,2026-01-08,2026-01-08
832d28fffffffff,44.249905,34.129004,14,9,4,10,2,7,4,0,10,0,14,16,2025-09-21,2026-06-05
832d29fffffffff,45.067541,35.074074,11,4,8,3,3,1,11,0,0,0,5,15,2025-06-28,2026-04-02
832d2dfffffffff,45.261514,33.528420,27,10,13,14,4,6,27,0,0,0,16,36,2025-02-26,2026-06-29
832d33fffffffff,39.616921,32.580317,1,1,0,1,0,1,0,1,0,0,1,1,2026-06-23,2026-06-23
832d40fffffffff,47.011126,40.981696,2,1,2,0,1,0,0,0,2,0,2,2,2025-11-24,2025-11-24
832d41fffffffff,47.842612,41.973440,9,4,9,0,4,0,6,0,3,0,5,10,2025-07-03,2025-11-03
832d44fffffffff,47.211133,39.493409,9,7,5,4,3,4,0,0,9,0,9,9,2025-11-24,2026-04-03
832d45fffffffff,48.050915,40.450877,1,1,0,1,0,1,0,0,1,0,1,1,2026-06-18,2026-06-18
832d48fffffffff,48.431864,44.570277,2,2,1,1,1,1,0,0,2,0,2,2,2025-11-05,2026-04-10
832d51fffffffff,44.917252,41.987271,2,1,2,0,1,0,2,0,0,0,2,3,2025-10-22,2025-10-22
832d53fffffffff,43.865012,42.463822,3,2,2,1,1,1,2,1,0,0,2,4,2025-09-27,2026-01-20
832d54fffffffff,44.371774,39.589595,3,2,0,3,0,2,0,0,3,0,3,3,2026-04-16,2026-04-20
832d56fffffffff,43.340940,40.090627,3,2,3,0,2,0,0,0,3,0,3,3,2025-07-23,2025-09-08
832d60fffffffff,48.400105,37.433611,17107,3317,15729,1378,2716,601,14226,1876,1001,4,13216,58641,2025-01-01,2026-07-31
832d61fffffffff,49.255531,38.359864,2662,868,2313,349,757,111,1928,527,203,4,1238,5428,2025-01-03,2026-07-21
832d62fffffffff,47.408785,37.996555,70,36,25,45,13,23,57,4,9,0,45,137,2025-02-08,2026-07-23
832d63fffffffff,48.236589,38.936927,149,59,116,33,43,16,122,8,19,0,70,244,2025-01-09,2026-07-31
832d64fffffffff,48.629402,35.844307,487,210,350,137,155,55,17,258,211,1,470,500,2025-01-01,2026-07-30
832d65fffffffff,49.403766,36.831490,771,357,686,85,324,33,173,517,81,0,635,973,2025-01-01,2026-07-27
832d66fffffffff,47.644221,36.434680,2897,1074,2543,354,954,120,1509,1249,137,2,1763,4910,2025-01-01,2026-07-31
832d6cfffffffff,50.111614,39.328267,1,1,1,0,1,0,0,0,1,0,1,1,2025-05-15,2025-05-15
832d6dfffffffff,50.967125,40.341170,2,2,1,1,1,1,1,0,1,0,2,2,2025-07-15,2026-04-29
832d6efffffffff,49.084714,39.900081,2,2,0,2,0,2,0,0,2,0,2,2,2026-02-28,2026-04-28
832d71fffffffff,46.406467,38.543132,2,1,0,2,0,1,2,0,0,0,1,3,2026-07-20,2026-07-20
832d72fffffffff,44.621848,38.106353,17,6,12,5,3,3,14,0,3,0,11,21,2025-08-21,2026-07-14
832d73fffffffff,45.393877,39.073951,1,1,0,1,0,1,0,0,1,0,1,1,2026-03-18,2026-03-18
832d75fffffffff,46.647414,37.008075,25,14,4,21,3,11,25,0,0,0,17,44,2025-06-18,2026-07-31
832d76fffffffff,44.854055,36.600642,13,2,0,13,0,2,13,0,0,0,10,13,2026-04-30,2026-07-13
832d81fffffffff,34.779863,38.866476,12,6,10,2,4,2,0,9,3,0,12,13,2025-01-07,2026-03-16
832d83fffffffff,33.703893,39.327211,32,1,0,32,0,1,27,0,0,5,32,32,2026-03-12,2026-03-12
832d84fffffffff,34.118158,36.672919,233,91,66,167,33,58,1,26,96,110,223,235,2025-01-21,2026-07-27
832d85fffffffff,34.992745,37.528006,14,12,2,12,2,10,0,0,14,0,12,14,2025-02-14,2026-07-17
832d86fffffffff,33.041504,37.161486,264,17,251,13,9,8,70,125,59,10,249,264,2025-05-28,2026-06-23
832d88fffffffff,35.390960,41.054721,38,13,32,6,9,4,10,19,6,3,38,38,2025-02-10,2026-06-26
832d89fffffffff,36.212800,41.932270,13,9,0,13,2,7,8,4,0,1,13,16,2025-03-03,2026-06-03
832d8afffffffff,34.317223,41.486446,41,22,19,22,11,11,17,12,10,2,41,41,2025-02-12,2026-07-29
832d8bfffffffff,35.141581,42.354672,3,1,0,3,0,1,3,0,0,0,3,3,2026-05-23,2026-05-23
832d8cfffffffff,35.628561,39.734105,46,30,35,11,19,11,11,18,15,2,45,46,2025-02-05,2026-07-21
832d8dfffffffff,36.462702,40.611527,56,31,28,28,15,16,15,21,19,1,55,56,2025-01-09,2026-07-17
832d8efffffffff,34.554447,40.186284,56,38,35,21,21,17,17,19,18,2,56,56,2025-03-10,2026-07-31
832d99fffffffff,33.242429,41.907096,16,6,8,8,4,2,9,7,0,0,16,16,2025-01-22,2026-04-07
832d9dfffffffff,33.478709,40.626926,1,1,1,0,1,0,0,0,1,0,1,1,2025-05-15,2025-05-15
832da2fffffffff,34.305888,35.320488,111,37,13,98,4,33,10,25,16,60,109,111,2025-04-01,2026-06-14
832da3fffffffff,35.192394,36.171966,2321,134,2265,56,89,45,253,256,1810,2,2046,2588,2025-01-05,2026-07-27
832da8fffffffff,36.924212,37.908667,181,49,165,16,35,14,111,21,40,9,181,206,2025-01-01,2026-07-18
832daafffffffff,35.853625,38.393764,295,70,264,31,51,19,191,45,53,6,294,301,2025-01-03,2026-07-28
832dabfffffffff,36.700098,39.269989,46,22,22,24,13,9,10,8,24,4,46,46,2025-01-11,2026-06-26
832daefffffffff,36.065413,37.034750,188,91,74,114,33,58,69,31,67,21,187,189,2025-01-03,2026-07-28
832db0fffffffff,32.330896,34.995441,274,178,200,74,117,61,7,104,123,40,268,299,2025-01-05,2026-07-23
832db1fffffffff,33.230610,35.828679,4609,733,353,4256,214,519,47,823,383,3356,4613,4315,2025-01-01,2026-07-26
832db2fffffffff,31.253514,35.498106,37,36,15,22,16,20,1,9,21,6,37,50,2025-02-02,2026-07-17
832db3fffffffff,32.153317,36.324512,185,32,163,22,18,14,5,16,96,68,182,185,2025-03-17,2026-07-25
832db6fffffffff,31.419848,34.173337,15276,3528,14348,928,3057,471,85,497,3530,11164,14646,15962,2025-01-01,2026-07-31
83316cfffffffff,43.154529,132.121875,3,2,3,0,2,0,3,0,0,0,3,3,2025-05-30,2025-09-14
833828fffffffff,35.996578,1.636457,6,2,0,6,0,2,0,6,0,0,6,6,2026-02-01,2026-03-01
833829fffffffff,36.188900,2.935434,2,1,0,2,0,1,0,2,0,0,2,2,2026-04-13,2026-04-13
833840fffffffff,34.874037,8.531238,5,2,0,5,0,2,0,5,0,0,5,5,2026-01-03,2026-01-22
833846fffffffff,34.745072,7.181145,10,1,0,10,0,1,3,7,0,0,10,10,2026-03-12,2026-03-12
83384bfffffffff,33.176613,12.785050,18,6,0,18,0,6,6,0,0,12,18,18,2026-01-01,2026-06-09
833c02fffffffff,27.470141,85.719233,1,1,1,0,1,0,0,0,1,0,1,1,2025-09-08,2025-09-08
833c19fffffffff,26.416535,88.699504,1,1,1,0,1,0,0,0,1,0,1,1,2025-04-16,2025-04-16
833c1afffffffff,25.009330,87.216768,1,1,1,0,1,0,0,1,0,0,1,1,2025-04-08,2025-04-08
833c1bfffffffff,25.354879,88.401828,1,1,0,1,0,1,1,0,0,0,1,1,2026-01-05,2026-01-05
833c1cfffffffff,26.779022,86.613712,3,1,0,3,0,1,0,0,0,3,3,3,2026-07-26,2026-07-26
833c58fffffffff,28.258830,95.998925,1,1,1,0,1,0,0,1,0,0,1,1,2025-10-21,2025-10-21
833c5afffffffff,27.224783,95.667225,9,5,4,5,3,2,3,6,0,0,9,9,2025-06-05,2026-05-11
833c82fffffffff,19.939667,83.790218,6,3,4,2,2,1,0,6,0,0,6,6,2025-06-30,2026-02-22
833c83fffffffff,20.303607,84.928092,4,1,4,0,1,0,0,4,0,0,4,4,2025-12-25,2025-12-25
833c85fffffffff,22.131163,84.328733,1,1,1,0,1,0,1,0,0,0,1,1,2025-06-14,2025-06-14
833c92fffffffff,17.359757,82.148891,18,4,18,0,4,0,0,18,0,0,18,18,2025-05-07,2025-11-19
833c94fffffffff,19.197356,81.550993,78,15,78,0,15,0,5,70,3,0,78,78,2025-02-09,2025-12-19
833c96fffffffff,18.095791,81.298799,112,35,92,20,30,5,3,89,16,4,112,128,2025-01-09,2026-03-03
833ca1fffffffff,23.924735,83.724472,3,2,3,0,2,0,2,1,0,0,3,3,2025-05-27,2025-09-04
833ca8fffffffff,23.579436,85.759449,23,5,23,0,5,0,1,21,1,0,22,23,2025-04-21,2025-09-15
833ca9fffffffff,23.935176,86.928059,2,1,2,0,1,0,0,2,0,0,2,2,2025-01-22,2025-01-22
833caafffffffff,22.494960,85.479813,56,16,15,41,10,6,6,44,6,0,56,56,2025-01-07,2026-05-04
833cacfffffffff,24.293696,84.877265,4,3,4,0,3,0,0,3,1,0,4,4,2025-02-02,2025-12-28
833caefffffffff,23.216439,84.601736,6,4,6,0,4,0,0,5,1,0,6,6,2025-04-30,2025-09-24
833cb1fffffffff,21.385770,82.062602,1,1,1,0,1,0,0,1,0,0,1,1,2025-01-01,2025-01-01
833cb2fffffffff,19.915218,80.698723,75,19,64,11,16,3,8,62,5,0,74,76,2025-01-05,2026-05-02
833cb3fffffffff,20.294294,81.805586,33,9,32,1,8,1,0,33,0,0,31,34,2025-01-03,2026-04-11
833cb4fffffffff,21.703479,80.094643,5,2,5,0,2,0,0,4,1,0,5,5,2025-06-14,2025-09-16
833cb5fffffffff,22.089682,81.201508,4,1,4,0,1,0,0,4,0,0,4,4,2025-02-19,2025-02-19
833cc0fffffffff,23.439678,92.273842,7,5,0,7,0,5,2,2,0,3,7,7,2026-03-07,2026-07-06
833cc1fffffffff,23.749771,93.478005,20,4,6,14,1,3,0,13,7,0,20,20,2025-04-10,2026-05-17
833cc2fffffffff,22.351431,91.962587,9,9,0,9,0,9,8,1,0,0,9,9,2026-01-05,2026-06-24
833cc3fffffffff,22.665290,93.161309,12,9,2,10,2,7,0,2,10,0,12,28,2025-01-04,2026-07-17
833cc4fffffffff,24.202574,91.383507,7,5,3,4,2,3,6,1,0,0,7,7,2025-03-21,2026-07-15
833cc5fffffffff,24.518198,92.587595,2,1,0,2,0,1,0,0,0,2,2,2,2026-06-01,2026-06-01
833cc6fffffffff,23.120393,91.075400,1,1,0,1,0,1,0,1,0,0,1,1,2026-02-24,2026-02-24
833cc8fffffffff,23.265371,95.572509,144,47,102,42,30,17,0,5,124,15,143,204,2025-02-03,2026-07-30
833cc9fffffffff,23.550832,96.782891,37,9,24,13,5,4,0,0,34,3,37,45,2025-01-20,2026-06-04
833ccafffffffff,22.179760,95.248063,463,140,352,111,95,45,2,21,396,44,463,561,2025-01-03,2026-07-28
833ccbfffffffff,22.470141,96.453728,407,100,402,5,96,4,1,23,282,101,405,492,2025-01-02,2026-07-22
833cccfffffffff,24.050254,94.686860,31,8,18,13,4,4,0,11,10,10,31,31,2025-01-16,2026-06-23
833ccdfffffffff,24.340744,95.899352,100,12,52,48,8,4,0,46,52,2,100,148,2025-01-16,2026-04-21
833ccefffffffff,22.970069,94.364962,90,27,76,14,21,6,0,4,80,6,87,149,2025-01-05,2026-06-12
833cd1fffffffff,21.254217,91.653818,5,5,1,4,1,4,1,0,2,2,5,5,2025-03-14,2026-07-29
833cd5fffffffff,22.028923,90.769808,1,1,0,1,0,1,0,0,0,1,1,1,2026-02-14,2026-02-14
833cd8fffffffff,20.780975,93.728459,130,17,104,26,9,8,0,0,106,24,130,130,2025-01-18,2026-06-22
833cd9fffffffff,21.084659,94.926008,328,118,195,133,87,31,0,33,271,24,327,386,2025-01-07,2026-07-15
833cdafffffffff,19.673641,93.413838,59,30,40,19,18,12,2,0,56,1,59,89,2025-01-03,2026-05-26
833cdbfffffffff,19.980860,94.606338,17,16,13,4,12,4,0,0,17,0,17,167,2025-01-19,2026-05-05
833cdcfffffffff,21.571402,92.847076,15,6,2,13,1,5,1,0,14,0,15,15,2025-09-29,2026-07-03
833cddfffffffff,21.880054,94.045498,65,24,38,27,13,11,0,7,50,8,65,170,2025-02-14,2026-07-22
833cdefffffffff,20.468893,92.535296,133,28,89,44,20,8,4,1,127,1,132,134,2025-01-05,2026-07-02
833ce2fffffffff,24.953377,90.490721,2,2,0,2,0,2,0,0,0,2,2,2,2026-01-16,2026-06-02
833ce4fffffffff,26.749839,89.899803,3,2,1,2,1,1,0,1,0,2,3,3,2025-10-25,2026-01-19
833ce6fffffffff,25.691532,89.595910,4,3,0,4,0,3,0,1,2,1,4,4,2026-03-10,2026-06-21
833ce8fffffffff,25.887580,94.118824,3,3,1,2,1,2,2,0,1,0,3,3,2025-09-04,2026-07-13
833ce9fffffffff,26.178270,95.337985,22,2,22,0,2,0,0,22,0,0,22,22,2025-04-27,2025-07-13
833ceafffffffff,24.824102,93.797174,35,17,2,33,1,16,4,6,18,7,29,35,2025-09-19,2026-07-11
833cebfffffffff,25.119882,95.011199,24,8,1,23,1,7,13,0,4,7,22,25,2025-01-28,2026-07-06
833cedfffffffff,26.939549,94.442965,1,1,0,1,0,1,0,0,0,1,1,1,2026-05-14,2026-05-14
833ceefffffffff,25.586271,92.903855,4,2,4,0,2,0,0,3,1,0,4,4,2025-04-29,2025-08-30
833cf0fffffffff,23.543943,88.995846,8,8,0,8,0,8,4,1,1,2,8,8,2026-01-05,2026-07-18
833cf1fffffffff,23.877666,90.185930,27,17,12,15,6,11,6,2,2,17,27,27,2025-01-01,2026-07-26
833cf2fffffffff,22.456073,88.699643,2,2,0,2,0,2,2,0,0,0,2,2,2026-05-04,2026-05-04
833cf3fffffffff,22.792366,89.883678,7,6,0,7,0,6,4,0,1,2,7,7,2026-03-04,2026-06-12
833cf4fffffffff,24.283100,88.106734,2,2,0,2,0,2,0,2,0,0,2,2,2026-05-05,2026-05-21
833cf5fffffffff,24.622671,89.294597,8,7,0,8,0,7,4,4,0,0,8,8,2026-01-21,2026-06-03
833cf6fffffffff,23.201900,87.814204,1,1,0,1,0,1,1,0,0,0,1,1,2026-05-04,2026-05-04
833d14fffffffff,31.266975,76.460320,1,1,0,1,0,1,0,0,1,0,1,1,2026-03-18,2026-03-18
833d16fffffffff,30.175656,76.313243,2,2,0,2,0,2,0,0,0,2,2,2,2026-01-28,2026-03-19
833d30fffffffff,33.015739,75.513111,26,16,18,8,11,5,10,13,2,1,24,27,2025-02-18,2026-02-22
833d31fffffffff,33.480955,76.769597,6,4,0,6,0,4,0,6,0,0,6,6,2026-01-30,2026-02-04
833d32fffffffff,31.905411,75.377884,12,10,3,9,3,7,4,2,2,4,12,12,2025-02-26,2026-05-14
833d34fffffffff,33.657068,74.390034,96,40,64,32,25,15,21,46,23,6,92,97,2025-01-30,2026-07-31
833d35fffffffff,34.135792,75.653037,33,4,32,1,3,1,1,6,26,0,33,33,2025-04-22,2026-07-22
833d36fffffffff,32.539041,74.272476,17,9,17,0,9,0,7,1,0,9,15,17,2025-02-11,2025-05-12
833d9bfffffffff,22.780331,80.342733,3,2,3,0,2,0,0,3,0,0,3,3,2025-02-09,2025-04-02
833da1fffffffff,28.471879,77.199724,18,6,14,4,2,4,2,0,14,2,18,18,2025-10-30,2026-03-19
833e62fffffffff,29.699842,31.237054,3,1,3,0,1,0,0,2,1,0,3,3,2025-07-20,2025-07-20
833e6cfffffffff,30.342939,34.682406,2,2,0,2,0,2,0,0,1,1,2,2,2026-01-02,2026-01-03
833ea4fffffffff,25.185062,17.057249,6,2,0,6,0,2,3,0,0,3,6,6,2026-01-31,2026-05-23
833eb6fffffffff,22.112874,13.970309,4,1,0,4,0,1,2,2,0,0,4,33,2026-06-19,2026-06-19
833edafffffffff,16.882093,26.834211,58,4,26,32,2,2,0,0,15,43,58,58,2025-11-16,2026-06-18
833edbfffffffff,16.814258,28.035714,11,2,0,11,0,2,0,0,11,0,11,11,2026-05-01,2026-07-04
833f33fffffffff,35.297463,15.485755,0,1,0,0,1,0,0,0,0,0,0,2,2025-10-12,2025-10-12
833fa4fffffffff,32.137704,12.163862,1,1,0,1,0,1,0,0,1,0,1,1,2026-02-03,2026-02-03
834048fffffffff,25.679645,97.448282,14,4,13,1,3,1,0,0,14,0,14,14,2025-01-20,2026-02-04
834049fffffffff,25.405172,96.228597,126,33,115,11,22,11,0,0,54,72,96,136,2025-01-08,2026-05-19
83404bfffffffff,26.457993,96.560250,15,1,15,0,1,0,0,0,15,0,15,15,2025-01-11,2025-01-11
83404dfffffffff,24.620896,97.114408,110,11,54,56,6,5,0,0,86,24,110,143,2025-02-19,2026-06-17
834069fffffffff,22.750852,97.661434,25,9,25,0,9,0,0,0,23,2,25,25,2025-05-12,2025-10-18
83406bfffffffff,23.826126,97.995035,6,1,6,0,1,0,0,0,6,0,6,6,2025-07-30,2025-07-30
83406dfffffffff,21.941547,98.534615,2,1,0,2,0,1,0,0,2,0,2,2,2026-07-13,2026-07-13
834200fffffffff,26.283629,62.954275,99,117,59,40,77,40,20,40,32,7,87,327,2025-01-04,2026-07-30
834201fffffffff,26.819115,63.987813,117,46,28,89,25,21,8,76,21,12,101,147,2025-02-17,2026-07-29
834202fffffffff,25.253087,63.023708,23,12,12,11,8,4,5,10,8,0,21,48,2025-02-10,2026-05-03
834203fffffffff,25.779369,64.042038,34,49,30,4,40,9,8,10,9,7,28,110,2025-02-01,2026-07-23
834205fffffffff,27.327609,62.882664,18,7,12,6,3,4,4,7,2,5,16,18,2025-03-01,2026-06-29
834206fffffffff,25.746457,61.940836,35,61,32,3,50,11,11,9,14,1,30,155,2025-01-11,2026-07-23
834208fffffffff,26.825262,66.136680,41,20,18,23,11,9,10,21,9,1,32,85,2025-06-03,2026-07-28
834209fffffffff,27.343362,67.212650,54,17,33,21,10,7,3,37,10,4,43,68,2025-01-26,2026-07-31
83420afffffffff,25.782011,66.157910,31,2,6,25,1,1,11,14,6,0,25,31,2025-05-18,2026-07-08
83420cfffffffff,27.352156,65.041361,6,10,3,3,4,6,1,0,4,1,3,22,2025-02-19,2026-07-25
83420dfffffffff,27.881968,66.114773,76,24,33,43,11,13,21,41,13,1,57,170,2025-03-05,2026-07-08
83420efffffffff,26.303676,65.079743,20,58,20,0,42,16,8,9,2,1,15,193,2025-01-14,2026-05-18
834215fffffffff,24.725551,62.024841,27,14,2,25,5,9,8,7,12,0,27,70,2025-01-12,2026-07-03
83421dfffffffff,25.268807,65.116950,0,2,0,0,1,1,0,0,0,0,0,3,2025-11-01,2026-06-25
834220fffffffff,28.320935,60.635141,15,6,3,12,2,4,7,6,2,0,14,15,2025-07-01,2026-07-03
834221fffffffff,28.888638,61.672699,5,4,2,3,2,2,2,0,3,0,4,5,2025-07-20,2026-07-20
834222fffffffff,27.270497,60.742508,23,9,14,9,6,3,13,8,2,0,22,23,2025-03-10,2026-07-30
834223fffffffff,27.828448,61.764891,12,5,8,4,3,2,9,3,0,0,11,12,2025-08-10,2026-07-01
834225fffffffff,29.383635,60.524331,23,12,11,12,7,5,2,13,8,0,22,36,2025-04-18,2026-06-08
834226fffffffff,27.751768,59.619783,13,7,7,6,3,4,9,2,2,0,12,13,2025-07-05,2026-06-04
834228fffffffff,28.938084,63.874121,61,17,29,32,6,11,11,35,14,1,41,79,2025-09-24,2026-07-30
834229fffffffff,29.488116,64.960849,62,17,30,32,11,6,19,40,2,1,50,188,2025-01-28,2026-07-31
83422afffffffff,27.872176,63.931868,45,15,9,36,4,11,15,23,7,0,45,65,2025-02-09,2026-07-31
83422bfffffffff,28.413800,65.001750,284,45,27,257,20,25,9,243,28,4,185,973,2025-02-01,2026-07-28
83422efffffffff,28.384581,62.808772,15,6,9,6,4,2,2,6,7,0,10,92,2025-01-06,2026-07-24
834231fffffffff,26.232814,60.846588,2,2,1,1,1,1,0,0,2,0,1,2,2025-10-02,2026-01-29
834233fffffffff,25.208333,60.947531,4,3,4,0,3,0,0,4,0,0,4,4,2025-02-25,2025-07-29
834240fffffffff,29.952624,70.601916,50,16,39,11,7,9,1,22,3,24,48,556,2025-02-18,2026-07-28
834243fffffffff,29.365059,71.700680,14,1,14,0,1,0,0,6,0,8,14,14,2025-05-07,2025-05-07
834244fffffffff,30.534128,69.484031,20,6,7,13,3,3,5,14,1,0,19,25,2025-05-26,2026-06-06
834245fffffffff,31.048357,70.653675,42,17,33,9,13,4,9,33,0,0,42,45,2025-01-20,2026-07-31
834246fffffffff,29.443912,69.451789,7,4,6,1,3,1,0,5,2,0,6,9,2025-04-29,2026-07-19
834249fffffffff,30.805520,75.247125,2,2,0,2,0,2,1,0,1,0,2,2,2026-03-29,2026-06-01
83424bfffffffff,29.716737,75.120616,0,1,0,0,1,0,0,0,0,0,0,1,2025-05-07,2025-05-07
83424cfffffffff,30.947098,72.956046,1,1,0,1,0,1,0,1,0,0,1,1,2026-04-29,2026-04-29
83424dfffffffff,31.431186,74.158850,6,5,4,2,3,2,1,3,0,2,6,6,2025-03-02,2026-03-09
834252fffffffff,26.248961,69.361093,1,1,0,1,0,1,0,0,1,0,1,1,2026-05-22,2026-05-22
834254fffffffff,27.857192,68.307394,7,7,1,6,4,3,2,0,5,0,6,14,2025-10-07,2026-07-07
834255fffffffff,28.365957,69.420585,8,7,0,8,2,5,5,0,0,3,8,26,2025-01-20,2026-07-18
834256fffffffff,26.798765,68.294898,2,1,2,0,1,0,2,0,0,0,2,2,2025-11-12,2025-11-12
834260fffffffff,32.215989,68.361634,140,15,55,85,3,12,11,52,9,68,94,1113,2025-02-01,2026-06-30
834261fffffffff,32.748922,69.551837,724,170,445,279,103,67,183,441,93,7,684,869,2025-01-05,2026-07-31
834262fffffffff,31.108663,68.347392,1,1,1,0,1,0,0,0,1,0,1,1,2025-01-20,2025-01-20
834263fffffffff,31.636011,69.517361,99,15,77,22,10,5,9,88,2,0,96,105,2025-01-11,2026-07-27
834265fffffffff,33.334001,68.376369,1,2,1,0,1,1,0,0,1,0,1,2,2025-08-21,2026-02-21
834268fffffffff,32.666011,71.916351,14,4,8,6,3,1,0,14,0,0,14,14,2025-05-23,2026-01-30
834269fffffffff,33.166852,73.144203,39,2,0,39,0,2,1,0,38,0,37,41,2026-02-06,2026-07-05
83426cfffffffff,33.273178,70.762568,1483,333,934,549,198,135,358,965,131,29,1427,1668,2025-01-01,2026-07-31
83426dfffffffff,33.787815,71.993253,175,76,91,84,42,34,42,113,16,4,174,214,2025-01-07,2026-07-27
83426efffffffff,32.155430,70.707195,628,208,438,190,128,80,148,440,31,9,622,664,2025-01-01,2026-07-30
834270fffffffff,29.484906,67.202876,312,111,195,117,65,46,94,176,37,5,278,627,2025-01-12,2026-07-31
834271fffffffff,30.012685,68.333620,119,24,55,64,14,10,8,90,18,3,107,127,2025-01-08,2026-07-13
834272fffffffff,28.407747,67.207842,19,14,12,7,11,3,2,3,9,5,16,64,2025-03-01,2026-07-19
834273fffffffff,28.928672,68.320294,19,14,7,12,7,7,2,11,6,0,13,27,2025-10-09,2026-07-01
834274fffffffff,30.033813,66.068798,60,30,13,47,9,21,25,28,6,1,55,109,2025-01-30,2026-07-28
834275fffffffff,30.574295,67.197746,353,65,75,278,25,40,103,168,40,42,308,454,2025-01-27,2026-07-30
834276fffffffff,28.951658,66.092158,144,58,103,41,40,18,17,113,14,0,127,209,2025-01-16,2026-07-22
8342e0fffffffff,24.722909,68.271049,1,2,1,0,1,1,0,1,0,0,1,3,2025-05-18,2026-06-21
8342e4fffffffff,25.254847,67.221825,35,16,13,22,8,8,9,19,7,0,34,38,2025-01-29,2026-07-21
8342e5fffffffff,25.753863,68.282789,0,1,0,0,1,0,0,0,0,0,0,2,2025-12-19,2025-12-19
83430cfffffffff,30.807476,57.013085,80,1,0,80,0,1,0,0,80,0,80,80,2026-01-08,2026-01-08
834310fffffffff,26.916276,54.487691,7,2,0,7,0,2,0,0,1,6,7,7,2026-04-06,2026-07-12
834311fffffffff,27.505089,55.417043,7,1,0,7,0,1,0,0,1,6,7,7,2026-07-16,2026-07-16
834313fffffffff,26.484345,55.600150,5,1,0,5,0,1,0,0,0,5,5,5,2026-03-29,2026-03-29
834319fffffffff,28.224067,58.486760,1,1,1,0,1,0,0,0,1,0,1,1,2025-08-31,2025-08-31
83431efffffffff,27.063302,56.539997,252,14,0,252,0,14,10,0,215,27,252,272,2026-01-08,2026-07-30
834320fffffffff,31.481024,52.456213,40,1,0,40,0,1,0,0,40,0,40,60,2026-01-08,2026-01-08
834321fffffffff,32.126655,53.420732,17166,12,866,16300,2,10,1318,0,1737,14111,17038,14552,2025-06-13,2026-07-08
834324fffffffff,31.884740,51.259675,50,1,0,50,0,1,0,0,50,0,50,70,2026-01-08,2026-01-08
834325fffffffff,32.540603,52.209696,4725,6,0,4725,0,6,0,0,4410,315,4725,4775,2026-01-08,2026-03-14
834326fffffffff,30.836993,51.517557,5,1,0,5,0,1,0,0,0,5,5,5,2026-04-05,2026-04-05
834331fffffffff,29.389396,52.926664,93,4,0,93,0,4,1,0,92,0,93,93,2026-01-01,2026-03-25
834334fffffffff,29.168875,50.864602,6,3,0,6,0,3,1,0,4,1,6,6,2026-03-29,2026-07-08
834335fffffffff,29.798322,51.767586,14,1,0,14,0,1,0,0,14,0,14,14,2026-01-08,2026-01-08
834340fffffffff,33.845396,62.400960,16,9,1,15,4,5,1,2,13,0,16,39,2025-01-05,2026-06-12
834341fffffffff,34.440538,63.555037,2,3,2,0,3,0,0,0,2,0,2,6,2025-01-22,2025-06-22
834345fffffffff,34.968321,62.310784,3,1,0,3,0,1,2,1,0,0,0,3,2026-01-12,2026-01-12
834349fffffffff,35.041632,67.175398,1,1,0,1,0,1,1,0,0,0,1,1,2026-05-05,2026-05-05
83434afffffffff,33.349172,65.993868,0,1,0,0,0,1,0,0,0,0,0,1,2026-07-16,2026-07-16
83434dfffffffff,35.610112,65.939438,0,1,0,0,1,0,0,0,0,0,0,1,2025-12-26,2025-12-26
83434efffffffff,33.900532,64.782994,1,3,1,0,2,1,0,0,1,0,1,3,2025-02-22,2026-07-11
834350fffffffff,31.044825,61.479181,2,2,1,1,1,1,0,0,2,0,2,2,2025-07-12,2026-04-20
834351fffffffff,31.628275,62.572267,0,1,0,0,1,0,0,0,0,0,0,1,2025-01-12,2025-01-12
834358fffffffff,31.672541,64.874915,0,1,0,0,1,0,0,0,0,0,0,1,2025-01-28,2025-01-28
834359fffffffff,32.233207,66.019695,1,1,1,0,1,0,0,0,1,0,1,1,2025-02-01,2025-02-01
83435bfffffffff,31.127868,66.044657,120,18,76,44,9,9,35,25,53,7,79,146,2025-07-12,2026-06-14
83435dfffffffff,32.781426,64.829741,84,7,5,79,3,4,3,2,79,0,41,356,2025-03-01,2026-06-28
834360fffffffff,35.983915,59.776952,3,2,0,3,0,2,2,0,1,0,3,3,2026-01-09,2026-07-10
83436bfffffffff,36.166465,64.684438,2,4,2,0,3,1,0,0,2,0,2,8,2025-06-15,2026-01-01
834374fffffffff,33.602803,57.716990,1,1,0,1,0,1,1,0,0,0,1,1,2026-02-13,2026-02-13
83439cfffffffff,21.138630,57.465549,5,2,0,5,0,2,0,0,5,0,5,5,2026-06-10,2026-07-24
8343a0fffffffff,24.347786,53.985713,10,8,0,10,0,8,0,0,6,4,10,10,2026-02-28,2026-04-03
8343a8fffffffff,25.035695,56.866687,1,1,0,1,0,1,0,0,1,0,1,1,2026-04-01,2026-04-01
8343a9fffffffff,25.593414,57.803831,1,1,0,1,0,1,1,0,0,0,1,1,2026-07-12,2026-07-12
8343aafffffffff,24.041134,57.022924,2,1,0,2,0,1,0,0,2,0,2,2,2026-03-13,2026-03-13
8343acfffffffff,25.475750,55.777872,1,1,0,1,0,1,0,0,1,0,1,1,2026-03-07,2026-03-07
834450fffffffff,30.678918,-88.136517,3,1,0,3,0,1,0,0,3,0,3,3,2026-01-30,2026-01-30
834505fffffffff,17.525645,-87.955301,7,5,0,7,0,5,0,1,0,6,7,7,2026-01-25,2026-04-21
834509fffffffff,21.135584,-89.179291,3,1,0,3,0,1,0,0,0,3,3,3,2026-01-06,2026-01-06
83450afffffffff,20.787957,-87.249867,7,5,1,6,1,4,0,0,6,1,7,7,2025-01-25,2026-03-30
83450efffffffff,19.698913,-87.488567,1,1,0,1,0,1,0,0,0,1,1,1,2026-01-09,2026-01-09
834520fffffffff,15.364307,-88.408284,5,2,4,1,1,1,0,2,1,2,5,5,2025-03-20,2026-01-12
834521fffffffff,16.045712,-89.229137,4,3,0,4,0,3,0,0,0,4,4,4,2026-02-06,2026-03-05
834522fffffffff,15.758281,-87.375152,5,2,0,5,0,2,0,0,1,4,5,5,2026-02-15,2026-03-11
834523fffffffff,16.443079,-88.183476,1,1,0,1,0,1,0,0,0,1,1,1,2026-02-06,2026-02-06
834525fffffffff,14.961994,-89.446710,2,2,1,1,1,1,0,0,2,0,2,2,2025-08-13,2026-05-25
834526fffffffff,14.689042,-87.603607,2,1,0,2,0,1,0,0,0,2,2,2,2026-01-04,2026-01-04
834529fffffffff,18.530085,-90.707833,9,4,0,9,0,4,0,0,0,9,9,9,2026-05-08,2026-05-09
83452afffffffff,18.225177,-88.784024,1,1,0,1,0,1,0,0,0,1,1,1,2026-04-21,2026-04-21
83452dfffffffff,17.424673,-90.919932,4,2,4,0,2,0,0,0,0,4,2,4,2025-03-04,2025-06-24
83452efffffffff,17.133711,-89.008265,2,1,0,2,0,1,0,0,0,2,2,2,2026-02-21,2026-02-21
834531fffffffff,16.143678,-86.347941,20,1,0,20,0,1,0,0,20,0,20,20,2026-05-20,2026-05-20
8345b2fffffffff,18.228886,-77.700132,8,3,0,8,0,3,0,0,2,6,8,8,2026-01-01,2026-06-10
834800fffffffff,24.486527,-108.224634,92,95,67,25,75,20,0,1,5,86,79,113,2025-03-23,2026-07-19
834802fffffffff,25.012661,-107.059721,1774,1128,1377,397,765,363,36,51,73,1614,916,1799,2025-01-01,2026-07-28
834803fffffffff,25.666045,-108.148854,19,13,18,1,12,1,0,2,0,17,18,20,2025-01-02,2026-05-01
834806fffffffff,23.833779,-107.145242,77,54,67,10,45,9,3,0,1,73,70,81,2025-01-03,2026-07-04
834808fffffffff,26.946629,-110.360847,5,4,4,1,3,1,1,0,0,4,3,5,2025-01-01,2026-05-15
834809fffffffff,27.572147,-111.482375,1,1,1,0,1,0,0,0,0,1,1,1,2025-02-05,2025-02-05
83480dfffffffff,26.394882,-111.527414,12,7,12,0,7,0,0,0,1,11,7,12,2025-06-04,2025-12-14
83480efffffffff,26.310986,-109.249444,19,8,19,0,8,0,0,0,0,19,19,20,2025-04-09,2025-07-26
834810fffffffff,24.860067,-104.812068,2,2,2,0,2,0,0,0,0,2,2,2,2025-07-21,2025-07-22
834814fffffffff,23.684091,-104.918162,6,5,6,0,5,0,0,0,1,5,6,6,2025-07-19,2025-10-23
834815fffffffff,24.351711,-105.982640,14,8,13,1,7,1,0,1,1,12,14,16,2025-01-05,2026-01-12
834816fffffffff,24.184486,-103.751678,3,1,0,3,0,1,2,1,0,0,3,3,2026-01-06,2026-01-06
834818fffffffff,27.367770,-106.883771,26,12,23,3,10,2,0,0,0,26,19,26,2025-02-04,2026-06-29
834819fffffffff,28.020956,-107.992908,7,4,6,1,3,1,0,0,0,7,6,7,2025-07-28,2026-04-28
83481afffffffff,27.880009,-105.686785,11,4,7,4,3,1,0,0,0,11,11,11,2025-07-22,2026-05-17
83481bfffffffff,28.541998,-106.793249,47,26,33,14,16,10,0,0,0,47,38,47,2025-04-07,2026-07-12
83481cfffffffff,26.190992,-106.972580,51,36,33,18,24,12,2,3,0,46,45,52,2025-01-01,2026-07-28
83481dfffffffff,26.844522,-108.071626,5,2,4,1,1,1,0,0,0,5,5,5,2025-04-29,2026-04-15
83481efffffffff,26.705640,-105.787272,26,16,20,6,10,6,0,0,0,26,19,26,2025-07-21,2026-07-28
834823fffffffff,22.772018,-109.443110,3,1,0,3,0,1,0,0,0,3,3,3,2026-07-12,2026-07-12
83482afffffffff,24.588189,-110.470845,4,4,2,2,2,2,0,0,1,3,3,4,2025-05-09,2026-02-25
83482bfffffffff,25.216107,-111.571599,4,4,4,0,4,0,0,0,0,4,4,4,2025-07-01,2025-09-28
834832fffffffff,22.508542,-105.022318,2,1,2,0,1,0,0,2,0,0,2,2,2025-11-22,2025-11-22
834833fffffffff,23.174155,-106.077624,92,42,58,34,30,12,19,24,2,47,87,100,2025-01-03,2026-07-04
83484afffffffff,31.676681,-117.225204,6,1,6,0,1,0,0,0,0,6,6,6,2025-10-13,2025-10-13
834855fffffffff,28.789673,-113.752841,1,1,1,0,1,0,0,0,0,1,1,1,2025-12-11,2025-12-11
834856fffffffff,28.746910,-111.436458,15,13,13,2,11,2,0,0,3,12,14,15,2025-01-07,2026-02-24
834859fffffffff,32.273162,-116.052018,2,1,2,0,1,0,0,0,0,2,2,2,2025-03-30,2025-03-30
83485bfffffffff,32.859609,-114.861477,21,11,21,0,11,0,4,0,1,16,21,21,2025-01-20,2025-05-08
83485cfffffffff,30.545154,-114.887542,808,5,808,0,5,0,1,0,2,805,3,648,2025-01-01,2025-11-01
834872fffffffff,27.011614,-112.647641,6,5,3,3,2,3,0,0,0,6,5,6,2025-05-02,2026-04-07
8348a2fffffffff,25.622239,-100.219346,6,2,0,6,0,2,0,1,0,5,6,6,2026-04-13,2026-05-03
8348acfffffffff,26.530785,-103.514985,1,1,0,1,0,1,0,0,0,1,1,1,2026-04-08,2026-04-08
8348b1fffffffff,26.078484,-99.034160,2,1,2,0,1,0,0,2,0,0,2,2,2025-03-17,2025-03-17
8348b2fffffffff,25.804647,-96.838410,1,1,0,1,0,1,0,0,1,0,1,1,2026-02-02,2026-02-02
8348b3fffffffff,26.522410,-97.846763,2,2,0,2,0,2,0,0,1,1,2,2,2026-04-14,2026-04-30
8348b4fffffffff,24.211374,-98.182947,5,3,4,1,2,1,1,0,1,3,5,5,2025-01-12,2026-06-09
8348c6fffffffff,32.039651,-106.510886,417,354,302,115,242,112,5,5,2,405,323,432,2025-01-01,2026-07-31
8348e4fffffffff,28.664317,-109.114057,2,1,2,0,1,0,0,0,0,2,2,2,2025-07-17,2025-07-17
8348e5fffffffff,29.297002,-110.246541,449,4,449,0,4,0,0,3,0,446,3,449,2025-02-01,2025-09-12
8348e6fffffffff,29.194358,-107.912657,15,6,8,7,3,3,0,0,0,15,14,15,2025-06-28,2026-07-28
8348f1fffffffff,30.878893,-106.606859,3,2,2,1,1,1,0,0,0,3,3,3,2025-02-06,2026-04-10
8348f4fffffffff,29.051327,-105.584357,659,24,645,14,17,7,1,3,1,654,33,655,2025-01-01,2026-06-27
8348f6fffffffff,29.548269,-104.367214,3,3,2,1,2,1,0,0,0,3,3,3,2025-07-06,2026-02-24
834980fffffffff,19.804142,-100.933363,271,250,241,30,226,24,6,1,11,253,193,356,2025-01-01,2026-07-29
834981fffffffff,20.484742,-101.934961,273,291,212,61,189,102,2,0,11,260,208,448,2025-01-01,2026-07-21
834982fffffffff,20.277754,-99.800707,8,6,0,8,0,6,0,0,0,8,8,8,2026-01-07,2026-05-05
834983fffffffff,20.965090,-100.795593,1289,414,1176,113,326,88,6,0,13,1270,318,1160,2025-01-01,2026-06-30
834984fffffffff,18.646470,-101.068745,16,5,7,9,3,2,0,0,0,16,16,16,2025-02-10,2026-04-21
834985fffffffff,19.322020,-102.062525,622,67,606,16,60,7,9,9,3,601,87,604,2025-01-01,2026-06-05
834986fffffffff,19.122013,-99.946083,9,8,2,7,3,5,0,0,3,6,9,10,2025-03-20,2026-07-28
834988fffffffff,22.332469,-102.828971,25,10,13,12,6,4,0,0,0,25,21,26,2025-02-04,2026-06-01
83498bfffffffff,23.503389,-102.705163,9,2,9,0,2,0,0,0,0,9,0,9,2025-07-23,2025-11-23
83498cfffffffff,21.162937,-102.950563,19,7,18,1,6,1,1,2,16,0,5,19,2025-05-10,2026-07-07
83498efffffffff,21.650295,-101.805119,25,23,15,10,19,4,0,0,2,23,18,35,2025-01-20,2026-05-14
834990fffffffff,20.047426,-97.693553,10,4,9,1,3,1,1,0,5,4,8,10,2025-01-05,2026-01-08
834991fffffffff,20.742318,-98.665428,2,2,0,2,0,2,0,0,0,2,2,2,2026-01-07,2026-05-05
834992fffffffff,20.496301,-96.565416,1,1,0,1,0,1,0,0,0,1,1,1,2026-01-27,2026-01-27
834993fffffffff,21.197329,-97.528411,43,12,35,8,5,7,0,0,0,43,8,43,2025-01-01,2026-04-15
834994fffffffff,18.900203,-97.855896,38,20,34,4,18,2,6,6,7,19,38,38,2025-01-02,2026-07-11
834995fffffffff,19.589170,-98.820732,144,110,22,122,13,97,8,6,2,128,139,144,2025-01-06,2026-07-30
834996fffffffff,19.352447,-96.737338,12,8,1,11,1,7,1,0,2,9,12,12,2025-05-16,2026-07-02
83499bfffffffff,23.757678,-99.348987,3,2,0,3,0,2,0,1,0,2,3,3,2026-05-17,2026-07-05
83499cfffffffff,21.436256,-99.652776,6,2,0,6,0,2,0,0,1,5,6,6,2026-04-16,2026-04-19
83499dfffffffff,22.128352,-100.655371,4,2,2,2,1,1,0,4,0,0,4,4,2025-09-19,2026-01-27
83499efffffffff,21.897710,-98.507409,1,1,0,1,0,1,0,0,0,1,1,1,2026-02-03,2026-02-03
8349a2fffffffff,17.493021,-101.201798,10,4,3,7,1,3,0,0,0,10,10,10,2025-01-07,2026-04-27
8349a3fffffffff,18.163090,-102.187870,3,2,0,3,0,2,0,0,1,2,3,3,2026-02-17,2026-02-24
8349a8fffffffff,19.498793,-104.199849,31,24,29,2,22,2,0,1,1,29,5,188,2025-02-01,2026-03-19
8349a9fffffffff,20.162718,-105.225024,2,1,0,2,0,1,0,0,2,0,2,2,2026-04-18,2026-04-18
8349aafffffffff,19.995777,-103.070000,4,2,4,0,2,0,0,0,2,2,2,4,2025-02-13,2025-04-24
8349abfffffffff,20.666870,-104.090819,1,1,1,0,1,0,0,0,1,0,1,1,2025-05-13,2025-05-13
8349aefffffffff,18.831963,-103.187335,13,6,13,0,6,0,5,3,3,2,11,15,2025-02-25,2025-12-06
8349b0fffffffff,17.293389,-99.123463,127,78,82,45,51,27,0,2,13,112,115,129,2025-01-22,2026-07-29
8349b1fffffffff,17.969981,-100.088969,4,4,0,4,0,4,0,0,1,3,4,4,2026-02-05,2026-03-28
8349b2fffffffff,17.756592,-98.015508,2,2,1,1,1,1,0,0,0,2,2,2,2025-01-12,2026-04-27
8349b3fffffffff,18.439216,-98.973389,60,29,22,38,13,16,4,1,4,51,50,61,2025-01-05,2026-07-29
8349b4fffffffff,16.152601,-99.271017,11,8,4,7,2,6,0,0,3,8,7,11,2025-05-28,2026-06-28
8349b5fffffffff,16.822587,-100.229426,541,387,388,153,264,123,1,0,2,538,335,545,2025-01-01,2026-07-31
8349b6fffffffff,16.617509,-98.172454,12,9,0,12,0,9,0,0,2,10,12,12,2026-03-11,2026-07-23
834c88fffffffff,20.060952,-71.907629,10,6,0,10,0,6,0,7,2,1,9,10,2026-04-16,2026-07-15
834c89fffffffff,19.483139,-71.049910,3,3,0,3,0,3,0,0,1,2,3,3,2026-01-27,2026-05-19
834c8afffffffff,19.777181,-72.853049,57,15,39,18,12,3,0,20,34,3,47,57,2025-01-18,2026-05-24
834c8bfffffffff,19.199397,-71.990084,218,29,192,26,20,9,3,87,99,29,203,224,2025-01-28,2026-07-31
834cc5fffffffff,18.257386,-66.680514,1,1,0,1,0,1,0,0,0,1,1,1,2026-03-04,2026-03-04
834cd4fffffffff,18.898811,-70.194667,7,8,0,7,0,8,0,0,4,3,7,8,2026-01-13,2026-07-17
834cd5fffffffff,18.308418,-69.342269,1,1,0,1,0,1,0,0,0,1,1,1,2026-02-07,2026-02-07
83520afffffffff,16.930050,45.351129,65,29,37,28,18,11,35,11,13,6,56,68,2025-01-10,2026-07-26
835218fffffffff,16.248830,43.573617,36,17,14,22,8,9,0,3,33,0,23,36,2025-04-01,2026-07-28
835219fffffffff,16.100595,44.623786,64,29,51,13,20,9,22,17,17,8,52,66,2025-01-31,2026-07-29
83521afffffffff,15.406815,42.849884,104,9,101,3,8,1,0,1,95,8,96,110,2025-01-10,2026-07-27
83521bfffffffff,15.267504,43.901474,264,38,251,13,31,7,5,81,138,40,160,332,2025-03-15,2026-06-06
83521cfffffffff,17.241482,43.238452,122,76,86,36,52,24,12,18,81,11,117,122,2025-01-12,2026-07-19
83521dfffffffff,17.087455,44.302767,108,12,96,12,9,3,5,12,90,1,89,123,2025-03-15,2026-07-25
83521efffffffff,16.393737,42.508024,2,1,2,0,1,0,2,0,0,0,2,2,2025-06-03,2025-06-03
835240fffffffff,17.842674,50.819794,10,2,2,8,1,1,0,7,0,3,7,10,2025-12-04,2026-07-17
83524afffffffff,15.760899,52.221563,1,1,0,1,0,1,0,1,0,0,1,1,2026-02-12,2026-02-12
835250fffffffff,16.440896,48.397448,1,1,0,1,0,1,0,0,1,0,1,1,2026-01-02,2026-01-02
835251fffffffff,16.273271,49.379207,23,4,15,8,3,1,15,0,0,8,19,23,2025-12-03,2026-01-02
835252fffffffff,15.639069,47.678435,414,34,382,32,28,6,20,365,20,9,83,1126,2025-01-04,2026-07-21
835253fffffffff,15.480639,48.663843,112,9,103,9,6,3,53,49,10,0,77,112,2025-12-03,2026-06-09
835256fffffffff,16.606444,47.398721,2,2,1,1,1,1,1,0,0,1,2,2,2025-04-13,2026-03-10
83525afffffffff,14.379555,49.880347,15,6,14,1,5,1,5,7,1,2,13,15,2025-12-25,2026-01-29
83525efffffffff,15.320403,49.632539,10,4,9,1,3,1,5,4,0,1,9,10,2025-12-25,2026-04-23
835280fffffffff,13.087365,38.566318,46,7,2,44,1,6,38,5,0,3,44,56,2025-10-12,2026-05-27
835281fffffffff,12.979302,39.645958,27,16,18,9,4,12,0,6,3,18,25,37,2025-09-01,2026-06-21
835282fffffffff,12.224335,37.867588,565,74,209,356,49,25,80,468,11,6,370,1736,2025-01-01,2026-07-27
835283fffffffff,12.123736,38.946077,794,60,605,189,30,30,661,126,5,2,720,2403,2025-03-19,2026-07-11
835284fffffffff,14.063022,38.178553,17,18,2,15,2,16,4,13,0,0,17,31,2025-08-11,2026-06-19
835285fffffffff,13.950740,39.271789,5,7,0,5,0,7,0,0,2,3,5,8,2026-01-31,2026-06-21
835286fffffffff,13.191996,37.474459,172,34,165,7,23,11,42,118,12,0,78,632,2025-04-11,2026-07-29
835288fffffffff,11.913651,41.065902,2,1,0,2,0,1,0,0,2,0,0,2,2026-05-31,2026-05-31
835289fffffffff,11.804610,42.106247,14,2,0,14,0,2,10,0,4,0,14,14,2026-01-18,2026-03-02
83528afffffffff,11.073548,40.371190,15,14,7,8,6,8,2,0,13,0,1,100,2025-03-23,2026-07-11
83528efffffffff,12.020100,40.012354,205,40,93,112,25,15,62,21,22,100,203,1005,2025-01-12,2026-07-26
835290fffffffff,11.452857,36.087642,175,18,116,59,7,11,7,11,56,101,171,528,2025-01-17,2026-05-23
835291fffffffff,11.362431,37.175710,1614,149,1157,457,115,34,184,1283,78,69,650,2860,2025-01-05,2026-07-27
835292fffffffff,10.586312,35.405103,44,4,43,1,3,1,0,0,44,0,42,87,2025-07-04,2026-01-16
835293fffffffff,10.502421,36.490782,347,56,185,162,42,14,82,210,20,35,200,724,2025-01-05,2026-07-27
835294fffffffff,12.415543,35.676291,117,16,113,4,15,1,2,79,12,24,54,261,2025-01-31,2026-02-05
835295fffffffff,12.321677,36.777456,159,28,115,44,13,15,5,134,18,2,117,593,2025-01-05,2026-05-12
835298fffffffff,10.326215,38.630015,345,88,284,61,61,27,53,142,33,117,217,1282,2025-01-02,2026-07-22
835299fffffffff,10.234270,39.682424,206,58,152,54,42,16,12,105,31,58,179,412,2025-01-15,2026-07-27
83529afffffffff,9.481760,37.948380,224,58,166,58,40,18,126,57,36,5,184,1105,2025-01-13,2026-06-24
83529bfffffffff,9.396543,38.999723,48,28,27,21,21,7,20,22,6,0,45,437,2025-01-08,2026-07-28
83529cfffffffff,11.268936,38.252704,615,89,297,318,51,38,198,285,41,91,552,1631,2025-01-02,2026-07-30
83529dfffffffff,11.172574,39.318043,192,46,138,54,31,15,50,76,16,50,181,1846,2025-01-14,2026-05-09
83529efffffffff,10.415661,37.565950,416,143,306,110,98,45,42,329,15,30,292,2354,2025-01-01,2026-07-30
8352a2fffffffff,15.050221,37.782564,3,1,0,3,0,1,0,3,0,0,3,2,2026-06-05,2026-06-05
8352a9fffffffff,14.562169,42.131737,1,1,0,1,0,1,0,0,1,0,1,2,2026-01-28,2026-01-28
8352b0fffffffff,14.275777,35.956060,4,1,0,4,0,1,2,2,0,0,4,21,2026-04-05,2026-04-05
8352b1fffffffff,14.171453,37.073100,4,2,0,4,0,2,0,4,0,0,1,5,2026-02-02,2026-06-08
8352b3fffffffff,13.292955,36.370978,88,17,83,5,13,4,62,26,0,0,88,984,2025-01-18,2026-06-20
8352b4fffffffff,15.269601,35.532482,4,1,4,0,1,0,0,0,4,0,4,4,2025-06-08,2025-06-08
8352b6fffffffff,14.375745,34.828112,5,1,5,0,1,0,0,0,5,0,5,5,2025-08-07,2025-08-07
8352c4fffffffff,13.210726,45.545595,68,4,2,66,2,2,15,52,1,0,67,76,2025-05-17,2026-07-29
8352c5fffffffff,13.078748,46.539822,1,1,0,1,0,1,0,0,1,0,1,1,2026-03-31,2026-03-31
8352c6fffffffff,12.395940,44.843323,14,6,0,14,0,6,8,2,4,0,11,14,2026-01-21,2026-06-11
8352c9fffffffff,10.987096,48.988872,146,18,143,3,17,1,23,123,0,0,144,167,2025-01-24,2026-01-23
8352cafffffffff,10.322831,47.366254,20,1,0,20,0,1,0,0,0,20,20,20,2026-03-22,2026-03-22
8352cbfffffffff,10.209724,48.307920,1,1,1,0,1,0,0,0,1,0,1,1,2025-09-13,2025-09-13
8352defffffffff,9.743572,44.753398,1,1,0,1,0,1,0,0,0,1,1,1,2026-06-04,2026-06-04
8352e0fffffffff,14.980294,45.958505,22,11,18,4,7,4,11,5,5,1,16,22,2025-01-20,2026-06-14
8352e1fffffffff,14.832979,46.963330,40,16,24,16,10,6,17,18,1,4,28,41,2025-01-01,2026-06-05
8352e2fffffffff,14.161810,45.244995,58,37,39,19,26,11,18,16,20,4,48,85,2025-01-03,2026-07-24
8352e3fffffffff,14.023303,46.252323,61,26,52,9,21,5,34,22,4,1,46,62,2025-01-01,2026-07-14
8352e4fffffffff,15.949349,45.658174,19,9,15,4,7,2,17,1,1,0,18,19,2025-02-07,2026-01-29
8352e5fffffffff,15.795405,46.676476,24,10,22,2,8,2,5,10,9,0,15,24,2025-02-21,2026-04-14
8352e6fffffffff,15.125232,44.937792,108,46,69,39,28,18,49,34,16,9,100,108,2025-01-09,2026-07-29
8352e8fffffffff,13.740314,48.219697,1,1,0,1,0,1,0,0,0,1,1,1,2026-04-09,2026-04-09
8352edfffffffff,14.532340,48.924419,6,4,0,6,0,4,0,4,1,1,5,6,2026-01-03,2026-07-26
8352eefffffffff,13.882718,47.243962,17,5,12,5,2,3,9,5,2,1,10,19,2025-09-14,2026-05-28
8352f0fffffffff,13.468295,43.511691,153,80,77,76,46,34,61,36,52,4,146,152,2025-01-01,2026-07-31
8352f1fffffffff,13.340658,44.536122,148,59,88,60,34,25,54,49,36,9,128,151,2025-01-08,2026-07-30
8352f3fffffffff,12.517550,43.832058,2,1,2,0,1,0,0,0,2,0,2,2,2025-08-30,2025-08-30
8352f4fffffffff,14.431518,43.184368,203,34,116,87,24,10,61,86,50,6,83,232,2025-02-20,2026-07-19
8352f5fffffffff,14.297972,44.222240,28,15,23,5,11,4,1,3,9,15,7,31,2025-01-01,2026-05-30
835309fffffffff,24.715123,44.915891,1,1,0,1,0,1,0,1,0,0,1,1,2026-03-01,2026-03-01
83534afffffffff,22.574993,50.566851,1,1,0,1,0,1,0,0,0,1,1,1,2026-04-09,2026-04-09
835355fffffffff,24.277133,47.130916,3,1,0,3,0,1,0,0,3,0,3,3,2026-03-08,2026-03-08
83536bfffffffff,25.129669,51.848652,6,1,6,0,1,0,0,5,0,1,6,6,2025-09-09,2025-09-09
83536efffffffff,26.411948,50.557042,3,3,0,3,0,3,0,0,2,1,3,3,2026-03-02,2026-03-24
835393fffffffff,17.394635,33.488853,20,4,19,1,3,1,4,0,13,3,19,20,2025-04-25,2026-01-07
835408fffffffff,14.376923,-11.997760,72,7,50,22,4,3,3,52,17,0,72,83,2025-07-01,2026-01-29
835409fffffffff,13.738796,-11.210209,6,3,5,1,2,1,3,3,0,0,5,6,2025-07-01,2026-07-20
83540cfffffffff,15.384656,-11.739867,7,1,0,7,0,1,0,0,7,0,7,7,2026-02-26,2026-02-26
83540dfffffffff,14.734801,-10.946931,98,13,12,86,4,9,0,82,16,0,97,111,2025-09-10,2026-07-07
835429fffffffff,16.091919,-9.617186,0,1,0,0,1,0,0,0,0,0,0,3,2025-07-01,2025-07-01
835440fffffffff,12.207272,-7.934194,40,16,3,37,5,11,4,33,1,2,40,54,2025-06-04,2026-07-02
835441fffffffff,11.595150,-7.219617,21,13,5,16,6,7,4,16,1,0,21,60,2025-04-10,2026-07-14
835442fffffffff,11.867547,-8.941272,4,2,4,0,2,0,0,0,4,0,4,6,2025-05-12,2025-06-12
835443fffffffff,11.259343,-8.215499,1,3,0,1,0,3,0,0,1,0,1,4,2026-02-20,2026-06-26
835444fffffffff,13.166075,-7.647517,54,15,11,43,7,8,23,26,5,0,54,67,2025-02-13,2026-07-07
835445fffffffff,12.541767,-6.929267,15,16,15,0,7,9,7,1,7,0,15,30,2025-06-23,2026-07-07
835446fffffffff,12.827616,-8.663973,31,13,12,19,5,8,4,17,10,0,28,41,2025-09-11,2026-07-23
835448fffffffff,10.067958,-6.808387,0,1,0,0,0,1,0,0,0,0,0,1,2026-07-19,2026-07-19
83544cfffffffff,10.991513,-6.519988,74,24,73,1,17,7,25,34,15,0,74,90,2025-09-21,2026-07-23
83544dfffffffff,10.396587,-5.835045,8,5,8,0,4,1,5,0,2,1,7,12,2025-07-22,2026-02-03
83544efffffffff,10.659400,-7.504618,2,2,2,0,2,0,1,0,1,0,2,2,2025-11-27,2025-12-25
835454fffffffff,13.107605,-10.438411,0,1,0,0,1,0,0,0,0,0,0,2,2025-05-11,2025-05-11
835456fffffffff,12.754023,-11.468255,4,1,0,4,0,1,0,4,0,0,4,4,2026-02-06,2026-02-06
835460fffffffff,14.465924,-6.331973,149,51,112,37,17,34,46,56,33,14,127,198,2025-01-02,2026-07-26
835461fffffffff,13.825656,-5.622345,193,53,139,54,27,26,14,41,115,23,193,282,2025-01-27,2026-07-30
835462fffffffff,14.135321,-7.355328,42,29,20,22,15,14,0,29,13,0,35,51,2025-05-03,2026-07-30
835463fffffffff,13.498840,-6.633433,55,14,53,2,9,5,1,2,52,0,55,63,2025-05-14,2026-06-10
835464fffffffff,15.442535,-6.024742,164,5,4,160,2,3,10,152,2,0,164,166,2025-02-27,2026-07-28
835465fffffffff,14.790116,-5.311862,85,12,70,15,6,6,47,17,21,0,84,98,2025-03-14,2026-04-23
835466fffffffff,15.114541,-7.057482,4,3,3,1,1,2,0,4,0,0,4,5,2025-09-19,2026-06-22
835468fffffffff,12.251378,-5.236044,14,5,2,12,2,3,2,12,0,0,14,17,2025-04-17,2026-05-19
835469fffffffff,11.640904,-4.559965,195,22,168,27,14,8,69,31,90,5,192,218,2025-02-19,2026-07-16
83546afffffffff,11.925912,-6.226270,8,2,8,0,2,0,0,0,8,0,8,8,2025-01-10,2025-03-18
83546bfffffffff,11.318761,-5.538250,70,28,54,16,21,7,38,22,9,1,70,110,2025-03-29,2026-06-04
83546cfffffffff,13.194034,-4.928296,12,12,5,7,6,6,1,4,7,0,12,21,2025-03-10,2026-07-10
83546dfffffffff,12.571313,-4.249513,121,32,108,13,22,10,25,46,48,2,121,137,2025-01-08,2026-07-07
83546efffffffff,12.870769,-5.927102,1,3,1,0,1,2,1,0,0,0,1,3,2025-03-30,2026-05-29
835470fffffffff,14.438873,-9.130839,8,6,0,8,3,3,0,0,8,0,8,36,2025-09-06,2026-06-20
835471fffffffff,13.798552,-8.381287,72,10,66,6,2,8,0,6,66,0,72,94,2025-03-27,2026-06-04
835472fffffffff,14.091737,-10.170112,0,2,0,0,1,1,0,0,0,0,0,2,2025-10-10,2026-04-18
835474fffffffff,15.432231,-8.846935,0,1,0,0,1,0,0,0,0,0,0,1,2025-06-08,2025-06-08
835475fffffffff,14.779901,-8.093070,29,6,22,7,4,2,0,28,0,1,29,34,2025-04-12,2026-06-20
835476fffffffff,15.086675,-9.896421,92,22,77,15,16,6,9,53,1,29,93,115,2025-01-06,2026-07-07
835520fffffffff,26.708001,-9.706375,4,1,4,0,1,0,0,4,0,0,4,4,2025-01-11,2025-01-11
835526fffffffff,27.473153,-10.595679,3,1,3,0,1,0,0,3,0,0,3,3,2025-01-18,2025-01-18
835531fffffffff,26.018743,-12.099212,3,1,0,3,0,1,0,3,0,0,3,3,2026-06-07,2026-06-07
835541fffffffff,18.424155,-5.066916,28,5,28,0,5,0,0,0,28,0,20,29,2025-01-09,2025-11-26
835548fffffffff,16.745727,-4.673130,17,7,15,2,3,4,0,0,17,0,17,19,2025-11-06,2026-04-02
835549fffffffff,16.077674,-3.970416,103,38,83,20,24,14,23,4,76,0,97,163,2025-01-04,2026-07-26
83554bfffffffff,15.763650,-4.995506,50,25,31,19,14,11,0,11,38,1,45,59,2025-02-10,2026-07-04
83554dfffffffff,17.055753,-3.639102,32,20,22,10,8,12,0,0,32,0,29,241,2025-02-11,2026-07-10
835561fffffffff,20.747649,-3.320310,21,2,21,0,2,0,18,0,3,0,21,27,2025-07-01,2025-12-24
835564fffffffff,22.497521,-3.699469,0,1,0,0,1,0,0,0,0,0,0,3,2025-12-01,2025-12-01
835569fffffffff,18.185817,-2.279098,3,3,1,2,1,2,0,0,3,0,3,4,2025-10-04,2026-05-15
83556cfffffffff,19.998282,-2.611613,9,8,0,9,1,7,0,2,7,0,9,13,2025-01-28,2026-06-19
835800fffffffff,14.130272,6.358783,4,2,3,1,1,1,3,0,1,0,4,15,2025-09-14,2026-07-01
835802fffffffff,13.192599,5.914116,216,58,29,187,10,48,12,50,151,3,205,227,2025-01-07,2026-07-31
835803fffffffff,13.224886,7.001413,150,19,17,133,3,16,1,42,27,80,126,197,2025-01-02,2026-06-24
835804fffffffff,15.036287,5.709333,3,1,0,3,0,1,0,3,0,0,2,3,2026-03-09,2026-03-09
835806fffffffff,14.090392,5.269300,202,9,147,55,4,5,20,136,46,0,160,228,2025-01-07,2026-05-16
835808fffffffff,13.276272,9.208926,0,1,0,0,0,1,0,0,0,0,0,6,2026-06-23,2026-06-23
835809fffffffff,13.295055,10.327806,3,2,3,0,2,0,2,1,0,0,3,3,2025-09-29,2025-10-09
83580afffffffff,12.341906,8.732637,6,2,1,5,1,1,0,0,1,5,5,6,2025-03-05,2026-05-05
83580bfffffffff,12.358644,9.838091,25,2,25,0,2,0,0,0,0,25,19,28,2025-01-03,2025-01-09
83580efffffffff,13.252831,8.099898,2,1,0,2,0,1,0,0,0,2,2,2,2026-03-21,2026-03-21
835810fffffffff,12.233967,4.417012,29,10,10,19,3,7,6,7,9,7,22,35,2025-02-06,2026-06-22
835811fffffffff,12.266800,5.478767,249,27,0,249,0,27,6,72,143,28,197,546,2026-02-04,2026-07-27
835812fffffffff,11.324249,4.004268,35,15,6,29,2,13,14,10,4,7,27,58,2025-10-04,2026-06-17
835813fffffffff,11.353284,5.052495,68,4,0,68,0,4,21,2,45,0,66,70,2026-03-24,2026-04-10
835814fffffffff,13.115694,3.775445,140,14,42,98,7,7,5,19,79,37,106,144,2025-01-21,2026-07-17
835815fffffffff,13.156142,4.838608,87,32,35,52,11,21,2,27,49,9,65,87,2025-04-08,2026-07-14
835816fffffffff,12.197502,3.367599,145,38,68,77,23,15,44,32,51,18,140,175,2025-02-15,2026-07-11
835818fffffffff,11.400884,7.183922,127,23,24,103,3,20,1,61,62,3,125,305,2025-02-06,2026-07-26
835819fffffffff,11.419168,8.266009,2,1,0,2,0,1,2,0,0,0,2,2,2026-04-08,2026-04-08
83581afffffffff,10.493121,6.739923,184,18,14,170,2,16,4,95,50,35,167,366,2025-01-03,2026-07-04
83581bfffffffff,10.508493,7.808809,72,15,3,69,5,10,6,26,36,4,71,76,2025-02-23,2026-07-26
83581cfffffffff,12.295838,6.552342,292,57,51,241,8,49,23,110,135,24,281,341,2025-03-17,2026-07-28
83581dfffffffff,12.320924,7.637169,139,28,32,107,1,27,6,21,109,3,132,191,2025-08-19,2026-07-29
83581efffffffff,11.378876,6.112558,71,16,0,71,0,16,10,41,16,4,70,72,2026-01-04,2026-07-27
835820fffffffff,16.906711,5.497906,1,1,0,1,0,1,0,0,1,0,1,1,2026-01-10,2026-01-10
835822fffffffff,15.942123,5.053123,36,2,2,34,1,1,2,0,34,0,36,36,2025-12-31,2026-01-26
835825fffffffff,17.881651,5.952574,11,1,11,0,1,0,11,0,0,0,11,15,2025-02-28,2025-02-28
835828fffffffff,16.079970,8.406776,3,9,0,3,0,9,0,3,0,0,3,11,2026-01-05,2026-04-11
835830fffffffff,14.936018,3.539461,65,8,24,41,3,5,5,3,57,0,65,74,2025-10-27,2026-07-24
835831fffffffff,14.988433,4.617957,3,1,3,0,1,0,3,0,0,0,2,4,2025-10-18,2025-10-18
835832fffffffff,13.997714,3.127869,37,1,37,0,1,0,0,0,37,0,31,46,2025-09-25,2025-09-25
835833fffffffff,14.046139,4.192149,82,8,61,21,7,1,56,22,4,0,81,110,2025-05-04,2026-07-31
835834fffffffff,15.824998,2.880627,18,15,3,15,3,12,10,3,5,0,16,28,2025-07-15,2026-06-20
835835fffffffff,15.885926,3.960159,104,3,104,0,3,0,104,0,0,0,104,112,2025-01-28,2025-05-25
835836fffffffff,14.879265,2.474369,133,6,56,77,2,4,69,24,40,0,133,245,2025-06-19,2026-06-17
835842fffffffff,13.322110,13.736041,1107,61,568,539,33,28,312,560,187,48,1031,1256,2025-01-03,2026-07-26
835843fffffffff,13.320982,14.886620,39,6,21,18,3,3,2,21,15,1,36,41,2025-02-22,2026-06-09
835846fffffffff,14.267552,13.118482,56,12,22,34,7,5,27,4,25,0,49,57,2025-04-20,2026-07-31
835848fffffffff,13.302983,17.204320,8,1,8,0,1,0,0,8,0,0,8,8,2025-01-24,2025-01-24
83584efffffffff,13.314628,16.043014,33,1,33,0,1,0,0,0,0,33,33,33,2025-11-04,2025-11-04
835850fffffffff,12.378869,12.076128,168,15,22,146,7,8,4,52,108,4,122,268,2025-06-15,2026-04-23
835851fffffffff,12.382128,13.207202,260,53,68,192,26,27,40,120,100,0,203,274,2025-01-08,2026-07-19
835852fffffffff,11.450429,11.570183,238,40,76,162,25,15,43,183,9,3,233,272,2025-02-28,2026-07-21
835853fffffffff,11.452615,12.688543,678,131,408,270,76,55,74,518,78,8,638,812,2025-01-01,2026-07-02
835854fffffffff,13.309039,11.455807,12,4,2,10,1,3,2,10,0,0,11,12,2025-11-08,2026-07-19
835855fffffffff,13.318096,12.592155,219,37,184,35,24,13,31,121,62,5,185,243,2025-01-18,2026-06-29
835856fffffffff,12.371005,10.952833,7,5,4,3,3,2,3,1,2,1,7,7,2025-05-13,2026-02-11
835858fffffffff,11.444085,14.946127,32,15,12,20,10,5,20,0,12,0,20,36,2025-04-25,2026-06-09
835859fffffffff,11.433231,16.083709,5,1,0,5,0,1,0,0,0,5,5,5,2026-03-03,2026-03-03
83585afffffffff,10.524060,14.412956,5,3,5,0,2,1,1,2,2,0,2,6,2025-01-08,2026-03-23
83585cfffffffff,12.380688,14.345245,535,83,369,166,56,27,93,368,67,7,505,588,2025-01-07,2026-07-29
83585dfffffffff,12.374468,15.489417,9,1,0,9,0,1,0,0,9,0,0,9,2026-07-02,2026-07-02
83585efffffffff,11.450526,13.814127,1381,292,763,618,172,120,125,814,420,22,1090,1709,2025-01-02,2026-07-28
835860fffffffff,17.160635,13.571856,3,2,2,1,1,1,2,1,0,0,3,29,2025-02-02,2026-02-10
835862fffffffff,16.184082,13.026761,5,1,0,5,0,1,0,0,5,0,5,5,2026-01-03,2026-01-03
835880fffffffff,7.828604,3.433559,3,3,2,1,2,1,1,0,0,2,3,3,2025-03-29,2026-04-10
835881fffffffff,7.838914,4.441674,20,17,10,10,7,10,1,3,6,10,15,226,2025-02-17,2026-07-25
835882fffffffff,6.981041,3.049260,33,21,16,17,12,9,8,10,5,10,30,34,2025-01-07,2026-06-08
835883fffffffff,6.987264,4.044910,8,7,6,2,5,2,2,2,0,4,6,8,2025-02-17,2026-04-16
835885fffffffff,8.689820,3.825817,34,11,3,31,1,10,8,12,6,8,25,34,2025-12-20,2026-07-10
835886fffffffff,7.816061,2.437236,0,1,0,0,1,0,0,0,0,0,0,1,2025-06-12,2025-06-12
835888fffffffff,6.993475,6.069842,9,6,7,2,4,2,0,2,3,4,8,14,2025-01-06,2026-07-17
835889fffffffff,6.993318,7.098215,9,6,1,8,2,4,1,0,2,6,9,32,2025-05-20,2026-07-04
83588afffffffff,6.148013,5.656483,12,6,10,2,5,1,4,6,1,1,10,21,2025-04-04,2026-02-13
83588bfffffffff,6.144484,6.672611,45,21,33,12,14,7,9,14,19,3,18,100,2025-01-05,2026-07-21
83588cfffffffff,7.846903,5.461156,12,6,0,12,0,6,0,3,6,3,12,12,2026-05-23,2026-07-27
83588dfffffffff,7.852485,6.491544,9,6,0,9,0,6,0,3,5,1,9,9,2026-02-25,2026-06-10
83588efffffffff,6.991433,5.051916,29,5,28,1,4,1,25,0,0,4,29,35,2025-01-28,2026-03-02
835899fffffffff,5.316270,5.251263,1,1,0,1,0,1,0,1,0,0,1,1,2026-01-07,2026-01-07
83589cfffffffff,6.149352,3.656105,61,37,37,24,21,16,15,12,9,25,59,64,2025-01-06,2026-07-21
8358a1fffffffff,10.427327,3.600144,17,7,15,2,5,2,3,5,9,0,14,219,2025-06-12,2026-05-31
8358a3fffffffff,9.543495,3.204411,0,1,0,0,0,1,0,0,0,0,0,7,2026-05-07,2026-05-07
8358a4fffffffff,11.256456,1.945253,5,4,3,2,2,2,1,3,1,0,4,11,2025-07-31,2026-03-07
8358a5fffffffff,11.291922,2.968372,2,1,2,0,1,0,0,2,0,0,2,2,2025-06-14,2025-06-14
8358a6fffffffff,10.368375,1.567644,13,4,7,6,3,1,5,6,2,0,13,21,2025-02-06,2026-07-10
8358a8fffffffff,9.582706,5.259916,7,4,0,7,0,4,0,0,2,5,6,7,2026-01-29,2026-06-29
8358a9fffffffff,9.597999,6.304944,72,14,0,72,0,14,7,47,10,8,72,73,2026-01-02,2026-07-24
8358aafffffffff,8.704131,4.846605,28,17,1,27,1,16,0,12,11,5,27,28,2025-04-09,2026-07-16
8358abfffffffff,8.715835,5.878761,11,4,0,11,0,4,3,2,6,0,11,11,2026-04-02,2026-06-01
8358acfffffffff,10.452411,4.635064,248,22,21,227,1,21,5,9,228,6,232,259,2025-12-31,2026-07-23
8358adfffffffff,10.474386,5.681826,25,9,0,25,0,9,1,9,4,11,24,26,2026-01-21,2026-07-25
8358aefffffffff,9.564499,4.226246,192,11,0,192,0,11,11,8,173,0,191,232,2026-01-09,2026-07-21
8358b0fffffffff,8.632283,0.835968,5,2,0,5,0,2,0,0,0,5,5,6,2026-02-01,2026-06-18
8358b2fffffffff,7.784654,0.481474,5,1,0,5,0,1,3,0,0,2,5,5,2026-03-25,2026-03-25
8358b3fffffffff,7.801380,1.453092,56,1,56,0,1,0,5,0,51,0,5,56,2025-01-01,2025-01-01
8358c0fffffffff,7.849170,10.711568,17,3,0,17,0,3,0,0,0,17,17,17,2026-01-10,2026-03-18
8358c2fffffffff,6.979019,10.240720,28,2,1,27,1,1,1,0,27,0,28,81,2025-01-13,2026-02-08
8358c3fffffffff,6.969457,11.305414,4,3,3,1,2,1,1,0,3,0,2,4,2025-02-17,2026-07-05
8358c4fffffffff,8.734677,10.110693,15,5,4,11,1,4,1,13,1,0,15,15,2025-08-17,2026-05-31
8358c6fffffffff,7.853988,9.642941,151,24,125,26,12,12,2,56,40,53,130,153,2025-03-01,2026-07-25
8358c8fffffffff,6.942866,13.456751,1,1,1,0,1,0,0,0,1,0,1,1,2025-12-30,2025-12-30
8358d0fffffffff,6.131433,8.734322,1,1,0,1,0,1,0,0,1,0,1,1,2026-07-02,2026-07-02
8358d1fffffffff,6.121812,9.778832,115,66,78,37,41,25,45,28,35,7,106,127,2025-01-03,2026-07-28
8358d2fffffffff,5.290071,8.293054,3,2,2,1,1,1,0,2,0,1,3,3,2025-05-13,2026-07-04
8358d3fffffffff,5.277801,9.325707,8,5,5,3,3,2,4,3,1,0,8,7,2025-01-04,2026-07-26
8358d4fffffffff,6.990896,8.136522,144,38,57,87,14,24,40,40,4,60,140,153,2025-02-03,2026-07-28
8358d5fffffffff,6.986148,9.184218,174,42,53,121,12,30,7,49,7,111,156,217,2025-02-15,2026-07-29
8358d6fffffffff,6.138974,7.698730,42,22,30,12,15,7,8,22,4,8,29,48,2025-01-14,2026-07-25
8358dcfffffffff,6.110071,10.831673,140,51,61,79,28,23,25,47,50,18,127,147,2025-01-06,2026-07-31
8358ddfffffffff,6.096174,11.892226,4,3,0,4,0,3,0,0,4,0,4,6,2026-02-13,2026-04-17
8358e0fffffffff,10.528682,9.976549,6,3,1,5,1,2,1,5,0,0,5,6,2025-10-24,2026-06-21
8358e1fffffffff,10.533286,11.074104,3,4,1,2,1,3,1,0,2,0,3,11,2025-10-26,2026-04-03
8358e2fffffffff,9.625313,9.502796,95,28,56,39,14,14,11,54,8,22,94,102,2025-03-27,2026-07-20
8358e3fffffffff,9.627898,10.587678,8,3,0,8,0,3,0,0,0,8,8,8,2026-01-25,2026-05-29
8358e4fffffffff,11.433600,9.358196,2,1,0,2,0,1,0,0,2,0,2,2,2026-07-01,2026-07-01
8358e5fffffffff,11.444057,10.459821,7,1,0,7,0,1,0,0,0,7,7,9,2026-06-04,2026-06-04
8358e6fffffffff,10.520383,8.887894,33,14,4,29,2,12,2,3,2,26,33,35,2025-03-23,2026-07-31
8358e8fffffffff,9.622773,12.781859,1,3,0,1,1,2,0,0,1,0,1,7,2025-12-26,2026-05-30
8358ecfffffffff,10.534103,12.179856,235,31,97,138,18,13,42,114,77,2,229,268,2025-01-04,2026-06-18
8358edfffffffff,10.531051,13.293064,331,61,164,167,39,22,31,145,152,3,300,370,2025-01-02,2026-07-23
8358eefffffffff,9.627076,11.680935,88,13,51,37,7,6,0,53,7,28,87,102,2025-05-12,2026-06-30
8358f0fffffffff,8.731031,7.975182,26,9,11,15,3,6,0,6,6,14,24,27,2025-01-11,2026-07-27
8358f1fffffffff,8.734339,9.038349,119,27,71,48,17,10,6,52,0,61,115,122,2025-03-06,2026-07-30
8358f2fffffffff,7.855577,7.532336,124,27,58,66,9,18,14,32,5,73,93,131,2025-03-07,2026-06-08
8358f3fffffffff,7.856102,8.582993,346,71,292,54,47,24,8,39,12,287,240,374,2025-01-12,2026-07-08
8358f4fffffffff,9.610268,7.360813,27,11,0,27,0,11,2,2,17,6,25,28,2026-01-20,2026-07-08
8358f5fffffffff,9.619406,8.426963,474,120,218,256,34,86,134,129,31,180,460,478,2025-03-14,2026-07-21
8358f6fffffffff,8.724833,6.921797,9,5,2,7,2,3,3,0,0,6,8,9,2025-03-21,2026-07-11
835900fffffffff,20.440060,1.673377,7,4,3,4,1,3,0,0,3,4,6,22,2025-04-21,2026-07-28
835902fffffffff,19.454427,1.266126,20,16,15,5,7,9,8,0,5,7,20,55,2025-06-25,2026-07-04
835904fffffffff,21.327719,0.978355,1,2,0,1,1,1,0,0,1,0,1,2,2025-04-23,2026-07-11
835906fffffffff,20.337208,0.577413,27,14,27,0,11,3,0,9,18,0,27,33,2025-02-13,2026-07-29
835909fffffffff,19.791440,5.739295,16,2,6,10,1,1,16,0,0,0,6,19,2025-09-27,2026-01-26
83590efffffffff,19.634718,3.473430,12,3,6,6,1,2,0,0,6,6,12,14,2025-04-01,2026-07-29
835911fffffffff,18.478709,0.868180,148,72,89,59,34,38,45,41,50,12,142,243,2025-01-11,2026-07-25
835912fffffffff,17.425344,-0.570945,1,2,1,0,1,1,1,0,0,0,1,2,2025-07-27,2026-04-25
835913fffffffff,17.513452,0.479259,132,12,4,128,2,10,67,57,4,4,124,136,2025-01-03,2026-07-18
835914fffffffff,19.253228,-0.878571,28,1,28,0,1,0,0,0,28,0,28,33,2025-02-17,2025-02-17
835915fffffffff,19.356273,0.185736,32,10,30,2,8,2,7,11,14,0,29,71,2025-01-13,2026-05-11
835918fffffffff,17.676070,2.625521,0,1,0,0,1,0,0,0,0,0,0,1,2025-05-28,2025-05-28
83591afffffffff,16.712294,2.215735,45,13,13,32,7,6,6,26,12,1,43,83,2025-05-03,2026-06-26
83591efffffffff,17.597125,1.544884,20,7,20,0,7,0,0,1,12,7,13,29,2025-01-27,2025-11-14
835943fffffffff,20.024127,10.425798,3,1,3,0,1,0,0,3,0,0,3,3,2025-03-19,2025-03-19
835950fffffffff,18.926042,7.568053,3,1,3,0,1,0,0,3,0,0,3,3,2025-03-13,2025-03-13
835980fffffffff,13.766452,-0.991416,299,50,87,212,30,20,73,204,19,3,294,479,2025-01-24,2026-07-22
835981fffffffff,13.829478,0.016939,576,60,556,20,44,16,119,118,321,18,561,736,2025-01-07,2026-07-18
835982fffffffff,12.860176,-1.339069,88,41,45,43,19,22,68,5,5,10,58,120,2025-01-14,2026-07-27
835983fffffffff,12.917741,-0.344314,423,101,290,133,59,42,216,113,76,18,420,514,2025-01-04,2026-07-31
835984fffffffff,14.613462,-1.643228,387,39,277,110,26,13,181,129,40,37,372,651,2025-01-22,2026-07-19
835985fffffffff,14.685268,-0.635996,43,11,43,0,9,2,0,21,21,1,43,57,2025-04-13,2026-05-16
835986fffffffff,13.700308,-1.984917,740,159,468,272,79,80,475,161,84,20,740,1077,2025-01-02,2026-07-21
835988fffffffff,13.023567,1.688133,73,16,43,30,13,3,21,26,25,1,64,145,2025-01-17,2026-06-30
835989fffffffff,13.071440,2.725133,79,9,58,21,5,4,67,6,6,0,67,89,2025-03-14,2026-05-20
83598afffffffff,12.114359,1.307666,352,49,303,49,34,15,162,111,8,71,334,591,2025-01-14,2026-07-21
83598bfffffffff,12.157575,2.331006,119,12,115,4,10,2,88,26,1,4,115,139,2025-01-08,2026-02-19
83598cfffffffff,13.889172,1.039845,517,41,281,236,25,16,147,18,198,154,438,573,2025-01-07,2026-07-17
83598dfffffffff,13.945322,2.076954,82,13,8,74,4,9,24,48,4,6,74,112,2025-03-05,2026-06-18
83598efffffffff,12.972270,0.664861,849,45,599,250,33,12,96,377,349,27,850,1274,2025-01-07,2026-07-03
835990fffffffff,11.912113,-2.646073,0,1,0,0,1,0,0,0,0,0,0,12,2025-05-02,2025-05-02
835993fffffffff,11.086355,-2.011975,3,2,0,3,0,2,2,0,1,0,3,3,2026-01-28,2026-02-15
835994fffffffff,12.736714,-3.284243,371,80,306,65,42,38,95,131,135,10,369,780,2025-01-16,2026-07-28
835995fffffffff,12.799770,-2.319125,87,22,38,49,12,10,58,5,23,1,85,123,2025-01-08,2026-07-04
835996fffffffff,11.855089,-3.598203,27,10,27,0,10,0,23,4,0,0,27,59,2025-01-03,2025-07-11
835998fffffffff,11.176735,-0.061070,561,106,369,192,73,33,233,131,62,135,498,720,2025-01-01,2026-07-13
835999fffffffff,11.218008,0.935319,154,24,139,15,18,6,14,123,17,0,154,200,2025-01-11,2026-05-25
83599afffffffff,10.298640,-0.412471,7,2,4,3,1,1,3,0,0,4,7,7,2025-02-14,2026-05-02
83599cfffffffff,12.018758,-0.697750,28,15,28,0,12,3,8,17,0,3,28,66,2025-01-12,2026-07-23
83599dfffffffff,12.068027,0.297966,605,120,438,167,83,37,314,117,146,28,598,899,2025-01-07,2026-07-23
83599efffffffff,11.132797,-1.043594,25,6,0,25,1,5,1,22,0,2,25,34,2025-07-28,2026-07-23
8359a0fffffffff,16.389736,-1.956441,10,10,10,0,7,3,0,2,6,2,6,21,2025-01-31,2026-06-25
8359a1fffffffff,16.476349,-0.936483,12,10,11,1,7,3,6,0,5,1,9,22,2025-01-13,2026-07-31
8359a2fffffffff,15.458073,-2.299630,5,10,1,4,1,9,0,3,2,0,5,12,2025-01-14,2026-07-22
8359a3fffffffff,15.538924,-1.293829,36,16,28,8,7,9,3,2,31,0,31,47,2025-01-02,2026-07-25
8359a4fffffffff,17.236997,-2.623704,6,5,3,3,3,2,2,0,4,0,3,13,2025-01-14,2026-05-13
8359a5fffffffff,17.333096,-1.605367,38,13,23,15,8,5,0,0,34,4,31,44,2025-01-04,2026-07-18
8359a6fffffffff,16.299593,-2.960498,30,8,29,1,5,3,11,14,5,0,30,35,2025-01-14,2026-07-01
8359a8fffffffff,15.689931,0.763832,18,7,8,10,4,3,0,2,16,0,18,20,2025-02-10,2026-05-14
8359a9fffffffff,15.759583,1.815033,70,20,30,40,16,4,0,55,10,5,66,80,2025-01-28,2026-02-08
8359aafffffffff,14.753659,0.386240,313,31,279,34,27,4,72,80,159,2,313,355,2025-01-15,2026-06-12
8359abfffffffff,14.818402,1.423154,214,27,78,136,15,12,122,14,45,33,206,260,2025-01-10,2026-07-23
8359acfffffffff,16.559161,0.099094,109,22,84,25,10,12,8,36,61,4,109,131,2025-01-15,2026-07-22
8359adfffffffff,16.637900,1.149961,2,1,0,2,0,1,0,2,0,0,2,2,2026-07-01,2026-07-01
8359aefffffffff,15.616295,-0.272573,8,6,7,1,5,1,0,2,6,0,8,10,2025-01-31,2026-01-05
8359b0fffffffff,14.460527,-3.611601,223,57,63,160,16,41,60,65,59,39,203,327,2025-01-11,2026-07-31
8359b1fffffffff,14.538471,-2.635175,27,6,26,1,4,2,0,24,3,0,27,35,2025-01-12,2026-07-18
8359b2fffffffff,13.511338,-3.933436,195,43,144,51,29,14,72,31,76,16,195,269,2025-01-08,2026-07-25
8359b3fffffffff,13.631257,-2.963305,323,52,258,65,25,27,156,75,92,0,307,437,2025-02-25,2026-07-29
8359b4fffffffff,15.107673,-4.295623,32,11,8,24,4,7,2,15,11,4,30,69,2025-01-24,2026-07-04
8359b5fffffffff,15.373989,-3.289720,8,6,8,0,3,3,5,0,3,0,5,12,2025-02-17,2026-07-18
8359b6fffffffff,14.146290,-4.614868,239,61,190,49,26,35,87,85,47,20,239,293,2025-01-11,2026-07-31
835f5bfffffffff,11.301222,-61.038040,1,1,0,1,0,1,0,0,1,0,1,1,2026-01-20,2026-01-20
836011fffffffff,12.939432,75.332924,1,1,0,1,0,1,0,0,0,1,1,1,2026-03-27,2026-03-27
836086fffffffff,18.757298,77.462779,3,1,0,3,0,1,0,0,0,3,3,3,2026-04-04,2026-04-04
8360b2fffffffff,19.532311,79.605627,2,1,2,0,1,0,0,2,0,0,2,2,2025-09-17,2025-09-17
8360b6fffffffff,18.820123,80.450923,104,33,91,13,27,6,13,73,18,0,103,104,2025-01-06,2026-02-26
83611cfffffffff,7.346493,79.944959,132,2,0,132,0,2,104,0,0,28,132,132,2026-03-04,2026-07-05
836390fffffffff,9.980954,50.146014,13,3,11,2,2,1,1,12,0,0,13,13,2025-04-11,2026-05-03
836394fffffffff,10.865049,49.911993,746,57,707,39,48,9,150,596,0,0,711,793,2025-01-13,2026-07-09
836395fffffffff,10.742264,50.819638,1,2,1,0,2,0,1,0,0,0,1,2,2025-01-19,2025-01-22
836396fffffffff,10.095709,49.234545,8,1,8,0,1,0,1,7,0,0,8,8,2025-01-27,2025-01-27
8363b2fffffffff,11.762448,49.672978,14,6,10,4,5,1,0,6,6,2,12,16,2025-01-29,2026-05-24
836410fffffffff,12.472888,97.952328,1,1,1,0,1,0,0,0,1,0,1,1,2025-01-27,2025-01-27
836412fffffffff,13.606794,98.276061,54,31,29,25,21,10,4,6,42,2,54,76,2025-02-20,2026-07-28
836414fffffffff,11.629749,98.796403,8,4,6,2,3,1,0,0,7,1,8,10,2025-02-27,2026-04-26
836416fffffffff,12.763736,99.121860,34,10,19,15,7,3,0,0,34,0,34,35,2025-02-14,2026-03-10
836433fffffffff,10.493474,98.473041,1,1,0,1,0,1,0,0,1,0,1,1,2026-02-07,2026-02-07
836480fffffffff,17.816605,98.403631,0,1,0,0,1,0,0,0,0,0,0,2,2025-03-22,2025-03-22
836481fffffffff,17.530042,97.215120,119,54,47,72,34,20,0,15,94,10,118,198,2025-01-03,2026-07-03
836483fffffffff,18.644992,97.541621,73,12,61,12,7,5,0,5,66,2,73,93,2025-06-04,2026-06-03
836485fffffffff,16.698996,98.075207,66,21,62,4,18,3,0,11,52,3,66,144,2025-01-10,2026-05-12
836488fffffffff,18.056310,95.160537,43,25,16,27,14,11,2,8,24,9,43,86,2025-01-16,2026-07-10
836489fffffffff,17.750518,93.974127,4,3,3,1,2,1,0,0,3,1,4,4,2025-02-13,2026-06-26
83648afffffffff,19.171804,95.480325,21,10,13,8,7,3,2,3,16,0,21,42,2025-02-19,2026-02-12
83648bfffffffff,18.869191,94.289047,104,16,60,44,8,8,0,0,84,20,104,108,2025-01-08,2026-07-31
83648cfffffffff,17.235800,96.027932,10,6,5,5,4,2,0,0,10,0,10,14,2025-02-05,2026-06-10
83648dfffffffff,16.934236,94.843081,1,1,1,0,1,0,0,0,1,0,1,1,2025-02-20,2025-02-20
83648efffffffff,18.354593,96.350041,183,74,99,84,46,28,2,3,172,6,183,201,2025-01-27,2026-07-31
836498fffffffff,20.570188,97.001140,12,7,12,0,7,0,0,0,12,0,12,12,2025-01-08,2025-05-09
836499fffffffff,20.279834,95.802449,19,10,8,11,4,6,0,0,18,1,19,20,2025-04-28,2026-07-14
83649afffffffff,21.665288,97.330136,1,1,1,0,1,0,0,0,1,0,1,1,2025-02-11,2025-02-11
83649bfffffffff,21.379551,96.126915,211,41,73,138,30,11,1,59,76,75,211,297,2025-01-05,2026-07-18
83649cfffffffff,19.752455,97.870370,2,1,2,0,1,0,0,0,2,0,2,2,2025-01-15,2025-01-15
83649dfffffffff,19.466345,96.674442,38,23,22,16,13,10,0,0,35,3,38,103,2025-01-06,2026-07-25
8364a0fffffffff,15.020912,99.779058,0,1,0,0,1,0,0,0,0,0,0,1,2025-07-28,2025-07-28
8364a1fffffffff,14.736927,98.601939,14,9,9,5,7,2,0,0,10,4,13,47,2025-03-24,2026-07-09
8364a3fffffffff,15.862323,98.929963,2,4,2,0,4,0,0,0,2,0,2,38,2025-01-22,2025-06-03
8364acfffffffff,14.446267,97.424948,1,1,1,0,1,0,0,0,1,0,1,1,2025-01-14,2025-01-14
8364aefffffffff,15.575240,97.748980,15,5,2,13,2,3,0,10,5,0,15,15,2025-02-26,2026-05-27
836511fffffffff,6.275705,102.599290,3,1,3,0,1,0,0,0,3,0,3,3,2025-05-02,2025-05-02
836518fffffffff,6.828795,100.641249,10,8,4,6,4,4,2,6,2,0,9,10,2025-02-07,2026-06-04
83651cfffffffff,5.988837,101.459446,40,31,26,14,20,11,26,5,4,5,22,42,2025-01-03,2026-07-23
83651efffffffff,7.116816,101.786353,25,19,12,13,7,12,19,1,5,0,12,26,2025-02-19,2026-06-28
836582fffffffff,13.011738,104.605014,8,1,8,0,1,0,1,0,7,0,8,8,2025-07-24,2025-07-24
836589fffffffff,11.918006,99.962031,24,1,0,24,0,1,0,0,0,24,24,24,2026-05-05,2026-05-05
836591fffffffff,14.123868,104.945599,56,27,56,0,27,0,13,21,22,0,53,156,2025-05-28,2025-12-17
836598fffffffff,14.717589,102.962055,175,18,175,0,18,0,147,10,18,0,175,264,2025-07-24,2025-12-16
83659cfffffffff,13.865324,103.787237,3,2,3,0,2,0,0,1,2,0,3,3,2025-12-08,2025-12-10
83659dfffffffff,13.599785,102.624735,7,4,7,0,4,0,0,7,0,0,7,7,2025-12-10,2025-12-23
83659efffffffff,14.977773,104.127226,3,2,3,0,2,0,0,1,2,0,3,3,2025-07-24,2025-07-28
836600fffffffff,8.982982,-74.833025,4,3,2,2,1,2,1,0,2,1,4,4,2025-05-17,2026-06-06
836601fffffffff,8.336447,-73.929471,66,37,48,18,21,16,17,6,11,32,63,82,2025-02-19,2026-07-17
836602fffffffff,8.589520,-75.838141,3,3,1,2,1,2,0,0,2,1,3,3,2025-07-07,2026-07-24
836603fffffffff,7.941490,-74.930395,11,7,4,7,3,4,1,0,5,5,9,11,2025-01-22,2026-07-27
836604fffffffff,10.011007,-74.736360,22,17,9,13,9,8,0,0,14,8,17,25,2025-01-13,2026-06-25
836605fffffffff,9.369693,-73.836155,25,25,5,20,6,19,0,0,9,16,25,27,2025-02-03,2026-07-30
836606fffffffff,9.625642,-75.737445,35,8,31,4,4,4,0,0,31,4,4,35,2025-01-01,2026-06-06
836608fffffffff,6.635780,-73.117829,3,3,1,2,1,2,0,0,1,2,3,3,2025-08-28,2026-07-30
836609fffffffff,5.979397,-72.213910,4,2,4,0,2,0,3,1,0,0,4,4,2025-05-15,2025-08-05
83660afffffffff,6.230905,-74.118170,3,1,0,3,0,1,0,0,3,0,3,3,2026-02-17,2026-02-17
83660cfffffffff,7.686666,-73.027232,33,21,14,19,14,7,4,15,13,1,33,96,2025-01-16,2026-07-11
83660dfffffffff,7.034277,-72.126751,31,25,21,10,18,7,10,2,18,1,23,34,2025-01-09,2026-07-03
83660efffffffff,7.290029,-74.023474,48,23,37,11,18,5,6,9,11,22,40,76,2025-01-03,2026-06-07
836611fffffffff,8.189569,-76.850982,1,3,0,1,2,1,0,0,0,1,1,3,2025-01-10,2026-07-24
836618fffffffff,6.477793,-76.041739,34,28,9,25,6,22,3,6,7,18,31,34,2025-02-09,2026-07-27
836619fffffffff,5.819934,-75.127285,22,10,9,13,4,6,1,0,0,21,18,23,2025-03-01,2026-07-04
83661afffffffff,6.062787,-77.062714,1,1,0,1,0,1,1,0,0,0,1,1,2026-01-26,2026-01-26
83661bfffffffff,5.403174,-76.144656,107,40,87,20,25,15,8,4,23,72,77,116,2025-01-01,2026-07-27
83661cfffffffff,7.540081,-75.939570,12,5,4,8,3,2,0,7,4,1,12,12,2025-05-01,2026-03-03
83661dfffffffff,6.886977,-75.028480,54,30,35,19,19,11,20,7,19,8,51,55,2025-03-03,2026-07-03
836620fffffffff,11.395035,-73.651555,9,6,8,1,5,1,0,0,5,4,8,10,2025-01-12,2026-04-03
836621fffffffff,10.760454,-72.759408,24,20,16,8,12,8,1,1,13,9,19,24,2025-01-27,2026-06-29
836622fffffffff,11.025168,-74.640396,434,393,102,332,99,294,48,38,78,270,398,458,2025-01-04,2026-07-31
836623fffffffff,10.389347,-73.743519,38,34,13,25,12,22,0,1,18,19,34,39,2025-02-10,2026-07-25
836625fffffffff,11.757440,-72.671433,15,13,9,6,8,5,0,0,7,8,11,15,2025-01-14,2026-06-16
83662afffffffff,8.724693,-72.937301,159,85,118,41,68,17,22,31,59,47,153,160,2025-01-15,2026-07-24
83662bfffffffff,8.076633,-72.040235,31,26,15,16,12,14,6,3,7,15,29,32,2025-01-16,2026-07-27
83662cfffffffff,10.121964,-71.869109,1,1,0,1,0,1,0,0,1,0,1,1,2026-05-15,2026-05-15
83662efffffffff,9.749422,-72.848029,10,9,6,4,6,3,0,0,5,5,9,10,2025-01-23,2026-07-04
836631fffffffff,10.648025,-75.637474,12,9,7,5,4,5,2,0,3,7,12,12,2025-03-15,2026-07-07
836641fffffffff,3.756011,-67.665792,1,1,0,1,0,1,0,0,0,1,1,1,2026-01-30,2026-01-30
836642fffffffff,4.004059,-69.516908,3,1,0,3,0,1,0,0,0,3,3,3,2026-07-17,2026-07-17
836646fffffffff,5.067970,-69.440200,2,2,1,1,1,1,0,2,0,0,2,2,2025-03-16,2026-03-13
836650fffffffff,4.251505,-71.396483,0,1,0,0,1,0,0,0,0,0,0,1,2025-05-27,2025-05-27
836652fffffffff,3.834139,-72.390188,7,5,0,7,0,5,0,1,2,4,6,7,2026-02-05,2026-07-01
836653fffffffff,3.170395,-71.481441,58,3,7,51,1,2,0,10,11,37,58,58,2025-05-14,2026-06-03
836656fffffffff,4.912500,-72.301720,4,4,2,2,2,2,0,0,1,3,3,4,2025-05-21,2026-06-05
836670fffffffff,6.773872,-70.253195,3,3,1,2,1,2,0,2,0,1,3,3,2025-09-14,2026-02-14
836672fffffffff,6.379930,-71.228465,50,31,39,11,23,8,10,30,9,1,44,57,2025-01-03,2026-07-14
836676fffffffff,7.426145,-71.145391,4,4,3,1,3,1,1,1,2,0,2,4,2025-06-12,2026-03-07
8366b4fffffffff,9.514465,-83.584594,2,3,2,0,3,0,0,0,0,2,0,3,2025-05-31,2025-12-02
8366c0fffffffff,1.437909,-75.529864,15,11,6,9,7,4,0,7,3,5,14,16,2025-03-13,2026-07-18
8366c1fffffffff,0.764253,-74.602308,2,1,0,2,0,1,2,0,0,0,2,2,2026-01-05,2026-01-05
8366c2fffffffff,0.993337,-76.563952,1,1,1,0,1,0,0,0,1,0,1,1,2025-05-01,2025-05-01
8366c4fffffffff,2.549233,-75.428101,37,30,12,25,11,19,1,10,14,12,34,37,2025-01-01,2026-07-21
8366c5fffffffff,1.878299,-74.504035,3,3,2,1,2,1,0,1,2,0,2,3,2025-05-12,2026-03-07
8366c6fffffffff,2.111189,-76.457968,80,41,32,48,25,16,12,8,34,26,70,86,2025-01-03,2026-07-31
8366ccfffffffff,0.090935,-73.675785,23,3,20,3,2,1,3,20,0,0,19,26,2025-04-10,2026-03-04
8366d0fffffffff,1.222912,-78.540160,10,5,6,4,3,2,0,2,4,4,10,10,2025-02-02,2026-03-11
8366d1fffffffff,0.545016,-77.605715,6,2,0,6,0,2,3,0,0,3,6,6,2026-04-20,2026-07-24
8366d2fffffffff,0.773570,-79.591254,18,2,17,1,1,1,0,0,1,17,18,18,2025-09-25,2026-01-16
8366d3fffffffff,0.093406,-78.654545,12,9,1,11,1,8,0,0,2,10,12,12,2025-02-04,2026-04-11
8366d4fffffffff,2.343280,-78.426604,5,4,4,1,3,1,0,3,1,1,5,5,2025-01-05,2026-06-14
8366d5fffffffff,1.668937,-77.495522,38,14,19,19,8,6,10,12,6,10,38,42,2025-01-01,2026-07-22
8366dafffffffff,-1.728162,-77.828549,0,1,0,0,0,1,0,0,0,0,0,1,2026-03-06,2026-03-06
8366dcfffffffff,-0.133576,-76.670722,1,1,1,0,1,0,0,0,1,0,1,1,2025-03-24,2025-03-24
8366e0fffffffff,4.076638,-74.309671,9,4,0,9,0,4,0,0,5,4,9,9,2026-05-16,2026-07-28
8366e1fffffffff,3.411080,-73.393684,6,4,1,5,1,3,0,5,0,1,6,6,2025-11-29,2026-02-01
8366e2fffffffff,3.650454,-75.327088,13,8,8,5,5,3,0,7,5,1,13,14,2025-03-14,2026-07-24
8366e4fffffffff,5.159589,-74.213566,13,11,3,10,3,8,1,0,3,9,12,13,2025-01-20,2026-07-02
8366e5fffffffff,4.497431,-73.301048,6,2,1,5,1,1,0,0,1,5,1,6,2025-06-28,2026-04-16
8366e6fffffffff,4.740898,-75.226818,40,38,5,35,3,35,1,2,7,30,40,40,2025-01-24,2026-07-30
8366e8fffffffff,1.645463,-72.569124,47,3,47,0,3,0,0,19,8,20,47,53,2025-01-20,2025-11-11
8366e9fffffffff,0.977459,-71.653288,1,2,1,0,2,0,0,0,1,0,1,2,2025-03-14,2025-03-16
8366ecfffffffff,2.744913,-72.479320,103,10,22,81,7,3,39,12,2,50,103,104,2025-01-30,2026-05-25
8366edfffffffff,2.078827,-71.567041,17,2,11,6,1,1,0,10,1,6,17,36,2025-08-24,2026-03-28
8366eefffffffff,2.314095,-73.487013,1,1,1,0,1,0,0,1,0,0,1,1,2025-08-08,2025-08-08
8366f0fffffffff,3.887611,-77.277540,26,20,5,21,2,18,1,4,3,18,26,26,2025-01-22,2026-07-31
8366f1fffffffff,3.219239,-76.352763,123,81,74,49,49,32,16,20,58,29,106,123,2025-01-10,2026-07-21
8366f3fffffffff,2.783377,-77.386133,23,14,16,7,9,5,3,6,14,0,22,23,2025-01-01,2026-07-22
8366f5fffffffff,4.316785,-76.248328,53,32,14,39,6,26,4,4,14,31,53,53,2025-01-13,2026-07-27
836724fffffffff,18.907067,-72.939256,353,26,285,68,19,7,0,28,318,7,346,380,2025-01-01,2026-06-12
836725fffffffff,18.322439,-72.073129,2255,187,1932,323,137,50,22,948,1135,150,2091,2383,2025-01-01,2026-07-31
836732fffffffff,17.652158,-76.817559,1,1,0,1,0,1,0,0,1,0,1,1,2026-05-22,2026-05-22
836741fffffffff,10.902348,-67.192416,84,3,2,82,1,2,0,46,6,32,82,84,2025-05-10,2026-03-26
836743fffffffff,10.558218,-68.123219,6,6,0,6,0,6,1,2,2,1,6,6,2026-01-20,2026-05-29
836748fffffffff,9.279159,-66.398119,1,1,0,1,0,1,0,0,1,0,1,1,2026-02-06,2026-02-06
83674bfffffffff,8.279710,-66.461365,9,1,0,9,0,1,0,9,0,0,9,9,2026-04-01,2026-04-01
836752fffffffff,11.124149,-71.784485,12,5,1,11,2,3,0,0,1,11,8,14,2025-08-21,2026-07-16
836753fffffffff,10.487142,-70.899832,1,1,0,1,0,1,0,0,1,0,1,1,2026-07-22,2026-07-22
836755fffffffff,11.828716,-69.863887,2,1,0,2,0,1,0,0,0,2,2,2,2026-06-08,2026-06-08
836756fffffffff,12.112229,-71.700479,1,1,0,1,0,1,0,0,0,1,0,1,2026-04-13,2026-04-13
83675cfffffffff,10.206410,-69.065148,2,2,0,2,0,2,1,1,0,0,2,2,2026-01-22,2026-04-09
836783fffffffff,12.371616,-81.276450,2,1,0,2,0,1,0,0,0,2,2,2,2026-07-11,2026-07-11
83679afffffffff,10.551721,-83.455981,30,30,30,0,30,0,0,0,0,30,1,32,2025-01-10,2025-12-09
83679bfffffffff,9.928397,-82.549433,52,49,52,0,49,0,1,0,1,50,1,56,2025-01-02,2025-12-31
836841fffffffff,9.551711,125.798729,7,3,5,2,2,1,0,7,0,0,7,7,2025-01-28,2026-03-22
836842fffffffff,8.242019,124.302750,23,8,6,17,4,4,7,15,1,0,23,23,2025-01-20,2026-06-27
836843fffffffff,8.464846,125.415082,7,4,6,1,3,1,0,7,0,0,7,7,2025-02-12,2026-02-15
83684efffffffff,8.686292,126.537721,6,4,2,4,1,3,0,6,0,0,6,6,2025-02-13,2026-05-11
836851fffffffff,7.159028,123.926692,11,7,6,5,3,4,2,7,1,1,11,11,2025-03-17,2026-07-05
836856fffffffff,6.719472,121.746745,4,1,4,0,1,0,2,2,0,0,4,4,2025-01-22,2025-01-22
83685cfffffffff,7.378047,125.033749,15,5,5,10,1,4,0,5,3,7,15,15,2025-12-16,2026-07-29
83685efffffffff,6.292241,124.654742,21,9,12,9,6,3,6,10,5,0,21,21,2025-03-01,2026-07-01
836860fffffffff,12.094286,123.596016,12,3,12,0,3,0,1,11,0,0,12,12,2025-07-19,2025-08-30
836861fffffffff,12.333457,124.707848,27,11,27,0,11,0,3,24,0,0,27,27,2025-02-02,2025-12-19
836862fffffffff,11.020142,123.221276,32,12,12,20,10,2,2,12,18,0,32,32,2025-03-08,2026-06-01
836863fffffffff,11.256363,124.327647,7,3,6,1,2,1,0,6,1,0,7,7,2025-06-17,2026-01-25
836864fffffffff,12.921805,122.867290,4,2,2,2,1,1,2,2,0,0,4,4,2025-12-19,2026-06-06
836865fffffffff,13.166241,123.973183,2,1,0,2,0,1,0,1,1,0,2,2,2026-03-22,2026-03-22
83686efffffffff,11.490411,125.445091,5,4,4,1,3,1,0,5,0,0,5,5,2025-02-05,2026-02-25
836871fffffffff,9.944696,122.848972,35,21,22,13,14,7,2,21,9,3,34,35,2025-01-04,2026-06-01
836875fffffffff,10.782098,122.126627,2,1,2,0,1,0,0,2,0,0,2,2,2025-09-21,2025-09-21
8368e5fffffffff,5.647728,121.384250,1,1,1,0,1,0,0,1,0,0,1,1,2025-08-16,2025-08-16
83694bfffffffff,13.988192,123.241320,6,2,5,1,1,1,0,6,0,0,6,6,2025-12-23,2026-02-10
83694efffffffff,14.543487,121.419415,1,1,1,0,1,0,0,1,0,0,1,1,2025-10-17,2025-10-17
836958fffffffff,12.426083,120.692063,1,1,0,1,0,1,1,0,0,0,1,1,2026-03-29,2026-03-29
836959fffffffff,12.674962,121.773386,75,9,53,22,5,4,0,61,14,0,69,75,2025-01-01,2026-07-29
83695dfffffffff,13.486054,121.054473,4,2,3,1,1,1,3,0,0,1,4,7,2025-08-11,2026-01-01
836968fffffffff,17.426854,121.431346,1,1,1,0,1,0,0,1,0,0,1,1,2025-11-23,2025-11-23
83696bfffffffff,16.647409,122.156879,5,1,0,5,0,1,0,5,0,0,5,5,2026-05-17,2026-05-17
836a09fffffffff,6.399448,30.023314,6,1,0,6,0,1,0,0,0,6,6,6,2026-01-30,2026-01-30
836a0cfffffffff,7.381802,28.398539,22,3,2,20,1,2,1,0,2,19,22,22,2025-10-03,2026-07-20
836a0dfffffffff,7.328401,29.512379,40,4,16,24,1,3,6,8,0,26,40,41,2025-09-14,2026-05-13
836a0efffffffff,6.507296,27.787256,3,2,3,0,2,0,0,0,3,0,3,3,2025-01-01,2025-10-15
836a14fffffffff,6.692357,23.339256,20,1,0,20,0,1,0,20,0,0,20,20,2026-02-04,2026-02-04
836a1afffffffff,3.826017,25.927879,2,1,0,2,0,1,0,0,2,0,2,2,2026-01-01,2026-01-01
836a1bfffffffff,3.773492,27.055855,1,1,0,1,0,1,0,0,1,0,1,1,2026-06-11,2026-06-11
836a1cfffffffff,5.672835,26.052204,21,5,18,3,2,3,0,0,21,0,21,21,2025-01-25,2026-06-02
836a1dfffffffff,5.622778,27.171653,30,3,6,24,2,1,1,0,5,24,30,56,2025-01-01,2026-01-01
836a1efffffffff,4.779119,25.429447,25,11,22,3,9,2,2,0,20,3,25,25,2025-03-06,2026-07-08
836a24fffffffff,11.184959,25.278311,2,1,0,2,0,1,0,0,2,0,2,2,2026-02-11,2026-02-11
836a25fffffffff,11.134074,26.425576,142,9,10,132,1,8,0,10,59,73,132,142,2025-06-13,2026-05-12
836a28fffffffff,9.181585,28.545280,40,7,14,26,3,4,6,8,16,10,36,40,2025-03-21,2026-07-17
836a29fffffffff,9.123831,29.661796,1,1,1,0,1,0,0,1,0,0,1,13,2025-10-19,2025-10-19
836a2afffffffff,8.303463,27.909685,38,2,0,38,0,2,0,0,0,38,38,38,2026-01-04,2026-03-27
836a2bfffffffff,8.249701,29.020160,226,3,226,0,3,0,0,0,0,226,226,226,2025-03-29,2025-07-01
836a2cfffffffff,10.124854,28.061722,2,1,2,0,1,0,2,0,0,0,2,2,2025-12-01,2025-12-01
836a2dfffffffff,10.066222,29.189609,47,5,45,2,4,1,6,6,4,31,47,47,2025-08-30,2026-02-22
836a34fffffffff,9.420348,22.904663,38,1,38,0,1,0,2,2,32,2,38,38,2025-12-25,2025-12-25
836a35fffffffff,9.379546,24.037672,1,1,0,1,0,1,0,0,1,0,1,1,2026-02-06,2026-02-06
836a44fffffffff,8.010182,33.439154,61,2,48,13,1,1,13,48,0,0,61,111,2025-09-20,2026-03-10
836a45fffffffff,7.944086,34.542680,161,14,159,2,12,2,3,6,2,150,160,161,2025-02-03,2026-07-21
836a46fffffffff,7.151901,32.851386,29,4,0,29,0,4,0,11,17,1,29,29,2026-01-28,2026-07-15
836a48fffffffff,6.020374,36.698605,4,2,0,4,0,2,0,0,4,0,4,25,2026-02-12,2026-07-04
836a49fffffffff,5.949986,37.797654,12,11,11,1,10,1,3,0,8,1,3,65,2025-01-07,2026-03-19
836a4afffffffff,5.147056,36.124868,15,4,15,0,4,0,13,1,0,1,15,15,2025-02-22,2025-09-13
836a4dfffffffff,6.881482,37.266517,16,1,0,16,0,1,0,0,16,0,16,16,2026-06-18,2026-06-18
836a52fffffffff,4.508848,31.056926,162,4,0,162,1,3,0,0,148,14,162,164,2025-08-27,2026-04-02
836a53fffffffff,4.449466,32.182755,46,3,46,0,3,0,5,0,0,41,42,76,2025-01-31,2025-11-23
836a54fffffffff,6.341869,31.141398,7,1,0,7,0,1,0,0,0,7,7,7,2026-04-28,2026-04-28
836a56fffffffff,5.459415,30.538175,11,4,9,2,3,1,2,3,4,2,10,23,2025-09-24,2026-04-28
836a58fffffffff,4.325935,34.427809,4,1,0,4,0,1,4,0,0,0,4,4,2026-01-02,2026-01-02
836a59fffffffff,4.261951,35.545333,28,4,28,0,4,0,4,24,0,0,28,31,2025-02-19,2025-05-15
836a5cfffffffff,5.277552,33.898923,33,3,33,0,3,0,0,0,0,33,19,33,2025-01-01,2025-02-14
836a5dfffffffff,5.213171,35.013906,2,1,2,0,1,0,0,0,0,2,0,2,2025-11-18,2025-11-18
836a5efffffffff,4.388468,33.306668,0,1,0,0,1,0,0,0,0,0,0,5,2025-09-25,2025-09-25
836a61fffffffff,9.722798,34.729915,80,54,61,19,45,9,0,4,72,4,12,82,2025-01-01,2026-06-25
836a62fffffffff,8.932458,32.973420,20,1,20,0,1,0,4,0,0,16,20,20,2025-09-01,2025-09-01
836a63fffffffff,8.863052,34.062144,6,2,6,0,2,0,0,0,5,1,1,6,2025-01-22,2025-12-09
836a65fffffffff,10.667156,34.309550,231,15,0,231,0,15,0,2,34,195,231,257,2026-02-03,2026-07-12
836a66fffffffff,9.869676,32.536722,3,1,3,0,1,0,0,0,0,3,3,3,2025-01-01,2025-01-01
836a68fffffffff,8.716640,36.212689,44,48,34,10,44,4,11,0,32,1,11,221,2025-01-06,2026-06-26
836a69fffffffff,8.642480,37.301484,84,28,80,4,26,2,0,0,84,0,28,241,2025-01-16,2026-07-01
836a6afffffffff,7.875287,35.642615,6,4,5,1,3,1,0,0,3,3,3,6,2025-01-26,2026-01-10
836a6bfffffffff,7.803890,36.738173,6,5,6,0,5,0,0,0,3,3,3,10,2025-01-10,2025-06-04
836a6cfffffffff,9.645054,35.812891,90,54,86,4,49,5,0,20,68,2,48,282,2025-01-10,2026-05-30
836a6dfffffffff,9.564653,36.885915,359,109,297,62,81,28,33,98,171,57,275,1266,2025-01-06,2026-07-24
836a6efffffffff,8.791064,35.142118,65,60,51,14,48,12,2,0,61,2,3,238,2025-01-09,2026-06-27
836a70fffffffff,8.133895,31.224564,44,4,3,41,1,3,0,0,38,6,44,44,2025-10-04,2026-06-29
836a71fffffffff,8.073481,32.332843,104,7,32,72,4,3,8,0,26,70,99,157,2025-03-07,2026-07-05
836a73fffffffff,7.213382,31.739643,16,2,0,16,0,2,0,0,4,12,4,16,2026-02-21,2026-05-06
836a74fffffffff,9.062978,30.772507,102,4,102,0,4,0,0,27,75,0,102,102,2025-05-03,2025-05-22
836a75fffffffff,8.999145,31.876634,78,4,63,15,3,1,3,61,0,14,66,78,2025-04-19,2026-02-08
836a76fffffffff,8.193143,30.125379,57,7,20,37,4,3,8,13,4,32,57,104,2025-01-01,2026-07-17
836a88fffffffff,0.082571,24.531211,310,20,304,6,18,2,6,0,304,0,23,333,2025-02-01,2026-06-12
836a89fffffffff,0.024890,25.673392,1,1,0,1,0,1,0,0,1,0,1,1,2026-05-03,2026-05-03
836a8dfffffffff,1.015659,25.168382,2,3,1,1,2,1,0,0,2,0,2,4,2025-05-30,2026-05-28
836aa0fffffffff,4.019553,21.453605,1,1,0,1,0,1,0,0,1,0,1,1,2026-01-22,2026-01-22
836aa5fffffffff,4.918067,22.085272,1,1,1,0,1,0,0,1,0,0,1,1,2025-01-08,2025-01-08
836ac0fffffffff,0.787993,29.739067,1000,158,586,414,106,52,6,16,978,0,907,1097,2025-01-01,2026-07-31
836ac2fffffffff,-0.148911,29.115588,469,81,414,55,67,14,20,13,427,9,469,774,2025-01-01,2026-06-29
836ac4fffffffff,1.774459,29.217137,125,24,41,84,11,13,19,28,78,0,117,169,2025-02-25,2026-07-24
836ac5fffffffff,1.716964,30.357605,963,169,704,259,133,36,33,172,743,15,895,1036,2025-01-01,2026-07-13
836ac6fffffffff,0.845551,28.594166,283,37,180,103,23,14,2,0,281,0,264,389,2025-01-04,2026-07-30
836ac8fffffffff,-0.322383,32.561997,2,1,2,0,1,0,0,2,0,0,2,2,2025-06-03,2025-06-03
836accfffffffff,0.672004,32.027862,4,2,0,4,0,2,0,0,4,0,4,4,2026-01-15,2026-01-15
836acdfffffffff,0.613712,33.169932,3,2,2,1,1,1,0,0,3,0,3,3,2025-01-13,2026-01-15
836ad0fffffffff,-1.034200,27.334212,2,3,0,2,2,1,0,0,2,0,2,5,2025-03-24,2026-07-24
836ad1fffffffff,-1.093006,28.487256,824,204,668,156,148,56,221,51,421,131,767,2720,2025-01-01,2026-07-28
836ad5fffffffff,-0.090920,27.966491,63,7,23,40,4,3,0,1,62,0,62,71,2025-05-08,2026-05-03
836ad6fffffffff,-0.975072,26.183081,1,1,0,1,0,1,0,0,1,0,1,1,2026-01-03,2026-01-03
836ad8fffffffff,-2.161187,30.171213,8,5,7,1,4,1,0,0,8,0,8,8,2025-03-16,2026-06-10
836adafffffffff,-3.119403,29.541920,348,97,151,197,61,36,55,53,130,110,309,1648,2025-01-01,2026-07-09
836adbfffffffff,-3.177408,30.705340,8,8,4,4,4,4,0,0,7,1,7,8,2025-01-12,2026-05-28
836adcfffffffff,-1.151416,29.641283,1150,162,908,242,125,37,46,27,1047,30,963,1578,2025-01-01,2026-07-28
836adefffffffff,-2.102768,29.012410,4164,268,3977,187,222,46,1101,310,975,1778,3871,13376,2025-01-01,2026-07-29
836ae1fffffffff,3.606762,30.448601,14,7,12,2,6,1,12,0,2,0,14,52,2025-05-01,2026-07-22
836ae2fffffffff,2.751819,28.699398,313,7,298,15,1,6,298,0,15,0,311,314,2025-01-01,2026-07-02
836ae3fffffffff,2.695088,29.835311,4,2,1,3,1,1,0,4,0,0,4,4,2025-12-05,2026-04-25
836ae5fffffffff,4.566540,29.930048,8,2,8,0,2,0,7,0,0,1,8,8,2025-07-09,2025-09-10
836aecfffffffff,3.548339,31.579523,8,5,4,4,3,2,2,0,2,4,9,9,2025-03-06,2026-04-10
836aeefffffffff,2.637299,30.971116,2,2,0,2,0,2,0,0,2,0,2,2,2026-01-06,2026-07-21
836af1fffffffff,1.831229,28.077050,145,8,0,145,0,8,7,0,138,0,86,173,2026-03-12,2026-05-11
836af3fffffffff,0.902726,27.450146,2,1,2,0,1,0,0,2,0,0,2,2,2025-10-03,2025-10-03
836af5fffffffff,2.807427,27.564271,311,2,311,0,1,1,0,0,311,0,324,203,2025-01-01,2026-06-12
836b00fffffffff,14.142731,22.498997,109,7,61,48,4,3,0,0,61,48,107,118,2025-01-29,2026-06-27
836b01fffffffff,14.101085,23.680169,1,1,0,1,0,1,0,0,0,1,1,1,2026-03-25,2026-03-25
836b02fffffffff,13.202812,21.879832,98,13,33,65,5,8,0,3,47,48,98,101,2025-06-26,2026-05-17
836b03fffffffff,13.164369,23.051452,94,19,28,66,7,12,0,28,28,38,94,146,2025-01-31,2026-05-04
836b05fffffffff,15.088964,23.128591,470,36,209,261,9,27,5,36,371,58,469,472,2025-08-15,2026-07-21
836b08fffffffff,13.071674,25.391145,65374,229,65318,56,221,8,104,1561,61556,2153,11704,80402,2025-01-01,2026-07-05
836b09fffffffff,13.017574,26.557278,96,8,96,0,8,0,0,7,87,2,96,96,2025-01-12,2025-08-08
836b0afffffffff,12.148359,24.754878,672,36,627,45,25,11,8,474,46,144,501,740,2025-01-01,2026-06-12
836b0bfffffffff,12.098229,25.912971,1,1,1,0,1,0,0,0,1,0,1,1,2025-04-01,2025-04-01
836b0cfffffffff,14.053727,24.859936,1050,67,957,93,59,8,0,14,744,292,1020,1050,2025-01-01,2026-07-31
836b0dfffffffff,14.000739,26.037303,191,25,144,47,15,10,0,5,141,45,175,240,2025-01-11,2026-07-18
836b0efffffffff,13.120634,24.222215,198,10,135,63,4,6,0,12,35,151,197,199,2025-01-15,2026-05-01
836b11fffffffff,12.269974,21.270979,2,1,2,0,1,0,0,0,0,2,2,2,2025-01-05,2025-01-05
836b18fffffffff,11.273792,22.976850,79,3,0,79,0,3,0,0,40,39,48,79,2026-03-22,2026-04-21
836b19fffffffff,11.231557,24.128429,187,8,80,107,1,7,5,14,63,105,177,223,2025-12-08,2026-07-02
836b1afffffffff,10.361505,22.369023,58,6,52,6,4,2,8,40,10,0,58,58,2025-03-06,2026-04-11
836b1bfffffffff,10.321993,23.511719,62,9,7,55,2,7,11,13,19,19,62,62,2025-09-12,2026-06-30
836b1cfffffffff,12.234295,22.432932,33,4,1,32,1,3,0,13,3,17,33,33,2025-01-26,2026-07-30
836b1dfffffffff,12.193738,23.594549,32,4,3,29,1,3,1,0,3,28,31,32,2025-10-02,2026-06-01
836b28fffffffff,15.991280,24.968582,204,2,200,4,1,1,2,202,0,0,204,204,2025-01-14,2026-04-16
836b2afffffffff,15.043661,24.319182,81,4,29,52,2,2,0,1,6,74,81,81,2025-09-20,2026-07-05
836b30fffffffff,15.187456,19.555215,2,2,0,2,0,2,0,0,2,0,1,2,2026-02-13,2026-04-29
836b40fffffffff,13.734784,30.703384,989,27,927,62,20,7,0,120,583,286,825,994,2025-02-13,2026-07-29
836b41fffffffff,13.655527,31.854410,11,2,8,3,1,1,0,0,0,11,11,11,2025-07-24,2026-02-08
836b42fffffffff,12.825562,30.029465,1409,87,1031,378,61,26,59,628,637,85,1373,1419,2025-02-01,2026-07-23
836b43fffffffff,12.752111,31.175092,93,21,17,76,6,15,1,0,77,15,91,103,2025-01-31,2026-07-22
836b44fffffffff,14.727399,30.222426,229,6,1,228,1,5,0,0,27,202,229,239,2025-08-15,2026-07-29
836b45fffffffff,14.647158,31.386305,127,8,122,5,6,2,2,5,116,4,127,130,2025-04-10,2026-07-25
836b46fffffffff,13.809097,29.545258,155,10,67,88,5,5,0,1,134,20,155,155,2025-03-01,2026-06-06
836b48fffffffff,12.592007,33.443536,7,2,4,3,1,1,0,0,7,0,7,7,2025-08-05,2026-02-15
836b4bfffffffff,11.623715,33.880824,192,9,0,192,0,9,0,0,13,179,192,195,2026-01-01,2026-07-22
836b4cfffffffff,13.571512,32.997479,32,8,0,32,1,7,15,0,14,3,32,33,2025-04-30,2026-06-25
836b4dfffffffff,13.482937,34.131775,111,3,83,28,2,1,3,0,55,53,66,111,2025-01-12,2026-01-12
836b4efffffffff,12.674199,32.313389,38,5,1,37,1,4,0,0,35,3,31,38,2025-11-15,2026-06-11
836b50fffffffff,11.984093,28.218719,274,18,213,61,10,8,17,47,185,25,252,283,2025-04-21,2026-05-11
836b51fffffffff,11.920312,29.364552,739,86,297,442,25,61,7,36,451,245,707,773,2025-06-10,2026-07-04
836b52fffffffff,11.078994,27.569316,597,40,519,78,35,5,158,287,129,23,577,623,2025-02-23,2026-06-04
836b53fffffffff,11.019824,28.708642,17,1,0,17,0,1,0,0,0,17,15,17,2026-03-23,2026-03-23
836b54fffffffff,12.958439,27.719660,31,7,11,20,4,3,0,2,29,0,31,31,2025-10-30,2026-06-08
836b55fffffffff,12.894389,28.877359,1410,34,1284,126,27,7,2,5,293,1110,1404,1421,2025-03-09,2026-07-22
836b56fffffffff,12.043438,27.067892,31,2,3,28,1,1,0,16,15,0,22,31,2025-10-10,2026-05-19
836b58fffffffff,10.889697,30.970597,173,5,165,8,3,2,2,3,68,100,172,173,2025-11-29,2026-06-20
836b5cfffffffff,11.852231,30.504513,43,15,31,12,8,7,8,2,31,2,43,48,2025-03-31,2026-06-14
836b5dfffffffff,11.779997,31.637752,17,4,17,0,3,1,10,0,7,0,17,26,2025-10-11,2026-02-22
836b5efffffffff,10.956681,29.842684,290,18,122,168,8,10,4,45,97,144,290,348,2025-02-03,2026-07-01
836b65fffffffff,17.589562,31.121283,27,5,21,6,4,1,5,0,12,10,27,27,2025-04-01,2026-03-20
836b68fffffffff,15.469672,33.239155,33,8,33,0,8,0,0,1,32,0,33,33,2025-01-13,2025-04-18
836b6afffffffff,14.561662,32.542442,261,9,261,0,9,0,0,0,261,0,261,494,2025-01-13,2025-02-17
836b6bfffffffff,14.471117,33.689982,677,22,651,26,20,2,221,0,199,257,627,727,2025-01-01,2026-05-02
836b6efffffffff,15.561839,32.078210,879,59,857,22,53,6,31,52,653,143,877,1081,2025-01-01,2026-07-08
836b70fffffffff,14.871364,27.875041,75,15,4,71,2,13,0,4,65,6,75,85,2025-03-10,2026-07-26
836b71fffffffff,14.802193,29.051696,92,9,22,70,2,7,0,22,59,11,70,92,2025-08-19,2026-07-25
836b72fffffffff,13.942222,27.211285,173,5,173,0,5,0,0,0,74,99,173,173,2025-01-18,2025-04-20
836b73fffffffff,13.878295,28.380919,88,2,70,18,1,1,0,0,72,16,88,88,2025-02-25,2026-05-28
836b76fffffffff,14.934754,26.693414,109,4,109,0,4,0,2,0,94,13,109,109,2025-03-09,2025-03-22
836b80fffffffff,7.735769,18.376990,40,7,35,5,3,4,0,10,4,26,40,40,2025-01-06,2026-04-10
836b82fffffffff,6.859037,17.827311,9,3,2,7,1,2,1,0,8,0,9,9,2025-04-14,2026-05-27
836b86fffffffff,7.760718,17.267325,22,4,21,1,3,1,7,3,12,0,22,35,2025-02-03,2026-01-06
836b88fffffffff,6.769098,21.140468,4,2,0,4,0,2,0,0,4,0,4,4,2026-04-02,2026-06-15
836b89fffffffff,6.732055,22.237099,3,1,3,0,1,0,0,3,0,0,3,3,2025-05-07,2025-05-07
836b8afffffffff,5.888415,20.513095,40,6,31,9,3,3,1,0,39,0,40,40,2025-07-16,2026-05-04
836b90fffffffff,6.018503,16.198166,92,9,88,4,7,2,0,73,4,15,92,92,2025-02-14,2026-07-01
836b92fffffffff,5.140370,15.570852,3,3,2,1,2,1,0,0,3,0,3,4,2025-05-15,2026-01-23
836b93fffffffff,5.108492,16.635661,1,1,1,0,1,0,0,0,1,0,1,1,2025-06-28,2025-06-28
836b94fffffffff,6.906108,15.632697,28,8,25,3,6,2,11,0,17,0,28,37,2025-01-16,2026-04-07
836b95fffffffff,6.883866,16.728056,2,1,2,0,1,0,2,0,0,0,2,2,2025-01-20,2025-01-20
836b96fffffffff,6.041268,15.113527,4,3,2,2,1,2,1,1,2,0,4,4,2025-05-02,2026-02-25
836b98fffffffff,5.038549,18.792423,2,1,0,2,0,1,0,0,1,1,2,2,2026-07-30,2026-07-30
836b9dfffffffff,5.924463,19.422468,1,1,1,0,1,0,0,0,1,0,1,1,2025-08-07,2025-08-07
836b9efffffffff,5.074556,17.709733,10,4,4,6,1,3,6,2,2,0,6,10,2025-01-15,2026-07-13
836ba0fffffffff,10.478920,17.804575,6,2,0,6,0,2,3,3,0,0,6,18,2026-01-11,2026-01-13
836ba9fffffffff,9.457546,21.770966,5,4,2,3,2,2,1,1,3,0,5,5,2025-08-14,2026-02-15
836babfffffffff,8.562537,21.182572,0,1,0,0,1,0,0,0,0,0,0,1,2025-02-11,2025-02-11
836bb0fffffffff,8.689469,15.586463,74,5,74,0,5,0,3,0,0,71,73,75,2025-05-14,2025-11-03
836bb1fffffffff,8.670705,16.699272,14,3,5,9,1,2,4,1,0,9,14,14,2025-10-07,2026-05-31
836bb3fffffffff,7.782722,16.161225,16,7,16,0,7,0,2,2,1,11,16,17,2025-01-08,2025-08-23
836bb4fffffffff,9.603472,15.003722,2,1,2,0,1,0,0,0,0,2,2,2,2025-11-20,2025-11-20
836bb5fffffffff,9.588376,16.123092,13,2,0,13,0,2,1,1,0,11,12,13,2026-06-06,2026-07-10
836d04fffffffff,16.156878,-94.151084,1,1,0,1,0,1,0,1,0,0,1,1,2026-01-18,2026-01-18
836d06fffffffff,15.717744,-95.232426,1,1,0,1,0,1,0,0,1,0,1,1,2026-07-26,2026-07-26
836d20fffffffff,17.702593,-92.875706,642,66,623,19,56,10,4,18,4,616,95,642,2025-01-01,2026-07-11
836d21fffffffff,17.010704,-91.994081,1,1,0,1,0,1,0,0,0,1,1,1,2026-02-11,2026-02-11
836d23fffffffff,16.587991,-93.071381,23,7,9,14,3,4,0,0,0,23,23,23,2025-10-03,2026-07-08
836d25fffffffff,18.120986,-91.790096,1,1,1,0,1,0,0,1,0,0,1,1,2025-05-20,2025-05-20
836d26fffffffff,18.397850,-93.773664,23,13,23,0,13,0,1,0,2,20,14,23,2025-01-13,2025-12-07
836d28fffffffff,15.225536,-91.334368,1,1,1,0,1,0,0,0,0,1,1,2,2025-12-08,2025-12-08
836d29fffffffff,14.551612,-90.489785,52,29,26,26,14,15,7,1,20,24,49,54,2025-02-09,2026-06-10
836d2afffffffff,14.803321,-92.392568,6,3,5,1,2,1,0,0,1,5,6,6,2025-07-20,2026-02-06
836d2bfffffffff,14.133461,-91.536844,1,1,1,0,1,0,0,0,1,0,1,1,2025-09-16,2025-09-16
836d2efffffffff,15.904537,-92.194882,7,5,7,0,5,0,1,0,1,5,7,7,2025-08-07,2025-12-08
836d31fffffffff,16.839264,-95.053887,19,7,0,19,0,7,0,0,0,19,19,19,2026-02-20,2026-07-03
836d32fffffffff,17.074953,-97.072627,12,7,0,12,0,7,0,0,6,6,12,12,2026-02-22,2026-07-22
836d35fffffffff,17.965556,-94.872421,8,4,0,8,0,4,0,0,0,8,8,8,2026-01-04,2026-05-20
836d36fffffffff,18.211692,-96.906385,4,4,2,2,2,2,0,0,0,4,4,4,2025-01-08,2026-07-03
836d69fffffffff,10.138274,-84.490459,58,58,58,0,58,0,0,1,0,57,32,67,2025-01-20,2025-12-30
837280fffffffff,-3.157832,135.080169,4,3,4,0,3,0,0,2,2,0,4,4,2025-10-17,2025-12-01
837281fffffffff,-2.972557,136.235144,4,2,2,2,1,1,2,0,0,2,4,4,2025-08-13,2026-02-21
837283fffffffff,-4.054892,135.824501,7,7,3,4,3,4,1,0,6,0,6,7,2025-03-24,2026-05-10
837286fffffffff,-3.341292,133.928148,1,1,0,1,0,1,0,0,1,0,1,1,2026-02-04,2026-02-04
837288fffffffff,-3.683339,138.135410,27,14,11,16,9,5,4,6,13,4,17,30,2025-01-21,2026-06-06
837289fffffffff,-3.494971,139.292048,4,3,4,0,3,0,1,0,3,0,3,4,2025-01-08,2025-09-16
83728afffffffff,-4.763178,137.721830,1,2,0,1,1,1,0,1,0,0,1,2,2025-06-20,2026-05-18
83728bfffffffff,-4.576274,138.876769,26,12,12,14,10,2,2,7,5,12,24,30,2025-05-18,2026-07-02
83728efffffffff,-3.870055,136.979248,67,29,54,13,19,10,9,22,22,14,42,82,2025-03-30,2026-07-02
837290fffffffff,-5.487107,133.119473,1,1,0,1,0,1,0,0,1,0,1,1,2026-02-19,2026-02-19
83729dfffffffff,-4.947927,136.567702,2,1,0,2,0,1,1,0,1,0,2,2,2026-02-11,2026-02-11
8372a6fffffffff,-0.451303,132.842878,2,1,0,2,0,1,0,0,2,0,2,2,2026-03-16,2026-03-16
8372b5fffffffff,-1.541102,132.439009,3,4,1,2,3,1,3,0,0,0,3,8,2025-01-13,2026-03-22
8372d0fffffffff,-4.196911,141.185326,5,2,5,0,2,0,1,4,0,0,5,9,2025-09-25,2025-10-19
8372d2fffffffff,-5.274022,140.768586,3,3,2,1,2,1,0,1,2,0,2,3,2025-04-09,2026-07-22
8372d6fffffffff,-4.387440,140.031580,34,8,20,14,5,3,1,0,29,4,28,35,2025-01-30,2026-07-20
8372dafffffffff,-5.766017,143.795267,34,7,31,3,4,3,1,2,4,27,34,34,2025-08-01,2026-07-16
8372defffffffff,-4.889120,143.067907,3,1,0,3,0,1,0,0,1,2,3,3,2026-06-06,2026-06-06
8372f3fffffffff,-2.217781,140.865861,1,1,1,0,1,0,0,1,0,0,1,1,2025-12-01,2025-12-01
83739bfffffffff,-0.639041,131.694328,1,1,1,0,1,0,0,0,1,0,1,1,2025-02-14,2025-02-14
837505fffffffff,7.723178,-2.355301,1,2,0,1,0,2,0,0,0,1,1,2,2026-01-20,2026-03-15
837522fffffffff,9.365631,-2.656439,30,3,25,5,2,1,0,0,0,30,30,30,2025-08-24,2026-03-07
837523fffffffff,8.555140,-2.037718,6,1,6,0,1,0,6,0,0,0,6,6,2025-08-27,2025-08-27
837525fffffffff,9.433954,-0.756451,1,1,0,1,0,1,0,0,0,1,1,1,2026-03-06,2026-03-06
83752afffffffff,6.921881,-1.745921,0,2,0,0,2,0,0,0,0,0,0,3,2025-07-22,2025-07-25
83752efffffffff,7.745456,-1.422978,1,1,0,1,0,1,0,0,0,1,1,1,2026-05-23,2026-05-23
837530fffffffff,10.131390,-4.206010,34,14,27,7,10,4,17,16,0,1,32,65,2025-01-23,2026-07-22
837534fffffffff,10.986590,-3.905392,5,3,5,0,3,0,3,0,2,0,5,6,2025-02-14,2025-12-31
837535fffffffff,10.176319,-3.279034,7,6,7,0,3,3,7,0,0,0,7,36,2025-06-01,2026-07-22
837536fffffffff,10.720527,-4.864925,17,4,17,0,3,1,17,0,0,0,17,27,2025-02-10,2026-05-20
837a08fffffffff,1.057276,42.676662,263,17,131,132,5,12,0,131,24,108,262,265,2025-03-12,2026-06-07
837a09fffffffff,1.117954,41.589061,9,1,0,9,0,1,0,0,0,9,9,9,2026-04-14,2026-04-14
837a0afffffffff,1.953439,43.211292,30,6,2,28,2,4,0,2,8,20,30,36,2025-11-26,2026-04-10
837a0bfffffffff,2.017784,42.132563,37,5,0,37,0,5,0,1,0,36,37,40,2026-01-04,2026-06-21
837a0cfffffffff,0.092681,43.222683,123,10,87,36,5,5,0,65,12,46,122,125,2025-09-08,2026-07-05
837a0dfffffffff,0.149459,42.135447,121,14,92,29,6,8,0,92,0,29,119,168,2025-01-01,2026-07-19
837a0efffffffff,0.996747,43.754830,119,12,0,119,0,12,0,8,10,101,119,119,2026-01-24,2026-07-13
837a18fffffffff,2.768975,44.799278,45,9,5,40,3,6,0,5,0,40,45,63,2025-03-17,2026-05-13
837a19fffffffff,2.837510,43.739368,338,41,183,155,16,25,11,179,14,134,327,443,2025-04-17,2026-07-28
837a1afffffffff,3.636356,45.311654,134,20,88,46,12,8,0,92,1,41,134,176,2025-01-28,2026-07-23
837a1bfffffffff,3.709101,44.260919,12,7,12,0,7,0,0,12,0,0,12,27,2025-08-10,2025-12-28
837a1cfffffffff,1.824494,45.339131,887,113,719,168,82,31,39,621,55,172,880,1237,2025-01-29,2026-07-19
837a1dfffffffff,1.888983,44.280350,284,41,71,213,11,30,4,111,0,169,283,336,2025-03-31,2026-07-26
837a1efffffffff,2.700177,45.848713,1221,50,520,701,27,23,1,519,0,701,1221,1275,2025-02-20,2026-07-26
837a2bfffffffff,-0.822753,42.683875,184,13,16,168,4,9,0,16,8,160,184,198,2025-04-21,2026-05-20
837a42fffffffff,1.300172,38.276542,6,2,0,6,0,2,0,0,0,6,6,6,2026-05-18,2026-05-18
837a44fffffffff,-0.605744,38.248392,12,3,0,12,0,3,8,4,0,0,11,12,2026-03-29,2026-04-25
837a45fffffffff,-0.549953,37.121012,3,2,0,3,0,2,0,1,2,0,3,3,2026-06-01,2026-06-09
837a49fffffffff,1.540823,33.772285,1,1,0,1,0,1,0,0,1,0,1,1,2026-01-01,2026-01-01
837a52fffffffff,3.040647,40.502761,19,10,5,14,4,6,2,15,2,0,19,35,2025-02-24,2026-07-13
837a53fffffffff,3.107234,39.407111,1,1,1,0,1,0,0,0,1,0,1,1,2025-01-11,2025-01-11
837a55fffffffff,1.239474,39.388278,1,1,0,1,0,1,0,0,1,0,1,1,2026-06-21,2026-06-21
837a56fffffffff,2.081939,41.044804,6,2,0,6,0,2,6,0,0,0,5,16,2026-06-08,2026-07-28
837a63fffffffff,-1.543464,37.668936,2,1,2,0,1,0,0,0,2,0,2,2,2025-08-04,2025-08-04
837a69fffffffff,-1.379699,34.248529,3,3,3,0,3,0,0,0,3,0,3,3,2025-10-29,2025-10-30
837a6afffffffff,-0.493659,35.987823,1,1,0,1,0,1,0,0,0,1,1,1,2026-05-18,2026-05-18
837a6efffffffff,-1.489705,36.533925,6,3,1,5,1,2,0,0,1,5,6,6,2025-03-04,2026-05-18
837a70fffffffff,-0.715586,40.482473,22,13,18,4,5,8,7,10,5,0,22,40,2025-03-23,2026-06-28
837a71fffffffff,-0.660974,39.369143,5,2,0,5,0,2,0,0,5,0,5,8,2026-02-08,2026-06-21
837a72fffffffff,0.206662,41.039036,6,2,6,0,2,0,2,4,0,0,6,6,2025-10-24,2025-11-19
837a73fffffffff,0.264230,39.934146,2,6,2,0,2,4,2,0,0,0,2,14,2025-09-04,2026-07-21
837a74fffffffff,-1.699157,41.033176,18,10,18,0,10,0,13,5,0,0,18,47,2025-01-12,2025-12-23
837a75fffffffff,-1.648236,39.919362,0,1,0,0,0,1,0,0,0,0,0,2,2026-03-03,2026-03-03
837a76fffffffff,-0.769529,41.587625,202,9,113,89,5,4,0,113,0,89,202,211,2025-06-17,2026-07-09
837a81fffffffff,6.072847,47.821900,200,1,0,200,0,1,0,0,0,200,200,200,2026-06-09,2026-06-09
837a83fffffffff,6.882299,48.299181,13,1,0,13,0,1,0,0,0,13,13,13,2026-05-06,2026-05-06
837a85fffffffff,5.166657,48.348167,97,5,27,70,4,1,0,27,0,70,97,97,2025-02-17,2026-04-09
837a8cfffffffff,6.159812,46.809913,11,1,11,0,1,0,0,11,0,0,11,11,2025-07-20,2025-07-20
837a99fffffffff,8.660297,47.255426,21,2,1,20,1,1,1,0,0,20,21,21,2025-04-19,2026-06-22
837a9cfffffffff,7.677924,48.770171,1,1,0,1,0,1,0,0,1,0,1,1,2026-07-17,2026-07-17
837aa8fffffffff,4.413067,46.848230,38,4,38,0,4,0,0,38,0,0,38,38,2025-08-24,2025-12-06
837aa9fffffffff,4.490802,45.817520,290,43,137,153,26,17,3,136,0,151,288,378,2025-03-27,2026-07-23
837aaafffffffff,5.249710,47.338269,41,5,24,17,3,2,0,29,0,12,41,41,2025-02-19,2026-03-14
837aabfffffffff,5.332033,46.316924,112,7,105,7,6,1,6,99,2,5,112,112,2025-01-23,2026-01-04
837aacfffffffff,3.489539,47.380633,23,3,20,3,2,1,0,23,0,0,22,34,2025-04-04,2026-01-18
837aadfffffffff,3.563136,46.351729,696,54,498,198,38,16,16,491,27,162,691,710,2025-02-25,2026-07-29
837aaefffffffff,4.334770,47.867624,29,5,29,0,5,0,0,29,0,0,29,29,2025-02-13,2025-12-18
837ac8fffffffff,7.653750,38.913096,75,64,31,44,49,15,35,0,35,5,17,592,2025-01-12,2026-06-26
837ac9fffffffff,7.730005,37.828582,17,2,0,17,0,2,0,0,16,1,17,17,2026-01-08,2026-06-26
837acafffffffff,8.486166,39.461864,37,49,26,11,40,9,3,0,30,4,11,491,2025-01-11,2026-07-01
837acbfffffffff,8.565613,38.384784,37,47,30,7,42,5,0,0,30,7,1,658,2025-01-13,2026-06-23
837accfffffffff,6.732996,39.443897,2,4,1,1,2,2,0,0,2,0,0,37,2025-03-16,2026-05-29
837acdfffffffff,6.808253,38.358357,16,3,1,15,1,2,5,10,1,0,15,16,2025-05-29,2026-06-23
837acefffffffff,7.575246,39.990991,86,23,40,46,15,8,43,2,38,3,75,183,2025-02-12,2026-03-16
837ad8fffffffff,9.219813,41.066992,15,10,15,0,10,0,0,0,15,0,0,42,2025-02-23,2025-09-15
837ad9fffffffff,9.309170,40.039420,62,20,50,12,15,5,0,14,13,35,54,145,2025-01-20,2026-05-31
837adafffffffff,10.043626,41.750289,46,2,46,0,2,0,2,43,1,0,45,46,2025-01-01,2025-10-27
837addfffffffff,8.404268,40.532021,52,47,28,24,36,11,3,2,46,1,13,356,2025-01-18,2026-07-13
837adefffffffff,9.131901,42.121466,37,8,37,0,8,0,0,32,5,0,34,127,2025-01-13,2025-10-23
837ae0fffffffff,3.852768,42.129724,12,3,6,6,2,1,1,0,11,0,11,12,2025-04-19,2026-05-09
837ae4fffffffff,2.905694,42.669561,14,3,0,14,0,3,0,0,0,14,14,14,2026-01-05,2026-03-14
837ae5fffffffff,2.973437,41.590474,0,3,0,0,1,2,0,0,0,0,0,20,2025-06-09,2026-07-28
837ae6fffffffff,3.781272,43.200079,8,8,7,1,5,3,0,8,0,0,8,15,2025-03-24,2026-07-31
837ae8fffffffff,4.939281,39.425648,13,17,12,1,16,1,1,0,11,1,2,136,2025-01-15,2026-06-21
837ae9fffffffff,5.010010,38.331514,11,10,11,0,9,1,0,0,9,2,1,184,2025-01-01,2026-05-31
837aeafffffffff,5.803944,39.977113,1,1,1,0,1,0,0,0,1,0,0,1,2025-03-01,2025-03-01
837aebfffffffff,5.877805,38.890737,40,9,18,22,7,2,27,10,3,0,38,118,2025-01-01,2026-07-19
837aedfffffffff,4.062200,38.868025,4,3,4,0,3,0,0,3,1,0,3,47,2025-07-04,2025-11-15
837aeefffffffff,4.867222,40.512667,7,1,7,0,1,0,0,0,0,7,7,7,2025-07-15,2025-07-15
837af3fffffffff,6.414124,43.709154,1,1,1,0,1,0,0,0,1,0,1,1,2025-08-25,2025-08-25
837af4fffffffff,4.567867,44.775982,34,9,27,7,6,3,3,5,11,15,33,37,2025-02-11,2026-07-11
837af5fffffffff,4.644152,43.724144,24,3,24,0,3,0,0,24,0,0,22,24,2025-06-21,2025-12-28
837b4cfffffffff,-6.522427,39.309847,488,28,488,0,28,0,0,0,488,0,53,495,2025-04-24,2025-11-03
837b4dfffffffff,-6.485101,38.161156,1,1,1,0,1,0,0,0,1,0,0,1,2025-10-29,2025-10-29
838000fffffffff,-4.530155,-42.022416,2,2,2,0,2,0,0,0,1,1,2,2,2025-01-11,2025-07-30
838001fffffffff,-3.919147,-43.036435,8,5,8,0,5,0,0,0,2,6,8,8,2025-01-07,2025-06-06
838003fffffffff,-3.348860,-41.999648,2,2,2,0,2,0,0,0,0,2,2,2,2025-01-24,2025-05-26
838005fffffffff,-5.100346,-43.060907,61,58,61,0,58,0,0,0,0,61,61,61,2025-01-01,2025-08-14
838006fffffffff,-5.139747,-41.006684,1,1,1,0,1,0,0,0,0,1,1,1,2025-01-06,2025-01-06
838008fffffffff,-2.127966,-44.022115,37,37,37,0,37,0,1,0,11,25,32,38,2025-01-02,2025-08-31
83800cfffffffff,-3.307439,-44.048112,3,2,3,0,2,0,0,0,1,2,3,3,2025-01-16,2025-08-19
83800dfffffffff,-2.695743,-45.056826,11,9,11,0,9,0,0,0,1,10,10,11,2025-01-05,2025-08-17
838010fffffffff,-3.992724,-38.937121,10,5,10,0,5,0,0,1,2,7,7,10,2025-01-28,2025-06-16
838011fffffffff,-3.386010,-39.951021,1,1,1,0,1,0,0,0,1,0,1,1,2025-08-17,2025-08-17
838015fffffffff,-4.566612,-39.970416,1,1,1,0,1,0,0,0,1,0,1,1,2025-10-01,2025-10-01
838016fffffffff,-4.597166,-37.923444,1,1,0,1,0,1,0,0,0,1,1,1,2026-02-20,2026-02-20
838020fffffffff,-7.460234,-43.110093,2,1,2,0,1,0,0,0,0,2,2,2,2025-07-31,2025-07-31
838023fffffffff,-6.281042,-43.085460,7,7,7,0,7,0,0,0,0,7,7,7,2025-01-06,2025-07-03
83802afffffffff,-4.487913,-44.074192,3,3,3,0,3,0,0,0,1,2,3,3,2025-05-07,2025-07-06
83802bfffffffff,-3.874866,-45.084490,1,1,1,0,1,0,0,0,0,1,1,1,2025-08-13,2025-08-13
838031fffffffff,-6.320508,-41.027875,1,1,1,0,1,0,0,0,0,1,1,1,2025-01-19,2025-01-19
838032fffffffff,-6.351853,-38.972627,1,1,1,0,1,0,0,0,0,1,1,1,2025-01-21,2025-01-21
838048fffffffff,2.089359,-50.977458,4,2,0,4,0,2,0,0,1,3,4,4,2026-06-07,2026-06-18
83804cfffffffff,0.935236,-51.013824,1,1,0,1,0,1,0,0,0,1,1,1,2026-05-18,2026-05-18
83804dfffffffff,1.527713,-51.985613,4,4,0,4,0,4,0,0,0,4,4,4,2026-01-02,2026-07-27
83806afffffffff,-0.223165,-51.050300,97,92,51,46,50,42,0,2,2,93,95,97,2025-01-02,2026-07-31
838109fffffffff,-9.758030,-45.224150,0,1,0,0,1,0,0,0,0,0,0,1,2025-01-19,2025-01-19
83810dfffffffff,-10.925268,-45.252353,1,1,1,0,1,0,0,0,0,1,1,1,2025-06-08,2025-06-08
838110fffffffff,-12.206358,-39.062428,2,2,2,0,2,0,0,0,2,0,2,2,2025-01-06,2025-04-25
838116fffffffff,-12.790806,-38.036866,7,4,6,1,3,1,0,2,5,0,7,7,2025-03-21,2026-04-29
838134fffffffff,-16.211188,-40.167932,2,2,2,0,2,0,2,0,0,0,2,2,2025-06-25,2025-09-02
838158fffffffff,-5.561212,-48.188702,1,1,1,0,1,0,0,0,1,0,0,1,2025-06-21,2025-06-21
83815afffffffff,-5.002397,-47.155460,8,8,8,0,8,0,0,0,0,8,6,8,2025-01-19,2025-08-18
83815bfffffffff,-4.386871,-48.156168,1,1,1,0,1,0,0,0,0,1,0,1,2025-07-16,2025-07-16
83815efffffffff,-6.178451,-47.186493,1,1,1,0,1,0,0,0,0,1,0,1,2025-06-01,2025-06-01
83816efffffffff,-9.530620,-51.346155,1,1,1,0,1,0,0,0,1,0,1,1,2025-10-22,2025-10-22
838188fffffffff,-6.375018,-36.924978,3,3,2,1,2,1,0,1,0,2,3,3,2025-01-08,2026-02-27
838189fffffffff,-5.775568,-37.939486,26,23,15,11,14,9,1,0,4,21,26,27,2025-01-01,2026-03-10
83818afffffffff,-5.796489,-35.899294,25,19,23,2,17,2,2,0,3,20,24,25,2025-01-31,2026-02-25
83818bfffffffff,-5.198646,-36.910625,50,45,32,18,30,15,0,2,0,48,50,51,2025-01-03,2026-03-09
83818dfffffffff,-6.952974,-37.955581,1,1,0,1,0,1,0,0,0,1,1,1,2026-02-09,2026-02-09
83818efffffffff,-6.970223,-35.911954,1,1,0,1,0,1,0,0,0,1,1,1,2026-02-24,2026-02-24
838199fffffffff,-5.218069,-34.879145,21,17,21,0,17,0,0,8,3,10,18,22,2025-01-20,2025-12-19
83819dfffffffff,-6.390039,-34.890076,10,8,10,0,8,0,1,1,2,6,10,10,2025-02-15,2025-11-30
838230fffffffff,-5.954430,12.167509,3,1,3,0,1,0,0,0,3,0,3,3,2025-05-12,2025-05-12
838232fffffffff,-5.037838,12.818011,5,9,5,0,9,0,0,5,0,0,5,109,2025-02-28,2025-06-25
838293fffffffff,4.222040,16.005279,2,1,0,2,0,1,0,0,0,2,2,2,2026-01-02,2026-01-02
83829afffffffff,5.170207,14.515912,1,1,1,0,1,0,0,1,0,0,1,1,2025-06-03,2025-06-03
83829efffffffff,4.257161,14.942093,4,1,4,0,1,0,1,3,0,0,4,4,2025-03-05,2025-03-05
8382b6fffffffff,0.421378,17.793877,1,1,1,0,1,0,0,0,1,0,1,1,2025-01-01,2025-01-01
8382d0fffffffff,3.540488,9.176281,1,1,1,0,1,0,1,0,0,0,1,1,2025-09-06,2025-09-06
8382d2fffffffff,4.406400,9.790974,47,22,29,18,13,9,20,6,18,3,46,52,2025-03-14,2026-07-16
8382d3fffffffff,4.431143,8.797010,6,5,4,2,3,2,1,1,4,0,5,7,2025-01-14,2026-05-11
8382d8fffffffff,4.475785,6.848383,24,7,20,4,4,3,3,2,3,16,23,34,2025-01-31,2026-06-29
8382dafffffffff,5.300547,7.269416,75,28,56,19,15,13,13,14,39,9,27,94,2025-01-28,2026-06-27
8382dbfffffffff,5.309267,6.255322,31,20,7,24,5,15,9,6,5,11,28,32,2025-02-16,2026-07-21
8382defffffffff,4.454258,7.816043,2,2,0,2,0,2,0,0,2,0,1,2,2026-01-01,2026-07-26
838332fffffffff,-12.245511,15.952940,0,1,0,0,0,1,0,0,0,0,0,1,2026-02-15,2026-02-15
838382fffffffff,-4.429197,17.881501,3,2,0,3,0,2,1,0,0,2,3,2,2026-01-05,2026-01-05
838383fffffffff,-4.353030,16.762443,6,3,6,0,3,0,0,0,6,0,6,6,2025-02-05,2025-08-26
83838dfffffffff,-5.122411,13.902544,1,1,1,0,1,0,0,0,1,0,1,1,2025-09-21,2025-09-21
83838efffffffff,-4.275891,15.653335,36,13,25,11,5,8,0,0,36,0,35,37,2025-03-21,2026-07-25
838395fffffffff,-4.504273,19.009780,15,1,15,0,1,0,0,0,15,0,13,15,2025-04-01,2025-04-01
83839cfffffffff,-3.417328,17.416791,3,3,3,0,3,0,0,0,3,0,3,3,2025-06-08,2025-08-14
83839dfffffffff,-3.345206,16.306267,24,4,22,2,3,1,0,0,24,0,16,28,2025-01-28,2026-02-26
8383abfffffffff,-6.134746,14.342876,3,1,3,0,1,0,0,0,3,0,3,3,2025-02-16,2025-02-16
8383b1fffffffff,-6.478133,18.827149,0,1,0,0,1,0,0,0,0,0,0,1,2025-03-12,2025-03-12
838a1bfffffffff,-3.895042,-61.723860,1,1,1,0,1,0,0,0,1,0,1,1,2025-05-10,2025-05-10
838a1dfffffffff,-5.511604,-62.703703,8,7,0,8,0,7,0,0,0,8,8,8,2026-01-11,2026-07-27
838a23fffffffff,-9.313782,-63.795417,3,2,0,3,0,2,0,0,0,3,1,3,2026-01-30,2026-06-09
838a2cfffffffff,-9.192833,-65.649575,1,1,1,0,1,0,0,0,0,1,1,1,2025-07-01,2025-07-01
838a45fffffffff,-3.710625,-70.070478,3,2,0,3,0,2,0,0,2,1,3,3,2026-03-01,2026-06-01
838a48fffffffff,-0.800610,-70.823265,8,2,0,8,0,2,0,5,3,0,8,8,2026-01-01,2026-01-02
838a49fffffffff,-0.133009,-71.740192,4,1,4,0,1,0,0,4,0,0,4,4,2025-11-05,2025-11-05
838a4bfffffffff,0.310775,-70.739966,12,2,0,12,0,2,0,12,0,0,12,12,2026-03-26,2026-03-27
838a4efffffffff,-1.465647,-69.909284,1,1,1,0,1,0,0,0,1,0,1,1,2025-10-22,2025-10-22
838a8cfffffffff,-2.917565,-57.963405,3,3,0,3,0,3,0,0,1,2,3,3,2026-02-02,2026-07-05
838adafffffffff,3.292566,-60.494524,36,36,36,0,36,0,0,0,3,33,18,40,2025-01-08,2025-11-23
838adefffffffff,2.189804,-60.542698,3,3,3,0,3,0,0,0,1,2,3,3,2025-03-01,2025-08-13
838ae4fffffffff,-3.802760,-63.522094,2,2,0,2,0,2,0,0,1,1,2,2,2026-01-20,2026-05-26
838af6fffffffff,-2.851320,-59.838117,224,217,133,91,128,89,2,2,38,182,157,228,2025-01-01,2026-07-16
838b10fffffffff,-15.073207,-60.372288,1,1,1,0,1,0,0,1,0,0,1,1,2025-04-28,2025-04-28
838b40fffffffff,-11.199876,-69.628688,2,2,2,0,2,0,0,0,0,2,2,2,2025-10-21,2025-11-02
838b42fffffffff,-10.695516,-68.614739,7,8,7,0,8,0,0,0,1,6,6,9,2025-04-25,2025-12-13
838b49fffffffff,-8.094785,-72.367473,4,5,4,0,5,0,0,0,2,2,2,5,2025-03-08,2025-11-17
838b4afffffffff,-8.263375,-70.400443,2,3,2,0,3,0,0,0,0,2,2,3,2025-05-18,2025-11-03
838b51fffffffff,-10.192521,-67.613331,22,22,20,2,21,1,0,3,4,15,20,23,2025-01-15,2026-05-05
838b5dfffffffff,-8.913834,-69.467479,2,2,2,0,2,0,0,0,0,2,0,2,2025-12-05,2025-12-12
838b84fffffffff,-13.214551,-56.448459,1,1,1,0,1,0,0,0,1,0,0,1,2025-01-01,2025-01-01
838b86fffffffff,-12.725930,-55.447942,1,1,1,0,1,0,0,0,1,0,1,1,2025-02-27,2025-02-27
838b95fffffffff,-12.228276,-54.440632,2,1,2,0,1,0,0,0,2,0,0,2,2025-04-10,2025-04-10
838ba4fffffffff,-15.895715,-57.533518,1,1,1,0,1,0,0,1,0,0,1,1,2025-05-01,2025-05-01
838ba6fffffffff,-15.433369,-56.537799,12,3,12,0,3,0,5,2,5,0,7,12,2025-01-10,2025-11-09
838bb4fffffffff,-15.592541,-54.566819,1,1,1,0,1,0,0,1,0,0,1,1,2025-04-16,2025-04-16
838c10fffffffff,-6.635780,106.882171,1,1,1,0,1,0,0,0,1,0,1,1,2025-08-28,2025-08-28
838e45fffffffff,-14.220872,-75.949953,1,1,0,1,0,1,1,0,0,0,1,1,2026-02-01,2026-02-01
838e65fffffffff,-11.398991,-74.663870,1,1,0,1,0,1,1,0,0,0,1,1,2026-02-26,2026-02-26
838f0dfffffffff,-3.809115,-80.070656,104,17,69,35,6,11,13,5,3,83,104,105,2025-04-12,2026-04-25
838f28fffffffff,-1.503563,-79.829214,53,14,23,30,6,8,0,0,9,44,49,55,2025-01-05,2026-04-10
838f29fffffffff,-2.189822,-78.885838,6,2,0,6,0,2,0,0,0,6,6,6,2026-03-13,2026-03-27
838f2afffffffff,-1.964447,-80.894387,12,4,5,7,1,3,0,0,0,12,12,12,2025-07-15,2026-07-12
838f2bfffffffff,-2.653224,-79.949496,163,57,78,85,21,36,7,6,23,127,160,168,2025-01-08,2026-06-17
838f2cfffffffff,-0.361016,-79.709803,123,27,41,82,19,8,0,0,1,122,114,141,2025-01-16,2026-04-23
838f2dfffffffff,-1.044448,-78.769768,1,1,1,0,1,0,1,0,0,0,1,1,2025-11-22,2025-11-22
838f2efffffffff,-0.817750,-80.770826,243,221,204,39,196,25,1,5,16,221,160,359,2025-01-01,2026-06-14
838f59fffffffff,-10.054815,-76.590567,3,1,0,3,0,1,0,0,3,0,3,3,2026-07-24,2026-07-24
838f5efffffffff,-8.688167,-78.517225,3,1,0,3,0,1,0,0,2,1,3,3,2026-07-13,2026-07-13
838f6bfffffffff,-7.428151,-73.312615,2,1,2,0,1,0,0,0,0,2,2,2,2025-08-25,2025-08-25
839634fffffffff,-15.431016,32.576153,3,2,1,2,1,1,0,0,3,0,3,3,2025-01-17,2026-06-16
83964cfffffffff,-12.467177,18.262256,20,1,20,0,1,0,0,0,0,20,0,0,2025-01-01,2025-01-01
839686fffffffff,-6.356117,34.677300,1,2,1,0,2,0,0,0,1,0,1,1676,2025-10-29,2025-10-29
839688fffffffff,-5.169906,30.613854,1,1,1,0,1,0,0,0,1,0,1,1,2025-05-04,2025-05-04
83968bfffffffff,-4.142073,30.075748,9,6,9,0,6,0,0,0,9,0,5,9,2025-01-01,2025-07-28
83968dfffffffff,-6.145228,29.978720,0,1,0,0,1,0,0,0,0,0,0,1,2025-12-06,2025-12-06
839692fffffffff,-3.445909,36.491075,10,5,9,1,4,1,0,0,10,0,8,10,2025-10-29,2026-02-12
839698fffffffff,-3.289291,33.028740,438,3,438,0,3,0,0,0,438,0,305,438,2025-10-29,2025-10-29
83969bfffffffff,-2.275239,32.486718,58,7,58,0,7,0,0,0,58,0,29,57,2025-10-29,2025-10-31
8396a1fffffffff,-9.314500,32.808111,5,3,5,0,3,0,0,0,5,0,5,5,2025-10-29,2025-10-29
8396a3fffffffff,-8.324486,33.437245,4,3,4,0,3,0,0,0,4,0,4,5,2025-10-29,2025-10-29
8396b3fffffffff,-6.401939,35.843982,0,1,0,0,1,0,0,0,0,0,0,1,2025-12-27,2025-12-27
8396c1fffffffff,-5.824003,24.107617,2,1,2,0,1,0,0,2,0,0,2,2,2025-01-02,2025-01-02
8396d1fffffffff,-3.960477,26.574138,0,1,0,0,1,0,0,0,0,0,0,23,2025-09-14,2025-09-14
8396d2fffffffff,-3.060115,28.378629,457,87,427,30,74,13,30,6,409,12,307,7883,2025-01-01,2026-07-26
8396d3fffffffff,-2.999619,27.216426,0,3,0,0,3,0,0,0,0,0,0,25,2025-09-14,2025-12-07
8396d4fffffffff,-5.051661,28.268243,0,2,0,0,1,1,0,0,0,0,0,24,2025-09-14,2026-05-05
8396d6fffffffff,-4.083180,28.907564,371,75,137,234,32,43,36,154,105,76,274,3763,2025-01-19,2026-07-31
8396dcfffffffff,-3.896831,25.410822,1,1,1,0,1,0,0,0,1,0,1,1,2025-05-21,2025-05-21
8396e0fffffffff,-8.954528,25.663453,15,3,0,15,0,3,0,7,4,4,10,16,2026-01-11,2026-07-28
8396e6fffffffff,-9.024094,26.851513,7,2,2,5,1,1,0,2,4,1,7,7,2025-01-06,2026-03-03
8396eafffffffff,-6.790520,23.450116,5,1,0,5,0,1,0,0,0,5,5,5,2026-05-15,2026-05-15
8396f4fffffffff,-8.106183,28.692707,1,1,0,1,0,1,0,0,1,0,1,1,2026-05-06,2026-05-06
8396f6fffffffff,-7.124295,29.338306,4,1,4,0,1,0,1,3,0,0,4,4,2025-03-07,2025-03-07
839702fffffffff,-19.524282,33.654375,1,1,0,1,0,1,0,0,1,0,1,1,2026-05-09,2026-05-09
839705fffffffff,-21.501212,32.331978,1,1,0,1,0,1,0,0,1,0,1,1,2026-05-15,2026-05-15
839710fffffffff,-18.550754,35.533791,1,1,1,0,1,0,0,0,1,0,0,1,2025-01-05,2025-01-05
839711fffffffff,-18.528694,34.305587,1,1,1,0,1,0,0,0,1,0,1,1,2025-02-04,2025-02-04
839712fffffffff,-17.549877,36.170353,3,1,3,0,1,0,1,2,0,0,3,3,2025-02-02,2025-02-02
839713fffffffff,-17.529648,34.950053,4,1,4,0,1,0,2,2,0,0,4,4,2025-04-24,2025-04-24
839715fffffffff,-19.548642,34.890268,1,1,1,0,1,0,0,0,1,0,1,1,2025-01-16,2025-01-16
839724fffffffff,-24.513273,34.104815,1,1,1,0,1,0,0,0,1,0,1,1,2025-03-15,2025-03-15
839725fffffffff,-24.491823,32.839096,2,2,1,1,1,1,0,0,2,0,2,2,2025-03-03,2026-07-18
839726fffffffff,-23.536732,34.767512,2,1,2,0,1,0,0,0,2,0,2,2,2025-03-08,2025-03-08
839731fffffffff,-21.552562,34.829430,3,1,3,0,1,0,0,0,3,0,3,3,2025-01-13,2025-01-13
839782fffffffff,-12.516861,38.069493,8,2,8,0,2,0,4,0,0,4,7,8,2025-04-29,2025-05-15
839785fffffffff,-14.521569,36.842450,21,1,21,0,1,0,0,5,2,14,5,23,2025-04-16,2025-04-16
839786fffffffff,-13.536031,38.646271,14,7,14,0,7,0,0,0,14,0,13,16,2025-01-03,2025-10-02
839790fffffffff,-11.536439,39.841722,247,79,164,83,64,15,62,53,99,33,188,268,2025-01-13,2026-06-22
839792fffffffff,-10.541760,40.428791,14,8,11,3,6,2,3,0,10,1,12,14,2025-01-26,2026-05-17
839794fffffffff,-12.547603,40.417513,182,32,118,64,18,14,60,61,56,5,120,320,2025-02-20,2026-07-24
839795fffffffff,-12.534834,39.247549,35,14,32,3,11,3,0,13,22,0,26,38,2025-01-23,2026-06-04
839796fffffffff,-11.550514,41.002403,77,12,61,16,10,2,19,36,22,0,43,100,2025-01-04,2026-03-15
83979cfffffffff,-11.493925,37.495833,7,3,7,0,3,0,6,0,0,1,4,7,2025-05-13,2025-05-16
8397a1fffffffff,-16.546989,36.799914,4,1,4,0,1,0,0,4,0,0,4,4,2025-02-01,2025-02-01
8397a2fffffffff,-15.554459,38.619523,2,1,2,0,1,0,0,0,2,0,2,2,2025-12-28,2025-12-28
8397a3fffffffff,-15.543070,37.422437,2,1,2,0,1,0,0,0,2,0,2,2,2025-01-16,2025-01-16
8397a5fffffffff,-17.562588,37.384787,3,1,3,0,1,0,0,0,3,0,3,3,2025-02-02,2025-02-02
8397a6fffffffff,-16.563685,39.204234,9,2,9,0,2,0,0,7,2,0,8,9,2025-01-16,2025-02-06
8397aefffffffff,-15.525102,36.218529,3,1,3,0,1,0,0,0,3,0,0,3,2025-01-13,2025-01-13
8397b0fffffffff,-14.555908,40.406043,2,2,2,0,2,0,1,0,1,0,2,2,2025-09-29,2025-10-13
8397b1fffffffff,-14.550506,39.226076,25,4,25,0,4,0,0,9,16,0,23,36,2025-01-15,2025-11-10
8397b3fffffffff,-13.547907,39.825406,110,36,83,27,27,9,16,24,63,7,71,139,2025-01-06,2026-06-06
839c85fffffffff,-8.979859,147.786141,5,1,0,5,0,1,0,0,5,0,5,5,2026-02-01,2026-02-01
839c8bfffffffff,-6.634884,144.518946,13,1,0,13,0,1,0,0,0,13,13,13,2026-01-01,2026-01-01
839caefffffffff,-10.016778,147.372944,2,1,0,2,0,1,0,0,2,0,2,2,2026-01-26,2026-01-26
839cd2fffffffff,-5.960954,142.650627,4,1,0,4,0,1,0,0,0,4,4,4,2026-05-26,2026-05-26
839cd8fffffffff,-6.532947,139.201458,1,1,1,0,1,0,0,0,1,0,0,1,2025-01-29,2025-01-29
839cdafffffffff,-5.463651,139.615979,27,19,13,14,10,9,3,6,10,8,24,33,2025-06-16,2026-07-24
839cdbfffffffff,-5.651082,138.462647,2,2,2,0,2,0,0,0,2,0,2,2,2025-09-21,2025-09-27
83a3a4fffffffff,-16.561749,40.394377,3,1,3,0,1,0,1,2,0,0,3,3,2025-07-11,2025-07-11
83a810fffffffff,-23.709493,-46.633485,1,1,0,1,0,1,1,0,0,0,1,1,2026-01-02,2026-01-02
83a812fffffffff,-23.227568,-45.568734,1,1,1,0,1,0,1,0,0,0,1,1,2025-12-26,2025-12-26
83a81efffffffff,-22.069605,-47.631544,9,1,9,0,1,0,0,0,0,9,9,9,2025-07-01,2025-07-01
83a85afffffffff,-16.697621,-54.609133,1,1,1,0,1,0,0,0,1,0,1,1,2025-03-21,2025-03-21
83a888fffffffff,-18.376730,-44.393870,1,1,0,1,0,1,0,0,1,0,1,1,2026-01-17,2026-01-17
83a895fffffffff,-20.660102,-40.248801,1,1,1,0,1,0,0,0,1,0,1,1,2025-08-24,2025-08-24
83a8a0fffffffff,-23.296115,-43.463587,46,31,37,9,26,5,4,9,26,7,46,46,2025-01-01,2026-05-26
83a8a3fffffffff,-22.230896,-43.437790,4,3,3,1,2,1,0,2,1,1,4,4,2025-01-01,2026-03-27
83a8c0fffffffff,-16.480508,-49.531372,2,2,2,0,2,0,0,0,2,0,2,2,2025-02-01,2025-03-01
83a8c8fffffffff,-14.112393,-51.496832,2,1,2,0,1,0,0,0,2,0,2,2,2025-01-12,2025-01-12
83a8cdfffffffff,-14.615142,-52.525533,1,1,1,0,1,0,0,0,1,0,1,1,2025-05-31,2025-05-31
83a8e9fffffffff,-16.221804,-53.589970,1,1,1,0,1,0,0,1,0,0,0,1,2025-01-02,2025-01-02
83ad32fffffffff,-32.873515,17.959988,3,2,0,3,0,2,1,0,0,2,3,3,2026-01-14,2026-03-01
83ad36fffffffff,-33.836215,18.494065,86,49,15,71,9,40,7,3,24,52,85,86,2025-06-06,2026-07-23
83b24dfffffffff,-31.481647,-61.137798,2,1,0,2,0,1,0,0,2,0,2,2,2026-01-01,2026-01-01
83bc09fffffffff,-32.861072,27.833111,1,1,0,1,0,1,0,0,0,1,1,1,2026-02-18,2026-02-18
83bc1bfffffffff,-30.222419,31.288459,2,2,1,1,1,1,0,1,1,0,2,2,2025-10-09,2026-06-23
83bc45fffffffff,-34.268174,22.397040,3,1,0,3,0,1,0,0,3,0,3,6,2026-05-29,2026-05-29
83bc5bfffffffff,-29.674135,22.191363,1,1,0,1,0,1,0,0,1,0,1,1,2026-07-18,2026-07-18
83bc69fffffffff,-34.787578,19.035124,1,1,1,0,1,0,0,0,0,1,1,1,2025-08-07,2025-08-07
83bc89fffffffff,-26.442499,32.758285,18,9,18,0,9,0,0,0,18,0,14,18,2025-01-09,2025-12-24
83bc99fffffffff,-24.524145,35.366240,6,2,1,5,1,1,0,0,6,0,6,6,2025-03-15,2026-06-02
83bcc2fffffffff,-26.317305,28.913485,1,1,0,1,0,1,0,0,0,1,1,1,2026-07-04,2026-07-04
83bcc3fffffffff,-26.252668,27.631748,13,6,0,13,0,6,0,3,9,1,13,13,2026-06-25,2026-07-25
83bcd4fffffffff,-26.412250,31.478037,1,1,1,0,1,0,0,0,1,0,0,1,2025-01-11,2025-01-11
83bcd5fffffffff,-26.370516,30.196010,1,1,0,1,0,1,0,0,1,0,1,1,2026-06-30,2026-06-30
83bcd6fffffffff,-25.456522,32.161928,1,1,1,0,1,0,0,0,1,0,1,1,2025-09-01,2025-09-01
83bcdcfffffffff,-25.313179,28.332990,1,1,0,1,0,1,0,0,0,1,1,1,2026-02-11,2026-02-11
83bce2fffffffff,-29.217617,29.387042,1,1,0,1,0,1,0,0,1,0,1,1,2026-06-30,2026-06-30
83bcf5fffffffff,-29.264245,30.686878,2,2,0,2,0,2,0,0,2,0,2,2,2026-06-19,2026-06-30
83c2ebfffffffff,-32.815936,-60.251486,52,48,45,7,41,7,0,0,52,0,52,52,2025-01-04,2026-01-18
