h3_id,latitude,longitude,fatalities,events,best_2023,best_2024,best_2025,best_2026,events_2023,events_2024,events_2025,events_2026,deaths_a,deaths_b,deaths_civilians,deaths_unknown,low_sum,high_sum,first_date,last_date
830886fffffffff,59.426573,17.274508,1,1,0,0,0,1,0,0,0,1,0,0,0,1,1,1,2026-03-23,2026-03-23
830aaafffffffff,60.230479,99.212487,14,6,0,1,13,0,0,1,4,1,3,0,11,0,13,23,2024-06-08,2026-01-13
830e55fffffffff,54.416791,-72.373248,2,1,0,0,0,2,0,0,0,1,0,0,2,0,2,2,2026-01-28,2026-01-28
830ed8fffffffff,50.497891,-86.147914,1,1,0,0,0,1,0,0,0,1,0,0,1,0,1,1,2026-03-03,2026-03-03
831016fffffffff,56.448589,43.774779,1,1,1,0,0,0,1,0,0,0,1,0,0,0,1,1,2023-05-06,2023-05-06
831080fffffffff,52.765760,48.886204,5,2,0,0,3,2,0,0,1,1,0,0,5,0,5,5,2025-11-21,2026-04-22
831081fffffffff,53.561150,50.218699,6,3,0,1,4,1,0,1,1,1,0,1,5,0,6,6,2024-03-26,2026-04-23
83108bfffffffff,53.632144,55.194797,1,1,0,0,0,1,0,0,0,1,0,0,1,0,1,1,2026-04-15,2026-04-15
8310a5fffffffff,55.407414,44.344287,2,1,0,0,2,0,0,0,1,0,0,0,2,0,2,2,2025-08-11,2025-08-11
8310b3fffffffff,51.146954,46.384478,2,2,0,2,0,0,0,2,0,0,1,0,1,0,2,2,2024-02-02,2024-08-26
831106fffffffff,59.787849,30.309350,1,1,0,1,0,0,0,1,0,0,0,1,0,0,0,1,2024-05-02,2024-05-02
831113fffffffff,57.973636,33.849043,10,1,10,0,0,0,1,0,0,0,0,7,3,0,0,10,2023-08-23,2023-08-23
831114fffffffff,57.980320,30.274374,1,1,1,0,0,0,1,0,0,0,0,1,0,0,1,1,2023-08-30,2023-08-30
831180fffffffff,54.132446,36.807664,2,1,0,0,2,0,0,0,1,0,0,0,2,0,2,2,2025-08-10,2025-08-10
831185fffffffff,55.111645,36.112746,2,1,0,2,0,0,0,1,0,0,0,2,0,0,2,2,2024-03-07,2024-03-07
83118cfffffffff,55.893745,38.929887,3,2,0,1,2,0,0,1,1,0,0,0,3,0,3,3,2024-09-09,2025-09-28
831190fffffffff,51.270296,37.139781,21,6,2,11,8,0,1,3,2,0,19,0,2,0,15,86,2023-10-10,2025-12-14
831191fffffffff,52.141135,38.117092,2,2,0,1,0,1,0,1,0,1,0,0,2,0,2,2,2024-05-27,2026-04-14
831192fffffffff,50.267061,37.761182,3161,1509,1048,1147,791,175,495,569,358,87,1253,1528,376,4,2378,5314,2023-01-03,2026-07-31
831193fffffffff,51.130717,38.734329,1,1,0,0,0,1,0,0,0,1,0,0,1,0,1,1,2026-02-22,2026-02-22
831194fffffffff,51.386525,35.559824,14231,974,16,9750,4305,160,13,479,448,34,11361,2728,132,10,11629,10246,2023-02-11,2026-07-20
831195fffffffff,52.264366,36.494496,10,5,1,6,2,1,1,2,1,1,8,0,2,0,5,17,2023-09-25,2026-06-06
831196fffffffff,50.399529,36.207256,2826,1337,196,1837,581,212,104,805,297,131,1281,761,777,7,2039,7792,2023-01-03,2026-07-26
83119efffffffff,51.993479,39.753446,17,2,17,0,0,0,2,0,0,0,15,2,0,0,17,31,2023-06-24,2023-06-24
8311aafffffffff,55.999638,37.150414,156,7,0,149,5,2,0,3,3,1,6,5,145,0,153,156,2024-03-22,2026-02-24
8311aefffffffff,56.078774,35.389070,1,1,0,0,0,1,0,0,0,1,0,0,1,0,1,1,2026-05-02,2026-05-02
8311b0fffffffff,52.440533,33.300002,166,115,74,24,40,28,41,22,31,21,12,43,110,1,160,181,2023-02-08,2026-07-22
8311b1fffffffff,53.330814,34.190736,13,4,4,0,2,7,1,0,2,1,2,2,2,7,11,14,2023-08-30,2026-03-10
8311b2fffffffff,51.508437,33.964859,1497,485,128,361,947,61,45,180,215,45,177,1039,278,3,1396,2080,2023-01-01,2026-07-31
8311b3fffffffff,52.363900,34.888051,11,10,2,1,3,5,1,1,3,5,2,0,9,0,11,11,2023-09-04,2026-04-20
8311b4fffffffff,52.614948,31.574395,21,9,8,4,5,4,3,2,3,1,11,0,10,0,14,20,2023-03-02,2026-03-22
8311b5fffffffff,53.390068,32.577542,9,5,0,0,4,5,0,0,3,2,5,2,1,1,6,9,2025-04-18,2026-07-06
8311b6fffffffff,51.692200,32.268623,82,57,17,15,40,10,11,12,25,9,2,44,36,0,81,82,2023-02-01,2026-07-15
8314d6fffffffff,48.879559,135.237840,2,1,0,0,2,0,0,0,1,0,2,0,0,0,2,2,2025-09-08,2025-09-08
831e0dfffffffff,48.739289,23.328998,3,2,3,0,0,0,2,0,0,0,0,1,2,0,3,3,2023-12-15,2023-12-15
831e29fffffffff,50.510470,23.447015,2,2,0,2,0,0,0,2,0,0,0,2,0,0,2,2,2024-01-02,2024-01-08
831e2bfffffffff,49.648808,22.538795,1,1,0,1,0,0,0,1,0,0,0,1,0,0,1,1,2024-01-02,2024-01-02
831e40fffffffff,48.375417,29.986162,26,3,24,1,1,0,1,1,1,0,0,0,26,0,25,26,2023-04-28,2025-10-30
831e41fffffffff,48.225695,31.624109,21,7,1,4,16,0,1,4,2,0,0,18,3,0,16,21,2023-12-19,2025-07-21
831e43fffffffff,47.408495,30.663998,3,3,1,2,0,0,1,2,0,0,0,1,2,0,3,3,2023-12-26,2024-12-05
831e44fffffffff,49.328274,29.289554,4,3,0,2,1,1,0,1,1,1,0,0,4,0,4,4,2024-03-14,2026-03-24
831e45fffffffff,49.187754,30.953242,1,1,0,1,0,0,0,1,0,0,0,1,0,0,1,1,2024-01-09,2024-01-09
831e48fffffffff,47.070065,33.872833,1269,760,594,366,247,62,323,244,159,34,334,542,393,0,1178,4688,2023-01-01,2026-07-13
831e49fffffffff,46.868892,35.450689,332,131,175,75,57,25,66,22,28,15,232,31,68,1,209,1044,2023-01-03,2026-07-21
831e4afffffffff,46.261856,32.911118,5214,2504,2822,1244,898,250,1120,664,536,184,1837,2102,1244,31,4256,7426,2023-01-01,2026-07-31
831e4bfffffffff,46.074509,34.481871,97,17,67,16,1,13,8,1,1,7,93,1,1,2,29,197,2023-03-16,2026-07-22
831e4cfffffffff,48.053463,33.246374,140,43,25,50,42,23,8,13,9,13,1,13,126,0,140,146,2023-01-14,2026-07-29
831e4dfffffffff,47.859389,34.850622,2511,1233,822,667,713,309,308,369,361,195,729,1051,702,29,2017,3320,2023-01-02,2026-07-31
831e4efffffffff,47.250162,32.276539,111,79,31,52,13,15,24,34,8,13,0,32,78,1,110,112,2023-03-06,2026-07-28
831e54fffffffff,47.747342,25.752937,5,1,0,0,5,0,0,0,1,0,0,0,5,0,5,5,2025-07-12,2025-07-12
831e58fffffffff,45.588076,30.387721,7,5,2,0,5,0,2,0,3,0,0,2,5,0,7,9,2023-08-30,2025-08-10
831e59fffffffff,45.435243,31.965612,42,13,26,0,2,14,7,2,1,3,26,5,10,1,29,209,2023-04-14,2026-07-19
831e5afffffffff,44.730373,29.468849,2,1,0,0,2,0,0,0,1,0,0,2,0,0,2,2,2025-08-28,2025-08-28
831e5cfffffffff,46.572893,29.721610,10,9,0,4,6,0,0,4,5,0,0,0,10,0,10,11,2024-05-17,2025-12-18
831e5dfffffffff,46.428194,31.323630,363,171,68,156,64,75,40,55,37,39,20,99,239,5,354,426,2023-01-16,2026-07-26
831e5efffffffff,45.719441,28.796955,14,10,3,6,3,2,3,3,2,2,0,3,11,0,14,14,2023-08-29,2026-05-10
831e60fffffffff,51.068829,29.553780,2,2,1,1,0,0,1,1,0,0,0,1,1,0,2,2,2023-09-20,2024-05-30
831e61fffffffff,50.923789,31.256372,35,19,4,4,15,12,3,3,9,4,0,6,29,0,34,35,2023-03-04,2026-06-05
831e62fffffffff,50.266413,28.573599,21,9,0,4,16,1,0,3,5,1,0,4,17,0,21,21,2024-02-09,2026-06-11
831e63fffffffff,50.135674,30.263337,448,102,64,54,188,142,19,16,42,25,0,23,417,8,448,450,2023-01-02,2026-07-30
831e64fffffffff,51.986630,28.823947,5,1,0,0,5,0,0,0,1,0,0,0,5,0,5,5,2025-10-31,2025-10-31
831e65fffffffff,51.851810,30.554047,44,16,13,20,6,5,6,3,4,3,0,18,18,8,44,44,2023-01-23,2026-07-26
831e66fffffffff,51.189222,27.837713,3,3,0,1,0,2,0,1,0,2,0,1,2,0,3,3,2024-01-10,2026-04-23
831e68fffffffff,49.802946,33.597258,13,10,8,3,0,2,5,3,0,2,0,4,9,0,12,13,2023-03-02,2026-07-13
831e69fffffffff,49.602265,35.236321,131,35,4,73,27,27,4,11,8,12,0,47,59,25,131,131,2023-01-07,2026-07-30
831e6afffffffff,49.023995,32.601893,192370,1130,27972,52928,63517,47953,576,241,284,29,162689,29653,27,1,187900,174160,2023-01-01,2026-07-01
831e6bfffffffff,48.837635,34.233022,15,9,1,7,7,0,1,5,3,0,0,5,10,0,15,15,2023-10-18,2025-07-29
831e6cfffffffff,50.754673,32.942681,27,12,4,1,7,15,1,1,2,8,0,0,27,0,27,27,2023-08-23,2026-07-03
831e6dfffffffff,50.562151,34.610065,461,236,31,107,255,68,19,59,116,42,32,209,219,1,445,580,2023-01-04,2026-07-24
831e6efffffffff,49.980983,31.938771,5,2,1,0,0,4,1,0,0,1,0,1,4,0,5,5,2023-03-03,2026-04-01
831e70fffffffff,49.537547,25.927724,44,7,3,3,38,0,3,3,1,0,0,5,39,0,44,44,2023-11-13,2025-11-19
831e71fffffffff,49.445016,27.613462,18,10,4,7,7,0,3,4,3,0,0,4,14,0,18,18,2023-02-26,2025-09-03
831e72fffffffff,48.684304,25.003679,7,6,3,1,1,2,3,1,1,1,0,3,3,1,7,7,2023-08-11,2026-03-24
831e73fffffffff,48.605142,26.673284,4,3,0,1,1,2,0,1,1,1,0,3,1,0,4,4,2024-01-20,2026-05-27
831e74fffffffff,50.454141,25.162486,9,6,4,3,2,0,2,3,1,0,0,2,7,0,9,9,2023-08-15,2025-06-06
831e75fffffffff,50.372698,26.872347,11,10,4,4,1,2,4,4,1,1,0,7,4,0,11,11,2023-06-09,2026-05-13
831e76fffffffff,49.605546,24.235193,47,21,19,18,7,3,6,10,3,2,0,14,33,0,47,47,2023-03-02,2026-07-31
831ec9fffffffff,40.936562,28.995716,15,5,0,4,10,1,0,2,2,1,3,9,3,0,15,17,2024-01-28,2026-04-07
831ed9fffffffff,39.184792,25.804510,1,1,0,0,1,0,0,0,1,0,0,1,0,0,0,1,2025-12-20,2025-12-20
831f05fffffffff,55.335508,12.790269,2,2,0,0,0,2,0,0,0,2,0,0,1,1,1,2,2026-03-25,2026-07-01
831f1dfffffffff,52.931802,13.878959,2,2,0,0,0,2,0,0,0,2,0,1,1,0,2,2,2026-07-25,2026-07-26
831f59fffffffff,52.096128,27.081304,1,1,0,1,0,0,0,1,0,0,0,1,0,0,1,1,2024-01-03,2024-01-03
831f5afffffffff,51.354349,24.377065,4,4,2,2,0,0,2,2,0,0,0,4,0,0,3,4,2023-02-25,2024-06-23
831f5bfffffffff,51.284509,26.111121,7,5,3,0,0,4,3,0,0,2,0,2,5,0,7,7,2023-05-10,2026-05-13
831fa4fffffffff,51.198292,4.738468,2,1,2,0,0,0,1,0,0,0,0,0,2,0,2,2,2023-10-16,2023-10-16
831fa5fffffffff,51.410408,6.358188,3,1,0,3,0,0,0,1,0,0,0,0,3,0,3,3,2024-08-23,2024-08-23
831fb4fffffffff,49.200538,2.002504,1,1,1,0,0,0,1,0,0,0,0,0,1,0,1,1,2023-12-02,2023-12-02
832080fffffffff,37.836058,71.004654,6,3,5,0,1,0,1,1,1,0,1,4,1,0,5,7,2023-08-15,2025-06-14
832082fffffffff,36.683145,70.940818,67,25,26,7,24,10,7,6,6,6,16,10,24,17,43,119,2023-02-25,2026-07-28
832083fffffffff,37.207424,72.240922,3,3,2,1,0,0,2,1,0,0,0,0,1,2,3,3,2023-04-24,2024-08-18
832086fffffffff,37.296443,69.702461,24,37,7,13,4,0,9,14,13,1,7,1,16,0,9,82,2023-01-19,2026-06-15
832090fffffffff,35.005033,69.624469,498,193,131,61,25,281,64,93,29,7,65,67,355,11,227,1078,2023-01-01,2026-06-22
832091fffffffff,35.537810,70.879270,6,9,2,0,0,4,3,1,0,5,0,1,5,0,6,17,2023-05-02,2026-07-26
832092fffffffff,33.872173,69.587518,157,53,17,59,32,49,8,23,7,15,28,49,56,24,143,203,2023-05-04,2026-07-15
832093fffffffff,34.400889,70.819891,486,158,53,77,172,184,25,42,45,46,72,316,96,2,443,612,2023-01-04,2026-07-28
832094fffffffff,35.599208,68.407428,43,18,38,2,3,0,9,4,4,1,8,1,33,1,18,70,2023-01-11,2026-07-25
832095fffffffff,36.146728,69.662759,40,21,18,16,6,0,11,5,4,1,11,11,17,1,31,58,2023-01-12,2026-01-04
832096fffffffff,34.461991,68.391625,2,5,2,0,0,0,4,0,1,0,0,1,1,0,1,6,2023-03-31,2025-03-23
832098fffffffff,35.426076,73.345785,4,3,0,0,0,4,0,1,0,2,4,0,0,0,4,10,2024-03-26,2026-04-13
83209afffffffff,34.291903,73.243228,37,16,9,7,15,6,5,5,4,2,5,24,3,5,34,39,2023-02-15,2026-06-01
83209bfffffffff,34.784531,74.511732,57,33,19,24,13,1,8,15,9,1,3,44,3,7,51,57,2023-05-03,2026-04-01
83209cfffffffff,36.059319,72.155386,18,2,16,0,2,0,1,0,1,0,6,12,0,0,18,18,2023-09-06,2025-07-27
83209efffffffff,34.919176,72.072882,633,202,107,86,243,197,23,46,62,71,145,318,92,78,618,766,2023-04-12,2026-07-31
8320b0fffffffff,37.331141,67.162987,10,4,10,0,0,0,3,1,0,0,0,6,1,3,10,11,2023-01-30,2024-02-06
8320b2fffffffff,36.182383,67.169305,29,25,24,5,0,0,13,6,6,0,1,9,15,4,10,66,2023-02-03,2025-11-27
8320b3fffffffff,36.744858,68.423810,27,34,2,2,23,0,2,4,25,3,17,3,7,0,12,87,2023-01-04,2026-06-30
8320b4fffffffff,37.904541,65.880960,1,1,1,0,0,0,1,0,0,0,0,0,1,0,0,1,2023-03-24,2023-03-24
8320b6fffffffff,36.753549,65.910733,3,8,0,0,2,1,3,0,4,1,0,2,1,0,0,10,2023-03-15,2026-01-07
832752fffffffff,45.421929,-92.811216,1,1,0,0,0,1,0,0,0,1,0,0,1,0,1,1,2026-01-07,2026-01-07
8329a4fffffffff,32.826164,-117.235722,2018,1332,555,1137,241,85,471,408,325,128,2,1,5,2010,1231,2269,2023-01-01,2026-07-02
832a10fffffffff,40.858416,-73.781928,2,1,0,0,0,2,0,0,0,1,0,0,0,2,2,2,2026-03-30,2026-03-30
832c00fffffffff,39.642144,44.213751,2,2,1,1,0,0,1,1,0,0,0,2,0,0,2,2,2023-03-22,2024-06-18
832c01fffffffff,40.405089,45.148077,2,2,2,0,0,0,2,0,0,0,0,2,0,0,2,2,2023-08-21,2023-10-02
832c02fffffffff,38.584724,44.616745,5,2,0,0,0,5,0,0,0,2,2,3,0,0,5,6,2026-05-29,2026-06-11
832c03fffffffff,39.339365,45.541448,1,1,1,0,0,0,1,0,0,0,0,1,0,0,1,1,2023-12-04,2023-12-04
832c04fffffffff,39.929678,42.874673,5,5,3,2,0,0,3,2,0,0,0,5,0,0,5,7,2023-10-04,2024-08-14
832c06fffffffff,38.871877,43.299913,6,3,6,0,0,0,3,0,0,0,0,6,0,0,6,6,2023-04-16,2023-08-31
832c09fffffffff,41.602971,48.517043,9,3,0,8,1,0,0,2,1,0,5,3,1,0,9,9,2024-06-23,2025-04-22
832c0efffffffff,40.093266,46.499476,458,17,458,0,0,0,17,0,0,0,205,216,31,6,458,458,2023-03-05,2023-10-02
832c10fffffffff,36.745487,44.116128,331,299,160,120,36,15,114,144,34,7,70,243,16,2,328,526,2023-01-09,2026-07-18
832c11fffffffff,37.523991,45.008752,11,6,1,1,6,3,1,1,2,2,5,0,3,3,11,11,2023-07-24,2026-07-11
832c12fffffffff,35.678664,44.507932,121,42,45,35,11,30,14,13,3,12,36,70,13,2,121,125,2023-02-07,2026-07-05
832c13fffffffff,36.460810,45.390181,45,30,4,13,8,20,6,11,6,7,1,32,7,5,45,60,2023-06-04,2026-07-30
832c14fffffffff,37.019386,42.818659,163,121,87,65,11,0,55,47,19,0,25,122,14,2,162,229,2023-01-22,2025-07-24
832c15fffffffff,37.810187,43.713590,20,10,9,11,0,0,5,5,0,0,1,17,2,0,20,21,2023-03-29,2024-08-12
832c16fffffffff,35.951185,43.231330,29,10,24,1,0,4,6,2,0,2,2,27,0,0,29,33,2023-02-04,2026-03-28
832c19fffffffff,38.679466,48.198706,55,2,0,0,0,55,0,0,0,2,5,0,0,50,55,55,2026-01-08,2026-04-05
832c1cfffffffff,38.275552,45.921871,42,4,0,0,41,1,0,0,3,1,36,0,0,6,42,42,2025-06-13,2026-07-20
832c28fffffffff,42.538712,44.319917,1,1,1,0,0,0,1,0,0,0,0,0,1,0,1,1,2023-11-06,2023-11-06
832c29fffffffff,43.323894,45.306962,50,6,5,45,0,0,3,3,0,0,3,8,39,0,49,55,2023-03-28,2024-12-25
832c2dfffffffff,43.604791,43.883742,3,3,0,2,1,0,0,1,2,0,0,3,0,0,3,6,2024-04-11,2025-08-04
832c30fffffffff,38.347271,41.052915,9,7,3,3,0,3,3,3,0,1,1,6,2,0,9,10,2023-07-27,2026-07-25
832c32fffffffff,37.281670,41.498490,149,66,96,38,6,9,32,23,5,6,8,114,23,4,149,157,2023-01-09,2026-07-06
832c33fffffffff,38.084899,42.394718,5,7,4,1,0,0,4,3,0,0,1,4,0,0,5,8,2023-04-25,2024-10-29
832c34fffffffff,38.596459,39.689086,5,4,5,0,0,0,4,0,0,0,0,5,0,0,5,5,2023-03-01,2023-11-17
832c36fffffffff,37.531513,40.156456,23,11,20,3,0,0,9,2,0,0,0,23,0,0,23,24,2023-03-12,2024-10-25
832c50fffffffff,41.992737,50.997771,1,1,0,0,0,1,0,0,0,1,0,0,0,1,1,1,2026-07-25,2026-07-25
832c72fffffffff,42.699748,48.156295,47,4,0,13,3,31,0,1,1,2,41,6,0,0,16,56,2024-06-23,2026-05-15
832c76fffffffff,43.022220,46.731733,10,2,0,6,4,0,0,1,1,0,2,4,4,0,4,10,2024-06-23,2025-03-05
832c80fffffffff,32.200977,46.817661,2,2,0,0,0,2,0,0,0,2,2,0,0,0,2,2,2026-01-02,2026-05-28
832c81fffffffff,32.980329,47.665805,1,1,0,0,1,0,0,0,1,0,0,0,1,0,1,1,2025-12-31,2025-12-31
832c83fffffffff,31.920211,47.989991,1,1,0,0,1,0,0,0,1,0,0,0,1,0,1,1,2025-10-17,2025-10-17
832c84fffffffff,32.474315,45.622748,1,1,0,1,0,0,0,1,0,0,0,0,1,0,1,1,2024-12-07,2024-12-07
832c85fffffffff,33.265273,46.474813,50,5,0,1,4,45,0,1,2,2,45,1,4,0,48,50,2024-02-11,2026-03-01
832c89fffffffff,34.004807,50.718875,11,1,0,0,0,11,0,0,0,1,0,0,5,6,11,11,2026-03-30,2026-03-30
832c8bfffffffff,32.940909,50.993577,760,6,0,0,10,750,0,0,2,4,0,0,760,0,757,870,2025-06-18,2026-01-08
832c8cfffffffff,33.699131,48.550391,22,4,0,0,21,1,0,0,3,1,21,0,1,0,22,22,2025-06-15,2026-03-08
832c8dfffffffff,34.386398,49.478687,11,1,0,0,0,11,0,0,0,1,0,0,11,0,11,11,2026-01-08,2026-01-08
832c91fffffffff,30.078799,47.477294,5,1,0,0,0,5,0,0,0,1,0,0,5,0,5,5,2026-04-07,2026-04-07
832c93fffffffff,29.022564,47.794689,15,8,0,0,0,15,0,0,0,8,0,6,4,5,15,15,2026-02-28,2026-07-30
832c98fffffffff,30.580082,49.437510,7,3,0,0,0,7,0,0,0,3,1,0,0,6,7,7,2026-04-04,2026-07-13
832c99fffffffff,31.230977,50.335815,2,1,0,0,0,2,0,0,0,1,0,0,2,0,2,2,2026-01-01,2026-01-01
832c9bfffffffff,30.195341,50.604221,1,1,0,0,0,1,0,0,0,1,1,0,0,0,1,1,2026-02-04,2026-02-04
832c9cfffffffff,30.862394,48.305869,10,5,0,0,1,9,0,0,1,4,6,0,2,2,9,10,2025-06-25,2026-07-31
832c9dfffffffff,31.612004,49.150850,7,2,0,0,0,7,0,0,0,2,3,0,0,4,7,7,2026-07-09,2026-07-24
832c9efffffffff,29.807685,48.613735,1,1,0,0,0,1,0,0,0,1,0,0,1,0,1,1,2026-03-11,2026-03-11
832ca0fffffffff,33.810338,44.024454,69,23,29,23,1,16,7,9,1,6,25,20,19,5,69,69,2023-02-16,2026-04-07
832ca1fffffffff,34.610606,44.889392,172,51,51,81,29,11,14,21,11,5,23,143,6,0,168,182,2023-01-21,2026-05-23
832ca2fffffffff,32.739495,44.405663,43,8,0,3,0,40,0,2,0,6,0,5,1,37,36,46,2024-04-20,2026-07-29
832ca3fffffffff,33.542196,45.260879,45,10,32,6,0,7,6,2,0,2,2,19,8,16,45,45,2023-03-09,2026-06-11
832ca4fffffffff,34.068935,42.766091,15,5,10,5,0,0,3,2,0,0,5,8,2,0,15,15,2023-02-17,2024-08-31
832ca5fffffffff,34.881201,43.633133,76,22,18,32,23,3,6,9,6,1,1,73,2,0,76,80,2023-01-09,2026-05-06
832ca6fffffffff,32.995780,43.166911,10,3,0,0,0,10,0,0,0,3,7,0,1,2,10,10,2026-03-25,2026-06-04
832ca8fffffffff,35.104160,46.991252,9,5,0,1,3,5,0,1,2,2,2,3,4,0,9,9,2024-03-07,2026-06-29
832ca9fffffffff,35.812566,47.910924,3,1,0,0,3,0,0,0,1,0,3,0,0,0,3,3,2025-06-13,2025-06-13
832caafffffffff,34.041924,47.333000,52,7,2,0,39,11,2,0,2,3,49,0,3,0,52,52,2023-03-27,2026-01-10
832cabfffffffff,34.752933,48.235758,12,2,0,0,12,0,0,0,2,0,10,0,2,0,12,12,2025-06-15,2025-07-01
832cacfffffffff,35.396051,45.761422,71,48,24,11,14,22,17,13,7,11,11,41,11,8,71,83,2023-03-22,2026-07-30
832cadfffffffff,36.157117,46.646226,9,4,0,0,1,8,0,0,1,3,5,1,3,0,9,9,2025-06-13,2026-07-29
832caefffffffff,34.330584,46.122847,15,4,0,0,7,8,0,0,2,2,6,0,9,0,15,15,2025-06-13,2026-05-29
832cb5fffffffff,31.923028,43.557497,4,4,0,0,0,4,0,0,0,4,3,0,1,0,4,4,2026-02-28,2026-05-01
832ccafffffffff,36.941129,57.189417,12,1,0,0,0,12,0,0,0,1,0,0,12,0,12,12,2026-01-08,2026-01-08
832cd6fffffffff,33.608469,51.955174,2,1,0,0,0,2,0,0,0,1,0,0,0,2,2,2,2026-04-07,2026-04-07
832cf2fffffffff,35.075703,50.435158,16,4,0,0,5,11,0,0,2,2,5,0,0,11,16,16,2025-06-14,2026-04-06
832cf3fffffffff,35.766153,51.420550,534,39,0,6,175,353,0,2,11,26,56,2,159,317,532,537,2024-07-31,2026-06-08
832cf4fffffffff,36.523281,48.859851,23,4,0,0,2,21,0,0,1,3,19,0,0,4,23,23,2025-06-18,2026-07-30
832cf5fffffffff,37.235389,49.838906,608,2,0,0,0,608,0,0,0,2,0,0,2,606,608,3008,2026-01-08,2026-01-08
832d13fffffffff,38.198422,36.009402,1,1,1,0,0,0,1,0,0,0,0,0,1,0,1,1,2023-09-30,2023-09-30
832d28fffffffff,44.249905,34.129004,130,22,40,76,4,10,4,9,2,7,115,0,14,1,60,150,2023-09-13,2026-06-05
832d29fffffffff,45.067541,35.074074,95,8,77,7,8,3,3,1,3,1,95,0,0,0,43,324,2023-07-19,2026-04-02
832d2dfffffffff,45.261514,33.528420,156,22,75,54,13,14,4,8,4,6,152,1,3,0,70,168,2023-07-17,2026-06-29
832d33fffffffff,39.616921,32.580317,8,4,2,5,0,1,1,2,0,1,0,3,4,1,8,8,2023-10-01,2026-06-23
832d40fffffffff,47.011126,40.981696,2,1,0,0,2,0,0,0,1,0,0,0,2,0,2,2,2025-11-24,2025-11-24
832d41fffffffff,47.842612,41.973440,12,6,0,3,9,0,0,2,4,0,9,0,3,0,5,32,2024-04-05,2025-11-03
832d42fffffffff,45.966265,41.493519,2,1,0,2,0,0,0,1,0,0,2,0,0,0,2,2,2024-04-19,2024-04-19
832d44fffffffff,47.211133,39.493409,15,8,0,6,5,4,0,1,3,4,0,6,9,0,15,15,2024-06-16,2026-04-03
832d45fffffffff,48.050915,40.450877,7,4,2,4,0,1,1,2,0,1,1,0,6,0,7,7,2023-09-25,2026-06-18
832d48fffffffff,48.431864,44.570277,2,2,0,0,1,1,0,0,1,1,0,0,2,0,2,2,2025-11-05,2026-04-10
832d4cfffffffff,48.673292,43.007514,8,1,0,8,0,0,0,1,0,0,4,4,0,0,8,8,2024-08-23,2024-08-23
832d51fffffffff,44.917252,41.987271,3,2,0,1,2,0,0,1,1,0,2,1,0,0,3,4,2024-05-17,2025-10-22
832d53fffffffff,43.865012,42.463822,3,2,0,0,2,1,0,0,1,1,2,1,0,0,2,4,2025-09-27,2026-01-20
832d54fffffffff,44.371774,39.589595,3,2,0,0,0,3,0,0,0,2,0,0,3,0,3,3,2026-04-16,2026-04-20
832d56fffffffff,43.340940,40.090627,3,2,0,0,3,0,0,0,2,0,0,0,3,0,3,3,2025-07-23,2025-09-08
832d60fffffffff,48.400105,37.433611,68230,11176,29204,21919,15729,1378,3625,4234,2716,601,54147,11328,2691,64,53887,152657,2023-01-01,2026-07-31
832d61fffffffff,49.255531,38.359864,11286,4409,3430,5194,2313,349,1762,1779,757,111,6367,4412,476,31,6828,28039,2023-01-01,2026-07-21
832d62fffffffff,47.408785,37.996555,2687,561,913,1704,25,45,226,299,13,23,2190,365,132,0,1130,5424,2023-01-01,2026-07-23
832d63fffffffff,48.236589,38.936927,4664,348,4140,375,116,33,131,158,43,16,467,4133,64,0,4358,5383,2023-01-01,2026-07-31
832d64fffffffff,48.629402,35.844307,640,279,80,73,350,137,29,40,155,55,17,306,316,1,623,653,2023-01-14,2026-07-30
832d65fffffffff,49.403766,36.831490,1548,755,203,574,686,85,105,293,324,33,291,1040,217,0,1331,1852,2023-01-01,2026-07-27
832d66fffffffff,47.644221,36.434680,10068,3814,4124,3047,2543,354,1639,1101,954,120,5337,4413,315,3,6477,43171,2023-01-01,2026-07-31
832d6bfffffffff,49.729484,42.493000,0,1,0,0,0,0,0,1,0,0,0,0,0,0,0,1,2024-07-27,2024-07-27
832d6cfffffffff,50.111614,39.328267,3,2,2,0,1,0,1,0,1,0,0,0,3,0,3,3,2023-01-15,2025-05-15
832d6dfffffffff,50.967125,40.341170,2,2,0,0,1,1,0,0,1,1,1,0,1,0,2,2,2025-07-15,2026-04-29
832d6efffffffff,49.084714,39.900081,4,4,1,1,0,2,1,1,0,2,0,2,2,0,4,4,2023-11-04,2026-04-28
832d70fffffffff,45.639705,37.565102,1,1,0,1,0,0,0,1,0,0,0,0,1,0,1,1,2024-06-19,2024-06-19
832d71fffffffff,46.406467,38.543132,18,3,0,16,0,2,0,2,0,1,17,0,1,0,17,20,2024-02-23,2026-07-20
832d72fffffffff,44.621848,38.106353,17,6,0,0,12,5,0,0,3,3,14,0,3,0,11,21,2025-08-21,2026-07-14
832d73fffffffff,45.393877,39.073951,2,2,0,1,0,1,0,1,0,1,0,0,1,1,2,2,2024-07-05,2026-03-18
832d75fffffffff,46.647414,37.008075,86,33,39,22,4,21,13,6,3,11,80,3,1,2,51,744,2023-02-08,2026-07-31
832d76fffffffff,44.854055,36.600642,16,4,2,1,0,13,1,1,0,2,13,0,2,1,13,16,2023-07-17,2026-07-13
832d80fffffffff,33.917272,38.008868,12,4,0,12,0,0,0,4,0,0,2,0,10,0,12,12,2024-05-14,2024-12-14
832d81fffffffff,34.779863,38.866476,554,111,180,362,10,2,49,56,4,2,343,38,168,5,554,571,2023-01-04,2026-03-16
832d82fffffffff,32.839977,38.477732,3,1,0,3,0,0,0,1,0,0,0,3,0,0,3,3,2024-01-28,2024-01-28
832d83fffffffff,33.703893,39.327211,77,11,20,25,0,32,3,7,0,1,31,41,0,5,77,77,2023-02-26,2026-03-12
832d84fffffffff,34.118158,36.672919,1203,272,138,832,66,167,8,173,33,58,121,50,421,611,1183,1225,2023-01-23,2026-07-27
832d85fffffffff,34.992745,37.528006,383,95,69,300,2,12,31,52,2,10,230,51,98,4,376,414,2023-01-30,2026-07-17
832d86fffffffff,33.041504,37.161486,269,20,3,2,251,13,2,1,9,8,75,125,59,10,254,270,2023-08-09,2026-06-23
832d88fffffffff,35.390960,41.054721,144,74,62,44,32,6,39,22,9,4,50,59,32,3,144,146,2023-01-02,2026-06-26
832d89fffffffff,36.212800,41.932270,44,29,14,17,0,13,10,10,2,7,8,34,1,1,42,54,2023-03-01,2026-06-03
832d8afffffffff,34.317223,41.486446,151,61,60,50,19,22,20,19,11,11,120,15,14,2,151,168,2023-01-15,2026-07-29
832d8bfffffffff,35.141581,42.354672,21,5,3,15,0,3,1,3,0,1,4,17,0,0,21,21,2023-05-05,2026-05-23
832d8cfffffffff,35.628561,39.734105,449,207,161,242,35,11,88,89,19,11,286,55,82,26,445,513,2023-01-07,2026-07-21
832d8dfffffffff,36.462702,40.611527,219,92,87,76,28,28,31,30,15,16,90,90,36,3,218,228,2023-01-03,2026-07-17
832d8efffffffff,34.554447,40.186284,451,207,198,197,35,21,75,94,21,17,272,90,78,11,440,466,2023-01-09,2026-07-31
832d99fffffffff,33.242429,41.907096,67,12,32,19,8,8,4,2,4,2,11,54,2,0,67,67,2023-03-12,2026-04-07
832d9dfffffffff,33.478709,40.626926,13,3,0,12,1,0,0,2,1,0,1,11,1,0,13,20,2024-05-22,2025-05-15
832da1fffffffff,36.263218,35.658231,40,17,27,13,0,0,9,8,0,0,37,3,0,0,40,40,2023-01-16,2024-09-03
832da2fffffffff,34.305888,35.320488,513,102,0,402,13,98,0,65,4,33,10,135,157,211,511,519,2024-01-02,2026-06-14
832da3fffffffff,35.192394,36.171966,3107,471,289,497,2265,56,160,177,89,45,734,421,1939,13,2829,3383,2023-01-14,2026-07-27
832da8fffffffff,36.924212,37.908667,492,165,86,225,165,16,46,70,35,14,208,166,102,16,491,529,2023-01-04,2026-07-18
832daafffffffff,35.853625,38.393764,509,139,59,155,264,31,26,43,51,19,311,95,97,6,485,523,2023-01-07,2026-07-28
832dabfffffffff,36.700098,39.269989,170,65,30,94,22,24,20,23,13,9,57,36,57,20,170,173,2023-01-27,2026-06-26
832dacfffffffff,37.134297,36.528689,3,2,3,0,0,0,2,0,0,0,1,0,2,0,3,3,2023-04-10,2023-07-20
832daefffffffff,36.065413,37.034750,1510,538,411,911,74,114,224,223,33,58,634,500,335,41,1506,1534,2023-01-01,2026-07-28
832db0fffffffff,32.330896,34.995441,1016,518,314,428,200,74,135,205,117,61,30,410,273,303,1003,1058,2023-01-01,2026-07-23
832db1fffffffff,33.230610,35.828679,8458,1956,361,3488,353,4256,178,1045,214,519,430,1823,1168,5037,8117,8990,2023-01-02,2026-07-26
832db2fffffffff,31.253514,35.498106,93,77,35,21,15,22,24,17,16,20,5,36,37,15,93,110,2023-01-17,2026-07-17
832db3fffffffff,32.153317,36.324512,262,89,45,32,163,22,33,24,18,14,63,20,106,73,259,264,2023-01-18,2026-07-25
832db5fffffffff,33.406677,34.480464,5,4,0,5,0,0,0,4,0,0,0,0,5,0,5,5,2024-10-23,2024-11-25
832db6fffffffff,31.419848,34.173337,63145,7661,26743,21126,14348,928,1235,2898,3057,471,624,763,31308,30450,62376,64205,2023-05-02,2026-07-31
83316cfffffffff,43.154529,132.121875,3,2,0,0,3,0,0,0,2,0,3,0,0,0,3,3,2025-05-30,2025-09-14
833828fffffffff,35.996578,1.636457,10,4,1,3,0,6,1,1,0,2,1,9,0,0,10,10,2023-05-11,2026-03-01
833829fffffffff,36.188900,2.935434,2,1,0,0,0,2,0,0,0,1,0,2,0,0,2,2,2026-04-13,2026-04-13
833840fffffffff,34.874037,8.531238,8,3,3,0,0,5,1,0,0,2,0,8,0,0,8,8,2023-12-27,2026-01-22
833846fffffffff,34.745072,7.181145,10,1,0,0,0,10,0,0,0,1,3,7,0,0,10,10,2026-03-12,2026-03-12
83384bfffffffff,33.176613,12.785050,20,7,2,0,0,18,1,0,0,6,6,2,0,12,20,20,2023-05-29,2026-06-09
833946fffffffff,40.753724,1.452521,2,1,2,0,0,0,1,0,0,0,0,2,0,0,2,2,2023-05-03,2023-05-03
833968fffffffff,43.212387,5.347917,50,44,47,3,0,0,41,3,0,0,0,0,5,45,50,50,2023-01-19,2024-06-22
833c02fffffffff,27.470141,85.719233,1,1,0,0,1,0,0,0,1,0,0,0,1,0,1,1,2025-09-08,2025-09-08
833c13fffffffff,25.362193,85.155342,1,1,1,0,0,0,1,0,0,0,0,0,1,0,1,1,2023-03-30,2023-03-30
833c19fffffffff,26.416535,88.699504,2,2,0,1,1,0,0,1,1,0,0,0,2,0,2,2,2024-04-26,2025-04-16
833c1afffffffff,25.009330,87.216768,1,1,0,0,1,0,0,0,1,0,0,1,0,0,1,1,2025-04-08,2025-04-08
833c1bfffffffff,25.354879,88.401828,1,1,0,0,0,1,0,0,0,1,1,0,0,0,1,1,2026-01-05,2026-01-05
833c1cfffffffff,26.779022,86.613712,3,1,0,0,0,3,0,0,0,1,0,0,0,3,3,3,2026-07-26,2026-07-26
833c58fffffffff,28.258830,95.998925,1,1,0,0,1,0,0,0,1,0,0,1,0,0,1,1,2025-10-21,2025-10-21
833c5afffffffff,27.224783,95.667225,12,8,3,0,4,5,3,0,3,2,3,9,0,0,12,12,2023-02-09,2026-05-11
833c5bfffffffff,27.498592,96.894313,0,1,0,0,0,0,1,0,0,0,0,0,0,0,0,10,2023-03-18,2023-03-18
833c80fffffffff,21.038637,84.058235,2,1,0,2,0,0,0,1,0,0,0,2,0,0,2,2,2024-04-25,2024-04-25
833c82fffffffff,19.939667,83.790218,12,7,4,2,4,2,2,2,2,1,0,10,2,0,12,12,2023-05-09,2026-02-22
833c83fffffffff,20.303607,84.928092,5,2,0,1,4,0,0,1,1,0,0,5,0,0,5,5,2024-02-03,2025-12-25
833c85fffffffff,22.131163,84.328733,1,1,0,0,1,0,0,0,1,0,1,0,0,0,1,1,2025-06-14,2025-06-14
833c90fffffffff,18.467374,82.405389,1,1,0,1,0,0,0,1,0,0,0,1,0,0,1,1,2024-11-20,2024-11-20
833c92fffffffff,17.359757,82.148891,18,4,0,0,18,0,0,0,4,0,0,18,0,0,18,18,2025-05-07,2025-11-19
833c94fffffffff,19.197356,81.550993,161,48,14,69,78,0,11,22,15,0,14,125,22,0,161,161,2023-02-10,2025-12-19
833c95fffffffff,19.570727,82.664296,1,1,1,0,0,0,1,0,0,0,0,0,1,0,1,1,2023-03-11,2023-03-11
833c96fffffffff,18.095791,81.298799,245,99,38,95,92,20,20,44,30,5,32,153,43,17,236,294,2023-01-04,2026-03-03
833ca1fffffffff,23.924735,83.724472,3,2,0,0,3,0,0,0,2,0,2,1,0,0,3,3,2025-05-27,2025-09-04
833ca8fffffffff,23.579436,85.759449,24,6,0,1,23,0,0,1,5,0,1,21,2,0,23,24,2024-09-09,2025-09-15
833ca9fffffffff,23.935176,86.928059,3,2,1,0,2,0,1,0,1,0,0,2,1,0,3,3,2023-12-26,2025-01-22
833caafffffffff,22.494960,85.479813,89,43,20,13,15,41,19,8,10,6,11,52,26,0,89,89,2023-02-21,2026-05-04
833cacfffffffff,24.293696,84.877265,13,7,7,2,4,0,3,1,3,0,0,11,2,0,13,13,2023-01-28,2025-12-28
833caefffffffff,23.216439,84.601736,9,7,3,0,6,0,3,0,4,0,0,7,2,0,9,9,2023-06-01,2025-09-24
833cb0fffffffff,21.005342,80.948910,2,1,2,0,0,0,1,0,0,0,2,0,0,0,2,2,2023-02-20,2023-02-20
833cb1fffffffff,21.385770,82.062602,1,1,0,0,1,0,0,0,1,0,0,1,0,0,1,1,2025-01-01,2025-01-01
833cb2fffffffff,19.915218,80.698723,202,56,21,106,64,11,17,20,16,3,15,159,20,8,199,204,2023-03-09,2026-05-02
833cb3fffffffff,20.294294,81.805586,43,19,7,3,32,1,7,3,8,1,3,37,3,0,41,44,2023-02-23,2026-04-11
833cb4fffffffff,21.703479,80.094643,10,6,2,3,5,0,2,2,2,0,0,8,2,0,10,10,2023-09-29,2025-09-16
833cb5fffffffff,22.089682,81.201508,7,3,3,0,4,0,2,0,1,0,0,7,0,0,7,7,2023-04-22,2025-02-19
833cc0fffffffff,23.439678,92.273842,7,5,0,0,0,7,0,0,0,5,2,2,0,3,7,7,2026-03-07,2026-07-06
833cc1fffffffff,23.749771,93.478005,47,20,23,4,6,14,13,3,1,3,1,31,14,1,47,94,2023-04-21,2026-05-17
833cc2fffffffff,22.351431,91.962587,14,12,0,5,0,9,0,3,0,9,12,1,0,1,14,14,2024-07-16,2026-06-24
833cc3fffffffff,22.665290,93.161309,102,42,54,36,2,10,22,11,2,7,0,67,33,2,100,283,2023-01-01,2026-07-17
833cc4fffffffff,24.202574,91.383507,7,5,0,0,3,4,0,0,2,3,6,1,0,0,7,7,2025-03-21,2026-07-15
833cc5fffffffff,24.518198,92.587595,10,3,0,8,0,2,0,2,0,1,4,1,3,2,7,11,2024-07-16,2026-06-01
833cc6fffffffff,23.120393,91.075400,31,7,0,30,0,1,0,6,0,1,8,2,0,21,29,31,2024-08-04,2026-02-24
833cc8fffffffff,23.265371,95.572509,623,255,356,123,102,42,138,70,30,17,7,105,473,38,615,1139,2023-01-03,2026-07-30
833cc9fffffffff,23.550832,96.782891,169,47,55,77,24,13,25,13,5,4,8,11,147,3,160,300,2023-01-20,2026-06-04
833ccafffffffff,22.179760,95.248063,1385,714,636,286,352,111,470,104,95,45,35,291,963,96,1358,3084,2023-01-01,2026-07-28
833ccbfffffffff,22.470141,96.453728,841,363,154,280,402,5,159,104,96,4,9,70,609,153,823,1816,2023-01-04,2026-07-22
833cccfffffffff,24.050254,94.686860,105,43,30,44,18,13,23,12,4,4,3,26,60,16,104,250,2023-03-17,2026-06-23
833ccdfffffffff,24.340744,95.899352,216,62,87,29,52,48,43,7,8,4,8,74,131,3,215,433,2023-01-18,2026-04-21
833ccefffffffff,22.970069,94.364962,327,137,92,145,76,14,56,54,21,6,2,31,283,11,321,496,2023-01-02,2026-06-12
833cd1fffffffff,21.254217,91.653818,34,27,15,14,1,4,10,12,1,4,2,6,21,5,34,48,2023-01-08,2026-07-29
833cd5fffffffff,22.028923,90.769808,1,1,0,0,0,1,0,0,0,1,0,0,0,1,1,1,2026-02-14,2026-02-14
833cd8fffffffff,20.780975,93.728459,298,92,67,101,104,26,38,37,9,8,1,20,242,35,297,418,2023-01-10,2026-06-22
833cd9fffffffff,21.084659,94.926008,538,367,110,100,195,133,175,74,87,31,3,74,418,43,524,1477,2023-01-01,2026-07-15
833cdafffffffff,19.673641,93.413838,101,54,2,40,40,19,1,23,18,12,2,0,98,1,101,131,2023-11-14,2026-05-26
833cdbfffffffff,19.980860,94.606338,48,41,15,16,13,4,10,15,12,4,4,8,35,1,48,276,2023-01-14,2026-05-05
833cdcfffffffff,21.571402,92.847076,46,29,5,26,2,13,12,11,1,5,1,2,43,0,46,100,2023-03-09,2026-07-03
833cddfffffffff,21.880054,94.045498,307,120,81,161,38,27,63,33,13,11,1,143,150,13,306,755,2023-01-04,2026-07-22
833cdefffffffff,20.468893,92.535296,546,126,34,379,89,44,17,81,20,8,15,5,519,7,492,965,2023-07-15,2026-07-02
833ce0fffffffff,26.018785,90.798069,2,1,2,0,0,0,1,0,0,0,0,2,0,0,2,2,2023-04-24,2023-04-24
833ce1fffffffff,26.336162,92.007318,1,1,0,1,0,0,0,1,0,0,0,0,1,0,1,1,2024-12-18,2024-12-18
833ce2fffffffff,24.953377,90.490721,4,4,0,2,0,2,0,2,0,2,1,1,0,2,4,4,2024-01-15,2026-06-02
833ce3fffffffff,25.274729,91.694142,3,1,0,3,0,0,0,1,0,0,0,0,3,0,2,3,2024-08-04,2024-08-04
833ce4fffffffff,26.749839,89.899803,3,2,0,0,1,2,0,0,1,1,0,1,0,2,3,3,2025-10-25,2026-01-19
833ce6fffffffff,25.691532,89.595910,11,5,0,7,0,4,0,2,0,3,1,1,3,6,11,11,2024-07-16,2026-06-21
833ce8fffffffff,25.887580,94.118824,3,3,0,0,1,2,0,0,1,2,2,0,1,0,3,3,2025-09-04,2026-07-13
833ce9fffffffff,26.178270,95.337985,22,2,0,0,22,0,0,0,2,0,0,22,0,0,22,22,2025-04-27,2025-07-13
833ceafffffffff,24.824102,93.797174,155,55,98,22,2,33,24,14,1,16,20,30,24,81,141,176,2023-02-12,2026-07-11
833cebfffffffff,25.119882,95.011199,29,14,5,0,1,23,5,1,1,7,13,3,4,9,26,77,2023-01-05,2026-07-06
833cedfffffffff,26.939549,94.442965,2,2,0,1,0,1,0,1,0,1,0,1,0,1,2,2,2024-03-04,2026-05-14
833ceefffffffff,25.586271,92.903855,4,2,0,0,4,0,0,0,2,0,0,3,1,0,4,4,2025-04-29,2025-08-30
833cf0fffffffff,23.543943,88.995846,20,11,0,12,0,8,0,3,0,8,4,1,1,14,20,20,2024-08-04,2026-07-18
833cf1fffffffff,23.877666,90.185930,340,49,2,311,12,15,1,31,6,11,22,20,25,273,123,370,2023-10-28,2026-07-26
833cf2fffffffff,22.456073,88.699643,5,3,0,3,0,2,0,1,0,2,2,0,0,3,5,5,2024-08-05,2026-05-04
833cf3fffffffff,22.792366,89.883678,13,8,0,6,0,7,0,2,0,6,4,0,1,8,13,13,2024-08-05,2026-06-12
833cf4fffffffff,24.283100,88.106734,3,3,0,1,0,2,0,1,0,2,0,2,0,1,3,3,2024-09-07,2026-05-21
833cf5fffffffff,24.622671,89.294597,19,10,0,11,0,8,0,3,0,7,5,9,1,4,12,21,2024-08-04,2026-06-03
833cf6fffffffff,23.201900,87.814204,1,1,0,0,0,1,0,0,0,1,1,0,0,0,1,1,2026-05-04,2026-05-04
833d14fffffffff,31.266975,76.460320,1,1,0,0,0,1,0,0,0,1,0,0,1,0,1,1,2026-03-18,2026-03-18
833d16fffffffff,30.175656,76.313243,2,2,0,0,0,2,0,0,0,2,0,0,0,2,2,2,2026-01-28,2026-03-19
833d30fffffffff,33.015739,75.513111,60,30,6,28,18,8,2,12,11,5,32,24,3,1,58,63,2023-09-13,2026-02-22
833d31fffffffff,33.480955,76.769597,8,5,0,2,0,6,0,1,0,4,2,6,0,0,8,8,2024-11-07,2026-02-04
833d32fffffffff,31.905411,75.377884,13,11,1,0,3,9,1,0,3,7,4,2,2,5,13,13,2023-08-14,2026-05-14
833d34fffffffff,33.657068,74.390034,249,114,95,58,64,32,47,27,25,15,57,129,57,6,242,303,2023-01-01,2026-07-31
833d35fffffffff,34.135792,75.653037,47,10,3,11,32,1,2,4,3,1,2,9,36,0,47,47,2023-05-29,2026-07-22
833d36fffffffff,32.539041,74.272476,30,21,8,5,17,0,7,5,9,0,8,12,0,10,27,32,2023-04-09,2025-05-12
833d9bfffffffff,22.780331,80.342733,3,2,0,0,3,0,0,0,2,0,0,3,0,0,3,3,2025-02-09,2025-04-02
833da0fffffffff,28.027592,76.033028,2,1,2,0,0,0,1,0,0,0,0,0,2,0,2,2,2023-02-15,2023-02-15
833da1fffffffff,28.471879,77.199724,23,8,5,0,14,4,2,0,2,4,4,1,14,4,23,25,2023-07-31,2026-03-19
833dadfffffffff,29.332646,79.569706,1,1,0,1,0,0,0,1,0,0,0,0,1,0,1,1,2024-02-08,2024-02-08
833daefffffffff,27.846272,78.207137,1,1,0,1,0,0,0,1,0,0,0,0,1,0,1,1,2024-06-18,2024-06-18
833e62fffffffff,29.699842,31.237054,4,2,1,0,3,0,1,0,1,0,0,2,2,0,4,4,2023-07-02,2025-07-20
833e6afffffffff,28.346892,34.380748,1,1,1,0,0,0,1,0,0,0,1,0,0,0,1,1,2023-02-27,2023-02-27
833e6cfffffffff,30.342939,34.682406,423,20,421,0,0,2,18,0,0,2,253,3,3,164,368,423,2023-10-07,2026-01-03
833e80fffffffff,21.138796,18.358532,1,1,1,0,0,0,1,0,0,0,0,1,0,0,1,2,2023-08-09,2023-08-09
833e86fffffffff,21.143018,17.109784,24,2,24,0,0,0,2,0,0,0,0,24,0,0,24,39,2023-05-31,2023-06-04
833ea4fffffffff,25.185062,17.057249,8,3,0,2,0,6,0,1,0,2,5,0,0,3,8,9,2024-06-15,2026-05-23
833eb3fffffffff,21.138120,15.865698,1,1,1,0,0,0,1,0,0,0,0,1,0,0,1,3,2023-08-09,2023-08-09
833eb5fffffffff,23.148310,15.817340,35,1,35,0,0,0,1,0,0,0,6,29,0,0,35,35,2023-09-09,2023-09-09
833eb6fffffffff,22.112874,13.970309,4,1,0,0,0,4,0,0,0,1,2,2,0,0,4,33,2026-06-19,2026-06-19
833ecafffffffff,18.703138,29.418378,5,1,0,5,0,0,0,1,0,0,0,5,0,0,5,5,2024-12-22,2024-12-22
833edafffffffff,16.882093,26.834211,58,4,0,0,26,32,0,0,2,2,0,0,15,43,58,58,2025-11-16,2026-06-18
833edbfffffffff,16.814258,28.035714,11,2,0,0,0,11,0,0,0,2,0,0,11,0,11,11,2026-05-01,2026-07-04
833f33fffffffff,35.297463,15.485755,0,1,0,0,0,0,0,0,1,0,0,0,0,0,0,2,2025-10-12,2025-10-12
833f53fffffffff,32.134970,25.992333,1,1,1,0,0,0,1,0,0,0,0,0,1,0,1,1,2023-07-12,2023-07-12
833f5bfffffffff,30.887770,29.334078,3,1,3,0,0,0,1,0,0,0,0,0,3,0,3,3,2023-10-08,2023-10-08
833fa4fffffffff,32.137704,12.163862,1,1,0,0,0,1,0,0,0,1,0,0,1,0,1,1,2026-02-03,2026-02-03
834048fffffffff,25.679645,97.448282,39,23,8,17,13,1,7,12,3,1,2,2,35,0,39,88,2023-01-03,2026-02-04
834049fffffffff,25.405172,96.228597,231,85,54,51,115,11,37,15,22,11,12,21,113,85,201,357,2023-01-18,2026-05-19
83404afffffffff,26.726441,97.784515,0,2,0,0,0,0,2,0,0,0,0,0,0,0,0,8,2023-01-06,2023-03-15
83404bfffffffff,26.457993,96.560250,19,3,4,0,15,0,2,0,1,0,0,3,16,0,19,19,2023-01-09,2025-01-11
83404dfffffffff,24.620896,97.114408,264,58,85,69,54,56,31,16,6,5,11,32,194,27,254,357,2023-01-18,2026-06-17
83404efffffffff,25.943017,98.669151,1,1,0,1,0,0,0,1,0,0,0,0,1,0,1,1,2024-09-29,2024-09-29
834068fffffffff,23.021586,98.870112,2,4,2,0,0,0,4,0,0,0,0,1,1,0,2,23,2023-03-07,2023-11-02
834069fffffffff,22.750852,97.661434,173,64,41,107,25,0,24,31,9,0,2,3,160,8,169,261,2023-06-11,2025-10-18
83406bfffffffff,23.826126,97.995035,305,85,200,99,6,0,70,14,1,0,26,89,177,13,277,523,2023-01-13,2025-07-30
83406dfffffffff,21.941547,98.534615,15,4,10,3,0,2,1,2,0,1,0,1,4,10,15,18,2023-10-27,2026-07-13
834200fffffffff,26.283629,62.954275,154,168,29,26,59,40,19,32,77,40,33,55,57,9,130,425,2023-01-12,2026-07-30
834201fffffffff,26.819115,63.987813,160,70,4,39,28,89,5,19,25,21,16,86,39,19,130,198,2023-04-09,2026-07-29
834202fffffffff,25.253087,63.023708,27,16,4,0,12,11,2,2,8,4,5,14,8,0,21,60,2023-02-03,2026-05-03
834203fffffffff,25.779369,64.042038,82,75,32,16,30,4,9,17,40,9,33,22,14,13,44,196,2023-01-18,2026-07-23
834204fffffffff,26.780897,61.854227,1,1,0,1,0,0,0,1,0,0,1,0,0,0,1,1,2024-09-28,2024-09-28
834205fffffffff,27.327609,62.882664,42,13,7,17,12,6,2,4,3,4,17,9,6,10,40,45,2023-05-21,2026-06-29
834206fffffffff,25.746457,61.940836,62,82,10,17,32,3,4,17,50,11,14,27,20,1,49,219,2023-01-04,2026-07-23
834208fffffffff,26.825262,66.136680,70,28,4,25,18,23,1,7,11,9,16,39,14,1,54,157,2023-10-29,2026-07-28
834209fffffffff,27.343362,67.212650,61,22,2,5,33,21,2,3,10,7,3,43,11,4,49,77,2023-01-05,2026-07-31
83420afffffffff,25.782011,66.157910,31,2,0,0,6,25,0,0,1,1,11,14,6,0,25,31,2025-05-18,2026-07-08
83420cfffffffff,27.352156,65.041361,7,12,0,1,3,3,0,2,4,6,1,0,5,1,3,24,2024-02-21,2026-07-25
83420dfffffffff,27.881968,66.114773,83,29,0,7,33,43,0,5,11,13,21,41,20,1,58,180,2024-01-26,2026-07-08
83420efffffffff,26.303676,65.079743,31,78,9,2,20,0,10,10,42,16,8,19,3,1,18,242,2023-01-26,2026-05-18
834215fffffffff,24.725551,62.024841,57,27,3,27,2,25,5,8,5,9,15,20,21,1,47,128,2023-01-30,2026-07-03
83421dfffffffff,25.268807,65.116950,0,2,0,0,0,0,0,0,1,1,0,0,0,0,0,3,2025-11-01,2026-06-25
834220fffffffff,28.320935,60.635141,40,13,6,19,3,12,2,5,2,4,27,10,3,0,39,40,2023-07-23,2026-07-03
834221fffffffff,28.888638,61.672699,8,6,0,3,2,3,1,1,2,2,2,3,3,0,7,9,2023-04-25,2026-07-20
834222fffffffff,27.270497,60.742508,26,11,1,2,14,9,1,1,6,3,14,10,2,0,25,26,2023-11-01,2026-07-30
834223fffffffff,27.828448,61.764891,21,8,1,8,8,4,1,2,3,2,18,3,0,0,20,21,2023-08-24,2026-07-01
834225fffffffff,29.383635,60.524331,46,19,6,17,11,12,1,6,7,5,4,34,8,0,45,59,2023-07-08,2026-06-08
834226fffffffff,27.751768,59.619783,13,7,0,0,7,6,0,0,3,4,9,2,2,0,12,13,2025-07-05,2026-06-04
834228fffffffff,28.938084,63.874121,61,17,0,0,29,32,0,0,6,11,11,35,14,1,41,79,2025-09-24,2026-07-30
834229fffffffff,29.488116,64.960849,69,27,3,4,30,32,4,6,11,6,22,44,2,1,57,204,2023-04-02,2026-07-31
83422afffffffff,27.872176,63.931868,46,17,0,1,9,36,0,2,4,11,15,23,8,0,45,67,2024-07-04,2026-07-31
83422bfffffffff,28.413800,65.001750,324,53,0,40,27,257,2,6,20,25,20,264,34,6,224,1025,2023-03-24,2026-07-28
83422efffffffff,28.384581,62.808772,19,7,0,4,9,6,0,1,4,2,2,6,11,0,14,96,2024-05-28,2026-07-24
834231fffffffff,26.232814,60.846588,37,6,13,22,1,1,1,3,1,1,23,11,3,0,36,37,2023-12-15,2026-01-29
834233fffffffff,25.208333,60.947531,21,4,0,17,4,0,0,1,3,0,8,13,0,0,21,21,2024-04-04,2025-07-29
834240fffffffff,29.952624,70.601916,50,16,0,0,39,11,0,0,7,9,1,22,3,24,48,556,2025-02-18,2026-07-28
834241fffffffff,30.453967,71.770189,3,2,3,0,0,0,2,0,0,0,2,1,0,0,3,3,2023-01-03,2023-02-08
834242fffffffff,28.868849,70.551834,2,1,2,0,0,0,1,0,0,0,0,2,0,0,2,2,2023-04-18,2023-04-18
834243fffffffff,29.365059,71.700680,14,1,0,0,14,0,0,0,1,0,0,6,0,8,14,14,2025-05-07,2025-05-07
834244fffffffff,30.534128,69.484031,53,11,0,33,7,13,0,5,3,3,8,19,25,1,50,59,2024-03-12,2026-06-06
834245fffffffff,31.048357,70.653675,78,29,6,30,33,9,3,9,13,4,22,49,7,0,74,82,2023-01-14,2026-07-31
834246fffffffff,29.443912,69.451789,15,13,2,6,6,1,1,8,3,1,3,6,6,0,11,38,2023-02-10,2026-07-19
834249fffffffff,30.805520,75.247125,2,2,0,0,0,2,0,0,0,2,1,0,1,0,2,2,2026-03-29,2026-06-01
83424afffffffff,29.248711,73.942639,0,1,0,0,0,0,0,1,0,0,0,0,0,0,0,1,2024-03-08,2024-03-08
83424bfffffffff,29.716737,75.120616,0,1,0,0,0,0,0,0,1,0,0,0,0,0,0,1,2025-05-07,2025-05-07
83424cfffffffff,30.947098,72.956046,3,2,2,0,0,1,1,0,0,1,0,1,2,0,3,3,2023-02-16,2026-04-29
83424dfffffffff,31.431186,74.158850,18,15,4,8,4,2,3,7,3,2,4,9,1,4,18,20,2023-04-29,2026-03-09
834252fffffffff,26.248961,69.361093,1,1,0,0,0,1,0,0,0,1,0,0,1,0,1,1,2026-05-22,2026-05-22
834254fffffffff,27.857192,68.307394,8,9,0,1,1,6,0,2,4,3,2,1,5,0,7,17,2024-05-21,2026-07-07
834255fffffffff,28.365957,69.420585,8,7,0,0,0,8,0,0,2,5,5,0,0,3,8,26,2025-01-20,2026-07-18
834256fffffffff,26.798765,68.294898,2,1,0,0,2,0,0,0,1,0,2,0,0,0,2,2,2025-11-12,2025-11-12
834260fffffffff,32.215989,68.361634,155,22,2,13,55,85,2,5,3,12,11,64,12,68,107,1130,2023-08-01,2026-06-30
834261fffffffff,32.748922,69.551837,1242,325,176,342,445,279,55,100,103,67,319,737,171,15,1185,1468,2023-01-05,2026-07-31
834262fffffffff,31.108663,68.347392,14,3,0,13,1,0,0,2,1,0,0,1,1,12,14,14,2024-02-07,2025-01-20
834263fffffffff,31.636011,69.517361,192,29,62,31,77,22,9,5,10,5,34,155,3,0,189,203,2023-04-15,2026-07-27
834264fffffffff,32.787352,67.186956,0,3,0,0,0,0,2,1,0,0,0,0,0,0,0,6,2023-01-01,2024-07-20
834265fffffffff,33.334001,68.376369,6,11,4,1,1,0,6,3,1,1,0,0,6,0,2,15,2023-01-15,2026-02-21
834268fffffffff,32.666011,71.916351,31,8,13,4,8,6,3,1,3,1,1,30,0,0,31,31,2023-02-17,2026-01-30
834269fffffffff,33.166852,73.144203,41,4,0,2,0,39,0,2,0,2,1,2,38,0,39,44,2024-01-05,2026-07-05
83426afffffffff,31.554498,71.842040,2,1,0,2,0,0,0,1,0,0,0,2,0,0,2,2,2024-04-23,2024-04-23
83426bfffffffff,32.051680,73.048532,1,1,1,0,0,0,1,0,0,0,0,1,0,0,1,1,2023-12-22,2023-12-22
83426cfffffffff,33.273178,70.762568,2336,562,174,679,934,549,74,155,198,135,639,1306,165,226,2243,2608,2023-01-07,2026-07-31
83426dfffffffff,33.787815,71.993253,407,148,177,55,91,84,39,33,42,34,182,170,32,23,383,457,2023-01-06,2026-07-27
83426efffffffff,32.155430,70.707195,1061,376,184,249,438,190,61,107,128,80,300,690,61,10,1052,1121,2023-01-01,2026-07-30
834270fffffffff,29.484906,67.202876,445,146,78,55,195,117,12,23,65,46,125,197,116,7,407,859,2023-01-07,2026-07-31
834271fffffffff,30.012685,68.333620,151,41,1,31,55,64,3,14,14,10,14,108,25,4,133,168,2023-01-02,2026-07-13
834272fffffffff,28.407747,67.207842,26,16,0,7,12,7,0,2,11,3,2,3,16,5,21,71,2024-08-21,2026-07-19
834273fffffffff,28.928672,68.320294,19,14,0,0,7,12,0,0,7,7,2,11,6,0,13,27,2025-10-09,2026-07-01
834274fffffffff,30.033813,66.068798,80,37,5,15,13,47,3,4,9,21,26,31,21,2,72,141,2023-08-11,2026-07-28
834275fffffffff,30.574295,67.197746,460,98,39,68,75,278,10,23,25,40,137,198,61,64,412,577,2023-02-05,2026-07-30
834276fffffffff,28.951658,66.092158,175,76,4,27,103,41,4,14,40,18,35,117,23,0,152,262,2023-01-27,2026-07-22
8342dbfffffffff,19.968125,72.969893,3,1,3,0,0,0,1,0,0,0,0,0,3,0,3,3,2023-07-31,2023-07-31
8342e0fffffffff,24.722909,68.271049,1,2,0,0,1,0,0,0,1,1,0,1,0,0,1,3,2025-05-18,2026-06-21
8342e4fffffffff,25.254847,67.221825,66,30,12,19,13,22,5,9,8,8,16,30,19,1,64,85,2023-02-17,2026-07-21
8342e5fffffffff,25.753863,68.282789,0,1,0,0,0,0,0,0,1,0,0,0,0,0,0,2,2025-12-19,2025-12-19
83430cfffffffff,30.807476,57.013085,176,3,0,96,0,80,0,2,0,1,0,2,174,0,176,176,2024-01-03,2026-01-08
834310fffffffff,26.916276,54.487691,7,2,0,0,0,7,0,0,0,2,0,0,1,6,7,7,2026-04-06,2026-07-12
834311fffffffff,27.505089,55.417043,7,1,0,0,0,7,0,0,0,1,0,0,1,6,7,7,2026-07-16,2026-07-16
834313fffffffff,26.484345,55.600150,5,1,0,0,0,5,0,0,0,1,0,0,0,5,5,5,2026-03-29,2026-03-29
834319fffffffff,28.224067,58.486760,1,1,0,0,1,0,0,0,1,0,0,0,1,0,1,1,2025-08-31,2025-08-31
83431efffffffff,27.063302,56.539997,252,14,0,0,0,252,0,0,0,14,10,0,215,27,252,272,2026-01-08,2026-07-30
834320fffffffff,31.481024,52.456213,40,1,0,0,0,40,0,0,0,1,0,0,40,0,40,60,2026-01-08,2026-01-08
834321fffffffff,32.126655,53.420732,17166,12,0,0,866,16300,0,0,2,10,1318,0,1737,14111,17038,14552,2025-06-13,2026-07-08
834324fffffffff,31.884740,51.259675,50,1,0,0,0,50,0,0,0,1,0,0,50,0,50,70,2026-01-08,2026-01-08
834325fffffffff,32.540603,52.209696,4725,6,0,0,0,4725,0,0,0,6,0,0,4410,315,4725,4775,2026-01-08,2026-03-14
834326fffffffff,30.836993,51.517557,5,1,0,0,0,5,0,0,0,1,0,0,0,5,5,5,2026-04-05,2026-04-05
834331fffffffff,29.389396,52.926664,97,5,4,0,0,93,1,0,0,4,1,0,96,0,97,97,2023-08-13,2026-03-25
834334fffffffff,29.168875,50.864602,6,3,0,0,0,6,0,0,0,3,1,0,4,1,6,6,2026-03-29,2026-07-08
834335fffffffff,29.798322,51.767586,14,1,0,0,0,14,0,0,0,1,0,0,14,0,14,14,2026-01-08,2026-01-08
834340fffffffff,33.845396,62.400960,51,23,25,10,1,15,6,8,4,5,6,8,31,6,35,91,2023-03-03,2026-06-12
834341fffffffff,34.440538,63.555037,4,7,0,2,2,0,0,4,3,0,0,0,2,2,3,15,2024-07-15,2025-06-22
834342fffffffff,32.731807,62.488070,0,1,0,0,0,0,1,0,0,0,0,0,0,0,0,1,2023-01-10,2023-01-10
834345fffffffff,34.968321,62.310784,4,2,1,0,0,3,1,0,0,1,2,1,0,1,1,4,2023-08-22,2026-01-12
834348fffffffff,34.475056,65.967132,27,10,1,26,0,0,2,8,0,0,5,5,17,0,22,30,2023-04-27,2024-12-16
834349fffffffff,35.041632,67.175398,7,3,0,6,0,1,1,1,0,1,1,0,6,0,6,14,2023-01-26,2026-05-05
83434afffffffff,33.349172,65.993868,0,4,0,0,0,0,1,2,0,1,0,0,0,0,0,4,2023-11-27,2026-07-16
83434bfffffffff,33.909698,67.181278,1,1,0,1,0,0,0,1,0,0,0,0,1,0,0,1,2024-08-02,2024-08-02
83434cfffffffff,35.029134,64.734589,4,1,0,4,0,0,0,1,0,0,3,1,0,0,2,4,2024-12-06,2024-12-06
83434dfffffffff,35.610112,65.939438,4,3,0,4,0,0,0,2,1,0,0,2,2,0,4,11,2024-09-17,2025-12-26
83434efffffffff,33.900532,64.782994,3,5,0,2,1,0,0,2,2,1,0,0,3,0,3,5,2024-09-01,2026-07-11
834350fffffffff,31.044825,61.479181,16,8,9,5,1,1,3,3,1,1,7,6,3,0,6,28,2023-01-04,2026-04-20
834351fffffffff,31.628275,62.572267,0,1,0,0,0,0,0,0,1,0,0,0,0,0,0,1,2025-01-12,2025-01-12
834352fffffffff,29.960952,61.577511,0,1,0,0,0,0,0,1,0,0,0,0,0,0,0,1,2024-03-31,2024-03-31
834355fffffffff,32.139647,61.377549,0,1,0,0,0,0,0,1,0,0,0,0,0,0,0,1,2024-10-05,2024-10-05
834358fffffffff,31.672541,64.874915,0,2,0,0,0,0,1,0,1,0,0,0,0,0,0,2,2023-01-23,2025-01-28
834359fffffffff,32.233207,66.019695,1,1,0,0,1,0,0,0,1,0,0,0,1,0,1,1,2025-02-01,2025-02-01
83435bfffffffff,31.127868,66.044657,164,30,9,35,76,44,8,4,9,9,68,31,57,8,111,215,2023-01-18,2026-06-14
83435dfffffffff,32.781426,64.829741,94,13,7,3,5,79,4,2,3,4,3,9,79,3,51,370,2023-07-01,2026-06-28
83435efffffffff,31.106316,63.752860,0,1,0,0,0,0,1,0,0,0,0,0,0,0,0,2,2023-06-21,2023-06-21
834360fffffffff,35.983915,59.776952,3,2,0,0,0,3,0,0,0,2,2,0,1,0,3,3,2026-01-09,2026-07-10
834363fffffffff,35.483046,61.051106,0,1,0,0,0,0,0,1,0,0,0,0,0,0,0,1,2024-01-31,2024-01-31
83436afffffffff,35.571017,63.484394,0,1,0,0,0,0,0,1,0,0,0,0,0,0,0,2,2024-09-18,2024-09-18
83436bfffffffff,36.166465,64.684438,6,15,0,4,2,0,3,8,3,1,0,2,4,0,3,20,2023-05-11,2026-01-01
834374fffffffff,33.602803,57.716990,1,1,0,0,0,1,0,0,0,1,1,0,0,0,1,1,2026-02-13,2026-02-13
83439cfffffffff,21.138630,57.465549,5,2,0,0,0,5,0,0,0,2,0,0,5,0,5,5,2026-06-10,2026-07-24
8343a0fffffffff,24.347786,53.985713,10,8,0,0,0,10,0,0,0,8,0,0,6,4,10,10,2026-02-28,2026-04-03
8343a8fffffffff,25.035695,56.866687,1,1,0,0,0,1,0,0,0,1,0,0,1,0,1,1,2026-04-01,2026-04-01
8343a9fffffffff,25.593414,57.803831,1,1,0,0,0,1,0,0,0,1,1,0,0,0,1,1,2026-07-12,2026-07-12
8343aafffffffff,24.041134,57.022924,2,1,0,0,0,2,0,0,0,1,0,0,2,0,2,2,2026-03-13,2026-03-13
8343acfffffffff,25.475750,55.777872,1,1,0,0,0,1,0,0,0,1,0,0,1,0,1,1,2026-03-07,2026-03-07
834450fffffffff,30.678918,-88.136517,3,1,0,0,0,3,0,0,0,1,0,0,3,0,3,3,2026-01-30,2026-01-30
834501fffffffff,18.611198,-87.723688,1,1,0,1,0,0,0,1,0,0,1,0,0,0,1,1,2024-01-17,2024-01-17
834505fffffffff,17.525645,-87.955301,7,5,0,0,0,7,0,0,0,5,0,1,0,6,7,7,2026-01-25,2026-04-21
834509fffffffff,21.135584,-89.179291,3,1,0,0,0,3,0,0,0,1,0,0,0,3,3,3,2026-01-06,2026-01-06
83450afffffffff,20.787957,-87.249867,27,16,20,0,1,6,11,0,1,4,0,0,6,21,27,27,2023-01-19,2026-03-30
83450cfffffffff,19.319281,-88.556344,4,2,0,4,0,0,1,1,0,0,0,4,0,0,4,330,2023-01-01,2024-01-29
83450efffffffff,19.698913,-87.488567,2,2,1,0,0,1,1,0,0,1,0,0,0,2,2,2,2023-03-13,2026-01-09
834520fffffffff,15.364307,-88.408284,88,45,73,10,4,1,28,15,1,1,2,2,26,58,27,100,2023-01-01,2026-01-12
834521fffffffff,16.045712,-89.229137,4,3,0,0,0,4,0,0,0,3,0,0,0,4,4,4,2026-02-06,2026-03-05
834522fffffffff,15.758281,-87.375152,5,5,0,0,0,5,0,3,0,2,0,0,1,4,5,12,2024-01-18,2026-03-11
834523fffffffff,16.443079,-88.183476,1,1,0,0,0,1,0,0,0,1,0,0,0,1,1,1,2026-02-06,2026-02-06
834524fffffffff,14.290119,-88.629791,1,1,0,1,0,0,0,1,0,0,1,0,0,0,0,1,2024-06-18,2024-06-18
834525fffffffff,14.961994,-89.446710,2,2,0,0,1,1,0,0,1,1,0,0,2,0,2,2,2025-08-13,2026-05-25
834526fffffffff,14.689042,-87.603607,2,1,0,0,0,2,0,0,0,1,0,0,0,2,2,2,2026-01-04,2026-01-04
834529fffffffff,18.530085,-90.707833,9,4,0,0,0,9,0,0,0,4,0,0,0,9,9,9,2026-05-08,2026-05-09
83452afffffffff,18.225177,-88.784024,6,5,2,3,0,1,2,2,0,1,0,1,0,5,6,6,2023-10-24,2026-04-21
83452dfffffffff,17.424673,-90.919932,4,2,0,0,4,0,0,0,2,0,0,0,0,4,2,4,2025-03-04,2025-06-24
83452efffffffff,17.133711,-89.008265,2,1,0,0,0,2,0,0,0,1,0,0,0,2,2,2,2026-02-21,2026-02-21
834531fffffffff,16.143678,-86.347941,28,6,0,8,0,20,0,5,0,1,0,0,25,3,25,30,2024-01-05,2026-05-20
8345b2fffffffff,18.228886,-77.700132,59,8,0,51,0,8,0,5,0,3,0,0,2,57,13,59,2024-01-01,2026-06-10
834800fffffffff,24.486527,-108.224634,105,108,3,10,67,25,3,10,75,20,0,1,8,96,89,130,2023-07-06,2026-07-19
834802fffffffff,25.012661,-107.059721,2651,1544,195,682,1377,397,164,252,765,363,50,81,105,2415,1364,2711,2023-01-07,2026-07-28
834803fffffffff,25.666045,-108.148854,29,21,8,2,18,1,6,2,12,1,0,2,3,24,26,30,2023-05-23,2026-05-01
834806fffffffff,23.833779,-107.145242,119,85,6,36,67,10,6,25,45,9,3,1,2,113,108,130,2023-06-16,2026-07-04
834808fffffffff,26.946629,-110.360847,33,19,20,8,4,1,7,8,3,1,1,0,4,28,29,36,2023-01-10,2026-05-15
834809fffffffff,27.572147,-111.482375,2,2,1,0,1,0,1,0,1,0,0,0,0,2,2,2,2023-04-06,2025-02-05
83480bfffffffff,28.123319,-110.304248,5,4,4,1,0,0,3,1,0,0,2,0,0,3,5,5,2023-02-18,2024-07-04
83480dfffffffff,26.394882,-111.527414,12,7,0,0,12,0,0,0,7,0,0,0,1,11,7,12,2025-06-04,2025-12-14
83480efffffffff,26.310986,-109.249444,25,12,2,4,19,0,2,2,8,0,0,0,1,24,21,28,2023-09-20,2025-07-26
834810fffffffff,24.860067,-104.812068,4,3,0,2,2,0,0,1,2,0,0,0,2,2,4,4,2024-12-27,2025-07-22
834814fffffffff,23.684091,-104.918162,6,5,0,0,6,0,0,0,5,0,0,0,1,5,6,6,2025-07-19,2025-10-23
834815fffffffff,24.351711,-105.982640,14,8,0,0,13,1,0,0,7,1,0,1,1,12,14,16,2025-01-05,2026-01-12
834816fffffffff,24.184486,-103.751678,3,1,0,0,0,3,0,0,0,1,2,1,0,0,3,3,2026-01-06,2026-01-06
834818fffffffff,27.367770,-106.883771,26,12,0,0,23,3,0,0,10,2,0,0,0,26,19,26,2025-02-04,2026-06-29
834819fffffffff,28.020956,-107.992908,13,6,3,3,6,1,1,1,3,1,0,0,0,13,9,13,2023-06-08,2026-04-28
83481afffffffff,27.880009,-105.686785,14,5,0,3,7,4,0,1,3,1,0,0,0,14,14,14,2024-05-04,2026-05-17
83481bfffffffff,28.541998,-106.793249,57,35,7,3,33,14,5,4,16,10,0,0,0,57,48,59,2023-01-05,2026-07-12
83481cfffffffff,26.190992,-106.972580,65,43,6,8,33,18,2,5,24,12,2,3,0,60,59,66,2023-07-18,2026-07-28
83481dfffffffff,26.844522,-108.071626,11,3,0,6,4,1,0,1,1,1,6,0,0,5,11,11,2024-12-12,2026-04-15
83481efffffffff,26.705640,-105.787272,47,22,5,16,20,6,1,5,10,6,0,9,4,34,40,47,2023-06-06,2026-07-28
834823fffffffff,22.772018,-109.443110,3,1,0,0,0,3,0,0,0,1,0,0,0,3,3,3,2026-07-12,2026-07-12
83482afffffffff,24.588189,-110.470845,8,5,4,0,2,2,1,0,2,2,0,0,1,7,7,8,2023-04-02,2026-02-25
83482bfffffffff,25.216107,-111.571599,4,4,0,0,4,0,0,0,4,0,0,0,0,4,4,4,2025-07-01,2025-09-28
834832fffffffff,22.508542,-105.022318,20,3,0,18,2,0,0,2,1,0,0,2,0,18,20,20,2024-08-17,2025-11-22
834833fffffffff,23.174155,-106.077624,132,55,3,37,58,34,1,12,30,12,22,24,9,77,126,140,2023-08-06,2026-07-04
834842fffffffff,29.380213,-114.900192,4,2,0,4,0,0,0,2,0,0,0,0,4,0,4,4,2024-03-11,2024-04-28
83484afffffffff,31.676681,-117.225204,10,4,2,2,6,0,2,1,1,0,0,0,0,10,10,10,2023-03-06,2025-10-13
834852fffffffff,29.918194,-111.389636,2,2,2,0,0,0,2,0,0,0,0,0,0,2,2,2,2023-11-27,2023-11-27
834853fffffffff,30.527115,-112.542570,41,16,23,18,0,0,9,7,0,0,0,0,2,39,34,41,2023-03-19,2024-07-02
834855fffffffff,28.789673,-113.752841,1,1,0,0,1,0,0,0,1,0,0,0,0,1,1,1,2025-12-11,2025-12-11
834856fffffffff,28.746910,-111.436458,67,54,22,30,13,2,15,26,11,2,1,2,3,61,50,73,2023-01-01,2026-02-24
834858fffffffff,31.705258,-114.874640,10,4,0,10,0,0,0,4,0,0,1,1,0,8,10,12,2024-01-20,2024-03-19
834859fffffffff,32.273162,-116.052018,19,8,16,1,2,0,6,1,1,0,4,0,1,14,18,19,2023-03-17,2025-03-30
83485bfffffffff,32.859609,-114.861477,34,18,10,3,21,0,4,3,11,0,4,1,3,26,34,34,2023-02-17,2025-05-08
83485cfffffffff,30.545154,-114.887542,2838,7,1195,835,808,0,1,1,5,0,1,0,2,2835,3,2631,2023-01-01,2025-11-01
83485dfffffffff,31.118064,-116.053273,10,1,10,0,0,0,1,0,0,0,0,1,0,9,10,10,2023-05-20,2023-05-20
834872fffffffff,27.011614,-112.647641,6,5,0,0,3,3,0,0,2,3,0,0,0,6,5,6,2025-05-02,2026-04-07
834880fffffffff,27.945084,-99.915168,16,4,16,0,0,0,4,0,0,0,0,0,16,0,16,16,2023-02-26,2023-05-18
8348a2fffffffff,25.622239,-100.219346,15,5,9,0,0,6,3,0,0,2,0,3,0,12,15,21,2023-01-10,2026-05-03
8348acfffffffff,26.530785,-103.514985,1,1,0,0,0,1,0,0,0,1,0,0,0,1,1,1,2026-04-08,2026-04-08
8348b0fffffffff,25.367705,-98.016358,7,2,7,0,0,0,2,0,0,0,0,7,0,0,7,7,2023-12-11,2023-12-11
8348b1fffffffff,26.078484,-99.034160,14,5,7,5,2,0,2,2,1,0,0,3,0,11,13,14,2023-02-25,2025-03-17
8348b2fffffffff,25.804647,-96.838410,1,1,0,0,0,1,0,0,0,1,0,0,1,0,1,1,2026-02-02,2026-02-02
8348b3fffffffff,26.522410,-97.846763,2,2,0,0,0,2,0,0,0,2,0,0,1,1,2,2,2026-04-14,2026-04-30
8348b4fffffffff,24.211374,-98.182947,5,3,0,0,4,1,0,0,2,1,1,0,1,3,5,5,2025-01-12,2026-06-09
8348c6fffffffff,32.039651,-106.510886,1198,983,438,343,302,115,356,273,242,112,5,5,6,1182,1104,1218,2023-01-04,2026-07-31
8348e2fffffffff,30.363753,-107.830828,4,1,0,4,0,0,0,1,0,0,0,0,0,4,4,4,2024-02-01,2024-02-01
8348e4fffffffff,28.664317,-109.114057,2,1,0,0,2,0,0,0,1,0,0,0,0,2,2,2,2025-07-17,2025-07-17
8348e5fffffffff,29.297002,-110.246541,1619,17,693,477,449,0,1,12,4,0,4,4,0,1611,9,1607,2023-01-01,2025-09-12
8348e6fffffffff,29.194358,-107.912657,31,11,16,0,8,7,4,1,3,3,0,0,0,31,30,33,2023-05-08,2026-07-28
8348ecfffffffff,31.085037,-111.341882,12,3,0,12,0,0,0,3,0,0,9,2,1,0,12,12,2024-05-22,2024-09-19
8348f1fffffffff,30.878893,-106.606859,8,4,5,0,2,1,2,0,1,1,0,0,0,8,8,8,2023-07-24,2026-04-10
8348f4fffffffff,29.051327,-105.584357,3281,44,1326,1296,645,14,4,16,17,7,1,8,1,3271,58,3268,2023-01-01,2026-06-27
8348f6fffffffff,29.548269,-104.367214,11,4,0,8,2,1,0,1,2,1,0,0,0,11,11,11,2024-04-21,2026-02-24
834980fffffffff,19.804142,-100.933363,874,718,229,374,241,30,173,295,226,24,11,1,18,844,759,975,2023-01-03,2026-07-29
834981fffffffff,20.484742,-101.934961,739,658,241,225,212,61,192,175,189,102,2,0,21,716,666,938,2023-01-01,2026-07-21
834982fffffffff,20.277754,-99.800707,22,11,3,11,0,8,3,2,0,6,0,0,0,22,22,22,2023-08-20,2026-05-05
834983fffffffff,20.965090,-100.795593,4964,1215,1704,1971,1176,113,356,445,326,88,11,2,31,4920,1378,4850,2023-01-01,2026-06-30
834984fffffffff,18.646470,-101.068745,28,10,6,6,7,9,4,1,3,2,9,1,0,18,28,39,2023-01-06,2026-04-21
834985fffffffff,19.322020,-102.062525,2568,221,1082,864,606,16,79,75,60,7,11,12,7,2538,255,2543,2023-01-01,2026-06-05
834986fffffffff,19.122013,-99.946083,45,15,30,6,2,7,6,1,3,5,0,0,4,41,21,46,2023-01-25,2026-07-28
834988fffffffff,22.332469,-102.828971,379,125,183,171,13,12,79,36,6,4,0,3,3,373,220,385,2023-01-01,2026-06-01
834989fffffffff,23.010706,-103.866787,4,1,4,0,0,0,1,0,0,0,0,0,0,4,4,4,2023-02-21,2023-02-21
83498afffffffff,22.817703,-101.672939,30,14,15,15,0,0,6,8,0,0,2,3,1,24,24,30,2023-02-01,2024-12-16
83498bfffffffff,23.503389,-102.705163,674,64,519,146,9,0,41,21,2,0,6,0,4,664,94,675,2023-01-01,2025-11-23
83498cfffffffff,21.162937,-102.950563,38,15,6,13,18,1,3,5,6,1,1,2,32,3,24,38,2023-05-30,2026-07-07
83498dfffffffff,21.837836,-103.979816,4,1,4,0,0,0,1,0,0,0,0,0,0,4,4,4,2023-02-01,2023-02-01
83498efffffffff,21.650295,-101.805119,97,64,30,42,15,10,19,22,19,4,1,0,7,89,85,109,2023-01-02,2026-05-14
834990fffffffff,20.047426,-97.693553,48,16,31,7,9,1,9,3,3,1,1,0,5,42,32,68,2023-01-02,2026-01-08
834991fffffffff,20.742318,-98.665428,2,2,0,0,0,2,0,0,0,2,0,0,0,2,2,2,2026-01-07,2026-05-05
834992fffffffff,20.496301,-96.565416,6,3,5,0,0,1,2,0,0,1,0,0,0,6,6,6,2023-03-31,2026-01-27
834993fffffffff,21.197329,-97.528411,73,19,13,17,35,8,3,4,5,7,0,0,8,65,34,73,2023-04-11,2026-04-15
834994fffffffff,18.900203,-97.855896,51,27,12,1,34,4,6,1,18,2,6,6,8,31,50,51,2023-03-27,2026-07-11
834995fffffffff,19.589170,-98.820732,147,113,1,2,22,122,1,2,13,97,9,6,3,129,141,147,2023-08-31,2026-07-30
834996fffffffff,19.352447,-96.737338,49,28,33,4,1,11,17,3,1,7,1,0,5,43,49,485,2023-01-01,2026-07-02
834998fffffffff,22.596555,-99.502226,2,1,0,2,0,0,0,1,0,0,0,2,0,0,2,2,2024-05-15,2024-05-15
83499bfffffffff,23.757678,-99.348987,4,3,1,0,0,3,1,0,0,2,1,1,0,2,4,4,2023-03-17,2026-07-05
83499cfffffffff,21.436256,-99.652776,7,3,1,0,0,6,1,0,0,2,0,0,1,6,7,7,2023-03-04,2026-04-19
83499dfffffffff,22.128352,-100.655371,9,6,4,1,2,2,3,1,1,1,1,5,0,3,9,9,2023-03-04,2026-01-27
83499efffffffff,21.897710,-98.507409,1,1,0,0,0,1,0,0,0,1,0,0,0,1,1,1,2026-02-03,2026-02-03
8349a2fffffffff,17.493021,-101.201798,59,37,30,19,3,7,27,6,1,3,0,0,13,46,58,59,2023-01-27,2026-04-27
8349a3fffffffff,18.163090,-102.187870,21,11,13,5,0,3,6,3,0,2,1,0,2,18,21,21,2023-07-25,2026-02-24
8349a8fffffffff,19.498793,-104.199849,1127,57,600,496,29,2,15,18,22,2,2,1,3,1121,29,1283,2023-01-01,2026-03-19
8349a9fffffffff,20.162718,-105.225024,3,2,0,1,0,2,0,1,0,1,0,0,3,0,3,3,2024-05-09,2026-04-18
8349aafffffffff,19.995777,-103.070000,44,22,27,13,4,0,15,5,2,0,0,0,7,37,35,45,2023-01-15,2025-04-24
8349abfffffffff,20.666870,-104.090819,588,5,586,1,1,0,3,1,1,0,0,0,11,577,11,588,2023-01-01,2025-05-13
8349aefffffffff,18.831963,-103.187335,40,17,20,7,13,0,7,4,6,0,8,3,10,19,38,42,2023-03-10,2025-12-06
8349b0fffffffff,17.293389,-99.123463,418,272,196,95,82,45,128,66,51,27,6,9,32,371,368,442,2023-01-03,2026-07-29
8349b1fffffffff,17.969981,-100.088969,74,14,13,57,0,4,6,4,0,4,16,4,25,29,53,74,2023-01-31,2026-03-28
8349b2fffffffff,17.756592,-98.015508,2,2,0,0,1,1,0,0,1,1,0,0,0,2,2,2,2025-01-12,2026-04-27
8349b3fffffffff,18.439216,-98.973389,286,224,201,25,22,38,173,22,13,16,4,1,8,273,270,290,2023-01-07,2026-07-29
8349b4fffffffff,16.152601,-99.271017,20,13,9,0,4,7,5,0,2,6,0,0,3,17,16,20,2023-04-22,2026-06-28
8349b5fffffffff,16.822587,-100.229426,1104,872,305,258,388,153,226,259,264,123,1,1,2,1100,841,1177,2023-01-05,2026-07-31
8349b6fffffffff,16.617509,-98.172454,26,18,7,7,0,12,6,3,0,9,0,0,2,24,23,26,2023-02-23,2026-07-23
834c88fffffffff,20.060952,-71.907629,10,6,0,0,0,10,0,0,0,6,0,7,2,1,9,10,2026-04-16,2026-07-15
834c89fffffffff,19.483139,-71.049910,3,3,0,0,0,3,0,0,0,3,0,0,1,2,3,3,2026-01-27,2026-05-19
834c8afffffffff,19.777181,-72.853049,67,19,2,8,39,18,1,3,12,3,0,20,44,3,57,67,2023-04-04,2026-05-24
834c8bfffffffff,19.199397,-71.990084,386,36,7,161,192,26,2,5,20,9,3,87,267,29,371,392,2023-07-28,2026-07-31
834cc5fffffffff,18.257386,-66.680514,1,1,0,0,0,1,0,0,0,1,0,0,0,1,1,1,2026-03-04,2026-03-04
834cd4fffffffff,18.898811,-70.194667,7,8,0,0,0,7,0,0,0,8,0,0,4,3,7,8,2026-01-13,2026-07-17
834cd5fffffffff,18.308418,-69.342269,1,1,0,0,0,1,0,0,0,1,0,0,0,1,1,1,2026-02-07,2026-02-07
835208fffffffff,17.755138,46.083319,4,1,4,0,0,0,1,0,0,0,2,2,0,0,4,4,2023-04-27,2023-04-27
83520afffffffff,16.930050,45.351129,99,45,26,8,37,28,11,5,18,11,40,21,30,8,87,102,2023-01-24,2026-07-26
835218fffffffff,16.248830,43.573617,47,24,3,8,14,22,3,4,8,9,0,9,38,0,34,47,2023-02-11,2026-07-28
835219fffffffff,16.100595,44.623786,84,45,15,5,51,13,11,5,20,9,22,17,37,8,66,87,2023-01-10,2026-07-29
83521afffffffff,15.406815,42.849884,152,18,0,48,101,3,0,9,8,1,0,30,107,15,133,171,2024-02-03,2026-07-27
83521bfffffffff,15.267504,43.901474,295,50,3,28,251,13,3,9,31,7,5,97,152,41,175,366,2023-05-12,2026-06-06
83521cfffffffff,17.241482,43.238452,265,178,112,31,86,36,84,18,52,24,14,48,192,11,254,265,2023-01-13,2026-07-19
83521dfffffffff,17.087455,44.302767,112,15,3,1,96,12,2,1,9,3,5,15,91,1,92,127,2023-05-14,2026-07-25
83521efffffffff,16.393737,42.508024,2,1,0,0,2,0,0,0,1,0,2,0,0,0,2,2,2025-06-03,2025-06-03
835240fffffffff,17.842674,50.819794,10,2,0,0,2,8,0,0,1,1,0,7,0,3,7,10,2025-12-04,2026-07-17
83524afffffffff,15.760899,52.221563,1,1,0,0,0,1,0,0,0,1,0,1,0,0,1,1,2026-02-12,2026-02-12
835250fffffffff,16.440896,48.397448,1,1,0,0,0,1,0,0,0,1,0,0,1,0,1,1,2026-01-02,2026-01-02
835251fffffffff,16.273271,49.379207,23,4,0,0,15,8,0,0,3,1,15,0,0,8,19,23,2025-12-03,2026-01-02
835252fffffffff,15.639069,47.678435,671,58,48,209,382,32,9,15,28,6,79,376,34,182,159,5214,2023-01-01,2026-07-21
835253fffffffff,15.480639,48.663843,112,9,0,0,103,9,0,0,6,3,53,49,10,0,77,112,2025-12-03,2026-06-09
835256fffffffff,16.606444,47.398721,2,2,0,0,1,1,0,0,1,1,1,0,0,1,2,2,2025-04-13,2026-03-10
83525afffffffff,14.379555,49.880347,15,6,0,0,14,1,0,0,5,1,5,7,1,2,13,15,2025-12-25,2026-01-29
83525efffffffff,15.320403,49.632539,10,4,0,0,9,1,0,0,3,1,5,4,0,1,9,10,2025-12-25,2026-04-23
835280fffffffff,13.087365,38.566318,50,8,4,0,2,44,1,0,1,6,40,7,0,3,48,60,2023-10-09,2026-05-27
835281fffffffff,12.979302,39.645958,30,19,1,2,18,9,1,2,4,12,1,6,5,18,28,40,2023-11-24,2026-06-21
835282fffffffff,12.224335,37.867588,1864,119,341,958,209,356,28,17,49,25,210,1347,100,207,1669,5895,2023-05-17,2026-07-27
835283fffffffff,12.123736,38.946077,997,74,59,144,605,189,7,7,30,30,686,193,10,108,923,2806,2023-06-24,2026-07-11
835284fffffffff,14.063022,38.178553,18,19,0,1,2,15,0,1,2,16,4,13,1,0,18,32,2024-10-13,2026-06-19
835285fffffffff,13.950740,39.271789,5,7,0,0,0,5,0,0,0,7,0,0,2,3,5,8,2026-01-31,2026-06-21
835286fffffffff,13.191996,37.474459,266,46,10,84,165,7,3,9,23,11,56,123,21,66,172,732,2023-05-17,2026-07-29
835288fffffffff,11.913651,41.065902,2,1,0,0,0,2,0,0,0,1,0,0,2,0,0,2,2026-05-31,2026-05-31
835289fffffffff,11.804610,42.106247,14,2,0,0,0,14,0,0,0,2,10,0,4,0,14,14,2026-01-18,2026-03-02
83528afffffffff,11.073548,40.371190,25,35,3,7,7,8,2,19,6,8,2,2,21,0,4,182,2023-04-11,2026-07-11
83528efffffffff,12.020100,40.012354,247,64,22,20,93,112,13,11,25,15,81,24,37,105,245,1463,2023-05-22,2026-07-26
835290fffffffff,11.452857,36.087642,177,19,2,0,116,59,1,0,7,11,7,11,58,101,173,530,2023-12-29,2026-05-23
835291fffffffff,11.362431,37.175710,2305,217,152,539,1157,457,24,44,115,34,258,1488,412,147,1307,3811,2023-05-17,2026-07-27
835292fffffffff,10.586312,35.405103,61,5,17,0,43,1,1,0,3,1,0,0,61,0,59,104,2023-11-23,2026-01-16
835293fffffffff,10.502421,36.490782,669,75,232,90,185,162,7,12,42,14,105,230,53,281,521,1212,2023-06-07,2026-07-27
835294fffffffff,12.415543,35.676291,213,21,0,96,113,4,1,4,15,1,2,79,108,24,150,358,2023-11-08,2026-02-05
835295fffffffff,12.321677,36.777456,212,37,29,24,115,44,6,3,13,15,17,148,44,3,170,646,2023-07-26,2026-05-12
835298fffffffff,10.326215,38.630015,725,176,143,237,284,61,25,63,61,27,108,236,202,179,576,2091,2023-01-13,2026-07-22
835299fffffffff,10.234270,39.682424,574,142,226,142,152,54,34,50,42,16,87,118,203,166,482,1006,2023-01-20,2026-07-27
83529afffffffff,9.481760,37.948380,525,165,115,186,166,58,53,54,40,18,195,203,107,20,455,3222,2023-01-12,2026-06-24
83529bfffffffff,9.396543,38.999723,315,68,11,256,27,21,11,29,21,7,105,183,27,0,300,1122,2023-01-19,2026-07-28
83529cfffffffff,11.268936,38.252704,901,124,54,232,297,318,13,22,51,38,211,411,91,188,838,1935,2023-07-16,2026-07-30
83529dfffffffff,11.172574,39.318043,304,67,43,69,138,54,11,10,31,15,87,83,76,58,293,2014,2023-05-17,2026-05-09
83529efffffffff,10.415661,37.565950,686,194,155,115,306,110,33,18,98,45,109,406,71,100,560,2916,2023-05-17,2026-07-30
8352a2fffffffff,15.050221,37.782564,3,1,0,0,0,3,0,0,0,1,0,3,0,0,3,2,2026-06-05,2026-06-05
8352a9fffffffff,14.562169,42.131737,2,2,0,1,0,1,0,1,0,1,0,0,2,0,1,3,2024-08-22,2026-01-28
8352b0fffffffff,14.275777,35.956060,4,1,0,0,0,4,0,0,0,1,2,2,0,0,4,21,2026-04-05,2026-04-05
8352b1fffffffff,14.171453,37.073100,4,2,0,0,0,4,0,0,0,2,0,4,0,0,1,5,2026-02-02,2026-06-08
8352b2fffffffff,13.390011,35.256519,5,1,0,5,0,0,0,1,0,0,0,0,0,5,5,5,2024-01-24,2024-01-24
8352b3fffffffff,13.292955,36.370978,122,27,0,34,83,5,0,10,13,4,73,40,1,8,122,1026,2024-02-19,2026-06-20
8352b4fffffffff,15.269601,35.532482,4,1,0,0,4,0,0,0,1,0,0,0,4,0,4,4,2025-06-08,2025-06-08
8352b6fffffffff,14.375745,34.828112,5,1,0,0,5,0,0,0,1,0,0,0,5,0,5,5,2025-08-07,2025-08-07
8352c4fffffffff,13.210726,45.545595,68,4,0,0,2,66,0,0,2,2,15,52,1,0,67,76,2025-05-17,2026-07-29
8352c5fffffffff,13.078748,46.539822,1,1,0,0,0,1,0,0,0,1,0,0,1,0,1,1,2026-03-31,2026-03-31
8352c6fffffffff,12.395940,44.843323,15,7,0,1,0,14,0,1,0,6,9,2,4,0,12,15,2024-07-04,2026-06-11
8352c9fffffffff,10.987096,48.988872,179,24,6,27,143,3,5,1,17,1,41,138,0,0,177,211,2023-02-04,2026-01-23
8352cafffffffff,10.322831,47.366254,43,4,0,23,0,20,0,3,0,1,3,0,6,34,43,45,2024-08-26,2026-03-22
8352cbfffffffff,10.209724,48.307920,1,1,0,0,1,0,0,0,1,0,0,0,1,0,1,1,2025-09-13,2025-09-13
8352d6fffffffff,10.868323,42.438992,3,1,3,0,0,0,1,0,0,0,0,0,3,0,3,3,2023-03-27,2023-03-27
8352defffffffff,9.743572,44.753398,1,1,0,0,0,1,0,0,0,1,0,0,0,1,1,1,2026-06-04,2026-06-04
8352e0fffffffff,14.980294,45.958505,111,26,46,43,18,4,11,4,7,4,53,41,12,5,73,111,2023-02-28,2026-06-14
8352e1fffffffff,14.832979,46.963330,57,25,13,4,24,16,6,3,10,6,22,28,3,4,42,61,2023-01-21,2026-06-05
8352e2fffffffff,14.161810,45.244995,301,64,217,26,39,19,17,10,26,11,120,127,48,6,261,349,2023-02-07,2026-07-24
8352e3fffffffff,14.023303,46.252323,215,71,83,71,52,9,26,19,21,5,53,153,5,4,176,234,2023-01-06,2026-07-14
8352e4fffffffff,15.949349,45.658174,22,11,3,0,15,4,2,0,7,2,20,1,1,0,21,30,2023-01-30,2026-01-29
8352e5fffffffff,15.795405,46.676476,24,10,0,0,22,2,0,0,8,2,5,10,9,0,15,24,2025-02-21,2026-04-14
8352e6fffffffff,15.125232,44.937792,216,70,86,22,69,39,17,7,28,18,84,96,25,11,189,227,2023-01-07,2026-07-29
8352e8fffffffff,13.740314,48.219697,1,1,0,0,0,1,0,0,0,1,0,0,0,1,1,1,2026-04-09,2026-04-09
8352edfffffffff,14.532340,48.924419,6,4,0,0,0,6,0,0,0,4,0,4,1,1,5,6,2026-01-03,2026-07-26
8352eefffffffff,13.882718,47.243962,22,8,5,0,12,5,2,1,2,3,14,5,2,1,13,25,2023-06-22,2026-05-28
8352f0fffffffff,13.468295,43.511691,305,134,73,79,77,76,31,23,46,34,133,66,98,8,265,308,2023-01-02,2026-07-31
8352f1fffffffff,13.340658,44.536122,570,114,65,357,88,60,26,29,34,25,339,152,70,9,389,602,2023-01-14,2026-07-30
8352f3fffffffff,12.517550,43.832058,2,2,0,0,2,0,0,1,1,0,0,0,2,0,2,4,2024-04-02,2025-08-30
8352f4fffffffff,14.431518,43.184368,407,118,120,84,116,87,57,27,24,10,67,121,206,13,260,443,2023-01-01,2026-07-19
8352f5fffffffff,14.297972,44.222240,51,22,19,4,23,5,4,3,11,4,13,6,17,15,29,54,2023-02-09,2026-05-30
835309fffffffff,24.715123,44.915891,1,1,0,0,0,1,0,0,0,1,0,1,0,0,1,1,2026-03-01,2026-03-01
83534afffffffff,22.574993,50.566851,1,1,0,0,0,1,0,0,0,1,0,0,0,1,1,1,2026-04-09,2026-04-09
835355fffffffff,24.277133,47.130916,3,1,0,0,0,3,0,0,0,1,0,0,3,0,3,3,2026-03-08,2026-03-08
83536bfffffffff,25.129669,51.848652,6,1,0,0,6,0,0,0,1,0,0,5,0,1,6,6,2025-09-09,2025-09-09
83536efffffffff,26.411948,50.557042,3,3,0,0,0,3,0,0,0,3,0,0,2,1,3,3,2026-03-02,2026-03-24
83538efffffffff,18.973682,37.276556,5,1,0,5,0,0,0,1,0,0,1,0,0,4,5,5,2024-07-31,2024-07-31
835393fffffffff,17.394635,33.488853,32,5,0,12,19,1,0,1,3,1,4,0,13,15,31,32,2024-04-02,2026-01-07
835408fffffffff,14.376923,-11.997760,72,7,0,0,50,22,0,0,4,3,3,52,17,0,72,83,2025-07-01,2026-01-29
835409fffffffff,13.738796,-11.210209,6,3,0,0,5,1,0,0,2,1,3,3,0,0,5,6,2025-07-01,2026-07-20
83540cfffffffff,15.384656,-11.739867,17,5,3,7,0,7,2,2,0,1,9,0,8,0,17,19,2023-05-15,2026-02-26
83540dfffffffff,14.734801,-10.946931,102,14,0,4,12,86,0,1,4,9,4,82,16,0,101,115,2024-08-11,2026-07-07
835414fffffffff,17.655160,-16.177445,2,1,2,0,0,0,1,0,0,0,2,0,0,0,2,2,2023-03-05,2023-03-05
835429fffffffff,16.091919,-9.617186,0,1,0,0,0,0,0,0,1,0,0,0,0,0,0,3,2025-07-01,2025-07-01
835435fffffffff,19.484065,-13.722545,4,1,4,0,0,0,1,0,0,0,1,3,0,0,4,4,2023-03-10,2023-03-10
835440fffffffff,12.207272,-7.934194,131,20,4,87,3,37,2,2,5,11,83,45,1,2,131,176,2023-01-02,2026-07-02
835441fffffffff,11.595150,-7.219617,24,14,0,3,5,16,0,1,6,7,4,19,1,0,24,63,2024-06-01,2026-07-14
835442fffffffff,11.867547,-8.941272,11,6,1,6,4,0,1,3,2,0,2,5,4,0,11,14,2023-02-02,2025-06-12
835443fffffffff,11.259343,-8.215499,1,3,0,0,0,1,0,0,0,3,0,0,1,0,1,4,2026-02-20,2026-06-26
835444fffffffff,13.166075,-7.647517,59,16,5,0,11,43,1,0,7,8,26,26,7,0,59,72,2023-04-06,2026-07-07
835445fffffffff,12.541767,-6.929267,20,17,5,0,15,0,1,0,7,9,9,1,10,0,20,35,2023-01-02,2026-07-07
835446fffffffff,12.827616,-8.663973,40,15,1,8,12,19,1,1,5,8,13,17,10,0,37,52,2023-01-08,2026-07-23
835448fffffffff,10.067958,-6.808387,0,1,0,0,0,0,0,0,0,1,0,0,0,0,0,1,2026-07-19,2026-07-19
83544cfffffffff,10.991513,-6.519988,74,24,0,0,73,1,0,0,17,7,25,34,15,0,74,90,2025-09-21,2026-07-23
83544dfffffffff,10.396587,-5.835045,8,5,0,0,8,0,0,0,4,1,5,0,2,1,7,12,2025-07-22,2026-02-03
83544efffffffff,10.659400,-7.504618,2,2,0,0,2,0,0,0,2,0,1,0,1,0,2,2,2025-11-27,2025-12-25
835454fffffffff,13.107605,-10.438411,0,1,0,0,0,0,0,0,1,0,0,0,0,0,0,2,2025-05-11,2025-05-11
835456fffffffff,12.754023,-11.468255,4,1,0,0,0,4,0,0,0,1,0,4,0,0,4,4,2026-02-06,2026-02-06
835460fffffffff,14.465924,-6.331973,307,88,98,60,112,37,19,18,17,34,122,80,77,28,273,396,2023-01-05,2026-07-26
835461fffffffff,13.825656,-5.622345,359,84,53,113,139,54,11,20,27,26,51,110,173,25,359,497,2023-01-10,2026-07-30
835462fffffffff,14.135321,-7.355328,163,50,31,90,20,22,10,11,15,14,20,92,51,0,154,230,2023-04-22,2026-07-30
835463fffffffff,13.498840,-6.633433,69,18,14,0,53,2,4,0,9,5,1,2,66,0,69,79,2023-02-03,2026-06-10
835464fffffffff,15.442535,-6.024742,233,12,14,55,4,160,1,6,2,3,33,171,29,0,233,243,2023-09-24,2026-07-28
835465fffffffff,14.790116,-5.311862,169,27,61,23,70,15,7,8,6,6,53,33,83,0,168,238,2023-06-01,2026-04-23
835466fffffffff,15.114541,-7.057482,75,24,59,12,3,1,14,7,1,2,23,8,43,1,75,118,2023-01-13,2026-06-22
835468fffffffff,12.251378,-5.236044,49,11,35,0,2,12,6,0,2,3,10,36,3,0,49,53,2023-03-09,2026-05-19
835469fffffffff,11.640904,-4.559965,294,38,99,0,168,27,15,1,14,8,75,59,155,5,291,319,2023-05-25,2026-07-16
83546afffffffff,11.925912,-6.226270,8,2,0,0,8,0,0,0,2,0,0,0,8,0,8,8,2025-01-10,2025-03-18
83546bfffffffff,11.318761,-5.538250,140,36,46,24,54,16,4,4,21,7,52,54,32,2,140,190,2023-04-13,2026-06-04
83546cfffffffff,13.194034,-4.928296,32,18,3,17,5,7,2,4,6,6,3,10,8,11,32,44,2023-01-11,2026-07-10
83546dfffffffff,12.571313,-4.249513,475,72,113,241,108,13,17,23,22,10,51,107,315,2,475,607,2023-01-19,2026-07-07
83546efffffffff,12.870769,-5.927102,1,3,0,0,1,0,0,0,1,2,1,0,0,0,1,3,2025-03-30,2026-05-29
835470fffffffff,14.438873,-9.130839,16,8,0,8,0,8,0,2,3,3,0,3,13,0,12,44,2024-02-05,2026-06-20
835471fffffffff,13.798552,-8.381287,102,11,0,30,66,6,0,1,2,8,30,6,66,0,102,124,2024-02-28,2026-06-04
835472fffffffff,14.091737,-10.170112,3,3,0,3,0,0,0,1,1,1,0,3,0,0,3,5,2024-07-18,2026-04-18
835473fffffffff,13.455883,-9.409201,6,1,6,0,0,0,1,0,0,0,6,0,0,0,6,8,2023-05-08,2023-05-08
835474fffffffff,15.432231,-8.846935,0,1,0,0,0,0,0,0,1,0,0,0,0,0,0,1,2025-06-08,2025-06-08
835475fffffffff,14.779901,-8.093070,54,13,21,4,22,7,1,6,4,2,5,46,2,1,53,68,2023-01-15,2026-06-20
835476fffffffff,15.086675,-9.896421,102,26,0,10,77,15,0,4,16,6,9,62,2,29,103,126,2024-07-17,2026-07-07
8354f4fffffffff,12.892435,-16.190163,1,1,0,1,0,0,0,1,0,0,0,0,1,0,1,1,2024-01-08,2024-01-08
835520fffffffff,26.708001,-9.706375,7,2,0,3,4,0,0,1,1,0,0,7,0,0,7,7,2024-01-06,2025-01-11
835522fffffffff,26.369435,-10.902568,4,1,0,4,0,0,0,1,0,0,0,4,0,0,4,4,2024-01-03,2024-01-03
835526fffffffff,27.473153,-10.595679,3,1,0,0,3,0,0,0,1,0,0,3,0,0,3,3,2025-01-18,2025-01-18
835531fffffffff,26.018743,-12.099212,3,1,0,0,0,3,0,0,0,1,0,3,0,0,3,3,2026-06-07,2026-06-07
835535fffffffff,27.127749,-11.806307,5,2,5,0,0,0,2,0,0,0,0,4,0,1,5,5,2023-10-29,2023-12-24
835541fffffffff,18.424155,-5.066916,28,6,0,0,28,0,0,1,5,0,0,0,28,0,20,30,2024-04-21,2025-11-26
835548fffffffff,16.745727,-4.673130,22,11,0,5,15,2,0,4,3,4,0,0,22,0,21,33,2024-04-02,2026-04-02
835549fffffffff,16.077674,-3.970416,242,63,54,85,83,20,3,22,24,14,77,31,116,18,227,314,2023-03-19,2026-07-26
83554bfffffffff,15.763650,-4.995506,146,58,69,27,31,19,17,16,14,11,6,33,79,28,139,258,2023-07-27,2026-07-04
83554dfffffffff,17.055753,-3.639102,50,27,1,17,22,10,1,6,8,12,2,8,40,0,45,260,2023-02-24,2026-07-10
835561fffffffff,20.747649,-3.320310,21,2,0,0,21,0,0,0,2,0,18,0,3,0,21,27,2025-07-01,2025-12-24
835564fffffffff,22.497521,-3.699469,0,1,0,0,0,0,0,0,1,0,0,0,0,0,0,3,2025-12-01,2025-12-01
835569fffffffff,18.185817,-2.279098,5,6,0,2,1,2,0,3,1,2,0,1,4,0,5,14,2024-10-09,2026-05-15
83556bfffffffff,18.041333,-3.301528,2,1,0,2,0,0,0,1,0,0,0,2,0,0,2,2,2024-10-07,2024-10-07
83556cfffffffff,19.998282,-2.611613,41,18,19,13,0,9,3,7,1,7,10,2,29,0,38,197,2023-06-01,2026-06-19
835800fffffffff,14.130272,6.358783,4,2,0,0,3,1,0,0,1,1,3,0,1,0,4,15,2025-09-14,2026-07-01
835802fffffffff,13.192599,5.914116,216,58,0,0,29,187,0,0,10,48,12,50,151,3,205,227,2025-01-07,2026-07-31
835803fffffffff,13.224886,7.001413,230,21,0,80,17,133,0,2,3,16,1,44,27,158,206,277,2024-04-07,2026-06-24
835804fffffffff,15.036287,5.709333,3,1,0,0,0,3,0,0,0,1,0,3,0,0,2,3,2026-03-09,2026-03-09
835806fffffffff,14.090392,5.269300,202,9,0,0,147,55,0,0,4,5,20,136,46,0,160,228,2025-01-07,2026-05-16
835808fffffffff,13.276272,9.208926,0,1,0,0,0,0,0,0,0,1,0,0,0,0,0,6,2026-06-23,2026-06-23
835809fffffffff,13.295055,10.327806,3,2,0,0,3,0,0,0,2,0,2,1,0,0,3,3,2025-09-29,2025-10-09
83580afffffffff,12.341906,8.732637,6,2,0,0,1,5,0,0,1,1,0,0,1,5,5,6,2025-03-05,2026-05-05
83580bfffffffff,12.358644,9.838091,28,4,1,2,25,0,1,1,2,0,0,0,0,28,22,35,2023-02-10,2025-01-09
83580efffffffff,13.252831,8.099898,2,1,0,0,0,2,0,0,0,1,0,0,0,2,2,2,2026-03-21,2026-03-21
835810fffffffff,12.233967,4.417012,29,10,0,0,10,19,0,0,3,7,6,7,9,7,22,35,2025-02-06,2026-06-22
835811fffffffff,12.266800,5.478767,249,27,0,0,0,249,0,0,0,27,6,72,143,28,197,546,2026-02-04,2026-07-27
835812fffffffff,11.324249,4.004268,37,16,2,0,6,29,1,0,2,13,16,10,4,7,29,60,2023-11-25,2026-06-17
835813fffffffff,11.353284,5.052495,69,5,1,0,0,68,1,0,0,4,21,2,46,0,67,71,2023-04-15,2026-04-10
835814fffffffff,13.115694,3.775445,146,15,0,6,42,98,0,1,7,7,9,19,81,37,112,150,2024-09-21,2026-07-17
835815fffffffff,13.156142,4.838608,113,35,16,10,35,52,1,2,11,21,2,27,55,29,85,113,2023-04-02,2026-07-14
835816fffffffff,12.197502,3.367599,200,55,7,48,68,77,3,14,23,15,63,52,67,18,188,242,2023-01-01,2026-07-11
835818fffffffff,11.400884,7.183922,127,23,0,0,24,103,0,0,3,20,1,61,62,3,125,305,2025-02-06,2026-07-26
835819fffffffff,11.419168,8.266009,2,1,0,0,0,2,0,0,0,1,2,0,0,0,2,2,2026-04-08,2026-04-08
83581afffffffff,10.493121,6.739923,247,24,0,63,14,170,0,6,2,16,4,138,70,35,209,432,2024-06-06,2026-07-04
83581bfffffffff,10.508493,7.808809,72,15,0,0,3,69,0,0,5,10,6,26,36,4,71,76,2025-02-23,2026-07-26
83581cfffffffff,12.295838,6.552342,332,58,0,40,51,241,0,1,8,49,23,110,135,64,321,381,2024-02-25,2026-07-28
83581dfffffffff,12.320924,7.637169,147,29,0,8,32,107,0,1,1,27,6,21,117,3,140,199,2024-12-06,2026-07-29
83581efffffffff,11.378876,6.112558,71,16,0,0,0,71,0,0,0,16,10,41,16,4,70,72,2026-01-04,2026-07-27
835820fffffffff,16.906711,5.497906,1,1,0,0,0,1,0,0,0,1,0,0,1,0,1,1,2026-01-10,2026-01-10
835822fffffffff,15.942123,5.053123,58,4,18,4,2,34,1,1,1,1,2,0,56,0,58,58,2023-02-01,2026-01-26
835825fffffffff,17.881651,5.952574,11,1,0,0,11,0,0,0,1,0,11,0,0,0,11,15,2025-02-28,2025-02-28
835826fffffffff,16.846966,4.390221,17,3,9,8,0,0,1,2,0,0,1,0,16,0,17,17,2023-02-01,2024-10-14
835828fffffffff,16.079970,8.406776,3,11,0,0,0,3,2,0,0,9,0,3,0,0,3,15,2023-03-26,2026-04-11
835830fffffffff,14.936018,3.539461,125,18,11,49,24,41,8,2,3,5,45,21,59,0,125,252,2023-01-21,2026-07-24
835831fffffffff,14.988433,4.617957,81,5,53,25,3,0,1,3,1,0,57,24,0,0,80,113,2023-10-02,2025-10-18
835832fffffffff,13.997714,3.127869,46,3,0,9,37,0,0,2,1,0,2,6,38,0,39,55,2024-03-29,2025-09-25
835833fffffffff,14.046139,4.192149,82,8,0,0,61,21,0,0,7,1,56,22,4,0,81,110,2025-05-04,2026-07-31
835834fffffffff,15.824998,2.880627,150,43,98,34,3,15,17,11,3,12,32,79,35,4,148,189,2023-01-05,2026-06-20
835835fffffffff,15.885926,3.960159,135,7,7,24,104,0,1,3,3,0,128,0,0,7,135,417,2023-09-16,2025-05-25
835836fffffffff,14.879265,2.474369,162,14,29,0,56,77,8,0,2,4,88,32,40,2,159,436,2023-01-08,2026-06-17
835840fffffffff,14.271977,14.275271,2,1,0,2,0,0,0,1,0,0,0,0,2,0,0,2,2024-01-24,2024-01-24
835841fffffffff,14.270801,15.438451,1,1,0,1,0,0,0,1,0,0,0,0,0,1,1,1,2024-08-27,2024-08-27
835842fffffffff,13.322110,13.736041,2328,155,349,872,568,539,42,52,33,28,665,1079,263,321,1818,2586,2023-01-07,2026-07-26
835843fffffffff,13.320982,14.886620,87,10,8,40,21,18,1,3,3,3,2,21,63,1,81,89,2023-11-19,2026-06-09
835846fffffffff,14.267552,13.118482,152,24,16,80,22,34,6,6,7,5,73,32,47,0,135,154,2023-03-11,2026-07-31
835848fffffffff,13.302983,17.204320,8,1,0,0,8,0,0,0,1,0,0,8,0,0,8,8,2025-01-24,2025-01-24
83584afffffffff,12.363403,16.638847,1,1,0,1,0,0,0,1,0,0,0,0,1,0,0,1,2024-11-05,2024-11-05
83584bfffffffff,12.347444,17.792642,1,1,0,1,0,0,0,1,0,0,0,0,0,1,1,1,2024-01-06,2024-01-06
83584efffffffff,13.314628,16.043014,33,1,0,0,33,0,0,0,1,0,0,0,0,33,33,33,2025-11-04,2025-11-04
835850fffffffff,12.378869,12.076128,471,39,155,148,22,146,11,13,7,8,6,174,283,8,302,647,2023-03-08,2026-04-23
835851fffffffff,12.382128,13.207202,480,107,135,85,68,192,34,20,26,27,61,217,201,1,404,746,2023-01-15,2026-07-19
835852fffffffff,11.450429,11.570183,303,62,17,48,76,162,7,15,25,15,55,222,23,3,293,344,2023-02-17,2026-07-21
835853fffffffff,11.452615,12.688543,1157,228,377,102,408,270,70,27,76,55,96,835,147,79,1098,1366,2023-01-01,2026-07-02
835854fffffffff,13.309039,11.455807,21,5,0,9,2,10,0,1,1,3,2,10,0,9,20,21,2024-08-15,2026-07-19
835855fffffffff,13.318096,12.592155,460,94,163,78,184,35,35,22,24,13,60,253,90,57,413,546,2023-01-05,2026-06-29
835856fffffffff,12.371005,10.952833,11,7,1,3,4,3,1,1,3,2,3,4,3,1,10,11,2023-07-05,2026-02-11
835858fffffffff,11.444085,14.946127,62,28,25,5,12,20,11,2,10,5,23,6,33,0,42,70,2023-05-30,2026-06-09
835859fffffffff,11.433231,16.083709,5,1,0,0,0,5,0,0,0,1,0,0,0,5,5,5,2026-03-03,2026-03-03
83585afffffffff,10.524060,14.412956,7,6,1,1,5,0,2,1,2,1,1,2,4,0,3,10,2023-02-27,2026-03-23
83585cfffffffff,12.380688,14.345245,1685,207,752,398,369,166,79,45,56,27,137,1225,167,156,1523,2071,2023-01-12,2026-07-29
83585dfffffffff,12.374468,15.489417,9,2,0,0,0,9,0,1,0,1,0,0,9,0,0,10,2024-02-28,2026-07-02
83585efffffffff,11.450526,13.814127,2864,698,923,560,763,618,249,157,172,120,208,1868,712,76,2266,3606,2023-01-01,2026-07-28
835860fffffffff,17.160635,13.571856,3,2,0,0,2,1,0,0,1,1,2,1,0,0,3,29,2025-02-02,2026-02-10
835862fffffffff,16.184082,13.026761,25,2,20,0,0,5,1,0,0,1,0,20,5,0,25,25,2023-03-13,2026-01-03
835880fffffffff,7.828604,3.433559,7,6,2,2,2,1,2,1,2,1,2,1,1,3,6,7,2023-06-23,2026-04-10
835881fffffffff,7.838914,4.441674,33,24,7,6,10,10,5,2,7,10,4,6,8,15,28,240,2023-02-21,2026-07-25
835882fffffffff,6.981041,3.049260,63,40,19,11,16,17,11,8,12,9,11,13,9,30,60,64,2023-02-07,2026-06-08
835883fffffffff,6.987264,4.044910,47,19,33,6,6,2,7,5,5,2,4,5,0,38,33,47,2023-03-16,2026-04-16
835885fffffffff,8.689820,3.825817,34,11,0,0,3,31,0,0,1,10,8,12,6,8,25,34,2025-12-20,2026-07-10
835886fffffffff,7.816061,2.437236,1,2,0,1,0,0,0,1,1,0,0,0,0,1,1,2,2024-11-27,2025-06-12
835888fffffffff,6.993475,6.069842,41,17,25,7,7,2,7,4,4,2,11,4,6,20,40,46,2023-01-05,2026-07-17
835889fffffffff,6.993318,7.098215,30,14,3,18,1,8,1,7,2,4,6,9,2,13,25,58,2023-08-10,2026-07-04
83588afffffffff,6.148013,5.656483,35,18,17,6,10,2,10,2,5,1,4,9,3,19,32,44,2023-01-18,2026-02-13
83588bfffffffff,6.144484,6.672611,229,95,69,115,33,12,26,48,14,7,26,155,26,22,173,317,2023-01-08,2026-07-21
83588cfffffffff,7.846903,5.461156,15,7,3,0,0,12,1,0,0,6,0,3,6,6,15,15,2023-07-21,2026-07-27
83588dfffffffff,7.852485,6.491544,9,7,0,0,0,9,1,0,0,6,0,3,5,1,9,11,2023-01-03,2026-06-10
83588efffffffff,6.991433,5.051916,32,8,2,1,28,1,2,1,4,1,25,0,2,5,30,38,2023-01-03,2026-03-02
835899fffffffff,5.316270,5.251263,1,1,0,0,0,1,0,0,0,1,0,1,0,0,1,1,2026-01-07,2026-01-07
83589cfffffffff,6.149352,3.656105,73,45,7,5,37,24,5,3,21,16,15,15,16,27,71,76,2023-02-26,2026-07-21
8358a1fffffffff,10.427327,3.600144,20,8,3,0,15,2,1,0,5,2,3,5,12,0,17,222,2023-03-24,2026-05-31
8358a3fffffffff,9.543495,3.204411,0,1,0,0,0,0,0,0,0,1,0,0,0,0,0,7,2026-05-07,2026-05-07
8358a4fffffffff,11.256456,1.945253,29,12,19,5,3,2,6,2,2,2,6,9,14,0,28,45,2023-05-01,2026-03-07
8358a5fffffffff,11.291922,2.968372,29,11,3,24,2,0,1,9,1,0,3,14,7,5,27,29,2023-01-30,2025-06-14
8358a6fffffffff,10.368375,1.567644,14,5,0,1,7,6,0,1,3,1,5,6,3,0,14,22,2024-04-03,2026-07-10
8358a8fffffffff,9.582706,5.259916,7,4,0,0,0,7,0,0,0,4,0,0,2,5,6,7,2026-01-29,2026-06-29
8358a9fffffffff,9.597999,6.304944,73,15,1,0,0,72,1,0,0,14,7,47,11,8,73,74,2023-05-01,2026-07-24
8358aafffffffff,8.704131,4.846605,39,24,9,2,1,27,4,3,1,16,1,12,12,14,38,40,2023-04-20,2026-07-16
8358abfffffffff,8.715835,5.878761,11,4,0,0,0,11,0,0,0,4,3,2,6,0,11,11,2026-04-02,2026-06-01
8358acfffffffff,10.452411,4.635064,249,23,1,0,21,227,1,0,1,21,5,9,228,7,233,260,2023-10-06,2026-07-23
8358adfffffffff,10.474386,5.681826,25,9,0,0,0,25,0,0,0,9,1,9,4,11,24,26,2026-01-21,2026-07-25
8358aefffffffff,9.564499,4.226246,192,11,0,0,0,192,0,0,0,11,11,8,173,0,191,232,2026-01-09,2026-07-21
8358b0fffffffff,8.632283,0.835968,5,2,0,0,0,5,0,0,0,2,0,0,0,5,5,6,2026-02-01,2026-06-18
8358b2fffffffff,7.784654,0.481474,5,1,0,0,0,5,0,0,0,1,3,0,0,2,5,5,2026-03-25,2026-03-25
8358b3fffffffff,7.801380,1.453092,56,1,0,0,56,0,0,0,1,0,5,0,51,0,5,56,2025-01-01,2025-01-01
8358c0fffffffff,7.849170,10.711568,64,7,34,13,0,17,2,2,0,3,7,0,1,56,57,72,2023-02-25,2026-03-18
8358c2fffffffff,6.979019,10.240720,74,11,45,1,1,27,8,1,1,1,1,13,29,31,75,137,2023-01-12,2026-02-08
8358c3fffffffff,6.969457,11.305414,5,4,1,0,3,1,1,0,2,1,1,0,4,0,3,5,2023-12-12,2026-07-05
8358c4fffffffff,8.734677,10.110693,15,5,0,0,4,11,0,0,1,4,1,13,1,0,15,15,2025-08-17,2026-05-31
8358c5fffffffff,8.731969,11.191573,61,2,61,0,0,0,2,0,0,0,0,0,0,61,46,61,2023-03-31,2023-07-01
8358c6fffffffff,7.853988,9.642941,389,48,77,161,125,26,14,10,12,12,2,92,125,170,302,398,2023-01-29,2026-07-25
8358c8fffffffff,6.942866,13.456751,1,1,0,0,1,0,0,0,1,0,0,0,1,0,1,1,2025-12-30,2025-12-30
8358cdfffffffff,7.817938,13.962914,2,1,2,0,0,0,1,0,0,0,0,2,0,0,0,2,2023-03-05,2023-03-05
8358d0fffffffff,6.131433,8.734322,27,9,11,15,0,1,5,3,0,1,9,12,6,0,25,27,2023-02-11,2026-07-02
8358d1fffffffff,6.121812,9.778832,357,171,134,108,78,37,57,48,41,25,103,114,133,7,327,386,2023-01-04,2026-07-28
8358d2fffffffff,5.290071,8.293054,25,9,4,18,2,1,2,5,1,1,1,21,2,1,23,26,2023-09-09,2026-07-04
8358d3fffffffff,5.277801,9.325707,58,16,44,6,5,3,7,4,3,2,7,18,33,0,56,58,2023-01-14,2026-07-26
8358d4fffffffff,6.990896,8.136522,181,47,1,36,57,87,1,8,14,24,48,42,4,87,177,190,2023-03-23,2026-07-28
8358d5fffffffff,6.986148,9.184218,272,48,74,24,53,121,3,3,12,30,7,90,7,168,254,343,2023-01-23,2026-07-29
8358d6fffffffff,6.138974,7.698730,108,59,26,40,30,12,19,18,15,7,22,63,15,8,57,139,2023-01-10,2026-07-25
8358dcfffffffff,6.110071,10.831673,224,98,35,49,61,79,20,27,28,23,38,87,81,18,204,265,2023-01-01,2026-07-31
8358ddfffffffff,6.096174,11.892226,5,4,0,1,0,4,0,1,0,3,1,0,4,0,5,7,2024-05-01,2026-04-17
8358defffffffff,5.263705,10.366817,11,3,11,0,0,0,3,0,0,0,0,0,11,0,11,11,2023-02-25,2023-11-21
8358e0fffffffff,10.528682,9.976549,7,4,0,1,1,5,0,1,1,2,1,5,1,0,5,7,2024-09-10,2026-06-21
8358e1fffffffff,10.533286,11.074104,37,6,0,34,1,2,0,2,1,3,2,33,2,0,37,45,2024-03-15,2026-04-03
8358e2fffffffff,9.625313,9.502796,388,54,217,76,56,39,19,7,14,14,43,271,11,63,378,408,2023-04-14,2026-07-20
8358e3fffffffff,9.627898,10.587678,29,5,21,0,0,8,2,0,0,3,0,0,0,29,29,29,2023-03-08,2026-05-29
8358e4fffffffff,11.433600,9.358196,5,3,0,3,0,2,1,1,0,1,0,0,2,3,5,8,2023-04-11,2026-07-01
8358e5fffffffff,11.444057,10.459821,7,1,0,0,0,7,0,0,0,1,0,0,0,7,7,9,2026-06-04,2026-06-04
8358e6fffffffff,10.520383,8.887894,33,14,0,0,4,29,0,0,2,12,2,3,2,26,33,35,2025-03-23,2026-07-31
8358e8fffffffff,9.622773,12.781859,10,5,4,5,0,1,1,1,1,2,0,0,5,5,10,16,2023-06-06,2026-05-30
8358ecfffffffff,10.534103,12.179856,281,48,33,13,97,138,10,7,18,13,46,146,87,2,266,321,2023-01-03,2026-06-18
8358edfffffffff,10.531051,13.293064,529,95,145,53,164,167,17,17,39,22,36,289,200,4,385,580,2023-01-11,2026-07-23
8358eefffffffff,9.627076,11.680935,98,15,0,10,51,37,0,2,7,6,0,53,7,38,96,115,2024-08-13,2026-06-30
8358f0fffffffff,8.731031,7.975182,87,17,54,7,11,15,6,2,3,6,0,7,13,67,85,88,2023-01-02,2026-07-27
8358f1fffffffff,8.734339,9.038349,284,33,150,15,71,48,2,4,17,10,7,53,13,211,280,319,2023-09-22,2026-07-30
8358f2fffffffff,7.855577,7.532336,309,51,73,112,58,66,9,15,9,18,41,97,5,166,278,316,2023-02-11,2026-06-08
8358f3fffffffff,7.856102,8.582993,577,113,163,68,292,54,28,14,47,24,9,114,21,433,453,622,2023-01-19,2026-07-08
8358f4fffffffff,9.610268,7.360813,39,14,0,12,0,27,0,3,0,11,7,2,24,6,37,40,2024-05-24,2026-07-08
8358f5fffffffff,9.619406,8.426963,748,164,224,50,218,256,29,15,34,86,251,153,32,312,702,883,2023-02-05,2026-07-21
8358f6fffffffff,8.724833,6.921797,13,8,4,0,2,7,3,0,2,3,3,0,0,10,12,13,2023-05-18,2026-07-11
835900fffffffff,20.440060,1.673377,14,5,0,7,3,4,0,1,1,3,0,0,10,4,13,29,2024-02-13,2026-07-28
835902fffffffff,19.454427,1.266126,62,22,0,42,15,5,1,5,7,9,8,1,46,7,61,117,2023-10-24,2026-07-04
835903fffffffff,19.547354,2.362183,79,10,0,79,0,0,0,10,0,0,62,3,11,3,68,108,2024-02-03,2024-12-28
835904fffffffff,21.327719,0.978355,1,2,0,0,0,1,0,0,1,1,0,0,1,0,1,2,2025-04-23,2026-07-11
835906fffffffff,20.337208,0.577413,44,19,0,17,27,0,0,5,11,3,0,22,22,0,44,52,2024-01-19,2026-07-29
835909fffffffff,19.791440,5.739295,23,3,0,7,6,10,0,1,1,1,22,0,1,0,6,26,2024-10-19,2026-01-26
83590efffffffff,19.634718,3.473430,80,11,5,63,6,6,1,7,1,2,6,36,32,6,67,140,2023-12-21,2026-07-29
835911fffffffff,18.478709,0.868180,242,107,66,28,89,59,17,18,34,38,47,63,101,31,227,404,2023-09-30,2026-07-25
835912fffffffff,17.425344,-0.570945,59,6,58,0,1,0,3,1,1,1,11,48,0,0,59,63,2023-09-12,2026-04-25
835913fffffffff,17.513452,0.479259,185,26,30,23,4,128,9,5,2,10,71,60,41,13,173,196,2023-09-13,2026-07-18
835914fffffffff,19.253228,-0.878571,28,2,0,0,28,0,0,1,1,0,0,0,28,0,28,37,2024-02-08,2025-02-17
835915fffffffff,19.356273,0.185736,48,16,0,16,30,2,0,6,8,2,7,18,23,0,36,89,2024-06-02,2026-05-11
835918fffffffff,17.676070,2.625521,11,3,10,1,0,0,1,1,1,0,0,0,11,0,11,12,2023-06-10,2025-05-28
835919fffffffff,17.749996,3.720705,3,1,3,0,0,0,1,0,0,0,0,0,3,0,3,3,2023-01-14,2023-01-14
83591afffffffff,16.712294,2.215735,132,27,65,22,13,32,9,5,7,6,6,44,40,42,131,170,2023-01-01,2026-06-26
83591cfffffffff,18.567120,1.948867,22,6,6,16,0,0,1,5,0,0,0,0,10,12,22,23,2023-12-29,2024-10-17
83591dfffffffff,18.650397,3.044661,12,2,7,5,0,0,1,1,0,0,0,0,5,7,12,14,2023-12-29,2024-07-11
83591efffffffff,17.597125,1.544884,55,13,0,35,20,0,0,6,7,0,1,1,46,7,48,83,2024-05-15,2025-11-14
835943fffffffff,20.024127,10.425798,3,1,0,0,3,0,0,0,1,0,0,3,0,0,3,3,2025-03-19,2025-03-19
835950fffffffff,18.926042,7.568053,3,1,0,0,3,0,0,0,1,0,0,3,0,0,3,3,2025-03-13,2025-03-13
835980fffffffff,13.766452,-0.991416,968,102,206,463,87,212,30,22,30,20,140,372,447,9,640,1386,2023-01-01,2026-07-22
835981fffffffff,13.829478,0.016939,1460,122,601,283,556,20,44,18,44,16,164,462,758,76,1358,1671,2023-01-11,2026-07-18
835982fffffffff,12.860176,-1.339069,475,76,318,69,45,43,28,7,19,22,230,167,68,10,444,628,2023-01-19,2026-07-27
835983fffffffff,12.917741,-0.344314,1195,174,375,397,290,133,37,36,59,42,463,322,308,102,1180,1612,2023-02-08,2026-07-31
835984fffffffff,14.613462,-1.643228,826,83,384,55,277,110,25,19,26,13,228,410,138,50,803,1615,2023-02-16,2026-07-19
835985fffffffff,14.685268,-0.635996,541,32,493,5,43,0,18,3,9,2,85,334,39,83,478,581,2023-02-17,2026-05-16
835986fffffffff,13.700308,-1.984917,1823,263,889,194,468,272,73,31,79,80,715,577,502,29,1821,2321,2023-01-20,2026-07-21
835988fffffffff,13.023567,1.688133,319,30,42,204,43,30,6,8,13,3,158,96,64,1,288,415,2023-01-24,2026-06-30
835989fffffffff,13.071440,2.725133,93,10,0,14,58,21,0,1,5,4,81,6,6,0,81,103,2024-07-08,2026-05-20
83598afffffffff,12.114359,1.307666,1078,101,233,493,303,49,39,13,34,15,465,287,255,71,1060,1388,2023-01-07,2026-07-21
83598bfffffffff,12.157575,2.331006,141,20,10,12,115,4,4,4,10,2,97,34,6,4,135,161,2023-08-22,2026-02-19
83598cfffffffff,13.889172,1.039845,1215,83,103,595,281,236,14,28,25,16,425,148,412,230,1038,1351,2023-01-10,2026-07-17
83598dfffffffff,13.945322,2.076954,119,24,5,32,8,74,6,5,4,9,43,50,20,6,101,170,2023-05-29,2026-06-18
83598efffffffff,12.972270,0.664861,1595,89,198,548,599,250,17,27,33,12,243,663,662,27,1581,2307,2023-01-01,2026-07-03
835990fffffffff,11.912113,-2.646073,97,12,97,0,0,0,11,0,1,0,7,30,60,0,97,114,2023-01-26,2025-05-02
835991fffffffff,11.966728,-1.679182,2,1,2,0,0,0,1,0,0,0,0,0,2,0,2,2,2023-01-05,2023-01-05
835992fffffffff,11.037566,-2.965974,10,1,10,0,0,0,1,0,0,0,0,0,10,0,10,10,2023-07-24,2023-07-24
835993fffffffff,11.086355,-2.011975,19,3,16,0,0,3,1,0,0,2,3,15,1,0,19,19,2023-03-21,2026-02-15
835994fffffffff,12.736714,-3.284243,723,126,240,112,306,65,31,15,42,38,168,314,231,10,702,1149,2023-01-02,2026-07-28
835995fffffffff,12.799770,-2.319125,208,38,115,6,38,49,14,2,12,10,79,91,37,1,206,245,2023-01-22,2026-07-04
835996fffffffff,11.855089,-3.598203,176,37,131,18,27,0,18,9,10,0,45,60,71,0,166,214,2023-01-22,2025-07-11
835998fffffffff,11.176735,-0.061070,1835,222,796,478,369,192,81,35,73,33,515,788,330,202,1765,2158,2023-01-04,2026-07-13
835999fffffffff,11.218008,0.935319,485,70,147,184,139,15,33,13,18,6,66,171,246,2,355,560,2023-01-01,2026-05-25
83599afffffffff,10.298640,-0.412471,17,5,2,8,4,3,2,1,1,1,3,0,0,14,17,17,2023-01-01,2026-05-02
83599bfffffffff,10.334784,0.570864,21,6,1,20,0,0,1,5,0,0,4,0,17,0,21,22,2023-05-12,2024-06-25
83599cfffffffff,12.018758,-0.697750,57,19,0,29,28,0,0,4,12,3,34,20,0,3,57,95,2024-02-25,2026-07-23
83599dfffffffff,12.068027,0.297966,1382,158,384,393,438,167,17,21,83,37,463,497,289,133,1273,1831,2023-03-05,2026-07-23
83599efffffffff,11.132797,-1.043594,39,11,14,0,0,25,5,0,1,5,4,32,1,2,39,51,2023-01-08,2026-07-23
8359a0fffffffff,16.389736,-1.956441,13,13,0,3,10,0,0,3,7,3,0,2,9,2,9,26,2024-05-08,2026-06-25
8359a1fffffffff,16.476349,-0.936483,30,15,0,18,11,1,1,4,7,3,21,2,6,1,26,57,2023-09-14,2026-07-31
8359a2fffffffff,15.458073,-2.299630,28,23,4,19,1,4,5,8,1,9,0,13,15,0,28,56,2023-01-24,2026-07-22
8359a3fffffffff,15.538924,-1.293829,85,26,46,3,28,8,7,3,7,9,11,14,56,4,79,102,2023-02-16,2026-07-25
8359a4fffffffff,17.236997,-2.623704,63,20,41,16,3,3,10,5,3,2,12,35,16,0,60,100,2023-06-09,2026-05-13
8359a5fffffffff,17.333096,-1.605367,269,22,213,18,23,15,4,5,8,5,39,64,161,5,262,313,2023-09-07,2026-07-18
8359a6fffffffff,16.299593,-2.960498,73,23,16,27,29,1,8,7,5,3,17,19,37,0,52,104,2023-03-01,2026-07-01
8359a8fffffffff,15.689931,0.763832,135,30,90,27,8,10,12,11,4,3,37,34,64,0,130,149,2023-01-10,2026-05-14
8359a9fffffffff,15.759583,1.815033,194,38,77,47,30,40,5,13,16,4,9,141,14,30,189,280,2023-02-28,2026-02-08
8359aafffffffff,14.753659,0.386240,729,79,272,144,279,34,29,19,27,4,204,259,260,6,633,883,2023-01-11,2026-06-12
8359abfffffffff,14.818402,1.423154,365,52,108,43,78,136,19,6,15,12,165,45,109,46,347,426,2023-01-12,2026-07-23
8359acfffffffff,16.559161,0.099094,180,37,52,19,84,25,7,8,10,12,41,41,92,6,179,247,2023-02-03,2026-07-22
8359adfffffffff,16.637900,1.149961,9,3,7,0,0,2,1,1,0,1,0,2,7,0,9,10,2023-04-17,2026-07-01
8359aefffffffff,15.616295,-0.272573,23,9,4,11,7,1,2,1,5,1,0,13,10,0,23,47,2023-02-02,2026-01-05
8359b0fffffffff,14.460527,-3.611601,664,140,203,238,63,160,37,46,16,41,184,121,245,114,629,843,2023-01-20,2026-07-31
8359b1fffffffff,14.538471,-2.635175,78,20,24,27,26,1,5,9,4,2,17,34,27,0,77,142,2023-01-06,2026-07-18
8359b2fffffffff,13.511338,-3.933436,493,93,121,177,144,51,18,32,29,14,107,102,242,42,488,592,2023-01-06,2026-07-25
8359b3fffffffff,13.631257,-2.963305,746,83,159,264,258,65,24,7,25,27,161,248,337,0,730,910,2023-01-10,2026-07-29
8359b4fffffffff,15.107673,-4.295623,48,20,7,9,8,24,1,8,4,7,3,21,20,4,44,117,2023-11-09,2026-07-04
8359b5fffffffff,15.373989,-3.289720,63,19,45,10,8,0,6,7,3,3,7,42,4,10,59,108,2023-01-01,2026-07-18
8359b6fffffffff,14.146290,-4.614868,526,103,175,112,190,49,21,21,26,35,229,137,140,20,519,623,2023-01-10,2026-07-31
835f5bfffffffff,11.301222,-61.038040,1,1,0,0,0,1,0,0,0,1,0,0,1,0,1,1,2026-01-20,2026-01-20
835f64fffffffff,3.831635,-63.162060,2,1,2,0,0,0,1,0,0,0,0,0,2,0,2,2,2023-09-21,2023-09-21
835f75fffffffff,4.928003,-61.328876,1,1,1,0,0,0,1,0,0,0,0,0,0,1,1,1,2023-07-12,2023-07-12
836011fffffffff,12.939432,75.332924,2,2,0,1,0,1,0,1,0,1,0,1,0,1,2,2,2024-11-18,2026-03-27
836014fffffffff,12.576453,77.155595,1,1,1,0,0,0,1,0,0,0,0,0,0,1,1,1,2023-03-31,2023-03-31
836086fffffffff,18.757298,77.462779,3,1,0,0,0,3,0,0,0,1,0,0,0,3,3,3,2026-04-04,2026-04-04
836091fffffffff,20.521353,76.861537,1,1,1,0,0,0,1,0,0,0,0,0,0,1,1,1,2023-05-13,2023-05-13
8360b2fffffffff,19.532311,79.605627,8,5,2,4,2,0,2,2,1,0,0,5,3,0,8,8,2023-11-15,2025-09-17
8360b4fffffffff,17.720889,80.205486,7,2,0,7,0,0,0,2,0,0,0,7,0,0,7,7,2024-07-25,2024-09-05
8360b6fffffffff,18.820123,80.450923,192,80,15,73,91,13,13,34,27,6,18,127,47,0,190,194,2023-02-05,2026-02-26
83611cfffffffff,7.346493,79.944959,132,2,0,0,0,132,0,0,0,2,104,0,0,28,132,132,2026-03-04,2026-07-05
836390fffffffff,9.980954,50.146014,13,4,0,0,11,2,0,1,2,1,1,12,0,0,13,14,2024-03-31,2026-05-03
836394fffffffff,10.865049,49.911993,759,60,13,0,707,39,2,1,48,9,150,607,0,2,724,808,2023-01-25,2026-07-09
836395fffffffff,10.742264,50.819638,2,3,1,0,1,0,1,0,2,0,1,1,0,0,2,3,2023-01-12,2025-01-22
836396fffffffff,10.095709,49.234545,8,1,0,0,8,0,0,0,1,0,1,7,0,0,8,8,2025-01-27,2025-01-27
8363b2fffffffff,11.762448,49.672978,14,6,0,0,10,4,0,0,5,1,0,6,6,2,12,16,2025-01-29,2026-05-24
8363b3fffffffff,11.632173,50.592292,3,1,0,3,0,0,0,1,0,0,0,3,0,0,3,3,2024-05-31,2024-05-31
836410fffffffff,12.472888,97.952328,1,2,0,0,1,0,1,0,1,0,0,0,1,0,1,9,2023-12-08,2025-01-27
836412fffffffff,13.606794,98.276061,128,108,38,36,29,25,45,32,21,10,9,12,104,3,127,354,2023-01-07,2026-07-28
836414fffffffff,11.629749,98.796403,16,18,6,2,6,2,10,4,3,1,0,1,13,2,16,58,2023-03-07,2026-04-26
836416fffffffff,12.763736,99.121860,121,65,72,15,19,15,42,13,7,3,8,26,82,5,113,293,2023-01-02,2026-03-10
836433fffffffff,10.493474,98.473041,12,7,11,0,0,1,6,0,0,1,0,9,3,0,12,24,2023-02-01,2026-02-07
836480fffffffff,17.816605,98.403631,0,1,0,0,0,0,0,0,1,0,0,0,0,0,0,2,2025-03-22,2025-03-22
836481fffffffff,17.530042,97.215120,255,162,59,77,47,72,66,42,34,20,9,21,203,22,253,655,2023-01-07,2026-07-03
836483fffffffff,18.644992,97.541621,118,37,39,6,61,12,22,3,7,5,0,15,101,2,118,215,2023-01-07,2026-06-03
836485fffffffff,16.698996,98.075207,176,101,53,57,62,4,56,24,18,3,6,29,136,5,174,650,2023-02-11,2026-05-12
836488fffffffff,18.056310,95.160537,70,59,22,5,16,27,28,6,14,11,10,12,37,11,70,169,2023-01-02,2026-07-10
836489fffffffff,17.750518,93.974127,20,7,0,16,3,1,0,4,2,1,0,0,19,1,20,20,2024-08-08,2026-06-26
83648afffffffff,19.171804,95.480325,26,21,5,0,13,8,10,1,7,3,5,3,18,0,26,88,2023-02-01,2026-02-12
83648bfffffffff,18.869191,94.289047,287,57,15,168,60,44,4,37,8,8,6,0,200,81,287,375,2023-11-13,2026-07-31
83648cfffffffff,17.235800,96.027932,22,18,12,0,5,5,12,0,4,2,2,2,18,0,22,32,2023-01-25,2026-06-10
83648dfffffffff,16.934236,94.843081,2,2,1,0,1,0,1,0,1,0,1,0,1,0,2,2,2023-03-22,2025-02-20
83648efffffffff,18.354593,96.350041,429,231,142,104,99,84,100,57,46,28,16,13,393,7,428,739,2023-01-11,2026-07-31
836498fffffffff,20.570188,97.001140,56,28,3,41,12,0,1,20,7,0,1,3,52,0,56,104,2023-01-03,2025-05-09
836499fffffffff,20.279834,95.802449,28,21,3,6,8,11,6,5,4,6,3,0,23,2,27,63,2023-01-04,2026-07-14
83649afffffffff,21.665288,97.330136,1,1,0,0,1,0,0,0,1,0,0,0,1,0,1,1,2025-02-11,2025-02-11
83649bfffffffff,21.379551,96.126915,320,139,53,56,73,138,54,44,30,11,9,77,133,101,316,730,2023-01-15,2026-07-18
83649cfffffffff,19.752455,97.870370,29,15,14,13,2,0,10,4,1,0,0,12,17,0,29,82,2023-02-18,2025-01-15
83649dfffffffff,19.466345,96.674442,371,169,257,76,22,16,109,37,13,10,10,91,229,41,366,1115,2023-01-15,2026-07-25
83649efffffffff,20.851578,98.201367,1,1,1,0,0,0,1,0,0,0,0,1,0,0,1,11,2023-08-27,2023-08-27
8364a0fffffffff,15.020912,99.779058,0,1,0,0,0,0,0,0,1,0,0,0,0,0,0,1,2025-07-28,2025-07-28
8364a1fffffffff,14.736927,98.601939,21,21,3,4,9,5,8,4,7,2,0,1,14,6,18,93,2023-02-12,2026-07-09
8364a3fffffffff,15.862323,98.929963,5,6,0,3,2,0,0,2,4,0,0,2,3,0,5,54,2024-03-14,2025-06-03
8364aafffffffff,16.408490,96.890864,3,5,3,0,0,0,5,0,0,0,3,0,0,0,3,6,2023-02-01,2023-03-30
8364acfffffffff,14.446267,97.424948,8,4,5,2,1,0,2,1,1,0,0,0,8,0,8,13,2023-10-25,2025-01-14
8364aefffffffff,15.575240,97.748980,78,64,49,14,2,13,47,12,2,3,10,29,38,1,77,400,2023-01-02,2026-05-27
83650dfffffffff,3.151850,98.539389,2,3,0,2,0,0,0,3,0,0,0,0,2,0,2,6,2024-06-27,2024-12-25
836511fffffffff,6.275705,102.599290,3,1,0,0,3,0,0,0,1,0,0,0,3,0,3,3,2025-05-02,2025-05-02
836518fffffffff,6.828795,100.641249,23,17,5,8,4,6,3,6,4,4,8,12,2,1,20,26,2023-06-10,2026-06-04
83651cfffffffff,5.988837,101.459446,77,61,18,19,26,14,15,15,20,11,52,10,10,5,49,79,2023-01-11,2026-07-23
83651efffffffff,7.116816,101.786353,45,36,8,12,12,13,7,10,7,12,32,5,8,0,25,48,2023-01-29,2026-06-28
836582fffffffff,13.011738,104.605014,8,1,0,0,8,0,0,0,1,0,1,0,7,0,8,8,2025-07-24,2025-07-24
836589fffffffff,11.918006,99.962031,24,1,0,0,0,24,0,0,0,1,0,0,0,24,24,24,2026-05-05,2026-05-05
836591fffffffff,14.123868,104.945599,56,27,0,0,56,0,0,0,27,0,13,21,22,0,53,156,2025-05-28,2025-12-17
836598fffffffff,14.717589,102.962055,175,18,0,0,175,0,0,0,18,0,147,10,18,0,175,264,2025-07-24,2025-12-16
83659cfffffffff,13.865324,103.787237,3,2,0,0,3,0,0,0,2,0,0,1,2,0,3,3,2025-12-08,2025-12-10
83659dfffffffff,13.599785,102.624735,7,4,0,0,7,0,0,0,4,0,0,7,0,0,7,7,2025-12-10,2025-12-23
83659efffffffff,14.977773,104.127226,3,2,0,0,3,0,0,0,2,0,0,1,2,0,3,3,2025-07-24,2025-07-28
836600fffffffff,8.982982,-74.833025,12,17,7,1,2,2,7,7,1,2,1,0,5,6,11,20,2023-03-07,2026-06-06
836601fffffffff,8.336447,-73.929471,141,90,35,40,48,18,29,24,21,16,33,7,50,51,126,164,2023-01-01,2026-07-17
836602fffffffff,8.589520,-75.838141,8,8,3,2,1,2,3,2,1,2,0,0,6,2,8,9,2023-05-09,2026-07-24
836603fffffffff,7.941490,-74.930395,42,28,21,10,4,7,13,8,3,4,2,0,14,26,33,45,2023-01-28,2026-07-27
836604fffffffff,10.011007,-74.736360,55,48,19,14,9,13,18,13,9,8,0,0,35,20,45,58,2023-02-11,2026-06-25
836605fffffffff,9.369693,-73.836155,36,36,4,7,5,20,5,6,6,19,1,0,15,20,33,44,2023-02-18,2026-07-30
836606fffffffff,9.625642,-75.737445,48,16,13,0,31,4,8,0,4,4,0,0,41,7,14,48,2023-01-16,2026-06-06
836608fffffffff,6.635780,-73.117829,3,3,0,0,1,2,0,0,1,2,0,0,1,2,3,3,2025-08-28,2026-07-30
836609fffffffff,5.979397,-72.213910,6,4,0,2,4,0,0,2,2,0,4,2,0,0,6,6,2024-04-09,2025-08-05
83660afffffffff,6.230905,-74.118170,3,1,0,0,0,3,0,0,0,1,0,0,3,0,3,3,2026-02-17,2026-02-17
83660cfffffffff,7.686666,-73.027232,52,33,7,12,14,19,4,8,14,7,10,20,18,4,49,117,2023-07-04,2026-07-11
83660dfffffffff,7.034277,-72.126751,37,30,1,5,21,10,1,4,18,7,12,2,22,1,27,40,2023-10-01,2026-07-03
83660efffffffff,7.290029,-74.023474,121,65,20,53,37,11,19,23,18,5,10,23,46,42,97,157,2023-01-13,2026-06-07
836611fffffffff,8.189569,-76.850982,7,15,5,1,0,1,8,4,2,1,0,0,6,1,7,17,2023-02-18,2026-07-24
836618fffffffff,6.477793,-76.041739,51,43,9,8,9,25,7,8,6,22,3,6,20,22,45,54,2023-05-17,2026-07-27
836619fffffffff,5.819934,-75.127285,46,18,18,6,9,13,5,3,4,6,2,12,11,21,40,47,2023-03-29,2026-07-04
83661afffffffff,6.062787,-77.062714,15,11,10,4,0,1,7,3,0,1,1,1,11,2,13,16,2023-06-22,2026-01-26
83661bfffffffff,5.403174,-76.144656,116,48,2,7,87,20,3,5,25,15,11,4,27,74,83,128,2023-02-14,2026-07-27
83661cfffffffff,7.540081,-75.939570,33,22,12,9,4,8,14,3,3,2,7,7,14,5,31,36,2023-01-06,2026-03-03
83661dfffffffff,6.886977,-75.028480,109,63,25,30,35,19,17,16,19,11,33,10,42,24,99,137,2023-01-24,2026-07-03
83661efffffffff,7.132504,-76.956465,6,6,2,4,0,0,2,4,0,0,0,0,6,0,6,6,2023-10-05,2024-08-03
836620fffffffff,11.395035,-73.651555,33,25,11,13,8,1,6,13,5,1,0,0,21,12,21,38,2023-04-15,2026-04-03
836621fffffffff,10.760454,-72.759408,41,33,4,13,16,8,4,9,12,8,5,1,20,15,31,43,2023-04-26,2026-06-29
836622fffffffff,11.025168,-74.640396,593,479,30,129,102,332,26,60,99,294,62,40,94,397,540,679,2023-02-16,2026-07-31
836623fffffffff,10.389347,-73.743519,54,49,2,14,13,25,2,13,12,22,2,2,29,21,47,60,2023-04-10,2026-07-25
836625fffffffff,11.757440,-72.671433,29,24,10,4,9,6,10,1,8,5,2,1,11,15,25,29,2023-05-07,2026-06-16
83662afffffffff,8.724693,-72.937301,194,112,23,12,118,41,13,14,68,17,34,41,68,51,188,201,2023-02-08,2026-07-24
83662bfffffffff,8.076633,-72.040235,60,53,21,8,15,16,18,9,12,14,9,4,29,18,52,64,2023-01-08,2026-07-27
83662cfffffffff,10.121964,-71.869109,1,1,0,0,0,1,0,0,0,1,0,0,1,0,1,1,2026-05-15,2026-05-15
83662dfffffffff,9.480168,-70.981081,5,3,0,5,0,0,0,3,0,0,0,0,5,0,5,5,2024-01-01,2024-01-24
83662efffffffff,9.749422,-72.848029,10,9,0,0,6,4,0,0,6,3,0,0,5,5,9,10,2025-01-23,2026-07-04
836631fffffffff,10.648025,-75.637474,21,19,5,4,7,5,5,5,4,5,2,0,8,11,20,22,2023-01-12,2026-07-07
836641fffffffff,3.756011,-67.665792,1,1,0,0,0,1,0,0,0,1,0,0,0,1,1,1,2026-01-30,2026-01-30
836642fffffffff,4.004059,-69.516908,3,1,0,0,0,3,0,0,0,1,0,0,0,3,3,3,2026-07-17,2026-07-17
836646fffffffff,5.067970,-69.440200,2,2,0,0,1,1,0,0,1,1,0,2,0,0,2,2,2025-03-16,2026-03-13
836650fffffffff,4.251505,-71.396483,0,2,0,0,0,0,1,0,1,0,0,0,0,0,0,4,2023-03-13,2025-05-27
836652fffffffff,3.834139,-72.390188,7,5,0,0,0,7,0,0,0,5,0,1,2,4,6,7,2026-02-05,2026-07-01
836653fffffffff,3.170395,-71.481441,64,5,0,6,7,51,0,2,1,2,0,10,17,37,64,64,2024-06-04,2026-06-03
836656fffffffff,4.912500,-72.301720,5,5,0,1,2,2,0,1,2,2,0,0,2,3,4,5,2024-11-23,2026-06-05
836670fffffffff,6.773872,-70.253195,5,5,1,1,1,2,1,1,1,2,0,2,2,1,5,5,2023-02-11,2026-02-14
836672fffffffff,6.379930,-71.228465,130,57,43,37,39,11,7,19,23,8,21,65,23,21,117,138,2023-01-10,2026-07-14
836676fffffffff,7.426145,-71.145391,4,4,0,0,3,1,0,0,3,1,1,1,2,0,2,4,2025-06-12,2026-03-07
8366adfffffffff,6.719071,-77.980522,4,3,3,1,0,0,2,1,0,0,0,1,1,2,4,4,2023-12-09,2024-03-11
8366b4fffffffff,9.514465,-83.584594,5,5,2,1,2,0,1,1,3,0,0,0,0,5,0,6,2023-08-24,2025-12-02
8366c0fffffffff,1.437909,-75.529864,34,26,2,17,6,9,2,13,7,4,0,10,19,5,32,38,2023-01-21,2026-07-18
8366c1fffffffff,0.764253,-74.602308,7,3,0,5,0,2,0,2,0,1,6,0,1,0,3,7,2024-08-12,2026-01-05
8366c2fffffffff,0.993337,-76.563952,36,35,24,11,1,0,25,9,1,0,1,0,35,0,36,44,2023-03-21,2025-05-01
8366c3fffffffff,0.317201,-75.632387,15,10,12,3,0,0,8,2,0,0,0,0,15,0,14,15,2023-05-01,2024-04-17
8366c4fffffffff,2.549233,-75.428101,58,43,2,19,12,25,4,9,11,19,5,12,29,12,55,61,2023-06-24,2026-07-21
8366c5fffffffff,1.878299,-74.504035,15,7,1,11,2,1,1,3,2,1,0,1,9,5,14,15,2023-07-08,2026-03-07
8366c6fffffffff,2.111189,-76.457968,114,74,10,24,32,48,12,21,25,16,15,18,52,29,104,130,2023-01-14,2026-07-31
8366ccfffffffff,0.090935,-73.675785,35,7,4,8,20,3,1,3,2,1,3,26,6,0,31,41,2023-05-17,2026-03-04
8366cefffffffff,-0.358745,-74.701320,5,6,0,5,0,0,3,3,0,0,3,2,0,0,5,8,2023-01-14,2024-10-16
8366d0fffffffff,1.222912,-78.540160,16,11,5,1,6,4,5,1,3,2,0,3,9,4,16,16,2023-03-19,2026-03-11
8366d1fffffffff,0.545016,-77.605715,7,3,1,0,0,6,1,0,0,2,3,0,1,3,7,7,2023-02-11,2026-07-24
8366d2fffffffff,0.773570,-79.591254,34,14,16,0,17,1,12,0,1,1,0,0,3,31,29,39,2023-01-02,2026-01-16
8366d3fffffffff,0.093406,-78.654545,19,13,1,6,1,11,1,3,1,8,1,0,2,16,13,20,2023-09-23,2026-04-11
8366d4fffffffff,2.343280,-78.426604,23,11,3,15,4,1,2,5,3,1,2,18,2,1,23,23,2023-12-03,2026-06-14
8366d5fffffffff,1.668937,-77.495522,78,36,21,19,19,19,12,10,8,6,23,20,25,10,74,83,2023-03-29,2026-07-22
8366dafffffffff,-1.728162,-77.828549,0,1,0,0,0,0,0,0,0,1,0,0,0,0,0,1,2026-03-06,2026-03-06
8366dcfffffffff,-0.133576,-76.670722,7,7,4,2,1,0,4,2,1,0,0,0,7,0,7,13,2023-05-05,2025-03-24
8366e0fffffffff,4.076638,-74.309671,10,5,1,0,0,9,1,0,0,4,0,0,6,4,10,10,2023-07-30,2026-07-28
8366e1fffffffff,3.411080,-73.393684,8,5,2,0,1,5,1,0,1,3,2,5,0,1,8,8,2023-09-01,2026-02-01
8366e2fffffffff,3.650454,-75.327088,28,13,1,14,8,5,1,4,5,3,0,16,6,6,27,29,2023-04-30,2026-07-24
8366e3fffffffff,2.982659,-74.406492,11,2,0,11,0,0,0,2,0,0,0,10,1,0,11,11,2024-11-09,2024-12-22
8366e4fffffffff,5.159589,-74.213566,17,14,1,3,3,10,1,2,3,8,1,0,7,9,16,17,2023-05-24,2026-07-02
8366e5fffffffff,4.497431,-73.301048,6,2,0,0,1,5,0,0,1,1,0,0,1,5,1,6,2025-06-28,2026-04-16
8366e6fffffffff,4.740898,-75.226818,44,42,2,2,5,35,2,2,3,35,1,3,9,31,44,44,2023-01-19,2026-07-30
8366e8fffffffff,1.645463,-72.569124,48,5,0,1,47,0,0,2,3,0,0,20,8,20,48,55,2024-07-19,2025-11-11
8366e9fffffffff,0.977459,-71.653288,7,5,0,6,1,0,0,3,2,0,0,0,7,0,7,8,2024-04-05,2025-03-16
8366ecfffffffff,2.744913,-72.479320,109,13,0,6,22,81,0,3,7,3,40,13,6,50,109,110,2024-10-23,2026-05-25
8366edfffffffff,2.078827,-71.567041,17,2,0,0,11,6,0,0,1,1,0,10,1,6,17,36,2025-08-24,2026-03-28
8366eefffffffff,2.314095,-73.487013,1,1,0,0,1,0,0,0,1,0,0,1,0,0,1,1,2025-08-08,2025-08-08
8366f0fffffffff,3.887611,-77.277540,45,25,18,1,5,21,4,1,2,18,2,18,5,20,45,45,2023-01-27,2026-07-31
8366f1fffffffff,3.219239,-76.352763,248,200,56,69,74,49,62,57,49,32,28,25,146,49,221,283,2023-01-01,2026-07-21
8366f3fffffffff,2.783377,-77.386133,100,43,7,70,16,7,6,23,9,5,11,56,33,0,92,104,2023-02-05,2026-07-22
8366f4fffffffff,4.980960,-77.169737,1,2,1,0,0,0,1,1,0,0,1,0,0,0,1,12,2023-01-22,2024-04-12
8366f5fffffffff,4.316785,-76.248328,61,39,3,5,14,39,2,5,6,26,5,6,19,31,59,61,2023-07-01,2026-07-27
836724fffffffff,18.907067,-72.939256,634,44,82,199,285,68,7,11,19,7,0,51,510,73,601,688,2023-04-19,2026-06-12
836725fffffffff,18.322439,-72.073129,3584,330,365,964,1932,323,40,103,137,50,63,1088,2073,360,3360,3730,2023-02-27,2026-07-31
836726fffffffff,18.606146,-73.897028,1,1,0,1,0,0,0,1,0,0,0,1,0,0,1,1,2024-12-19,2024-12-19
836732fffffffff,17.652158,-76.817559,1,1,0,0,0,1,0,0,0,1,0,0,1,0,1,1,2026-05-22,2026-05-22
836741fffffffff,10.902348,-67.192416,95,14,8,3,2,82,8,3,1,2,0,46,16,33,92,96,2023-01-19,2026-03-26
836743fffffffff,10.558218,-68.123219,6,6,0,0,0,6,0,0,0,6,1,2,2,1,6,6,2026-01-20,2026-05-29
836748fffffffff,9.279159,-66.398119,1,1,0,0,0,1,0,0,0,1,0,0,1,0,1,1,2026-02-06,2026-02-06
83674bfffffffff,8.279710,-66.461365,9,1,0,0,0,9,0,0,0,1,0,9,0,0,9,9,2026-04-01,2026-04-01
83674cfffffffff,10.265607,-66.335341,5,5,2,3,0,0,2,3,0,0,0,0,5,0,2,5,2023-09-06,2024-12-05
83674efffffffff,9.919460,-67.258540,2,1,2,0,0,0,1,0,0,0,0,0,0,2,2,2,2023-05-24,2023-05-24
836752fffffffff,11.124149,-71.784485,12,5,0,0,1,11,0,0,2,3,0,0,1,11,8,14,2025-08-21,2026-07-16
836753fffffffff,10.487142,-70.899832,1,1,0,0,0,1,0,0,0,1,0,0,1,0,1,1,2026-07-22,2026-07-22
836755fffffffff,11.828716,-69.863887,2,1,0,0,0,2,0,0,0,1,0,0,0,2,2,2,2026-06-08,2026-06-08
836756fffffffff,12.112229,-71.700479,1,1,0,0,0,1,0,0,0,1,0,0,0,1,0,1,2026-04-13,2026-04-13
83675cfffffffff,10.206410,-69.065148,2,2,0,0,0,2,0,0,0,2,1,1,0,0,2,2,2026-01-22,2026-04-09
83675efffffffff,9.847020,-70.017885,1,1,0,1,0,0,0,1,0,0,0,0,1,0,1,1,2024-01-09,2024-01-09
836783fffffffff,12.371616,-81.276450,2,1,0,0,0,2,0,0,0,1,0,0,0,2,2,2,2026-07-11,2026-07-11
83679afffffffff,10.551721,-83.455981,52,48,3,19,30,0,1,17,30,0,0,0,0,52,5,54,2023-09-05,2025-12-09
83679bfffffffff,9.928397,-82.549433,97,87,8,37,52,0,6,32,49,0,8,4,2,83,1,102,2023-02-01,2025-12-31
836841fffffffff,9.551711,125.798729,15,7,7,1,5,2,3,1,2,1,0,15,0,0,15,15,2023-05-11,2026-03-22
836842fffffffff,8.242019,124.302750,72,23,15,34,6,17,9,6,4,4,15,46,5,6,71,72,2023-01-26,2026-06-27
836843fffffffff,8.464846,125.415082,34,17,22,5,6,1,10,3,3,1,0,32,0,2,34,33,2023-01-01,2026-02-15
836844fffffffff,10.177507,123.949833,14,4,7,7,0,0,2,2,0,0,1,12,0,1,14,15,2023-06-01,2024-02-23
836846fffffffff,9.097792,123.574418,3,3,2,1,0,0,2,1,0,0,0,2,1,0,3,3,2023-01-20,2024-01-18
83684efffffffff,8.686292,126.537721,10,8,2,2,2,4,2,2,1,3,2,8,0,0,10,10,2023-03-02,2026-05-11
836851fffffffff,7.159028,123.926692,61,25,17,33,6,5,10,8,3,4,17,42,1,1,53,65,2023-01-23,2026-07-05
836855fffffffff,8.018124,123.201410,8,4,2,6,0,0,2,2,0,0,0,8,0,0,8,8,2023-04-15,2024-10-23
836856fffffffff,6.719472,121.746745,8,4,3,1,4,0,2,1,1,0,2,6,0,0,8,8,2023-06-07,2025-01-22
83685cfffffffff,7.378047,125.033749,62,14,39,8,5,10,7,2,1,4,9,41,5,7,62,76,2023-03-11,2026-07-29
83685efffffffff,6.292241,124.654742,45,20,18,6,12,9,6,5,6,3,6,32,7,0,45,45,2023-01-19,2026-07-01
836860fffffffff,12.094286,123.596016,30,11,10,8,12,0,3,5,3,0,2,28,0,0,30,30,2023-02-09,2025-08-30
836861fffffffff,12.333457,124.707848,54,24,20,7,27,0,7,6,11,0,6,46,2,0,54,54,2023-03-20,2025-12-19
836862fffffffff,11.020142,123.221276,41,18,5,4,12,20,4,2,10,2,4,16,21,0,41,41,2023-02-22,2026-06-01
836863fffffffff,11.256363,124.327647,9,4,0,2,6,1,0,1,2,1,0,8,1,0,9,9,2024-02-10,2026-01-25
836864fffffffff,12.921805,122.867290,7,3,3,0,2,2,1,0,1,1,2,5,0,0,7,7,2023-01-27,2026-06-06
836865fffffffff,13.166241,123.973183,8,5,4,2,0,2,2,2,0,1,4,3,1,0,8,8,2023-02-15,2026-03-22
83686efffffffff,11.490411,125.445091,13,9,2,6,4,1,1,4,3,1,0,9,0,4,13,13,2023-04-12,2026-02-25
836871fffffffff,9.944696,122.848972,94,57,39,20,22,13,23,13,14,7,4,59,25,6,92,98,2023-01-09,2026-06-01
836875fffffffff,10.782098,122.126627,22,9,6,14,2,0,3,5,1,0,0,22,0,0,22,22,2023-07-29,2025-09-21
836890fffffffff,-2.033292,113.149047,1,1,0,1,0,0,0,1,0,0,0,0,1,0,1,1,2024-11-27,2024-11-27
836892fffffffff,-3.077780,112.818902,1,1,1,0,0,0,1,0,0,0,0,0,1,0,1,1,2023-10-10,2023-10-10
8368e4fffffffff,5.433302,120.318375,4,1,0,4,0,0,0,1,0,0,1,3,0,0,2,4,2024-05-28,2024-05-28
8368e5fffffffff,5.647728,121.384250,10,4,9,0,1,0,3,0,1,0,1,9,0,0,10,10,2023-01-24,2025-08-16
836941fffffffff,15.336694,120.700682,1,1,1,0,0,0,1,0,0,0,1,0,0,0,1,1,2023-10-09,2023-10-09
836943fffffffff,14.285614,120.339183,10,2,7,3,0,0,1,1,0,0,1,9,0,0,10,10,2023-12-17,2024-06-24
83694afffffffff,13.738373,122.141686,8,3,6,2,0,0,2,1,0,0,5,3,0,0,8,8,2023-02-11,2024-03-28
83694bfffffffff,13.988192,123.241320,8,4,1,1,5,1,1,1,1,1,0,8,0,0,8,8,2023-08-19,2026-02-10
83694efffffffff,14.543487,121.419415,5,5,3,1,1,0,3,1,1,0,1,2,2,0,5,6,2023-03-31,2025-10-17
836958fffffffff,12.426083,120.692063,3,2,2,0,0,1,1,0,0,1,1,2,0,0,3,3,2023-05-30,2026-03-29
836959fffffffff,12.674962,121.773386,95,14,7,13,53,22,2,3,5,4,0,66,14,15,88,98,2023-02-01,2026-07-29
83695dfffffffff,13.486054,121.054473,16,6,8,4,3,1,2,2,1,1,5,10,0,1,16,19,2023-07-30,2026-01-01
836968fffffffff,17.426854,121.431346,3,3,2,0,1,0,2,0,1,0,0,3,0,0,3,3,2023-03-09,2025-11-23
83696afffffffff,16.384041,121.064737,10,1,0,10,0,0,0,1,0,0,0,10,0,0,10,10,2024-06-26,2024-06-26
83696bfffffffff,16.647409,122.156879,5,1,0,0,0,5,0,0,0,1,0,5,0,0,5,5,2026-05-17,2026-05-17
83696dfffffffff,18.464348,121.800505,1,1,0,1,0,0,0,1,0,0,0,1,0,0,1,1,2024-02-23,2024-02-23
836a09fffffffff,6.399448,30.023314,128,3,122,0,0,6,2,0,0,1,0,0,0,128,128,128,2023-02-21,2026-01-30
836a0cfffffffff,7.381802,28.398539,22,4,0,0,2,20,1,0,1,2,1,0,2,19,22,28,2023-07-02,2026-07-20
836a0dfffffffff,7.328401,29.512379,411,6,36,335,16,24,1,1,1,3,6,8,0,397,411,412,2023-02-21,2026-05-13
836a0efffffffff,6.507296,27.787256,3,2,0,0,3,0,0,0,2,0,0,0,3,0,3,3,2025-01-01,2025-10-15
836a11fffffffff,5.720615,24.935537,9,5,3,6,0,0,2,3,0,0,1,0,8,0,10,9,2023-11-15,2024-07-03
836a12fffffffff,4.873777,23.195344,15,3,1,14,0,0,1,2,0,0,1,12,2,0,15,16,2023-12-31,2024-11-06
836a13fffffffff,4.827451,24.310342,30,3,0,30,0,0,0,3,0,0,6,3,21,0,23,30,2024-08-03,2024-10-06
836a14fffffffff,6.692357,23.339256,20,1,0,0,0,20,0,0,0,1,0,20,0,0,20,20,2026-02-04,2026-02-04
836a16fffffffff,5.809220,22.713865,20,4,4,16,0,0,1,3,0,0,0,4,16,0,20,20,2023-04-26,2024-10-07
836a1afffffffff,3.826017,25.927879,4,2,0,2,0,2,0,1,0,1,0,0,4,0,4,4,2024-10-09,2026-01-01
836a1bfffffffff,3.773492,27.055855,2,2,0,1,0,1,0,1,0,1,0,0,2,0,2,2,2024-10-07,2026-06-11
836a1cfffffffff,5.672835,26.052204,161,21,98,42,18,3,9,7,2,3,72,6,78,5,160,163,2023-05-07,2026-06-02
836a1dfffffffff,5.622778,27.171653,56,6,5,21,6,24,2,1,2,1,3,3,5,45,56,82,2023-03-15,2026-01-01
836a1efffffffff,4.779119,25.429447,38,17,0,13,22,3,0,6,9,2,2,3,27,6,34,38,2024-02-18,2026-07-08
836a24fffffffff,11.184959,25.278311,177,6,175,0,0,2,5,0,0,1,0,0,2,175,177,177,2023-09-29,2026-02-11
836a25fffffffff,11.134074,26.425576,223,15,40,41,10,132,1,5,1,8,0,11,133,79,213,228,2023-11-21,2026-05-12
836a28fffffffff,9.181585,28.545280,204,19,73,91,14,26,8,4,3,4,10,8,16,170,200,204,2023-01-27,2026-07-17
836a29fffffffff,9.123831,29.661796,8,2,0,7,1,0,0,1,1,0,7,1,0,0,8,20,2024-03-09,2025-10-19
836a2afffffffff,8.303463,27.909685,64,3,0,26,0,38,0,1,0,2,8,8,0,48,64,64,2024-02-05,2026-03-27
836a2bfffffffff,8.249701,29.020160,388,5,0,162,226,0,0,2,3,0,0,0,0,388,388,388,2024-01-31,2025-07-01
836a2cfffffffff,10.124854,28.061722,85,7,1,82,2,0,1,5,1,0,11,3,11,60,85,85,2023-05-19,2025-12-01
836a2dfffffffff,10.066222,29.189609,47,5,0,0,45,2,0,0,4,1,6,6,4,31,47,47,2025-08-30,2026-02-22
836a30fffffffff,8.488750,23.431546,5,3,4,1,0,0,1,2,0,0,1,3,1,0,5,18,2023-07-10,2024-10-13
836a31fffffffff,8.447050,24.554842,0,1,0,0,0,0,0,1,0,0,0,0,0,0,0,3,2024-08-20,2024-08-20
836a34fffffffff,9.420348,22.904663,38,1,0,0,38,0,0,0,1,0,2,2,32,2,38,38,2025-12-25,2025-12-25
836a35fffffffff,9.379546,24.037672,1,1,0,0,0,1,0,0,0,1,0,0,1,0,1,1,2026-02-06,2026-02-06
836a36fffffffff,8.527262,22.307168,7,1,0,7,0,0,0,1,0,0,0,7,0,0,7,7,2024-07-02,2024-07-02
836a44fffffffff,8.010182,33.439154,171,5,10,100,48,13,2,1,1,1,113,58,0,0,171,221,2023-05-20,2026-03-10
836a45fffffffff,7.944086,34.542680,305,40,127,17,159,2,20,6,12,2,77,63,3,162,303,392,2023-04-12,2026-07-21
836a46fffffffff,7.151901,32.851386,44,5,0,15,0,29,0,1,0,4,0,11,17,16,44,44,2024-12-13,2026-07-15
836a48fffffffff,6.020374,36.698605,4,2,0,0,0,4,0,0,0,2,0,0,4,0,4,25,2026-02-12,2026-07-04
836a49fffffffff,5.949986,37.797654,58,38,20,26,11,1,8,19,10,1,22,0,34,2,40,244,2023-01-07,2026-03-19
836a4afffffffff,5.147056,36.124868,16,5,0,1,15,0,0,1,4,0,13,1,1,1,16,16,2024-05-20,2025-09-13
836a4bfffffffff,5.079303,37.231000,6,3,0,6,0,0,0,3,0,0,0,0,6,0,0,8,2024-06-16,2024-12-14
836a4dfffffffff,6.881482,37.266517,16,1,0,0,0,16,0,0,0,1,0,0,16,0,16,16,2026-06-18,2026-06-18
836a50fffffffff,5.400756,31.660211,2,1,2,0,0,0,1,0,0,0,0,0,0,2,2,3,2023-02-25,2023-02-25
836a52fffffffff,4.508848,31.056926,162,4,0,0,0,162,0,0,1,3,0,0,148,14,162,164,2025-08-27,2026-04-02
836a53fffffffff,4.449466,32.182755,50,4,0,4,46,0,0,1,3,0,6,3,0,41,46,80,2024-05-19,2025-11-23
836a54fffffffff,6.341869,31.141398,8,2,1,0,0,7,1,0,0,1,0,0,1,7,8,8,2023-09-07,2026-04-28
836a56fffffffff,5.459415,30.538175,28,6,0,17,9,2,1,1,3,1,19,3,4,2,27,53,2023-02-26,2026-04-28
836a58fffffffff,4.325935,34.427809,4,1,0,0,0,4,0,0,0,1,4,0,0,0,4,4,2026-01-02,2026-01-02
836a59fffffffff,4.261951,35.545333,28,4,0,0,28,0,0,0,4,0,4,24,0,0,28,31,2025-02-19,2025-05-15
836a5bfffffffff,3.365527,34.960031,18,3,0,18,0,0,0,3,0,0,0,0,0,18,18,18,2024-06-25,2024-07-11
836a5cfffffffff,5.277552,33.898923,71,5,8,30,33,0,1,1,3,0,0,0,0,71,57,83,2023-02-08,2025-02-14
836a5dfffffffff,5.213171,35.013906,2,1,0,0,2,0,0,0,1,0,0,0,0,2,0,2,2025-11-18,2025-11-18
836a5efffffffff,4.388468,33.306668,0,1,0,0,0,0,0,0,1,0,0,0,0,0,0,5,2025-09-25,2025-09-25
836a60fffffffff,9.797724,33.637631,2,1,0,2,0,0,0,1,0,0,0,0,2,0,2,2,2024-08-06,2024-08-06
836a61fffffffff,9.722798,34.729915,133,115,3,50,61,19,16,45,45,9,0,7,122,4,23,364,2023-01-05,2026-06-25
836a62fffffffff,8.932458,32.973420,20,1,0,0,20,0,0,0,1,0,4,0,0,16,20,20,2025-09-01,2025-09-01
836a63fffffffff,8.863052,34.062144,9,8,0,3,6,0,3,3,2,0,0,0,8,1,1,17,2023-08-05,2025-12-09
836a65fffffffff,10.667156,34.309550,244,17,13,0,0,231,2,0,0,15,0,2,38,204,244,270,2023-04-21,2026-07-12
836a66fffffffff,9.869676,32.536722,3,1,0,0,3,0,0,0,1,0,0,0,0,3,3,3,2025-01-01,2025-01-01
836a68fffffffff,8.716640,36.212689,168,107,9,115,34,10,19,40,44,4,11,88,67,2,102,762,2023-02-13,2026-06-26
836a69fffffffff,8.642480,37.301484,235,64,39,112,80,4,7,29,26,2,22,64,149,0,153,523,2023-01-11,2026-07-01
836a6afffffffff,7.875287,35.642615,6,4,0,0,5,1,0,0,3,1,0,0,3,3,3,6,2025-01-26,2026-01-10
836a6bfffffffff,7.803890,36.738173,8,8,0,2,6,0,1,2,5,0,0,0,5,3,4,13,2023-08-05,2025-06-04
836a6cfffffffff,9.645054,35.812891,130,88,6,34,86,4,9,25,49,5,0,20,108,2,53,406,2023-01-17,2026-05-30
836a6dfffffffff,9.564653,36.885915,653,193,152,142,297,62,37,47,81,28,42,132,418,61,490,1979,2023-01-10,2026-07-24
836a6efffffffff,8.791064,35.142118,190,127,86,39,51,14,27,40,48,12,7,63,96,24,100,1151,2023-01-04,2026-06-27
836a70fffffffff,8.133895,31.224564,44,4,0,0,3,41,0,0,1,3,0,0,38,6,44,44,2025-10-04,2026-06-29
836a71fffffffff,8.073481,32.332843,106,8,0,2,32,72,0,1,4,3,8,0,26,72,101,164,2024-02-04,2026-07-05
836a73fffffffff,7.213382,31.739643,51,3,0,35,0,16,0,1,0,2,0,0,4,47,4,51,2024-01-04,2026-05-06
836a74fffffffff,9.062978,30.772507,102,4,0,0,102,0,0,0,4,0,0,27,75,0,102,102,2025-05-03,2025-05-22
836a75fffffffff,8.999145,31.876634,78,4,0,0,63,15,0,0,3,1,3,61,0,14,66,78,2025-04-19,2026-02-08
836a76fffffffff,8.193143,30.125379,133,9,37,39,20,37,1,1,4,3,8,13,80,32,57,180,2023-01-01,2026-07-17
836a88fffffffff,0.082571,24.531211,622,26,12,300,304,6,3,3,18,2,6,0,604,12,35,1449,2023-01-01,2026-06-12
836a89fffffffff,0.024890,25.673392,14,3,6,7,0,1,1,1,0,1,6,0,1,7,14,15,2023-07-03,2026-05-03
836a8afffffffff,-0.856144,23.890232,1,1,1,0,0,0,1,0,0,0,0,0,0,1,1,1,2023-10-22,2023-10-22
836a8cfffffffff,1.071289,24.032426,5,1,0,5,0,0,0,1,0,0,0,0,0,5,5,5,2024-05-29,2024-05-29
836a8dfffffffff,1.015659,25.168382,517,19,481,34,1,1,10,6,2,1,0,0,42,475,501,518,2023-02-21,2026-05-28
836aa0fffffffff,4.019553,21.453605,1,1,0,0,0,1,0,0,0,1,0,0,1,0,1,1,2026-01-22,2026-01-22
836aa1fffffffff,3.973730,22.564861,6,2,0,6,0,0,0,2,0,0,0,1,5,0,6,6,2024-08-06,2024-08-07
836aa4fffffffff,4.960301,20.980919,23,5,14,9,0,0,3,2,0,0,11,12,0,0,23,106,2023-01-06,2024-06-28
836aa5fffffffff,4.918067,22.085272,4,2,0,3,1,0,0,1,1,0,0,4,0,0,4,4,2024-08-21,2025-01-08
836ac0fffffffff,0.787993,29.739067,3299,620,1060,1239,586,414,213,249,106,52,51,311,2931,6,3083,3789,2023-01-01,2026-07-31
836ac1fffffffff,0.730121,30.883937,2,1,2,0,0,0,1,0,0,0,0,2,0,0,2,2,2023-12-11,2023-12-11
836ac2fffffffff,-0.148911,29.115588,990,244,307,214,414,55,87,76,67,14,57,97,827,9,955,2407,2023-01-04,2026-06-29
836ac3fffffffff,-0.206864,30.265154,74,10,74,0,0,0,10,0,0,0,0,16,58,0,69,81,2023-03-11,2023-12-27
836ac4fffffffff,1.774459,29.217137,1279,83,117,1037,41,84,28,31,11,13,29,59,1191,0,1268,1339,2023-01-21,2026-07-24
836ac5fffffffff,1.716964,30.357605,2408,477,985,460,704,259,222,86,133,36,121,227,1969,91,2193,2613,2023-01-01,2026-07-13
836ac6fffffffff,0.845551,28.594166,580,75,23,274,180,103,5,33,23,14,4,9,560,7,541,805,2023-01-30,2026-07-30
836ac8fffffffff,-0.322383,32.561997,2,1,0,0,2,0,0,0,1,0,0,2,0,0,2,2,2025-06-03,2025-06-03
836accfffffffff,0.672004,32.027862,9,5,4,1,0,4,2,1,0,2,0,4,5,0,8,9,2023-02-09,2026-01-15
836acdfffffffff,0.613712,33.169932,3,2,0,0,2,1,0,0,1,1,0,0,3,0,3,3,2025-01-13,2026-01-15
836ad0fffffffff,-1.034200,27.334212,2,3,0,0,0,2,0,0,2,1,0,0,2,0,2,5,2025-03-24,2026-07-24
836ad1fffffffff,-1.093006,28.487256,1317,281,208,285,668,156,28,49,148,56,364,76,674,203,1168,3342,2023-03-04,2026-07-28
836ad5fffffffff,-0.090920,27.966491,355,20,0,292,23,40,0,13,4,3,0,2,353,0,315,358,2024-06-05,2026-05-03
836ad6fffffffff,-0.975072,26.183081,1,1,0,0,0,1,0,0,0,1,0,0,1,0,1,1,2026-01-03,2026-01-03
836ad8fffffffff,-2.161187,30.171213,14,11,4,2,7,1,4,2,4,1,0,0,14,0,14,14,2023-05-04,2026-06-10
836adafffffffff,-3.119403,29.541920,518,162,114,56,151,197,28,37,61,36,128,53,224,113,410,1837,2023-01-16,2026-07-09
836adbfffffffff,-3.177408,30.705340,11,11,1,2,4,4,1,2,4,4,0,0,10,1,10,11,2023-05-05,2026-05-28
836adcfffffffff,-1.151416,29.641283,2149,381,676,323,908,242,140,79,125,37,213,82,1785,69,1873,2993,2023-01-02,2026-07-28
836adefffffffff,-2.102768,29.012410,4970,420,104,702,3977,187,36,116,222,46,1198,401,1290,2081,4546,14875,2023-01-05,2026-07-29
836ae1fffffffff,3.606762,30.448601,17,8,3,0,12,2,1,0,6,1,12,2,3,0,16,55,2023-09-08,2026-07-22
836ae2fffffffff,2.751819,28.699398,313,7,0,0,298,15,0,0,1,6,298,0,15,0,311,314,2025-01-01,2026-07-02
836ae3fffffffff,2.695088,29.835311,23,4,19,0,1,3,2,0,1,1,0,4,19,0,22,24,2023-08-20,2026-04-25
836ae5fffffffff,4.566540,29.930048,8,2,0,0,8,0,0,0,2,0,7,0,0,1,8,8,2025-07-09,2025-09-10
836aeafffffffff,1.658812,31.497552,4,2,3,1,0,0,1,1,0,0,0,0,4,0,4,4,2023-09-01,2024-04-01
836aecfffffffff,3.548339,31.579523,8,5,0,0,4,4,0,0,3,2,2,0,2,4,9,9,2025-03-06,2026-04-10
836aedfffffffff,3.488607,32.708983,2,1,0,2,0,0,0,1,0,0,0,0,2,0,2,2,2024-08-04,2024-08-04
836aeefffffffff,2.637299,30.971116,101,28,87,12,0,2,23,3,0,2,0,0,101,0,96,111,2023-01-09,2026-07-21
836af1fffffffff,1.831229,28.077050,145,8,0,0,0,145,0,0,0,8,7,0,138,0,86,173,2026-03-12,2026-05-11
836af3fffffffff,0.902726,27.450146,11,3,9,0,2,0,1,1,1,0,0,2,9,0,11,16,2023-04-04,2025-10-03
836af5fffffffff,2.807427,27.564271,311,2,0,0,311,0,0,0,1,1,0,0,311,0,324,203,2025-01-01,2026-06-12
836b00fffffffff,14.142731,22.498997,500,16,330,61,61,48,3,6,4,3,29,126,267,78,497,509,2023-05-23,2026-06-27
836b01fffffffff,14.101085,23.680169,8,2,0,7,0,1,0,1,0,1,0,0,0,8,8,8,2024-12-28,2026-03-25
836b02fffffffff,13.202812,21.879832,8365,62,8260,7,33,65,46,3,5,8,19,10,799,7537,8355,14809,2023-04-09,2026-05-17
836b03fffffffff,13.164369,23.051452,2377,54,2264,19,28,66,31,4,7,12,9,30,1379,959,2377,2658,2023-04-22,2026-05-04
836b05fffffffff,15.088964,23.128591,470,36,0,0,209,261,0,0,9,27,5,36,371,58,469,472,2025-08-15,2026-07-21
836b08fffffffff,13.071674,25.391145,67163,400,79,1710,65318,56,11,160,221,8,147,1811,62439,2766,13409,82213,2023-04-15,2026-07-05
836b09fffffffff,13.017574,26.557278,96,8,0,0,96,0,0,0,8,0,0,7,87,2,96,96,2025-01-12,2025-08-08
836b0afffffffff,12.148359,24.754878,1451,95,697,82,627,45,41,18,25,11,13,474,460,504,1243,1630,2023-04-15,2026-06-12
836b0bfffffffff,12.098229,25.912971,4,2,0,3,1,0,0,1,1,0,0,0,4,0,4,4,2024-03-30,2025-04-01
836b0cfffffffff,14.053727,24.859936,1469,116,93,326,957,93,6,43,59,8,0,17,947,505,1346,1471,2023-06-02,2026-07-31
836b0dfffffffff,14.000739,26.037303,446,57,0,255,144,47,0,32,15,10,0,5,304,137,429,533,2024-01-24,2026-07-18
836b0efffffffff,13.120634,24.222215,361,24,3,160,135,63,1,13,4,6,0,12,67,282,360,363,2023-04-15,2026-05-01
836b10fffffffff,12.300736,20.109646,14,1,14,0,0,0,1,0,0,0,0,0,0,14,14,14,2023-02-27,2023-02-27
836b11fffffffff,12.269974,21.270979,44,2,0,42,2,0,0,1,1,0,0,0,0,44,44,44,2024-03-17,2025-01-05
836b18fffffffff,11.273792,22.976850,83,5,0,4,0,79,0,2,0,3,0,0,44,39,52,83,2024-09-06,2026-04-21
836b19fffffffff,11.231557,24.128429,240,12,49,4,80,107,3,1,1,7,9,14,63,154,221,276,2023-09-07,2026-07-02
836b1afffffffff,10.361505,22.369023,64,8,0,6,52,6,0,2,4,2,8,43,13,0,64,64,2024-04-26,2026-04-11
836b1bfffffffff,10.321993,23.511719,73,12,3,8,7,55,2,1,2,7,12,14,20,27,72,73,2023-05-24,2026-06-30
836b1cfffffffff,12.234295,22.432932,57,5,24,0,1,32,1,0,1,3,0,13,3,41,57,57,2023-04-08,2026-07-30
836b1dfffffffff,12.193738,23.594549,121,7,89,0,3,29,3,0,1,3,1,0,3,117,55,135,2023-08-04,2026-06-01
836b28fffffffff,15.991280,24.968582,217,5,0,13,200,4,0,3,1,1,2,203,12,0,217,217,2024-06-08,2026-04-16
836b2afffffffff,15.043661,24.319182,158,11,0,77,29,52,0,7,2,2,1,5,49,103,158,159,2024-01-17,2026-07-05
836b2bfffffffff,14.992226,25.507795,1,1,0,1,0,0,0,1,0,0,0,0,1,0,1,1,2024-04-11,2024-04-11
836b30fffffffff,15.187456,19.555215,2,2,0,0,0,2,0,0,0,2,0,0,2,0,1,2,2026-02-13,2026-04-29
836b40fffffffff,13.734784,30.703384,1048,30,26,33,927,62,1,2,20,7,0,149,613,286,884,1053,2023-08-11,2026-07-29
836b41fffffffff,13.655527,31.854410,30,5,0,19,8,3,0,3,1,1,0,0,19,11,30,30,2024-06-06,2026-02-08
836b42fffffffff,12.825562,30.029465,1630,113,114,107,1031,378,13,13,61,26,74,665,793,98,1594,1641,2023-04-15,2026-07-23
836b43fffffffff,12.752111,31.175092,303,43,33,177,17,76,8,14,6,15,6,11,267,19,301,315,2023-06-14,2026-07-22
836b44fffffffff,14.727399,30.222426,774,13,540,5,1,228,4,3,1,5,1,0,92,681,774,784,2023-04-15,2026-07-29
836b45fffffffff,14.647158,31.386305,168,10,0,41,122,5,0,2,6,2,2,5,157,4,154,171,2024-07-23,2026-07-25
836b46fffffffff,13.809097,29.545258,155,10,0,0,67,88,0,0,5,5,0,1,134,20,155,155,2025-03-01,2026-06-06
836b48fffffffff,12.592007,33.443536,57,4,0,50,4,3,0,2,1,1,0,0,27,30,57,68,2024-10-13,2026-02-15
836b49fffffffff,12.505722,34.564751,89,3,0,89,0,0,0,3,0,0,0,0,89,0,89,102,2024-07-08,2024-08-16
836b4bfffffffff,11.623715,33.880824,336,12,0,144,0,192,0,3,0,9,0,24,133,179,216,391,2024-08-03,2026-07-22
836b4cfffffffff,13.571512,32.997479,207,21,25,150,0,32,1,12,1,7,16,5,107,79,205,210,2023-05-07,2026-06-25
836b4dfffffffff,13.482937,34.131775,644,19,0,533,83,28,0,16,2,1,5,3,579,57,129,651,2024-06-13,2026-01-12
836b4efffffffff,12.674199,32.313389,56,7,0,18,1,37,0,2,1,4,0,0,45,11,49,56,2024-10-23,2026-06-11
836b50fffffffff,11.984093,28.218719,304,25,6,24,213,61,3,4,10,8,22,47,207,28,282,351,2023-09-17,2026-05-11
836b51fffffffff,11.920312,29.364552,826,101,20,67,297,442,7,8,25,61,12,46,523,245,793,861,2023-07-15,2026-07-04
836b52fffffffff,11.078994,27.569316,733,61,1,135,519,78,1,20,35,5,179,313,186,55,711,763,2023-11-30,2026-06-04
836b53fffffffff,11.019824,28.708642,34,4,0,17,0,17,0,3,0,1,5,3,9,17,32,34,2024-05-28,2026-03-23
836b54fffffffff,12.958439,27.719660,41,9,0,10,11,20,0,2,4,3,5,4,32,0,40,41,2024-10-07,2026-06-08
836b55fffffffff,12.894389,28.877359,1482,41,0,72,1284,126,0,7,27,7,20,10,340,1112,1476,1494,2024-03-07,2026-07-22
836b56fffffffff,12.043438,27.067892,48,6,0,17,3,28,0,4,1,1,0,22,18,8,39,94,2024-05-07,2026-05-19
836b58fffffffff,10.889697,30.970597,173,5,0,0,165,8,0,0,3,2,2,3,68,100,172,173,2025-11-29,2026-06-20
836b5cfffffffff,11.852231,30.504513,198,31,23,132,31,12,3,13,8,7,8,2,181,7,198,206,2023-08-30,2026-06-14
836b5dfffffffff,11.779997,31.637752,25,6,1,7,17,0,1,1,3,1,10,0,15,0,18,34,2023-10-23,2026-02-22
836b5efffffffff,10.956681,29.842684,358,27,45,23,122,168,4,5,8,10,4,87,120,147,358,418,2023-05-26,2026-07-01
836b65fffffffff,17.589562,31.121283,27,5,0,0,21,6,0,0,4,1,5,0,12,10,27,27,2025-04-01,2026-03-20
836b68fffffffff,15.469672,33.239155,398,39,54,311,33,0,3,28,8,0,0,1,249,148,398,398,2023-06-16,2025-04-18
836b6afffffffff,14.561662,32.542442,653,37,0,392,261,0,0,28,9,0,0,0,468,185,576,933,2024-01-14,2025-02-17
836b6bfffffffff,14.471117,33.689982,1514,105,315,522,651,26,9,74,20,2,222,4,710,578,1431,1570,2023-12-15,2026-05-02
836b6cfffffffff,16.477960,32.779072,5,4,0,5,0,0,0,4,0,0,0,0,5,0,4,8,2024-01-01,2024-10-13
836b6dfffffffff,16.378696,33.944506,10,1,0,10,0,0,0,1,0,0,10,0,0,0,10,10,2024-12-25,2024-12-25
836b6efffffffff,15.561839,32.078210,3225,328,1367,979,857,22,160,109,53,6,86,262,1724,1153,3116,3644,2023-02-09,2026-07-08
836b70fffffffff,14.871364,27.875041,110,17,5,30,4,71,1,1,2,13,0,4,65,41,110,120,2023-12-07,2026-07-26
836b71fffffffff,14.802193,29.051696,116,13,23,1,22,70,3,1,2,7,0,22,64,30,94,116,2023-05-04,2026-07-25
836b72fffffffff,13.942222,27.211285,173,5,0,0,173,0,0,0,5,0,0,0,74,99,173,173,2025-01-18,2025-04-20
836b73fffffffff,13.878295,28.380919,88,2,0,0,70,18,0,0,1,1,0,0,72,16,88,88,2025-02-25,2026-05-28
836b76fffffffff,14.934754,26.693414,111,6,0,2,109,0,0,2,4,0,2,0,96,13,111,113,2024-10-01,2025-03-22
836b80fffffffff,7.735769,18.376990,52,11,2,10,35,5,3,1,3,4,5,15,6,26,52,64,2023-03-23,2026-04-10
836b81fffffffff,7.707878,19.489403,3,2,3,0,0,0,1,1,0,0,3,0,0,0,3,21,2023-12-10,2024-05-22
836b82fffffffff,6.859037,17.827311,134,16,26,99,2,7,6,7,1,2,9,16,109,0,132,134,2023-04-28,2026-05-27
836b84fffffffff,8.648633,17.816125,13,1,13,0,0,0,1,0,0,0,12,1,0,0,13,13,2023-05-25,2023-05-25
836b85fffffffff,8.623243,18.936192,14,2,14,0,0,0,2,0,0,0,2,6,5,1,14,14,2023-11-02,2023-12-07
836b86fffffffff,7.760718,17.267325,91,13,39,30,21,1,3,6,3,1,30,38,23,0,78,104,2023-03-23,2026-01-06
836b88fffffffff,6.769098,21.140468,4,2,0,0,0,4,0,0,0,2,0,0,4,0,4,4,2026-04-02,2026-06-15
836b89fffffffff,6.732055,22.237099,23,4,1,19,3,0,1,2,1,0,0,4,19,0,14,23,2023-06-11,2025-05-07
836b8afffffffff,5.888415,20.513095,54,13,13,1,31,9,4,3,3,3,1,3,50,0,53,138,2023-03-19,2026-05-04
836b8bfffffffff,5.849999,21.610477,24,2,23,1,0,0,1,1,0,0,2,22,0,0,24,24,2023-04-18,2024-11-10
836b90fffffffff,6.018503,16.198166,133,18,18,23,88,4,5,4,7,2,15,85,18,15,129,136,2023-01-14,2026-07-01
836b92fffffffff,5.140370,15.570852,24,10,17,4,2,1,5,2,2,1,9,7,8,0,24,25,2023-01-02,2026-01-23
836b93fffffffff,5.108492,16.635661,14,6,4,9,1,0,2,3,1,0,4,1,9,0,13,16,2023-03-08,2025-06-28
836b94fffffffff,6.906108,15.632697,115,27,20,67,25,3,6,13,6,2,36,4,75,0,109,127,2023-04-19,2026-04-07
836b95fffffffff,6.883866,16.728056,16,4,0,14,2,0,0,3,1,0,6,0,10,0,16,27,2024-01-08,2025-01-20
836b96fffffffff,6.041268,15.113527,27,16,16,7,2,2,9,4,1,2,14,2,11,0,27,31,2023-01-07,2026-02-25
836b98fffffffff,5.038549,18.792423,2,1,0,0,0,2,0,0,0,1,0,0,1,1,2,2,2026-07-30,2026-07-30
836b99fffffffff,5.000464,19.883056,2,3,1,1,0,0,1,2,0,0,0,0,2,0,2,86,2023-09-18,2024-07-04
836b9afffffffff,4.146418,18.160123,1,1,1,0,0,0,1,0,0,0,0,0,1,0,1,1,2023-08-15,2023-08-15
836b9dfffffffff,5.924463,19.422468,5,2,4,0,1,0,1,0,1,0,0,0,5,0,5,5,2023-03-15,2025-08-07
836b9efffffffff,5.074556,17.709733,12,5,0,2,4,6,0,1,1,3,6,2,4,0,8,12,2024-01-21,2026-07-13
836ba0fffffffff,10.478920,17.804575,6,2,0,0,0,6,0,0,0,2,3,3,0,0,6,18,2026-01-11,2026-01-13
836ba3fffffffff,9.547136,18.374610,24,2,0,24,0,0,0,2,0,0,14,10,0,0,24,24,2024-03-17,2024-09-08
836ba8fffffffff,9.491095,20.637468,9,5,0,9,0,0,0,5,0,0,4,0,5,0,9,10,2024-10-07,2024-11-09
836ba9fffffffff,9.457546,21.770966,92,12,42,45,2,3,7,1,2,2,44,44,4,0,92,92,2023-01-24,2026-02-15
836baafffffffff,8.594540,20.058626,15,4,15,0,0,0,4,0,0,0,2,0,13,0,14,16,2023-07-31,2023-10-24
836babfffffffff,8.562537,21.182572,2,2,2,0,0,0,1,0,1,0,2,0,0,0,2,3,2023-04-11,2025-02-11
836baefffffffff,9.520965,19.505056,5,1,0,5,0,0,0,1,0,0,0,0,0,5,5,5,2024-05-09,2024-05-09
836bb0fffffffff,8.689469,15.586463,79,6,0,5,74,0,0,1,5,0,3,0,0,76,78,80,2024-08-30,2025-11-03
836bb1fffffffff,8.670705,16.699272,41,8,0,27,5,9,0,5,1,2,28,2,0,11,29,41,2024-09-07,2026-05-31
836bb2fffffffff,7.801790,15.059493,5,2,0,5,0,0,0,2,0,0,0,0,5,0,1,5,2024-01-30,2024-09-03
836bb3fffffffff,7.782722,16.161225,68,14,45,7,16,0,4,3,7,0,20,2,27,19,65,73,2023-02-06,2025-08-23
836bb4fffffffff,9.603472,15.003722,2,1,0,0,2,0,0,0,1,0,0,0,0,2,2,2,2025-11-20,2025-11-20
836bb5fffffffff,9.588376,16.123092,13,2,0,0,0,13,0,0,0,2,1,1,0,11,12,13,2026-06-06,2026-07-10
836d04fffffffff,16.156878,-94.151084,1,1,0,0,0,1,0,0,0,1,0,1,0,0,1,1,2026-01-18,2026-01-18
836d05fffffffff,15.478005,-93.263974,14,4,0,14,0,0,0,4,0,0,0,2,7,5,9,14,2024-02-10,2024-11-22
836d06fffffffff,15.717744,-95.232426,1,1,0,0,0,1,0,0,0,1,0,0,1,0,1,1,2026-07-26,2026-07-26
836d20fffffffff,17.702593,-92.875706,1473,97,0,831,623,19,0,31,56,10,8,29,7,1429,138,1467,2024-01-01,2026-07-11
836d21fffffffff,17.010704,-91.994081,1,1,0,0,0,1,0,0,0,1,0,0,0,1,1,1,2026-02-11,2026-02-11
836d23fffffffff,16.587991,-93.071381,187,25,7,157,9,14,4,14,3,4,31,1,4,151,68,181,2023-04-17,2026-07-08
836d24fffffffff,18.820954,-92.676877,1,1,0,1,0,0,0,1,0,0,0,0,0,1,0,1,2024-07-16,2024-07-16
836d25fffffffff,18.120986,-91.790096,1,1,0,0,1,0,0,0,1,0,0,1,0,0,1,1,2025-05-20,2025-05-20
836d26fffffffff,18.397850,-93.773664,44,28,2,19,23,0,1,14,13,0,1,4,2,37,22,50,2023-10-22,2025-12-07
836d28fffffffff,15.225536,-91.334368,1,1,0,0,1,0,0,0,1,0,0,0,0,1,1,2,2025-12-08,2025-12-08
836d29fffffffff,14.551612,-90.489785,116,66,23,41,26,26,4,33,14,15,13,14,52,37,105,127,2023-08-23,2026-06-10
836d2afffffffff,14.803321,-92.392568,30,19,4,20,5,1,3,13,2,1,0,0,7,23,17,32,2023-04-06,2026-02-06
836d2bfffffffff,14.133461,-91.536844,2,2,0,1,1,0,0,1,1,0,1,0,1,0,2,2,2024-09-17,2025-09-16
836d2efffffffff,15.904537,-92.194882,162,18,68,87,7,0,4,9,5,0,2,0,23,137,136,163,2023-04-01,2025-12-08
836d30fffffffff,17.524452,-95.972346,2,1,0,2,0,0,0,1,0,0,0,0,0,2,2,2,2024-01-21,2024-01-21
836d31fffffffff,16.839264,-95.053887,19,7,0,0,0,19,0,0,0,7,0,0,0,19,19,19,2026-02-20,2026-07-03
836d32fffffffff,17.074953,-97.072627,12,7,0,0,0,12,0,0,0,7,0,0,6,6,12,12,2026-02-22,2026-07-22
836d34fffffffff,18.658220,-95.796925,1,1,0,1,0,0,0,1,0,0,0,0,0,1,0,1,2024-12-27,2024-12-27
836d35fffffffff,17.965556,-94.872421,24,15,6,10,0,8,3,8,0,4,0,0,1,23,24,24,2023-03-25,2026-05-20
836d36fffffffff,18.211692,-96.906385,10,7,6,0,2,2,3,0,2,2,0,1,0,9,10,10,2023-01-06,2026-07-03
836d64fffffffff,14.020431,-86.814940,64,11,53,11,0,0,5,6,0,0,0,46,11,7,61,68,2023-03-04,2024-06-23
836d69fffffffff,10.138274,-84.490459,58,58,0,0,58,0,0,0,58,0,0,1,0,57,32,67,2025-01-20,2025-12-30
837280fffffffff,-3.157832,135.080169,4,3,0,0,4,0,0,0,3,0,0,2,2,0,4,4,2025-10-17,2025-12-01
837281fffffffff,-2.972557,136.235144,4,2,0,0,2,2,0,0,1,1,2,0,0,2,4,4,2025-08-13,2026-02-21
837283fffffffff,-4.054892,135.824501,14,9,0,7,3,4,0,2,3,4,7,0,7,0,9,14,2024-03-20,2026-05-10
837286fffffffff,-3.341292,133.928148,1,1,0,0,0,1,0,0,0,1,0,0,1,0,1,1,2026-02-04,2026-02-04
837288fffffffff,-3.683339,138.135410,56,34,6,23,11,16,4,16,9,5,17,11,21,7,44,60,2023-02-27,2026-06-06
837289fffffffff,-3.494971,139.292048,4,3,0,0,4,0,0,0,3,0,1,0,3,0,3,4,2025-01-08,2025-09-16
83728afffffffff,-4.763178,137.721830,17,8,15,1,0,1,5,1,1,1,8,5,4,0,14,18,2023-03-23,2026-05-18
83728bfffffffff,-4.576274,138.876769,35,17,8,1,12,14,4,1,10,2,9,8,6,12,32,53,2023-04-03,2026-07-02
83728efffffffff,-3.870055,136.979248,100,57,10,23,54,13,8,20,19,10,15,33,37,15,67,118,2023-03-22,2026-07-02
837290fffffffff,-5.487107,133.119473,1,1,0,0,0,1,0,0,0,1,0,0,1,0,1,1,2026-02-19,2026-02-19
83729dfffffffff,-4.947927,136.567702,4,2,0,2,0,2,0,1,0,1,1,1,1,1,4,4,2024-04-04,2026-02-11
8372a6fffffffff,-0.451303,132.842878,2,1,0,0,0,2,0,0,0,1,0,0,2,0,2,2,2026-03-16,2026-03-16
8372b0fffffffff,-2.624940,132.036911,1,1,1,0,0,0,1,0,0,0,0,0,1,0,1,1,2023-08-15,2023-08-15
8372b5fffffffff,-1.541102,132.439009,8,8,4,1,1,2,2,2,3,1,7,1,0,0,4,14,2023-11-30,2026-03-22
8372d0fffffffff,-4.196911,141.185326,5,2,0,0,5,0,0,0,2,0,1,4,0,0,5,9,2025-09-25,2025-10-19
8372d2fffffffff,-5.274022,140.768586,15,9,9,3,2,1,4,2,2,1,2,7,4,2,10,16,2023-08-27,2026-07-22
8372d6fffffffff,-4.387440,140.031580,36,10,0,2,20,14,0,2,5,3,2,0,29,5,29,37,2024-04-03,2026-07-20
8372d9fffffffff,-4.498339,145.353290,1,1,1,0,0,0,1,0,0,0,0,0,1,0,1,1,2023-07-21,2023-07-21
8372dafffffffff,-5.766017,143.795267,172,12,66,72,31,3,4,1,4,3,9,72,4,87,158,183,2023-06-12,2026-07-16
8372dcfffffffff,-3.811733,143.485906,26,3,0,26,0,0,0,3,0,0,0,0,26,0,25,63,2024-07-16,2024-07-18
8372defffffffff,-4.889120,143.067907,35,2,0,32,0,3,0,1,0,1,0,0,1,34,35,53,2024-09-11,2026-06-06
8372f3fffffffff,-2.217781,140.865861,1,1,0,0,1,0,0,0,1,0,0,1,0,0,1,1,2025-12-01,2025-12-01
83739bfffffffff,-0.639041,131.694328,1,1,0,0,1,0,0,0,1,0,0,0,1,0,1,1,2025-02-14,2025-02-14
837505fffffffff,7.723178,-2.355301,1,2,0,0,0,1,0,0,0,2,0,0,0,1,1,2,2026-01-20,2026-03-15
837522fffffffff,9.365631,-2.656439,30,3,0,0,25,5,0,0,2,1,0,0,0,30,30,30,2025-08-24,2026-03-07
837523fffffffff,8.555140,-2.037718,6,1,0,0,6,0,0,0,1,0,6,0,0,0,6,6,2025-08-27,2025-08-27
837525fffffffff,9.433954,-0.756451,1,1,0,0,0,1,0,0,0,1,0,0,0,1,1,1,2026-03-06,2026-03-06
83752afffffffff,6.921881,-1.745921,0,2,0,0,0,0,0,0,2,0,0,0,0,0,0,3,2025-07-22,2025-07-25
83752efffffffff,7.745456,-1.422978,1,1,0,0,0,1,0,0,0,1,0,0,0,1,1,1,2026-05-23,2026-05-23
837530fffffffff,10.131390,-4.206010,135,28,90,11,27,7,13,1,10,4,19,73,41,2,121,169,2023-01-29,2026-07-22
837532fffffffff,9.810566,-5.164519,13,3,13,0,0,0,3,0,0,0,1,10,2,0,15,14,2023-06-05,2023-08-07
837534fffffffff,10.986590,-3.905392,83,11,59,19,5,0,6,2,3,0,53,24,6,0,83,92,2023-01-26,2025-12-31
837535fffffffff,10.176319,-3.279034,11,11,0,4,7,0,3,2,3,3,7,4,0,0,11,43,2023-04-17,2026-07-22
837536fffffffff,10.720527,-4.864925,32,6,15,0,17,0,2,0,3,1,17,15,0,0,31,41,2023-06-07,2026-05-20
837586fffffffff,6.355921,-10.499483,1,1,0,1,0,0,0,1,0,0,0,0,1,0,1,1,2024-07-01,2024-07-01
837a08fffffffff,1.057276,42.676662,294,23,18,13,131,132,4,2,5,12,0,148,36,110,293,297,2023-05-05,2026-06-07
837a09fffffffff,1.117954,41.589061,49,2,40,0,0,9,1,0,0,1,0,40,0,9,49,49,2023-02-27,2026-04-14
837a0afffffffff,1.953439,43.211292,53,7,23,0,2,28,1,0,2,4,0,25,8,20,53,59,2023-08-12,2026-04-10
837a0bfffffffff,2.017784,42.132563,56,8,19,0,0,37,3,0,0,5,6,2,0,48,56,59,2023-03-14,2026-06-21
837a0cfffffffff,0.092681,43.222683,243,17,56,64,87,36,2,5,5,5,0,185,12,46,242,245,2023-03-03,2026-07-05
837a0dfffffffff,0.149459,42.135447,567,47,271,175,92,29,20,13,6,8,31,507,0,29,562,617,2023-02-05,2026-07-19
837a0efffffffff,0.996747,43.754830,163,17,5,39,0,119,1,4,0,12,0,42,15,106,163,163,2023-06-15,2026-07-13
837a18fffffffff,2.768975,44.799278,55,10,0,10,5,40,0,1,3,6,0,5,10,40,55,73,2024-07-10,2026-05-13
837a19fffffffff,2.837510,43.739368,433,49,72,23,183,155,5,3,16,25,23,262,14,134,422,539,2023-02-27,2026-07-28
837a1afffffffff,3.636356,45.311654,366,34,231,1,88,46,13,1,12,8,0,289,15,62,366,414,2023-01-14,2026-07-23
837a1bfffffffff,3.709101,44.260919,18,9,4,2,12,0,1,1,7,0,0,18,0,0,18,34,2023-10-28,2025-12-28
837a1cfffffffff,1.824494,45.339131,1662,218,420,355,719,168,57,48,82,31,157,1033,237,235,1635,2116,2023-01-10,2026-07-19
837a1dfffffffff,1.888983,44.280350,802,76,456,62,71,213,21,14,11,30,74,513,46,169,793,888,2023-01-16,2026-07-26
837a1efffffffff,2.700177,45.848713,1803,69,416,166,520,701,9,10,27,23,13,1081,1,708,1803,1862,2023-01-08,2026-07-26
837a2bfffffffff,-0.822753,42.683875,258,24,3,71,16,168,4,7,4,9,11,72,13,162,257,374,2023-03-29,2026-05-20
837a42fffffffff,1.300172,38.276542,6,2,0,0,0,6,0,0,0,2,0,0,0,6,6,6,2026-05-18,2026-05-18
837a44fffffffff,-0.605744,38.248392,12,3,0,0,0,12,0,0,0,3,8,4,0,0,11,12,2026-03-29,2026-04-25
837a45fffffffff,-0.549953,37.121012,3,2,0,0,0,3,0,0,0,2,0,1,2,0,3,3,2026-06-01,2026-06-09
837a46fffffffff,0.322101,38.821509,0,1,0,0,0,0,1,0,0,0,0,0,0,0,0,1,2023-01-17,2023-01-17
837a48fffffffff,1.481132,34.905294,1,1,0,1,0,0,0,1,0,0,0,0,1,0,0,1,2024-09-06,2024-09-06
837a49fffffffff,1.540823,33.772285,1,1,0,0,0,1,0,0,0,1,0,0,1,0,1,1,2026-01-01,2026-01-01
837a50fffffffff,2.145823,39.948695,1,1,1,0,0,0,1,0,0,0,0,1,0,0,1,1,2023-06-03,2023-06-03
837a52fffffffff,3.040647,40.502761,56,18,12,25,5,14,4,4,4,6,16,20,20,0,43,72,2023-06-02,2026-07-13
837a53fffffffff,3.107234,39.407111,1,2,0,0,1,0,1,0,1,0,0,0,1,0,1,7,2023-11-20,2025-01-11
837a55fffffffff,1.239474,39.388278,1,1,0,0,0,1,0,0,0,1,0,0,1,0,1,1,2026-06-21,2026-06-21
837a56fffffffff,2.081939,41.044804,62,5,6,50,0,6,2,1,0,2,11,50,0,1,61,102,2023-06-07,2026-07-28
837a63fffffffff,-1.543464,37.668936,2,2,0,0,2,0,1,0,1,0,0,0,2,0,2,3,2023-10-21,2025-08-04
837a69fffffffff,-1.379699,34.248529,7,6,0,4,3,0,0,3,3,0,0,0,7,0,7,7,2024-02-28,2025-10-30
837a6afffffffff,-0.493659,35.987823,1,1,0,0,0,1,0,0,0,1,0,0,0,1,1,1,2026-05-18,2026-05-18
837a6bfffffffff,-0.436923,34.849674,0,1,0,0,0,0,1,0,0,0,0,0,0,0,0,18,2023-07-07,2023-07-07
837a6efffffffff,-1.489705,36.533925,9,5,0,3,1,5,0,2,1,2,0,0,4,5,9,9,2024-06-13,2026-05-18
837a70fffffffff,-0.715586,40.482473,63,25,30,11,18,4,9,3,5,8,13,44,5,1,60,82,2023-01-17,2026-06-28
837a71fffffffff,-0.660974,39.369143,26,8,4,17,0,5,2,4,0,2,4,0,5,17,26,33,2023-01-11,2026-06-21
837a72fffffffff,0.206662,41.039036,12,3,0,6,6,0,0,1,2,0,2,4,6,0,12,12,2024-03-29,2025-11-19
837a73fffffffff,0.264230,39.934146,24,17,14,8,2,0,7,4,2,4,11,2,11,0,19,36,2023-02-14,2026-07-21
837a74fffffffff,-1.699157,41.033176,80,28,48,14,18,0,14,4,10,0,51,20,3,6,80,122,2023-01-17,2025-12-23
837a75fffffffff,-1.648236,39.919362,1,2,1,0,0,0,1,0,0,1,0,0,0,1,1,3,2023-01-17,2026-03-03
837a76fffffffff,-0.769529,41.587625,283,12,0,81,113,89,0,3,5,4,2,192,0,89,282,292,2024-07-22,2026-07-09
837a81fffffffff,6.072847,47.821900,470,3,9,261,0,200,1,1,0,1,0,9,261,200,470,470,2023-09-22,2026-06-09
837a83fffffffff,6.882299,48.299181,112,5,23,76,0,13,3,1,0,1,0,99,0,13,112,112,2023-02-14,2026-05-06
837a85fffffffff,5.166657,48.348167,400,17,212,91,27,70,6,6,4,1,5,321,2,72,398,478,2023-02-04,2026-04-09
837a8cfffffffff,6.159812,46.809913,14,2,0,3,11,0,0,1,1,0,0,11,3,0,14,14,2024-07-10,2025-07-20
837a8dfffffffff,6.245767,45.786800,50,1,0,50,0,0,0,1,0,0,0,0,0,50,50,50,2024-06-08,2024-06-08
837a8efffffffff,6.973942,47.296538,87,3,25,62,0,0,2,1,0,0,4,6,0,77,87,87,2023-03-08,2024-06-25
837a99fffffffff,8.660297,47.255426,311,17,290,0,1,20,15,0,1,1,1,0,11,299,311,472,2023-02-06,2026-06-22
837a9cfffffffff,7.677924,48.770171,1,1,0,0,0,1,0,0,0,1,0,0,1,0,1,1,2026-07-17,2026-07-17
837aa8fffffffff,4.413067,46.848230,484,22,335,111,38,0,12,6,4,0,137,346,1,0,484,488,2023-01-20,2025-12-06
837aa9fffffffff,4.490802,45.817520,443,50,133,20,137,153,6,1,26,17,8,249,9,177,441,532,2023-01-04,2026-07-23
837aaafffffffff,5.249710,47.338269,338,16,216,81,24,17,7,4,3,2,34,292,0,12,338,521,2023-05-28,2026-03-14
837aabfffffffff,5.332033,46.316924,482,21,221,149,105,7,10,4,6,1,21,449,7,5,482,495,2023-02-27,2026-01-04
837aacfffffffff,3.489539,47.380633,102,8,60,19,20,3,4,1,2,1,2,92,0,8,101,114,2023-04-22,2026-01-18
837aadfffffffff,3.563136,46.351729,1038,70,265,77,498,198,10,6,38,16,18,825,27,168,1033,1110,2023-01-06,2026-07-29
837aaefffffffff,4.334770,47.867624,392,17,161,202,29,0,6,6,5,0,0,392,0,0,392,394,2023-01-01,2025-12-18
837ac1fffffffff,6.655829,40.522419,0,1,0,0,0,0,1,0,0,0,0,0,0,0,0,3,2023-11-25,2023-11-25
837ac8fffffffff,7.653750,38.913096,133,119,47,11,31,44,15,40,49,15,41,38,47,7,66,1047,2023-03-15,2026-06-26
837ac9fffffffff,7.730005,37.828582,17,2,0,0,0,17,0,0,0,2,0,0,16,1,17,17,2026-01-08,2026-06-26
837acafffffffff,8.486166,39.461864,136,119,47,52,26,11,29,41,40,9,26,9,94,7,76,961,2023-01-18,2026-07-01
837acbfffffffff,8.565613,38.384784,200,115,68,95,30,7,27,41,42,5,18,62,83,37,134,1433,2023-02-03,2026-06-23
837accfffffffff,6.732996,39.443897,12,10,0,10,1,1,2,4,2,2,0,0,12,0,0,99,2023-11-12,2026-05-29
837acdfffffffff,6.808253,38.358357,44,9,8,20,1,15,3,3,1,2,5,10,14,15,38,70,2023-02-04,2026-06-23
837acefffffffff,7.575246,39.990991,180,56,44,50,40,46,5,28,15,8,43,18,116,3,157,399,2023-04-27,2026-03-16
837ad4fffffffff,7.241372,44.222946,10,4,10,0,0,0,4,0,0,0,0,0,10,0,10,10,2023-06-19,2023-08-25
837ad8fffffffff,9.219813,41.066992,26,36,3,8,15,0,13,13,10,0,1,0,25,0,3,212,2023-01-07,2025-09-15
837ad9fffffffff,9.309170,40.039420,100,36,31,7,50,12,7,9,15,5,3,17,23,57,89,257,2023-03-16,2026-05-31
837adafffffffff,10.043626,41.750289,46,2,0,0,46,0,0,0,2,0,2,43,1,0,45,46,2025-01-01,2025-10-27
837adbfffffffff,10.140011,40.722670,2,1,0,2,0,0,0,1,0,0,2,0,0,0,2,3,2024-07-17,2024-07-17
837addfffffffff,8.404268,40.532021,54,56,0,2,28,24,1,8,36,11,3,2,48,1,13,452,2023-12-09,2026-07-13
837adefffffffff,9.131901,42.121466,40,10,3,0,37,0,2,0,8,0,0,32,8,0,37,130,2023-07-28,2025-10-23
837ae0fffffffff,3.852768,42.129724,47,9,8,27,6,6,2,4,2,1,5,6,20,16,46,47,2023-06-07,2026-05-09
837ae1fffffffff,3.923489,41.050481,36,7,36,0,0,0,7,0,0,0,9,20,3,4,36,36,2023-01-16,2023-07-05
837ae4fffffffff,2.905694,42.669561,26,4,0,12,0,14,0,1,0,3,0,12,0,14,26,26,2024-09-18,2026-03-14
837ae5fffffffff,2.973437,41.590474,5,6,4,1,0,0,2,1,1,2,3,0,2,0,5,25,2023-07-05,2026-07-28
837ae6fffffffff,3.781272,43.200079,209,21,181,20,7,1,8,5,5,3,12,194,3,0,209,683,2023-01-19,2026-07-31
837ae8fffffffff,4.939281,39.425648,34,43,9,12,12,1,12,14,16,1,4,3,25,2,20,718,2023-01-30,2026-06-21
837ae9fffffffff,5.010010,38.331514,27,45,8,8,11,0,17,18,9,1,3,0,20,4,7,1093,2023-02-01,2026-05-31
837aeafffffffff,5.803944,39.977113,4,4,3,0,1,0,2,1,1,0,3,0,1,0,3,6,2023-01-01,2025-03-01
837aebfffffffff,5.877805,38.890737,62,35,22,0,18,22,13,13,7,2,30,10,21,1,59,480,2023-01-05,2026-07-19
837aedfffffffff,4.062200,38.868025,6,7,0,2,4,0,1,3,3,0,0,3,3,0,4,91,2023-09-11,2025-11-15
837aeefffffffff,4.867222,40.512667,7,1,0,0,7,0,0,0,1,0,0,0,0,7,7,7,2025-07-15,2025-07-15
837af3fffffffff,6.414124,43.709154,1,1,0,0,1,0,0,0,1,0,0,0,1,0,1,1,2025-08-25,2025-08-25
837af4fffffffff,4.567867,44.775982,63,14,22,7,27,7,3,2,6,3,7,7,15,34,61,82,2023-03-29,2026-07-11
837af5fffffffff,4.644152,43.724144,28,6,1,3,24,0,1,2,3,0,2,26,0,0,26,28,2023-12-26,2025-12-28
837b4cfffffffff,-6.522427,39.309847,490,30,0,2,488,0,0,2,28,0,0,0,490,0,54,497,2024-09-06,2025-11-03
837b4dfffffffff,-6.485101,38.161156,1,1,0,0,1,0,0,0,1,0,0,0,1,0,0,1,2025-10-29,2025-10-29
837b5bfffffffff,-2.638849,40.472084,84,10,74,10,0,0,7,3,0,0,4,66,14,0,84,84,2023-06-18,2024-05-01
838000fffffffff,-4.530155,-42.022416,14,15,7,5,2,0,8,5,2,0,0,0,2,12,14,15,2023-01-01,2025-07-30
838001fffffffff,-3.919147,-43.036435,18,11,2,8,8,0,2,4,5,0,0,0,2,16,18,18,2023-05-09,2025-06-06
838002fffffffff,-3.958484,-40.985563,15,5,4,11,0,0,2,3,0,0,3,0,1,11,15,17,2023-03-20,2024-12-07
838003fffffffff,-3.348860,-41.999648,43,39,23,18,2,0,22,15,2,0,1,2,7,33,43,46,2023-01-01,2025-05-26
838004fffffffff,-5.711449,-42.045257,1,1,1,0,0,0,1,0,0,0,0,0,0,1,1,1,2023-05-21,2023-05-21
838005fffffffff,-5.100346,-43.060907,374,357,173,140,61,0,167,132,58,0,7,22,38,307,374,381,2023-01-03,2025-08-14
838006fffffffff,-5.139747,-41.006684,2,2,1,0,1,0,1,0,1,0,0,0,0,2,2,2,2023-01-21,2025-01-06
838008fffffffff,-2.127966,-44.022115,150,150,69,44,37,0,73,40,37,0,8,5,46,91,145,162,2023-01-06,2025-08-31
838009fffffffff,-1.518116,-45.029252,1,1,0,1,0,0,0,1,0,0,0,0,0,1,1,1,2024-01-04,2024-01-04
83800cfffffffff,-3.307439,-44.048112,30,22,15,12,3,0,10,10,2,0,1,0,1,28,30,30,2023-01-16,2025-08-19
83800dfffffffff,-2.695743,-45.056826,46,41,11,24,11,0,12,20,9,0,0,1,5,40,45,48,2023-01-20,2025-08-17
83800efffffffff,-2.738450,-43.012041,7,4,7,0,0,0,4,0,0,0,0,0,1,6,7,7,2023-04-17,2023-11-25
838010fffffffff,-3.992724,-38.937121,211,156,125,76,10,0,96,55,5,0,11,14,26,160,207,227,2023-01-06,2025-06-16
838011fffffffff,-3.386010,-39.951021,51,21,34,16,1,0,9,11,1,0,0,2,6,43,51,51,2023-01-01,2025-08-17
838014fffffffff,-5.172539,-38.954844,4,1,4,0,0,0,1,0,0,0,0,0,1,3,4,4,2023-02-11,2023-02-11
838015fffffffff,-4.566612,-39.970416,11,6,8,2,1,0,4,1,1,0,0,0,4,7,11,11,2023-10-13,2025-10-01
838016fffffffff,-4.597166,-37.923444,15,8,5,9,0,1,4,3,0,1,0,0,1,14,15,15,2023-02-19,2026-02-20
83801cfffffffff,-2.777722,-40.964510,5,4,1,4,0,0,1,3,0,0,0,0,2,3,5,5,2023-12-17,2024-12-27
838020fffffffff,-7.460234,-43.110093,2,1,0,0,2,0,0,0,1,0,0,0,0,2,2,2,2025-07-31,2025-07-31
838023fffffffff,-6.281042,-43.085460,10,10,1,2,7,0,1,2,7,0,0,0,0,10,10,10,2023-09-09,2025-07-03
838024fffffffff,-8.636927,-43.134806,1,1,1,0,0,0,1,0,0,0,1,0,0,0,1,1,2023-12-01,2023-12-01
838026fffffffff,-8.070026,-42.091166,1,1,1,0,0,0,1,0,0,0,0,0,0,1,1,1,2023-02-27,2023-02-27
838028fffffffff,-5.054488,-45.112242,4,2,4,0,0,0,2,0,0,0,0,0,0,4,4,4,2023-04-24,2023-04-30
838029fffffffff,-4.440069,-46.120498,4,2,2,2,0,0,1,1,0,0,0,0,0,4,4,4,2023-05-20,2024-03-27
83802afffffffff,-4.487913,-44.074192,14,12,7,4,3,0,6,3,3,0,0,0,2,12,14,14,2023-01-08,2025-07-06
83802bfffffffff,-3.874866,-45.084490,11,11,6,4,1,0,5,5,1,0,0,0,2,9,11,12,2023-02-24,2025-08-13
83802efffffffff,-5.668386,-44.100358,1,1,1,0,0,0,1,0,0,0,1,0,0,0,1,1,2023-02-11,2023-02-11
838030fffffffff,-6.926813,-40.009397,2,1,0,2,0,0,0,1,0,0,0,0,0,2,2,2,2024-05-29,2024-05-29
838031fffffffff,-6.320508,-41.027875,1,1,0,0,1,0,0,0,1,0,0,0,0,1,1,1,2025-01-19,2025-01-19
838032fffffffff,-6.351853,-38.972627,13,9,12,0,1,0,8,0,1,0,0,0,0,13,13,13,2023-02-25,2025-01-21
838034fffffffff,-8.104412,-40.028985,11,10,11,0,0,0,10,0,0,0,0,0,1,10,11,11,2023-01-17,2023-09-18
838035fffffffff,-7.499764,-41.049135,15,13,10,5,0,0,8,5,0,0,0,1,0,14,15,15,2023-01-30,2024-12-28
838036fffffffff,-7.529668,-38.990468,10,10,8,2,0,0,7,3,0,0,1,0,0,9,10,11,2023-01-19,2024-12-29
838048fffffffff,2.089359,-50.977458,4,2,0,0,0,4,0,0,0,2,0,0,1,3,4,4,2026-06-07,2026-06-18
83804cfffffffff,0.935236,-51.013824,5,4,4,0,0,1,3,0,0,1,0,0,0,5,5,5,2023-01-01,2026-05-18
83804dfffffffff,1.527713,-51.985613,6,6,1,1,0,4,1,1,0,4,0,0,0,6,6,6,2023-10-07,2026-07-27
838054fffffffff,-0.909603,-46.032846,1,1,0,1,0,0,0,1,0,0,0,0,0,1,1,1,2024-06-25,2024-06-25
83806afffffffff,-0.223165,-51.050300,277,268,103,77,51,46,100,76,50,42,0,2,6,269,275,277,2023-01-03,2026-07-31
838072fffffffff,-2.084769,-46.061970,0,1,0,0,0,0,1,0,0,0,0,0,0,0,0,1,2023-06-01,2023-06-01
838102fffffffff,-12.182084,-41.134882,1,1,1,0,0,0,1,0,0,0,0,0,0,1,1,1,2023-07-30,2023-07-30
838103fffffffff,-11.583055,-42.160596,3,2,3,0,0,0,2,0,0,0,0,0,0,3,3,3,2023-04-17,2023-12-10
838108fffffffff,-10.370333,-44.205872,1,1,0,1,0,0,0,1,0,0,0,0,0,1,1,1,2024-10-15,2024-10-15
838109fffffffff,-9.758030,-45.224150,2,2,2,0,0,0,1,0,1,0,0,0,0,2,2,3,2023-01-12,2025-01-19
83810bfffffffff,-9.199809,-44.179365,5,4,3,2,0,0,2,2,0,0,0,0,1,4,5,5,2023-05-07,2024-12-02
83810dfffffffff,-10.925268,-45.252353,2,2,0,1,1,0,0,1,1,0,0,0,0,2,2,2,2024-12-31,2025-06-08
838110fffffffff,-12.206358,-39.062428,75,40,71,2,2,0,36,2,2,0,1,2,13,59,75,75,2023-01-17,2025-04-25
838111fffffffff,-11.615424,-40.088138,1,1,1,0,0,0,1,0,0,0,0,0,0,1,1,1,2023-09-02,2023-09-02
838112fffffffff,-11.632982,-38.020501,3,3,3,0,0,0,3,0,0,0,0,0,0,3,3,3,2023-01-06,2023-08-24
838114fffffffff,-13.362150,-39.080568,8,8,8,0,0,0,8,0,0,0,1,1,2,4,8,8,2023-01-22,2023-10-20
838116fffffffff,-12.790806,-38.036866,343,289,275,61,6,1,231,54,3,1,23,34,80,206,342,343,2023-01-02,2026-04-29
838118fffffffff,-9.849800,-41.091867,4,4,4,0,0,0,4,0,0,0,0,0,0,4,4,4,2023-08-22,2023-12-26
838119fffffffff,-9.245319,-42.114233,7,7,7,0,0,0,7,0,0,0,0,0,0,7,7,7,2023-04-30,2023-12-05
83811afffffffff,-9.279025,-40.048637,210,193,210,0,0,0,193,0,0,0,1,0,13,196,210,210,2023-01-03,2023-12-25
83811bfffffffff,-8.676522,-41.070466,25,20,23,2,0,0,19,1,0,0,0,0,0,25,25,25,2023-01-22,2024-03-27
83811efffffffff,-10.449680,-40.068355,3,3,3,0,0,0,3,0,0,0,0,0,0,3,3,3,2023-04-05,2023-10-12
838132fffffffff,-14.510783,-39.098769,3,1,3,0,0,0,1,0,0,0,0,0,0,3,3,3,2023-01-25,2023-01-25
838134fffffffff,-16.211188,-40.167932,3,3,1,0,2,0,1,0,2,0,2,0,0,1,3,3,2023-06-12,2025-09-02
838136fffffffff,-15.651409,-39.117031,1,1,1,0,0,0,1,0,0,0,0,0,0,1,1,1,2023-06-19,2023-06-19
838150fffffffff,-7.970525,-46.208994,11,10,3,8,0,0,2,8,0,0,0,0,2,9,11,11,2023-02-05,2024-11-19
838151fffffffff,-7.353016,-47.217626,1,1,0,1,0,0,0,1,0,0,0,0,0,1,1,1,2024-01-08,2024-01-08
838153fffffffff,-6.795365,-46.179401,1,1,0,1,0,0,0,1,0,0,0,0,1,0,1,1,2024-02-12,2024-02-12
838156fffffffff,-8.586364,-45.196037,1,1,0,1,0,0,0,1,0,0,0,0,0,1,1,1,2024-08-25,2024-08-25
838158fffffffff,-5.561212,-48.188702,1,2,0,0,1,0,1,0,1,0,0,0,1,0,0,3,2023-12-06,2025-06-21
83815afffffffff,-5.002397,-47.155460,85,73,16,61,8,0,14,51,8,0,0,0,6,79,83,86,2023-01-19,2025-08-18
83815bfffffffff,-4.386871,-48.156168,5,4,2,2,1,0,1,2,1,0,0,2,0,3,4,5,2023-12-03,2025-07-16
83815efffffffff,-6.178451,-47.186493,9,7,1,7,1,0,1,5,1,0,0,0,2,7,8,9,2023-06-16,2025-06-01
83816efffffffff,-9.530620,-51.346155,1,1,0,0,1,0,0,0,1,0,0,0,1,0,1,1,2025-10-22,2025-10-22
838180fffffffff,-8.728597,-34.912047,1,1,0,1,0,0,0,1,0,0,0,0,0,1,1,1,2024-12-14,2024-12-14
838181fffffffff,-8.141989,-35.924657,3,1,3,0,0,0,1,0,0,0,0,0,0,3,3,3,2023-10-12,2023-10-12
838183fffffffff,-7.560539,-34.901043,137,125,137,0,0,0,125,0,0,0,0,1,8,128,137,137,2023-01-01,2023-12-22
838185fffffffff,-9.310812,-35.937403,118,100,40,78,0,0,35,65,0,0,0,0,0,118,118,118,2023-01-02,2024-12-24
838188fffffffff,-6.375018,-36.924978,13,10,6,4,2,1,3,4,2,1,0,1,2,10,13,13,2023-01-07,2026-02-27
838189fffffffff,-5.775568,-37.939486,102,97,36,40,15,11,33,41,14,9,4,1,6,91,102,110,2023-01-31,2026-03-10
83818afffffffff,-5.796489,-35.899294,66,59,16,25,23,2,18,22,17,2,2,0,4,60,64,70,2023-01-17,2026-02-25
83818bfffffffff,-5.198646,-36.910625,217,209,85,82,32,18,84,80,30,15,2,5,6,204,217,222,2023-01-09,2026-03-09
83818cfffffffff,-7.549904,-36.939379,14,13,14,0,0,0,13,0,0,0,0,0,2,12,14,14,2023-01-14,2023-09-22
83818dfffffffff,-6.952974,-37.955581,7,7,6,0,0,1,6,0,0,1,0,0,1,6,7,7,2023-01-21,2026-02-09
83818efffffffff,-6.970223,-35.911954,9,9,8,0,0,1,8,0,0,1,0,0,0,9,9,9,2023-01-23,2026-02-24
838199fffffffff,-5.218069,-34.879145,100,87,56,23,21,0,48,22,17,0,0,8,6,86,97,101,2023-01-12,2025-12-19
83819dfffffffff,-6.390039,-34.890076,56,45,33,13,10,0,25,12,8,0,1,3,6,46,56,57,2023-01-26,2025-11-30
8381a1fffffffff,-11.055879,-36.982872,89,79,87,2,0,0,77,2,0,0,0,5,1,83,89,89,2023-01-01,2024-11-28
8381a3fffffffff,-10.475738,-35.950191,6,5,0,6,0,0,0,5,0,0,0,0,0,6,6,6,2024-02-19,2024-12-08
8381a8fffffffff,-9.300840,-37.987933,4,3,3,1,0,0,2,1,0,0,0,0,0,4,4,4,2023-03-01,2024-10-23
8381a9fffffffff,-8.704995,-39.008368,1,1,1,0,0,0,1,0,0,0,0,0,0,1,1,1,2023-04-19,2023-04-19
8381aafffffffff,-8.722320,-36.953829,5,1,5,0,0,0,1,0,0,0,0,0,4,1,5,5,2023-01-26,2023-01-26
8381abfffffffff,-8.128391,-37.971730,2,2,2,0,0,0,2,0,0,0,0,0,1,1,2,2,2023-03-12,2023-05-05
8381acfffffffff,-10.469352,-38.004190,9,9,9,0,0,0,9,0,0,0,0,0,0,9,9,9,2023-01-02,2023-11-02
8381adfffffffff,-9.876855,-39.026328,4,1,4,0,0,0,1,0,0,0,0,0,0,4,4,4,2023-11-12,2023-11-12
8381aefffffffff,-9.891296,-36.968326,44,36,21,23,0,0,15,21,0,0,0,3,2,39,44,44,2023-01-11,2024-12-08
838230fffffffff,-5.954430,12.167509,3,1,0,0,3,0,0,0,1,0,0,0,3,0,3,3,2025-05-12,2025-05-12
838232fffffffff,-5.037838,12.818011,25,22,0,20,5,0,1,12,9,0,3,5,2,15,10,215,2023-05-05,2025-06-25
838233fffffffff,-4.952437,11.745795,5,1,0,5,0,0,0,1,0,0,0,5,0,0,5,25,2024-05-25,2024-05-25
83828bfffffffff,3.476643,11.194509,1,1,1,0,0,0,1,0,0,0,0,0,1,0,1,1,2023-01-17,2023-01-17
838292fffffffff,4.185127,17.078165,3,1,3,0,0,0,1,0,0,0,3,0,0,0,3,3,2023-04-07,2023-04-07
838293fffffffff,4.222040,16.005279,2,2,0,0,0,2,0,1,0,1,0,0,0,2,2,4,2024-10-17,2026-01-02
83829afffffffff,5.170207,14.515912,4,2,3,0,1,0,1,0,1,0,3,1,0,0,4,4,2023-09-10,2025-06-03
83829efffffffff,4.257161,14.942093,4,2,0,0,4,0,0,1,1,0,1,3,0,0,4,6,2024-11-02,2025-03-05
8382b6fffffffff,0.421378,17.793877,1,1,0,0,1,0,0,0,1,0,0,0,1,0,1,1,2025-01-01,2025-01-01
8382d0fffffffff,3.540488,9.176281,3,3,1,1,1,0,1,1,1,0,1,0,2,0,3,3,2023-09-08,2025-09-06
8382d2fffffffff,4.406400,9.790974,114,49,58,9,29,18,22,5,13,9,33,28,50,3,111,120,2023-01-11,2026-07-16
8382d3fffffffff,4.431143,8.797010,53,23,21,26,4,2,11,7,3,2,10,22,21,0,47,56,2023-01-05,2026-05-11
8382d8fffffffff,4.475785,6.848383,36,12,5,7,20,4,4,1,4,3,3,2,3,28,35,47,2023-01-07,2026-06-29
8382dafffffffff,5.300547,7.269416,147,66,27,45,56,19,20,18,15,13,43,37,57,10,80,187,2023-01-09,2026-06-27
8382dbfffffffff,5.309267,6.255322,55,31,15,9,7,24,5,6,5,15,10,6,8,31,52,56,2023-01-23,2026-07-21
8382defffffffff,4.454258,7.816043,4,3,0,2,0,2,0,1,0,2,1,1,2,0,3,4,2024-10-15,2026-07-26
838332fffffffff,-12.245511,15.952940,0,1,0,0,0,0,0,0,0,1,0,0,0,0,0,1,2026-02-15,2026-02-15
838381fffffffff,-5.288535,16.106205,44,5,41,3,0,0,3,2,0,0,0,0,44,0,40,44,2023-08-11,2024-11-10
838382fffffffff,-4.429197,17.881501,3,2,0,0,0,3,0,0,0,2,1,0,0,2,3,2,2026-01-05,2026-01-05
838383fffffffff,-4.353030,16.762443,112,16,64,42,6,0,7,6,3,0,0,0,88,24,112,126,2023-01-01,2025-08-26
83838cfffffffff,-5.206022,14.998816,3,2,0,3,0,0,0,2,0,0,0,0,3,0,3,3,2024-03-28,2024-09-25
83838dfffffffff,-5.122411,13.902544,1,1,0,0,1,0,0,0,1,0,0,0,1,0,1,1,2025-09-21,2025-09-21
83838efffffffff,-4.275891,15.653335,137,17,100,1,25,11,3,1,5,8,0,0,137,0,136,134,2023-03-08,2026-07-25
838395fffffffff,-4.504273,19.009780,15,1,0,0,15,0,0,0,1,0,0,0,15,0,13,15,2025-04-01,2025-04-01
838399fffffffff,-2.347028,15.855475,0,1,0,0,0,0,1,0,0,0,0,0,0,0,0,1,2023-07-20,2023-07-20
83839cfffffffff,-3.417328,17.416791,31,6,3,25,3,0,1,2,3,0,0,0,31,0,30,32,2023-12-31,2025-08-14
83839dfffffffff,-3.345206,16.306267,38,6,0,14,22,2,0,2,3,1,0,0,38,0,30,42,2024-09-26,2026-02-26
8383abfffffffff,-6.134746,14.342876,3,1,0,0,3,0,0,0,1,0,0,0,3,0,3,3,2025-02-16,2025-02-16
8383b1fffffffff,-6.478133,18.827149,0,1,0,0,0,0,0,0,1,0,0,0,0,0,0,1,2025-03-12,2025-03-12
838a04fffffffff,-8.818177,-62.857391,3,2,3,0,0,0,2,0,0,0,0,0,0,3,3,3,2023-02-27,2023-10-09
838a05fffffffff,-8.204981,-63.739896,1,1,0,1,0,0,0,1,0,0,0,0,0,1,1,1,2024-03-27,2024-03-27
838a1bfffffffff,-3.895042,-61.723860,1,1,0,0,1,0,0,0,1,0,0,0,1,0,1,1,2025-05-10,2025-05-10
838a1dfffffffff,-5.511604,-62.703703,8,7,0,0,0,8,0,0,0,7,0,0,0,8,8,8,2026-01-11,2026-07-27
838a21fffffffff,-9.812891,-64.747521,3,3,2,1,0,0,2,1,0,0,0,0,0,3,3,3,2023-04-30,2024-03-03
838a22fffffffff,-9.921722,-62.909248,5,4,3,2,0,0,2,2,0,0,0,0,0,5,5,5,2023-04-09,2024-03-22
838a23fffffffff,-9.313782,-63.795417,132,128,99,30,0,3,96,30,0,2,2,5,5,120,129,134,2023-01-12,2026-06-09
838a24fffffffff,-11.535539,-63.907778,1,1,0,1,0,0,0,1,0,0,0,0,0,1,1,1,2024-05-03,2024-05-03
838a25fffffffff,-10.929865,-64.807669,3,3,1,2,0,0,1,2,0,0,0,0,0,3,2,3,2023-01-04,2024-04-06
838a26fffffffff,-11.026492,-62.961514,2,2,1,1,0,0,1,1,0,0,0,0,0,2,2,2,2023-06-11,2024-05-23
838a2cfffffffff,-9.192833,-65.649575,6,6,5,0,1,0,5,0,1,0,0,0,0,6,6,6,2023-02-25,2025-07-01
838a2efffffffff,-8.697184,-64.687846,3,3,3,0,0,0,3,0,0,0,0,0,0,3,3,3,2023-08-21,2023-10-12
838a32fffffffff,-9.576891,-60.127488,1,1,0,1,0,0,0,1,0,0,0,0,0,1,0,1,2024-01-27,2024-01-27
838a34fffffffff,-11.163190,-61.130982,1,1,1,0,0,0,1,0,0,0,0,0,0,1,1,1,2023-02-26,2023-02-26
838a35fffffffff,-10.535189,-62.025622,12,12,10,2,0,0,10,2,0,0,1,0,0,11,12,12,2023-02-14,2024-05-09
838a45fffffffff,-3.710625,-70.070478,3,2,0,0,0,3,0,0,0,2,0,0,2,1,3,3,2026-03-01,2026-06-01
838a48fffffffff,-0.800610,-70.823265,8,2,0,0,0,8,0,0,0,2,0,5,3,0,8,8,2026-01-01,2026-01-02
838a49fffffffff,-0.133009,-71.740192,4,1,0,0,4,0,0,0,1,0,0,4,0,0,4,4,2025-11-05,2025-11-05
838a4bfffffffff,0.310775,-70.739966,12,2,0,0,0,12,0,0,0,2,0,12,0,0,12,12,2026-03-26,2026-03-27
838a4efffffffff,-1.465647,-69.909284,1,1,0,0,1,0,0,0,1,0,0,0,1,0,1,1,2025-10-22,2025-10-22
838a8cfffffffff,-2.917565,-57.963405,3,3,0,0,0,3,0,0,0,3,0,0,1,2,3,3,2026-02-02,2026-07-05
838a8efffffffff,-2.380059,-56.990116,1,1,1,0,0,0,1,0,0,0,0,1,0,0,1,1,2023-12-08,2023-12-08
838ad0fffffffff,0.511486,-59.695196,0,1,0,0,0,0,1,0,0,0,0,0,0,0,0,1,2023-12-14,2023-12-14
838ad1fffffffff,1.082458,-60.591002,1,1,1,0,0,0,1,0,0,0,0,0,0,1,1,1,2023-11-16,2023-11-16
838ad8fffffffff,2.745210,-61.426844,1,2,0,1,0,0,0,2,0,0,0,0,1,0,1,2,2024-01-07,2024-12-22
838ad9fffffffff,3.292587,-62.300029,1,1,0,1,0,0,0,1,0,0,0,0,1,0,1,1,2024-06-07,2024-06-07
838adafffffffff,3.292566,-60.494524,72,69,22,14,36,0,19,14,36,0,0,0,6,66,54,77,2023-01-03,2025-11-23
838addfffffffff,2.202006,-62.350032,3,3,2,1,0,0,2,1,0,0,0,0,3,0,3,3,2023-07-03,2024-03-17
838adefffffffff,2.189804,-60.542698,7,7,1,3,3,0,1,3,3,0,0,0,3,4,7,7,2023-01-15,2025-08-13
838ae4fffffffff,-3.802760,-63.522094,2,2,0,0,0,2,0,0,0,2,0,0,1,1,2,2,2026-01-20,2026-05-26
838af4fffffffff,-3.376423,-60.785515,1,1,0,1,0,0,0,1,0,0,0,0,1,0,1,1,2024-06-25,2024-06-25
838af6fffffffff,-2.851320,-59.838117,863,816,276,363,133,91,259,340,128,89,13,24,49,777,794,867,2023-05-13,2026-07-16
838b10fffffffff,-15.073207,-60.372288,9,8,0,8,1,0,0,7,1,0,1,1,2,5,7,9,2024-01-27,2025-04-28
838b16fffffffff,-15.710670,-59.452283,22,18,1,21,0,0,1,17,0,0,9,3,0,10,19,22,2023-12-11,2024-12-21
838b1bfffffffff,-11.629377,-62.076384,3,3,2,1,0,0,2,1,0,0,0,0,1,2,3,3,2023-11-22,2024-02-12
838b1efffffffff,-13.351758,-61.230890,1,1,0,1,0,0,0,1,0,0,0,0,0,1,1,1,2024-02-02,2024-02-02
838b40fffffffff,-11.199876,-69.628688,3,3,0,1,2,0,0,1,2,0,0,0,0,3,3,3,2024-10-23,2025-11-02
838b42fffffffff,-10.695516,-68.614739,14,15,3,4,7,0,3,4,8,0,0,0,1,13,13,16,2023-01-01,2025-12-13
838b49fffffffff,-8.094785,-72.367473,9,10,3,2,4,0,3,2,5,0,0,1,2,6,7,10,2023-02-24,2025-11-17
838b4afffffffff,-8.263375,-70.400443,5,6,1,2,2,0,1,2,3,0,0,0,1,4,5,6,2023-03-02,2025-11-03
838b51fffffffff,-10.192521,-67.613331,135,124,68,45,20,2,59,43,21,1,16,17,20,82,133,137,2023-01-01,2026-05-05
838b52fffffffff,-10.315026,-65.713487,1,1,1,0,0,0,1,0,0,0,0,0,0,1,1,1,2023-11-13,2023-11-13
838b53fffffffff,-9.691448,-66.624833,2,2,2,0,0,0,2,0,0,0,0,0,1,1,2,2,2023-05-01,2023-11-26
838b5cfffffffff,-9.557066,-68.538287,2,2,1,1,0,0,1,1,0,0,0,0,0,2,2,2,2023-11-05,2024-11-12
838b5dfffffffff,-8.913834,-69.467479,3,3,1,0,2,0,1,0,2,0,0,0,0,3,1,3,2023-03-15,2025-12-12
838b5efffffffff,-9.059590,-67.541293,1,1,0,1,0,0,0,1,0,0,0,1,0,0,1,1,2024-09-06,2024-09-06
838b6dfffffffff,-12.060924,-73.701867,6,1,6,0,0,0,1,0,0,0,0,6,0,0,6,6,2023-03-18,2023-03-18
838b80fffffffff,-12.094286,-56.403984,1,1,0,1,0,0,0,1,0,0,0,0,1,0,1,1,2024-11-03,2024-11-03
838b82fffffffff,-11.598016,-55.404776,19,17,1,18,0,0,1,16,0,0,1,3,1,14,17,19,2023-12-24,2024-12-16
838b84fffffffff,-13.214551,-56.448459,7,7,0,6,1,0,0,6,1,0,0,0,3,4,3,7,2024-01-08,2025-01-01
838b86fffffffff,-12.725930,-55.447942,29,28,0,28,1,0,0,27,1,0,1,6,5,17,17,29,2024-01-07,2025-02-27
838b89fffffffff,-9.084732,-59.164794,2,2,0,2,0,0,0,2,0,0,0,0,1,1,0,2,2024-03-20,2024-11-16
838b8afffffffff,-9.209159,-57.259486,1,1,0,1,0,0,0,1,0,0,0,0,0,1,1,1,2024-01-14,2024-01-14
838b8dfffffffff,-10.203518,-59.212376,2,2,0,2,0,0,0,2,0,0,0,0,1,1,1,2,2024-04-17,2024-11-25
838b8efffffffff,-10.338452,-57.304831,1,1,0,1,0,0,0,1,0,0,0,0,0,1,0,1,2024-11-10,2024-11-10
838b91fffffffff,-11.093128,-54.398820,1,1,0,1,0,0,0,1,0,0,0,0,1,0,1,1,2024-01-02,2024-01-02
838b93fffffffff,-10.579990,-53.386674,3,3,0,3,0,0,0,3,0,0,0,0,1,2,3,3,2024-02-28,2024-03-19
838b95fffffffff,-12.228276,-54.440632,2,1,0,0,2,0,0,0,1,0,0,0,2,0,0,2,2025-04-10,2025-04-10
838b9cfffffffff,-10.464264,-55.361736,1,1,0,1,0,0,0,1,0,0,0,0,0,1,0,1,2024-02-22,2024-02-22
838b9dfffffffff,-9.836045,-56.315421,2,2,0,2,0,0,0,2,0,0,0,0,0,2,2,2,2024-05-07,2024-12-03
838ba0fffffffff,-14.798787,-57.487518,10,10,1,9,0,0,1,9,0,0,0,0,2,8,7,10,2023-12-24,2024-12-01
838ba2fffffffff,-14.327835,-56.493064,6,5,0,6,0,0,0,5,0,0,1,1,1,3,2,6,2024-01-03,2024-04-04
838ba3fffffffff,-13.693836,-57.441649,3,3,0,3,0,0,0,3,0,0,0,0,3,0,3,3,2024-03-17,2024-11-11
838ba4fffffffff,-15.895715,-57.533518,15,14,0,14,1,0,0,13,1,0,0,5,1,9,12,15,2024-01-06,2025-05-01
838ba5fffffffff,-15.259798,-58.474085,14,11,0,14,0,0,0,11,0,0,1,6,2,5,14,14,2024-01-05,2024-11-29
838ba6fffffffff,-15.433369,-56.537799,36,22,0,24,12,0,0,19,3,0,7,6,8,15,19,36,2024-02-02,2025-11-09
838baafffffffff,-11.949053,-58.333233,2,1,0,2,0,0,0,1,0,0,0,0,2,0,2,2,2024-09-01,2024-09-01
838babfffffffff,-11.317571,-59.260090,4,3,2,2,0,0,1,2,0,0,0,1,0,3,4,4,2023-12-16,2024-12-14
838bacfffffffff,-13.528270,-59.355918,4,3,0,4,0,0,0,3,0,0,0,1,2,1,3,4,2024-03-23,2024-11-07
838badfffffffff,-12.893722,-60.273965,20,19,8,12,0,0,6,13,0,0,1,0,0,19,20,21,2023-07-31,2024-05-30
838bb1fffffffff,-13.847181,-55.491235,3,4,0,3,0,0,0,4,0,0,0,0,1,2,2,4,2024-01-25,2024-10-01
838bb3fffffffff,-13.357101,-54.482568,1,1,0,1,0,0,0,1,0,0,0,0,0,1,1,1,2024-03-18,2024-03-18
838bb4fffffffff,-15.592541,-54.566819,2,2,0,1,1,0,0,1,1,0,0,1,1,0,2,2,2024-12-05,2025-04-16
838bb5fffffffff,-14.960976,-55.534657,2,1,0,2,0,0,0,1,0,0,2,0,0,0,2,2,2024-09-30,2024-09-30
838c10fffffffff,-6.635780,106.882171,2,2,1,0,1,0,1,0,1,0,0,0,2,0,2,2,2023-08-12,2025-08-28
838c8cfffffffff,-2.228311,105.246157,1,1,0,1,0,0,0,1,0,0,0,0,1,0,1,1,2024-11-24,2024-11-24
838d8cfffffffff,-7.494400,110.469679,2,2,0,2,0,0,0,2,0,0,0,0,2,0,2,2,2024-09-21,2024-11-24
838e45fffffffff,-14.220872,-75.949953,1,1,0,0,0,1,0,0,0,1,1,0,0,0,1,1,2026-02-01,2026-02-01
838e65fffffffff,-11.398991,-74.663870,1,1,0,0,0,1,0,0,0,1,1,0,0,0,1,1,2026-02-26,2026-02-26
838f0dfffffffff,-3.809115,-80.070656,156,46,4,48,69,35,3,26,6,11,13,7,4,132,146,164,2023-01-13,2026-04-25
838f28fffffffff,-1.503563,-79.829214,83,58,17,13,23,30,16,28,6,8,1,0,10,72,57,117,2023-03-09,2026-04-10
838f29fffffffff,-2.189822,-78.885838,9,6,3,0,0,6,1,3,0,2,0,0,0,9,6,12,2023-12-17,2026-03-27
838f2afffffffff,-1.964447,-80.894387,75,45,51,12,5,7,35,6,1,3,0,0,7,68,31,86,2023-01-16,2026-07-12
838f2bfffffffff,-2.653224,-79.949496,550,275,291,96,78,85,180,38,21,36,25,31,54,440,405,629,2023-01-01,2026-06-17
838f2cfffffffff,-0.361016,-79.709803,165,50,17,25,41,82,13,10,19,8,0,0,1,164,137,191,2023-01-24,2026-04-23
838f2dfffffffff,-1.044448,-78.769768,1,1,0,0,1,0,0,0,1,0,1,0,0,0,1,1,2025-11-22,2025-11-22
838f2efffffffff,-0.817750,-80.770826,520,542,140,137,204,39,193,128,196,25,1,5,28,486,259,823,2023-01-03,2026-06-14
838f59fffffffff,-10.054815,-76.590567,9,2,6,0,0,3,1,0,0,1,4,2,3,0,9,9,2023-09-04,2026-07-24
838f5efffffffff,-8.688167,-78.517225,3,1,0,0,0,3,0,0,0,1,0,0,2,1,3,3,2026-07-13,2026-07-13
838f6bfffffffff,-7.428151,-73.312615,2,1,0,0,2,0,0,0,1,0,0,0,0,2,2,2,2025-08-25,2025-08-25
838f76fffffffff,-3.341852,-79.002762,4,3,0,4,0,0,0,3,0,0,0,0,1,3,2,4,2024-07-22,2024-10-15
839500fffffffff,-5.481219,119.601441,1,1,0,1,0,0,0,1,0,0,0,0,1,0,1,1,2024-05-05,2024-05-05
839505fffffffff,-4.470322,119.948558,11,1,11,0,0,0,1,0,0,0,1,4,6,0,7,11,2023-01-01,2023-01-01
83960bfffffffff,-10.986956,25.528234,0,1,0,0,0,0,0,1,0,0,0,0,0,0,0,1,2024-10-25,2024-10-25
83961bfffffffff,-9.089950,28.042027,10,1,0,10,0,0,0,1,0,0,0,0,1,9,10,10,2024-08-15,2024-08-15
83961dfffffffff,-11.126983,27.926109,2,1,0,2,0,0,0,1,0,0,2,0,0,0,2,2,2024-05-12,2024-05-12
839634fffffffff,-15.431016,32.576153,16,7,0,13,1,2,0,5,1,1,0,0,16,0,16,16,2024-10-24,2026-06-16
83964cfffffffff,-12.467177,18.262256,20,1,0,0,20,0,0,0,1,0,0,0,0,20,0,0,2025-01-01,2025-01-01
839686fffffffff,-6.356117,34.677300,1,2,0,0,1,0,0,0,2,0,0,0,1,0,1,1676,2025-10-29,2025-10-29
839688fffffffff,-5.169906,30.613854,1,1,0,0,1,0,0,0,1,0,0,0,1,0,1,1,2025-05-04,2025-05-04
83968bfffffffff,-4.142073,30.075748,25,22,7,9,9,0,7,9,6,0,0,0,25,0,20,26,2023-01-01,2025-07-28
83968dfffffffff,-6.145228,29.978720,0,1,0,0,0,0,0,0,1,0,0,0,0,0,0,1,2025-12-06,2025-12-06
839692fffffffff,-3.445909,36.491075,10,5,0,0,9,1,0,0,4,1,0,0,10,0,8,10,2025-10-29,2026-02-12
839698fffffffff,-3.289291,33.028740,438,3,0,0,438,0,0,0,3,0,0,0,438,0,305,438,2025-10-29,2025-10-29
83969bfffffffff,-2.275239,32.486718,58,7,0,0,58,0,0,0,7,0,0,0,58,0,29,57,2025-10-29,2025-10-31
8396a1fffffffff,-9.314500,32.808111,5,3,0,0,5,0,0,0,3,0,0,0,5,0,5,5,2025-10-29,2025-10-29
8396a3fffffffff,-8.324486,33.437245,4,3,0,0,4,0,0,0,3,0,0,0,4,0,4,5,2025-10-29,2025-10-29
8396b3fffffffff,-6.401939,35.843982,0,1,0,0,0,0,0,0,1,0,0,0,0,0,0,1,2025-12-27,2025-12-27
8396c1fffffffff,-5.824003,24.107617,47,5,6,39,2,0,1,3,1,0,0,2,0,45,47,47,2023-04-22,2025-01-02
8396d0fffffffff,-4.022622,27.740038,3,2,0,3,0,0,0,2,0,0,0,1,2,0,3,18,2024-12-02,2024-12-10
8396d1fffffffff,-3.960477,26.574138,0,1,0,0,0,0,0,0,1,0,0,0,0,0,0,23,2025-09-14,2025-09-14
8396d2fffffffff,-3.060115,28.378629,493,96,2,34,427,30,2,7,74,13,61,6,414,12,343,7953,2023-04-16,2026-07-26
8396d3fffffffff,-2.999619,27.216426,1,4,1,0,0,0,1,0,3,0,0,0,1,0,1,26,2023-08-26,2025-12-07
8396d4fffffffff,-5.051661,28.268243,1,4,0,1,0,0,0,2,1,1,0,0,1,0,1,26,2024-01-04,2026-05-05
8396d6fffffffff,-4.083180,28.907564,495,98,59,65,137,234,14,9,32,43,53,198,132,112,395,3904,2023-01-19,2026-07-31
8396dcfffffffff,-3.896831,25.410822,1,1,0,0,1,0,0,0,1,0,0,0,1,0,1,1,2025-05-21,2025-05-21
8396e0fffffffff,-8.954528,25.663453,15,3,0,0,0,15,0,0,0,3,0,7,4,4,10,16,2026-01-11,2026-07-28
8396e2fffffffff,-7.976330,26.321546,2,1,0,2,0,0,0,1,0,0,0,0,2,0,2,2,2024-12-08,2024-12-08
8396e6fffffffff,-9.024094,26.851513,11,4,0,4,2,5,0,2,1,1,0,2,8,1,11,11,2024-11-30,2026-03-03
8396eafffffffff,-6.790520,23.450116,7,2,0,2,0,5,0,1,0,1,0,0,2,5,7,7,2024-12-30,2026-05-15
8396f2fffffffff,-6.085855,28.801010,1,1,0,1,0,0,0,1,0,0,0,0,0,1,1,1,2024-10-08,2024-10-08
8396f3fffffffff,-6.023957,27.624059,4,1,0,4,0,0,0,1,0,0,0,4,0,0,4,4,2024-02-08,2024-02-08
8396f4fffffffff,-8.106183,28.692707,1,1,0,0,0,1,0,0,0,1,0,0,1,0,1,1,2026-05-06,2026-05-06
8396f5fffffffff,-8.042915,27.506187,5,3,0,5,0,0,0,3,0,0,2,0,3,0,5,5,2024-01-31,2024-12-29
8396f6fffffffff,-7.124295,29.338306,8,4,4,0,4,0,3,0,1,0,1,3,1,3,8,9,2023-04-09,2025-03-07
839702fffffffff,-19.524282,33.654375,8,5,1,6,0,1,1,3,0,1,0,0,8,0,7,8,2023-12-27,2026-05-09
839705fffffffff,-21.501212,32.331978,1,1,0,0,0,1,0,0,0,1,0,0,1,0,1,1,2026-05-15,2026-05-15
839710fffffffff,-18.550754,35.533791,7,4,1,5,1,0,1,2,1,0,0,0,7,0,5,35,2023-12-12,2025-01-05
839711fffffffff,-18.528694,34.305587,10,5,0,9,1,0,0,4,1,0,0,0,10,0,10,10,2024-10-21,2025-02-04
839712fffffffff,-17.549877,36.170353,3,1,0,0,3,0,0,0,1,0,1,2,0,0,3,3,2025-02-02,2025-02-02
839713fffffffff,-17.529648,34.950053,4,1,0,0,4,0,0,0,1,0,2,2,0,0,4,4,2025-04-24,2025-04-24
839715fffffffff,-19.548642,34.890268,36,6,0,35,1,0,0,5,1,0,0,0,36,0,36,36,2024-12-04,2025-01-16
83971afffffffff,-16.468950,33.148456,1,2,0,1,0,0,1,1,0,0,0,0,1,0,1,2,2023-01-30,2024-10-31
839722fffffffff,-22.538947,34.172921,1,1,0,1,0,0,0,1,0,0,0,0,1,0,1,1,2024-12-04,2024-12-04
839724fffffffff,-24.513273,34.104815,1,1,0,0,1,0,0,0,1,0,0,0,1,0,1,1,2025-03-15,2025-03-15
839725fffffffff,-24.491823,32.839096,2,2,0,0,1,1,0,0,1,1,0,0,2,0,2,2,2025-03-03,2026-07-18
839726fffffffff,-23.536732,34.767512,3,2,0,1,2,0,0,1,1,0,0,0,3,0,3,3,2024-11-07,2025-03-08
839731fffffffff,-21.552562,34.829430,3,1,0,0,3,0,0,0,1,0,0,0,3,0,3,3,2025-01-13,2025-01-13
839782fffffffff,-12.516861,38.069493,8,2,0,0,8,0,0,0,2,0,4,0,0,4,7,8,2025-04-29,2025-05-15
839783fffffffff,-12.493604,36.884267,1,1,0,1,0,0,0,1,0,0,0,0,1,0,1,1,2024-11-07,2024-11-07
839785fffffffff,-14.521569,36.842450,22,2,0,1,21,0,0,1,1,0,0,5,3,14,6,24,2024-12-11,2025-04-16
839786fffffffff,-13.536031,38.646271,22,10,5,3,14,0,1,2,7,0,0,5,17,0,21,24,2023-01-30,2025-10-02
839790fffffffff,-11.536439,39.841722,496,172,152,97,164,83,54,39,64,15,106,142,210,38,338,612,2023-01-04,2026-06-22
839792fffffffff,-10.541760,40.428791,17,11,0,3,11,3,0,3,6,2,3,0,13,1,15,17,2024-06-29,2026-05-17
839794fffffffff,-12.547603,40.417513,369,79,48,139,118,64,14,33,18,14,140,89,125,15,260,553,2023-01-08,2026-07-24
839795fffffffff,-12.534834,39.247549,49,22,6,8,32,3,4,4,11,3,5,13,31,0,40,59,2023-02-12,2026-06-04
839796fffffffff,-11.550514,41.002403,140,26,53,10,61,16,10,4,10,2,49,68,23,0,61,237,2023-01-26,2026-03-15
83979cfffffffff,-11.493925,37.495833,7,3,0,0,7,0,0,0,3,0,6,0,0,1,4,7,2025-05-13,2025-05-16
8397a1fffffffff,-16.546989,36.799914,14,7,1,9,4,0,1,5,1,0,0,4,10,0,12,15,2023-12-02,2025-02-01
8397a2fffffffff,-15.554459,38.619523,2,1,0,0,2,0,0,0,1,0,0,0,2,0,2,2,2025-12-28,2025-12-28
8397a3fffffffff,-15.543070,37.422437,3,2,1,0,2,0,1,0,1,0,0,0,3,0,2,3,2023-07-09,2025-01-16
8397a5fffffffff,-17.562588,37.384787,3,1,0,0,3,0,0,0,1,0,0,0,3,0,3,3,2025-02-02,2025-02-02
8397a6fffffffff,-16.563685,39.204234,9,2,0,0,9,0,0,0,2,0,0,7,2,0,8,9,2025-01-16,2025-02-06
8397acfffffffff,-16.528122,35.587716,0,1,0,0,0,0,1,0,0,0,0,0,0,0,0,1,2023-10-16,2023-10-16
8397aefffffffff,-15.525102,36.218529,4,2,0,1,3,0,0,1,1,0,0,0,4,0,1,4,2024-10-26,2025-01-13
8397b0fffffffff,-14.555908,40.406043,9,7,2,5,2,0,3,2,2,0,1,0,8,0,7,10,2023-10-26,2025-10-13
8397b1fffffffff,-14.550506,39.226076,64,21,1,38,25,0,3,14,4,0,0,9,55,0,55,110,2023-10-26,2025-11-10
8397b3fffffffff,-13.547907,39.825406,178,61,0,68,83,27,2,23,27,9,25,55,84,14,122,293,2023-10-12,2026-06-06
8397b5fffffffff,-15.559374,39.808811,2,2,0,2,0,0,0,2,0,0,0,0,2,0,1,2,2024-11-02,2024-11-03
839c85fffffffff,-8.979859,147.786141,5,1,0,0,0,5,0,0,0,1,0,0,5,0,5,5,2026-02-01,2026-02-01
839c8bfffffffff,-6.634884,144.518946,13,1,0,0,0,13,0,0,0,1,0,0,0,13,13,13,2026-01-01,2026-01-01
839ca6fffffffff,-10.407311,150.283971,2,1,0,2,0,0,0,1,0,0,0,0,2,0,2,2,2024-09-16,2024-09-16
839caefffffffff,-10.016778,147.372944,5,3,0,3,0,2,0,2,0,1,0,0,5,0,5,5,2024-07-02,2026-01-26
839cd2fffffffff,-5.960954,142.650627,4,1,0,0,0,4,0,0,0,1,0,0,0,4,4,4,2026-05-26,2026-05-26
839cd8fffffffff,-6.532947,139.201458,1,1,0,0,1,0,0,0,1,0,0,0,1,0,0,1,2025-01-29,2025-01-29
839cdafffffffff,-5.463651,139.615979,65,35,28,10,13,14,8,8,10,9,8,9,38,10,55,73,2023-03-01,2026-07-24
839cdbfffffffff,-5.651082,138.462647,2,2,0,0,2,0,0,0,2,0,0,0,2,0,2,2,2025-09-21,2025-09-27
83a3a4fffffffff,-16.561749,40.394377,3,2,0,0,3,0,1,0,1,0,1,2,0,0,3,4,2023-11-16,2025-07-11
83a596fffffffff,-16.783217,-39.135354,7,4,7,0,0,0,4,0,0,0,0,0,1,6,7,7,2023-02-07,2023-12-06
83a810fffffffff,-23.709493,-46.633485,1,1,0,0,0,1,0,0,0,1,1,0,0,0,1,1,2026-01-02,2026-01-02
83a812fffffffff,-23.227568,-45.568734,1,1,0,0,1,0,0,0,1,0,1,0,0,0,1,1,2025-12-26,2025-12-26
83a81efffffffff,-22.069605,-47.631544,9,1,0,0,9,0,0,0,1,0,0,0,0,9,9,9,2025-07-01,2025-07-01
83a84bfffffffff,-16.347804,-58.521303,5,3,0,5,0,0,0,3,0,0,0,1,2,2,4,5,2024-02-27,2024-09-14
83a859fffffffff,-16.530418,-56.582664,3,3,0,3,0,0,0,3,0,0,0,0,1,2,1,4,2024-01-27,2024-07-20
83a85afffffffff,-16.697621,-54.609133,19,17,1,17,1,0,1,15,1,0,0,1,6,12,16,19,2023-08-16,2025-03-21
83a888fffffffff,-18.376730,-44.393870,1,1,0,0,0,1,0,0,0,1,0,0,1,0,1,1,2026-01-17,2026-01-17
83a895fffffffff,-20.660102,-40.248801,1,1,0,0,1,0,0,0,1,0,0,0,1,0,1,1,2025-08-24,2025-08-24
83a8a0fffffffff,-23.296115,-43.463587,118,78,38,34,37,9,28,19,26,5,8,27,62,21,118,119,2023-01-01,2026-05-26
83a8a1fffffffff,-22.734576,-44.503257,10,6,9,1,0,0,5,1,0,0,2,2,0,6,9,10,2023-03-19,2024-02-18
83a8a2fffffffff,-22.788812,-42.397075,9,7,8,1,0,0,6,1,0,0,1,0,6,2,8,9,2023-01-02,2024-10-19
83a8a3fffffffff,-22.230896,-43.437790,7,7,3,0,3,1,4,0,2,1,0,2,4,1,7,9,2023-04-14,2026-03-27
83a8c0fffffffff,-16.480508,-49.531372,2,2,0,0,2,0,0,0,2,0,0,0,2,0,2,2,2025-02-01,2025-03-01
83a8c8fffffffff,-14.112393,-51.496832,6,5,2,2,2,0,2,2,1,0,0,0,5,1,5,6,2023-11-11,2025-01-12
83a8cdfffffffff,-14.615142,-52.525533,1,1,0,0,1,0,0,0,1,0,0,0,1,0,1,1,2025-05-31,2025-05-31
83a8e9fffffffff,-16.221804,-53.589970,2,2,0,1,1,0,0,1,1,0,0,1,0,1,1,2,2024-11-17,2025-01-02
83a8ebfffffffff,-15.736012,-52.564986,5,4,0,5,0,0,0,4,0,0,0,0,3,2,3,5,2024-01-14,2024-10-31
83a8edfffffffff,-17.325843,-53.631000,6,1,0,6,0,0,0,1,0,0,0,0,2,4,6,6,2024-03-06,2024-03-06
83a901fffffffff,-30.420343,-51.060439,19,14,11,8,0,0,8,6,0,0,7,8,2,2,19,19,2023-02-01,2024-06-25
83ad32fffffffff,-32.873515,17.959988,3,2,0,0,0,3,0,0,0,2,1,0,0,2,3,3,2026-01-14,2026-03-01
83ad36fffffffff,-33.836215,18.494065,91,54,3,2,15,71,3,2,9,40,8,5,26,52,86,91,2023-06-06,2026-07-23
83b249fffffffff,-32.436293,-61.186106,1,1,0,1,0,0,0,1,0,0,0,0,1,0,1,1,2024-07-31,2024-07-31
83b24dfffffffff,-31.481647,-61.137798,2,1,0,0,0,2,0,0,0,1,0,0,2,0,2,2,2026-01-01,2026-01-01
83bc09fffffffff,-32.861072,27.833111,1,1,0,0,0,1,0,0,0,1,0,0,0,1,1,1,2026-02-18,2026-02-18
83bc1bfffffffff,-30.222419,31.288459,2,2,0,0,1,1,0,0,1,1,0,1,1,0,2,2,2025-10-09,2026-06-23
83bc45fffffffff,-34.268174,22.397040,3,1,0,0,0,3,0,0,0,1,0,0,3,0,3,6,2026-05-29,2026-05-29
83bc5bfffffffff,-29.674135,22.191363,1,1,0,0,0,1,0,0,0,1,0,0,1,0,1,1,2026-07-18,2026-07-18
83bc69fffffffff,-34.787578,19.035124,1,1,0,0,1,0,0,0,1,0,0,0,0,1,1,1,2025-08-07,2025-08-07
83bc89fffffffff,-26.442499,32.758285,51,32,2,31,18,0,4,19,9,0,0,0,51,0,41,57,2023-02-17,2025-12-24
83bc99fffffffff,-24.524145,35.366240,6,2,0,0,1,5,0,0,1,1,0,0,6,0,6,6,2025-03-15,2026-06-02
83bcc2fffffffff,-26.317305,28.913485,2,2,0,1,0,1,0,1,0,1,0,0,1,1,2,2,2024-03-08,2026-07-04
83bcc3fffffffff,-26.252668,27.631748,14,7,1,0,0,13,1,0,0,6,0,3,10,1,14,14,2023-08-07,2026-07-25
83bcd4fffffffff,-26.412250,31.478037,4,3,3,0,1,0,2,0,1,0,0,0,4,0,3,4,2023-03-03,2025-01-11
83bcd5fffffffff,-26.370516,30.196010,1,1,0,0,0,1,0,0,0,1,0,0,1,0,1,1,2026-06-30,2026-06-30
83bcd6fffffffff,-25.456522,32.161928,36,11,0,35,1,0,0,10,1,0,0,0,36,0,32,36,2024-11-05,2025-09-01
83bcdcfffffffff,-25.313179,28.332990,1,1,0,0,0,1,0,0,0,1,0,0,0,1,1,1,2026-02-11,2026-02-11
83bce2fffffffff,-29.217617,29.387042,1,1,0,0,0,1,0,0,0,1,0,0,1,0,1,1,2026-06-30,2026-06-30
83bcf3fffffffff,-27.358189,30.787519,1,1,1,0,0,0,1,0,0,0,0,0,1,0,0,1,2023-01-16,2023-01-16
83bcf5fffffffff,-29.264245,30.686878,2,2,0,0,0,2,0,0,0,2,0,0,2,0,2,2,2026-06-19,2026-06-30
83c2ebfffffffff,-32.815936,-60.251486,77,71,0,25,45,7,0,23,41,7,0,0,77,0,77,77,2024-01-11,2026-01-18
